"","curr_inflow_rate","curr_diffusion_coef","curr_porosity","curr_gypsum_rate_constant","curr_calcite_rate_constant","curr_gypsum_surface_area","curr_calcite_surface_area","dfn_volume","output_var","sobol_type","boot_num"
"1",0.0299959581779012,-0.00913664232243059,-0.000334052442698103,-0.00266050290463827,-0.0103824432986842,0.00713851436282931,0.0146762733230952,0.00297575656960371,"calcite_flush_5_nondim","FOmean",110
"2",0.075579193297581,0.00360337143058399,0.0043353995534268,0.0262773653059998,0.0257960651593661,0.00319644729812629,0.00550610193218882,0.0626372227886675,"calcite_flush_5_nondim","TEmean",110
"3",0.998715176610107,0.996601479412899,0.997043304430022,0.998673118151707,0.997642555108709,0.992155797112129,0.997457510030132,0.998097301062181,"calcite_flush_5_nondim","FOsd2",110
"4",0.00352880222501574,0.000334122882311118,0.000460493645989046,0.00208488697022252,0.00433019656991617,0.000871787535966034,0.0021604456990608,0.00412079192580842,"calcite_flush_5_nondim","TEsd2",110
