"","curr_inflow_rate","curr_diffusion_coef","curr_porosity","curr_gypsum_rate_constant","curr_calcite_rate_constant","curr_gypsum_surface_area","curr_calcite_surface_area","dfn_volume","output_var","sobol_type","boot_num"
"1",0.00387511765756146,0.00250469661515024,0.0012912398074348,0.00657110626105013,-0.00719644398569797,-0.000224334000107642,0.00755154586035177,-0.0206376319215492,"calcite_flush_6_nondim","FOmean",657
"2",0.0283340071229205,0.00392464217526039,0.00274083727837709,0.00862997011187205,0.00907295979140341,0.00475052252950839,0.00599484464751178,0.0181043546883715,"calcite_flush_6_nondim","TEmean",657
"3",0.999231726843945,0.999013526718387,0.998229672586547,0.999254692920901,0.999183717631752,0.999160109195722,0.999149111887808,0.99913512251144,"calcite_flush_6_nondim","FOsd2",657
"4",0.000862422556529533,0.000346403981830931,0.000498304085197999,0.000229556272881349,0.000500266465210544,0.000283190492284784,0.000151127932485255,0.000430940142461004,"calcite_flush_6_nondim","TEsd2",657
