"","curr_inflow_rate","curr_diffusion_coef","curr_porosity","curr_gypsum_rate_constant","curr_calcite_rate_constant","curr_gypsum_surface_area","curr_calcite_surface_area","dfn_volume","output_var","sobol_type","boot_num"
"1",0.00955206019467519,0.009681424049577,0.00419100951979817,-0.00953237559972024,0.000959918105602379,-0.00317216186996632,0.00526054874992911,0.00233445635667319,"calcite_flush_6_nondim","FOmean",429
"2",0.0390249017906365,0.00801629089840275,0.00457382264219136,0.00817175702275513,0.00906528805304137,0.00325473471110843,0.00808795792539645,0.0185366880377304,"calcite_flush_6_nondim","TEmean",429
"3",0.99924526170924,0.999077370187965,0.999069916849482,0.99919356768502,0.999110212834003,0.99917180484062,0.999001054724609,0.999266646288027,"calcite_flush_6_nondim","FOsd2",429
"4",0.000312883171878672,0.000221936436468989,0.000370213486767974,0.000366524665950451,0.000194006695747007,0.000214940207269171,0.000181077461676899,0.00034638565833163,"calcite_flush_6_nondim","TEsd2",429
