"","curr_inflow_rate","curr_diffusion_coef","curr_porosity","curr_gypsum_rate_constant","curr_calcite_rate_constant","curr_gypsum_surface_area","curr_calcite_surface_area","dfn_volume","output_var","sobol_type","boot_num"
"1",0.0454886252335338,0.00689864682704363,-0.0035306207108494,0.00688850921458791,0.0166235106123377,-0.00478102500684442,0.0208458360678997,0.00242197154060028,"calcite_flush_6_nondim","FOmean",33
"2",0.0490669580596345,0.00373092646726405,0.00508732955905771,0.0106719674256548,0.0175307410143432,0.0038915445120482,0.00557444505825292,0.0185372718622437,"calcite_flush_6_nondim","TEmean",33
"3",0.998175398542513,0.998878397460155,0.998778809740947,0.998967259497187,0.999048717306805,0.999007552050025,0.998840070867464,0.998854574885468,"calcite_flush_6_nondim","FOsd2",33
"4",0.00148995099918268,0.00023077930076607,0.000231487406545604,0.000467375193426613,0.000312656470590083,0.00012102456331455,0.000223217697414424,0.000408006653407854,"calcite_flush_6_nondim","TEsd2",33
