"","curr_inflow_rate","curr_diffusion_coef","curr_porosity","curr_gypsum_rate_constant","curr_calcite_rate_constant","curr_gypsum_surface_area","curr_calcite_surface_area","dfn_volume","output_var","sobol_type","boot_num"
"1",-0.0230198270158554,0.00773365359321283,0.00459405540458015,-0.0053160636059531,0.0191746821828321,0.00416393265110027,-0.0125187376768385,-0.0315017001315593,"calcite_flush_6_nondim","FOmean",1719
"2",0.0360514180987303,0.00403703497526346,0.00547087082402115,0.00916058270824159,0.00707320140886316,0.00426267092167648,0.00360386379140167,0.0149719331123347,"calcite_flush_6_nondim","TEmean",1719
"3",0.999056940167303,0.998962256185786,0.998939073323118,0.998900516503074,0.99898521985686,0.99885937812284,0.998939732792011,0.998839872360456,"calcite_flush_6_nondim","FOsd2",1719
"4",0.000451646017618695,0.000186254401024967,0.000161241942324436,0.00020219267223026,0.000360457723096552,0.000297324300856957,0.000123009576527493,0.000229799330454439,"calcite_flush_6_nondim","TEsd2",1719
