"","curr_inflow_rate","curr_diffusion_coef","curr_porosity","curr_gypsum_rate_constant","curr_calcite_rate_constant","curr_gypsum_surface_area","curr_calcite_surface_area","dfn_volume","output_var","sobol_type","boot_num"
"1",0.00141788062824431,0.000671390573315464,0.0205127728423002,0.0140153359475056,0.0011141703597766,-0.0020661535588612,-0.00527869796053676,-0.00471457219911029,"calcite_flush_9_nondim","FOmean",1362
"2",0.0121457991200437,0.00242862419906779,0.0299666185199428,0.0100643102517214,0.00455881625834121,0.0037778954521839,0.00316988422835414,0.0189942098570757,"calcite_flush_9_nondim","TEmean",1362
"3",0.999954152056325,0.999950584176753,0.999957228100995,0.999953434776619,0.99994718476181,0.999954646918977,0.999945537992693,0.999956334543461,"calcite_flush_9_nondim","FOsd2",1362
"4",1.06333548647087e-05,7.12179699226666e-06,1.32056176852906e-05,2.32097935889106e-05,1.83178464982043e-05,1.11764615274944e-05,2.64737772749544e-05,1.80931138368899e-05,"calcite_flush_9_nondim","TEsd2",1362
