"","curr_inflow_rate","curr_diffusion_coef","curr_porosity","curr_gypsum_rate_constant","curr_calcite_rate_constant","curr_gypsum_surface_area","curr_calcite_surface_area","dfn_volume","output_var","sobol_type","boot_num"
"1",0.013163431506831,0.00389950226970632,0.00190400883009903,-0.00307201116132207,0.0047488047520121,0.00329806097612585,0.000723754353353858,-0.00475593771375976,"calcite_flush_7_nondim","FOmean",1264
"2",0.0137728854729395,0.00159009292295274,0.0191518126834421,0.00722775725975147,0.00348505975752945,0.00223803947603855,0.0029195698653537,0.011909706796856,"calcite_flush_7_nondim","TEmean",1264
"3",0.999978402304844,0.999971841039918,0.999977993707613,0.999977114466706,0.999975344990153,0.999972382098108,0.999981329290476,0.999970104561296,"calcite_flush_7_nondim","FOsd2",1264
"4",1.34878625753613e-05,1.41374470941287e-05,9.80239166119663e-06,5.39441881556374e-06,1.28228815656159e-05,9.23734003148529e-06,1.12946480563837e-05,2.09301832697322e-05,"calcite_flush_7_nondim","TEsd2",1264
