"","curr_inflow_rate","curr_diffusion_coef","curr_porosity","curr_gypsum_rate_constant","curr_calcite_rate_constant","curr_gypsum_surface_area","curr_calcite_surface_area","dfn_volume","output_var","sobol_type","boot_num"
"1",0.0121394748481253,-0.00921534779454096,-0.0013293286995247,0.00662400412427631,-0.0023467256989846,0.000905194576920775,0.0039026389128231,-0.0223622698682865,"calcite_flush_6_nondim","FOmean",1341
"2",0.0314168210304834,0.00579457657661642,0.00212063881648102,0.00845430732998004,0.00618726365681446,0.00475646064422236,0.00439800346833168,0.02151185313929,"calcite_flush_6_nondim","TEmean",1341
"3",0.999203137939049,0.998989066800855,0.999024730120348,0.999067992703591,0.999121569405871,0.999213786534555,0.999033385684312,0.999045677616408,"calcite_flush_6_nondim","FOsd2",1341
"4",0.000467987452858388,0.000166395510625371,0.000155698267455214,0.000231212701009526,0.000232826106055371,0.000243460438499332,0.000324863117852794,0.000537808500417341,"calcite_flush_6_nondim","TEsd2",1341
