"","curr_inflow_rate","curr_diffusion_coef","curr_porosity","curr_gypsum_rate_constant","curr_calcite_rate_constant","curr_gypsum_surface_area","curr_calcite_surface_area","dfn_volume","output_var","sobol_type","boot_num"
"1",0.136852314215967,0.00911305795074614,-0.00173485263996145,0.0512873630309981,0.0290866447666313,0.0195081284882408,-0.000465364716425886,0.0157654254844584,"calcite_flush_5_nondim","FOmean",1244
"2",0.175761095741289,0.00296250191110654,0.00540317692764884,0.0585511719761347,0.060380683685384,0.00628739430789068,0.00561278898702109,0.0343509977816378,"calcite_flush_5_nondim","TEmean",1244
"3",0.994526544022726,0.990508994240519,0.992842905359695,0.991624430514689,0.992850876906517,0.993796898544726,0.991907464112669,0.994571580147545,"calcite_flush_5_nondim","FOsd2",1244
"4",0.00641174765904997,0.00247100651904889,0.00236822866363086,0.00945287356184865,0.00566055623363481,0.00391101354903567,0.00240569608193932,0.0051832728638148,"calcite_flush_5_nondim","TEsd2",1244
