"","curr_inflow_rate","curr_diffusion_coef","curr_porosity","curr_gypsum_rate_constant","curr_calcite_rate_constant","curr_gypsum_surface_area","curr_calcite_surface_area","dfn_volume","output_var","sobol_type","boot_num"
"1",0.221390160505669,0.00618263026477844,0.00698585205961241,0.0288951887806795,0.0865932599601237,-0.00150713489847355,0.00143084891054563,0.0193888408451258,"calcite_flush_4_nondim","FOmean",427
"2",0.217890741051466,0.00966869079218486,0.0065332305036413,0.0345052897299694,0.0797483055885719,0.00573996846423517,0.0231958816617697,0.0291389090941141,"calcite_flush_4_nondim","TEmean",427
"3",-1.11077309629054,-0.815490819285953,-0.600945280661077,-0.49872556133186,-0.605201241474292,-0.776304375067238,-0.849568907433827,-0.545248678169593,"calcite_flush_4_nondim","FOsd2",427
"4",0.707037506760555,0.147885111379796,0.166436211759413,0.10943810062652,0.19592619886399,0.284887143166014,0.263219953781691,0.141162984908623,"calcite_flush_4_nondim","TEsd2",427
