"","curr_inflow_rate","curr_diffusion_coef","curr_porosity","curr_gypsum_rate_constant","curr_calcite_rate_constant","curr_gypsum_surface_area","curr_calcite_surface_area","dfn_volume","output_var","sobol_type","boot_num"
"1",0.0850585953897988,0.00132325326926859,0.00597845080757764,0.0243897313369722,0.0358308146158693,0.00260682332051451,0.00369189710426468,0.00298109935140613,"calcite_flush_4_nondim","FOmean",1441
"2",0.110251016355727,0.00771003506872205,0.00927470321600499,0.0230953627949277,0.0433347354562233,0.00350362103934151,0.0190705931641727,0.0138822186968815,"calcite_flush_4_nondim","TEmean",1441
"3",-146.999188870073,-6.19613673140846,0.254499982979624,-1.93269564176304,-6.13520134003353,-14.7769859355562,0.0766417789901186,-1.21541947552677,"calcite_flush_4_nondim","FOsd2",1441
"4",136.885845139023,2.38982697363946,1.05309650093417,3.25228819656248,7.26713864385708,16.0078587328649,1.16335359330985,0.477414456474668,"calcite_flush_4_nondim","TEsd2",1441
