"","curr_inflow_rate","curr_diffusion_coef","curr_porosity","curr_gypsum_rate_constant","curr_calcite_rate_constant","curr_gypsum_surface_area","curr_calcite_surface_area","dfn_volume","output_var","sobol_type","boot_num"
"1",0.0918361657102433,0.0107568123293004,-0.00406825097595241,0.0471131980353473,-0.0025524475636585,0.012659421137556,0.0102395428006895,-0.0340946109129626,"calcite_flush_5_nondim","FOmean",44
"2",0.132735284112264,0.00221758639472745,0.00490672813780102,0.0441725668403904,0.0205047376014206,0.00267101501373982,0.00168393027088459,0.0873457970851633,"calcite_flush_5_nondim","TEmean",44
"3",0.990615921117413,0.996212356458564,0.993996577354417,0.99117298565565,0.99403285445406,0.995030362231484,0.993692238051778,0.99487390129096,"calcite_flush_5_nondim","FOsd2",44
"4",0.00338948240521085,0.00445107026352874,0.00286902226385156,0.00898134400720334,0.00478158250720906,0.00225995391071756,0.00199429131749534,0.00990592473501723,"calcite_flush_5_nondim","TEsd2",44
