"","curr_inflow_rate","curr_diffusion_coef","curr_porosity","curr_gypsum_rate_constant","curr_calcite_rate_constant","curr_gypsum_surface_area","curr_calcite_surface_area","dfn_volume","output_var","sobol_type","boot_num"
"1",-0.00392364042616064,0.00662605164139547,0.0179420805129365,-0.00210798119442491,-0.000993331786936797,-0.00222742754460348,-0.00942754819030481,0.0113395563177076,"calcite_flush_8_nondim","FOmean",995
"2",0.00966643032765001,0.00209310036933368,0.0314771916926026,0.00905150835418028,0.00476541706148443,0.00224825630422291,0.00538629542651619,0.0180444884671927,"calcite_flush_8_nondim","TEmean",995
"3",0.999972592553154,0.999970411075119,0.999978421769506,0.999975301309035,0.999974230920353,0.999974102412034,0.99997578849931,0.999976385962031,"calcite_flush_8_nondim","FOsd2",995
"4",6.54486935608824e-06,7.59166760682193e-06,7.97842394060631e-06,9.29654587724407e-06,1.53918296934985e-05,5.52846425685019e-06,1.4182999781148e-05,1.23959931066262e-05,"calcite_flush_8_nondim","TEsd2",995
