"","curr_inflow_rate","curr_diffusion_coef","curr_porosity","curr_gypsum_rate_constant","curr_calcite_rate_constant","curr_gypsum_surface_area","curr_calcite_surface_area","dfn_volume","output_var","sobol_type","boot_num"
"1",0.0373244471777962,0.00647007030067622,0.0224114356357838,0.00771397012945242,0.031329371946336,0.0285745020207952,0.00853098175842786,0.0249554676207285,"calcite_flush_6_nondim","FOmean",543
"2",0.0478793539217028,0.0065862651268102,0.00953919503426568,0.00900237826157643,0.0113667983795815,0.00859909612336925,0.00828041826351943,0.0205474009379286,"calcite_flush_6_nondim","TEmean",543
"3",0.999049300938912,0.999250605910395,0.999238326730742,0.999248887508103,0.999320836355088,0.999190347359032,0.9992689845244,0.999236180494098,"calcite_flush_6_nondim","FOsd2",543
"4",0.00078206502132676,0.000137085123118229,0.000182662870184108,0.000354722500502072,0.000123969335591015,0.000194579198927475,0.000158639467432888,0.000218517981301307,"calcite_flush_6_nondim","TEsd2",543
