"","curr_inflow_rate","curr_diffusion_coef","curr_porosity","curr_gypsum_rate_constant","curr_calcite_rate_constant","curr_gypsum_surface_area","curr_calcite_surface_area","dfn_volume","output_var","sobol_type","boot_num"
"1",0.0214099433244074,0.00367177969250369,-0.00747477754785355,-1.09565290579031e-05,0.0062423756715742,0.00391979124938092,-0.00533775564850983,-0.00426583682208962,"calcite_flush_6_nondim","FOmean",1749
"2",0.0301248554821632,0.00613035323396056,0.00471974727963283,0.0109829511666093,0.00926659022580502,0.00319177445869018,0.00569047116965208,0.0179433833677933,"calcite_flush_6_nondim","TEmean",1749
"3",0.999188564413836,0.998933712666399,0.998993211462025,0.998817586115179,0.99900712633334,0.999041980955534,0.998972890057075,0.999063622704328,"calcite_flush_6_nondim","FOsd2",1749
"4",0.000487996245085369,0.000113524013631897,0.000274330349438766,0.000370979834053254,0.000145994627874535,0.000170645231785885,0.000139880925310119,0.000272162701901849,"calcite_flush_6_nondim","TEsd2",1749
