"","curr_inflow_rate","curr_diffusion_coef","curr_porosity","curr_gypsum_rate_constant","curr_calcite_rate_constant","curr_gypsum_surface_area","curr_calcite_surface_area","dfn_volume","output_var","sobol_type","boot_num"
"1",0.0146054522305277,-0.00774286825918455,0.0155672990629369,-0.000521444473788567,0.00422341809794729,-0.00274769703916931,-0.00758799220111477,0.0124324380033693,"calcite_flush_8_nondim","FOmean",1475
"2",0.0128639601368677,0.00281963958828176,0.0241352178163494,0.00696972188639889,0.00601488585220391,0.00288261247814743,0.00224416767459401,0.0130368794073941,"calcite_flush_8_nondim","TEmean",1475
"3",0.999982106640559,0.9999805821964,0.999974209690936,0.999983931984636,0.999961253416561,0.999973816891853,0.999977535111533,0.999982356225751,"calcite_flush_8_nondim","FOsd2",1475
"4",6.79922309981813e-06,6.05829514618809e-06,7.17442824638382e-06,9.00267249971526e-06,2.81812626571889e-05,7.61906213859666e-06,1.07221158315111e-05,6.87454904390443e-06,"calcite_flush_8_nondim","TEsd2",1475
