"","curr_inflow_rate","curr_diffusion_coef","curr_porosity","curr_gypsum_rate_constant","curr_calcite_rate_constant","curr_gypsum_surface_area","curr_calcite_surface_area","dfn_volume","output_var","sobol_type","boot_num"
"1",0.0389751895079584,0.000721264596625719,-0.00945297186278963,0.0075034159449743,-0.00888359852685533,0.00447167884377031,-0.00667247230955304,-0.000179526272261617,"calcite_flush_5_nondim","FOmean",1622
"2",0.119600557479748,0.00408765801751922,0.00363495613821789,0.0401334231169599,0.0472978382903911,0.00246936953261724,0.00281699689765123,0.0293380521076588,"calcite_flush_5_nondim","TEmean",1622
"3",0.997013997204252,0.997930807086895,0.997396204931882,0.997094637958553,0.9980030435568,0.997886939607417,0.998173122538102,0.997550562186297,"calcite_flush_5_nondim","FOsd2",1622
"4",0.00244272085259505,0.000231698732301365,0.000922662562381375,0.00196010423390883,0.000869921155746567,0.000494560574907161,0.000399297122313914,0.0013496564088902,"calcite_flush_5_nondim","TEsd2",1622
