"","curr_inflow_rate","curr_diffusion_coef","curr_porosity","curr_gypsum_rate_constant","curr_calcite_rate_constant","curr_gypsum_surface_area","curr_calcite_surface_area","dfn_volume","output_var","sobol_type","boot_num"
"1",0.000596857339558712,-0.00497477085375097,-0.0141831054019066,-0.023837281056456,-0.01595143776401,-0.00316435249199935,-0.00198391055706229,-0.0319900493494007,"calcite_flush_6_nondim","FOmean",261
"2",0.0298548177883152,0.00439822833696563,0.00446237649324368,0.00977511005342404,0.00777420417210895,0.0027337558025077,0.00280163209965073,0.0185006581108854,"calcite_flush_6_nondim","TEmean",261
"3",0.999330496857937,0.998984190472407,0.999073893775819,0.999236703146862,0.999358112333702,0.999213879476019,0.99920924309525,0.999198990643159,"calcite_flush_6_nondim","FOsd2",261
"4",0.000636447173893017,0.000127284665538542,0.000146840423310009,0.000241396063927911,0.00024689353392429,0.000211298529932017,0.000103858661651463,0.000466703881456853,"calcite_flush_6_nondim","TEsd2",261
