"","curr_inflow_rate","curr_diffusion_coef","curr_porosity","curr_gypsum_rate_constant","curr_calcite_rate_constant","curr_gypsum_surface_area","curr_calcite_surface_area","dfn_volume","output_var","sobol_type","boot_num"
"1",0.0403012479671152,0.00177805390098869,-0.000295607608681371,-0.0164050539185166,-0.0184165925923568,-0.0133784046545193,0.0129073200475339,0.0145559651331461,"calcite_flush_6_nondim","FOmean",339
"2",0.0357998312868694,0.00437597613808659,0.00418159735257419,0.00745660320752826,0.0146873582351062,0.00453095069244725,0.00484286338083752,0.0198225729578598,"calcite_flush_6_nondim","TEmean",339
"3",0.998898568510826,0.998623878973126,0.998486100514161,0.998653820406892,0.99852784111542,0.998706131805289,0.998623972375137,0.998658827119453,"calcite_flush_6_nondim","FOsd2",339
"4",0.000731545771239672,0.000267560503354147,0.000325646835725788,0.000428166741316485,0.000494053330577503,0.000352568092697005,0.000166036430428555,0.000452550728714747,"calcite_flush_6_nondim","TEsd2",339
