"","curr_inflow_rate","curr_diffusion_coef","curr_porosity","curr_gypsum_rate_constant","curr_calcite_rate_constant","curr_gypsum_surface_area","curr_calcite_surface_area","dfn_volume","output_var","sobol_type","boot_num"
"1",0.012610601290139,0.00212859478260667,0.000120904488272229,0.00946318522887201,0.0134043449583353,0.00526041714406498,-0.00241366117852009,0.00226781090088229,"calcite_flush_7_nondim","FOmean",34
"2",0.0139655556786056,0.0023352556810928,0.0128185252964432,0.00898514109431703,0.0032488451259249,0.00305741797572429,0.00447417737146831,0.0120897553412194,"calcite_flush_7_nondim","TEmean",34
"3",0.999971412722787,0.999975512856107,0.999973375159334,0.999972602180931,0.999976711462858,0.999973138986478,0.999972317828108,0.999968983664141,"calcite_flush_7_nondim","FOsd2",34
"4",7.45117320401733e-06,2.9929323846786e-06,5.40040064854537e-06,6.41753784654295e-06,4.74760780731124e-06,4.0913854975018e-06,6.44463881188596e-06,8.89158778196116e-06,"calcite_flush_7_nondim","TEsd2",34
