"","curr_inflow_rate","curr_diffusion_coef","curr_porosity","curr_gypsum_rate_constant","curr_calcite_rate_constant","curr_gypsum_surface_area","curr_calcite_surface_area","dfn_volume","output_var","sobol_type","boot_num"
"1",0.0174195488514361,-0.000443356609507483,-0.0131112349536918,-0.0106504155770238,-0.00553615287236369,-0.00602642144144132,0.00289952926396298,0.02162979458809,"calcite_flush_6_nondim","FOmean",1731
"2",0.0294412824479635,0.00368643080414839,0.00577553418933308,0.00498032282357786,0.0159141285835868,0.00282292305770835,0.00340251636175132,0.0195503050430855,"calcite_flush_6_nondim","TEmean",1731
"3",0.999044245995092,0.999183771545245,0.998846622331664,0.998571323113842,0.998967006637101,0.999049260452707,0.99911766278209,0.999043768170541,"calcite_flush_6_nondim","FOsd2",1731
"4",0.000444369825182174,0.000263453764020527,0.000368577011763304,0.000648724573217693,0.000378472620433027,0.000205093640159437,0.000216058373904642,0.000386070172881704,"calcite_flush_6_nondim","TEsd2",1731
