"","curr_inflow_rate","curr_diffusion_coef","curr_porosity","curr_gypsum_rate_constant","curr_calcite_rate_constant","curr_gypsum_surface_area","curr_calcite_surface_area","dfn_volume","output_var","sobol_type","boot_num"
"1",0.10897881774834,-0.00729220711805118,-0.00345049058657359,0.0121890527464228,9.70056569739494e-05,0.00490838315814337,-0.00455435543453207,-0.00926270790907964,"calcite_flush_5_nondim","FOmean",62
"2",0.197807952408564,0.00217770219673892,0.00258858523986182,0.0685442105995972,0.0463796142984627,0.001488860742846,0.00187934886555739,0.0554970106648104,"calcite_flush_5_nondim","TEmean",62
"3",0.972203251197484,0.982688757148088,0.983004709799498,0.97469603743684,0.984674473029018,0.985495000026032,0.981285935784836,0.981738884829459,"calcite_flush_5_nondim","FOsd2",62
"4",0.0254026703652161,0.00376911351564032,0.0029787755490962,0.0186000332869125,0.00943575244932443,0.00175265168746155,0.00526026114421237,0.00827617352311759,"calcite_flush_5_nondim","TEsd2",62
