"","curr_inflow_rate","curr_diffusion_coef","curr_porosity","curr_gypsum_rate_constant","curr_calcite_rate_constant","curr_gypsum_surface_area","curr_calcite_surface_area","dfn_volume","output_var","sobol_type","boot_num"
"1",0.116652109629275,0.00189553737904836,0.0238905691523428,0.0180677252169915,0.0331057143266027,0.00046801096250665,0.00442604988030183,0.000833849365660372,"calcite_flush_4_nondim","FOmean",49
"2",0.13545847019962,0.00542981002955135,0.022801930146236,0.0175512494272106,0.0360061134293196,0.00520148102048307,0.00673412867512403,0.0138782488705393,"calcite_flush_4_nondim","TEmean",49
"3",-12.097665219155,-11.0464216548953,-10.9452117930901,-10.9338930198775,-59.016014158691,-11.5880111064832,-11.9539937984821,-10.9054301281625,"calcite_flush_4_nondim","FOsd2",49
"4",1.08611210126806,0.135480120701252,0.0514694806655849,0.0358923830138268,47.3406117791737,0.692003024259516,0.945530224638756,0.0106746726478217,"calcite_flush_4_nondim","TEsd2",49
