"","curr_inflow_rate","curr_diffusion_coef","curr_porosity","curr_gypsum_rate_constant","curr_calcite_rate_constant","curr_gypsum_surface_area","curr_calcite_surface_area","dfn_volume","output_var","sobol_type","boot_num"
"1",0.00888863172853191,0.00352442780856243,0.0174218266744768,0.00434441004521182,0.0090618154375742,-0.000889688508563196,-0.00897082137625758,-0.00768045779708137,"calcite_flush_9_nondim","FOmean",1692
"2",0.0121817430293956,0.00272119693850985,0.030843313933582,0.00927281453943249,0.00458534470539697,0.00319334126686181,0.0038774765875866,0.0176026384301993,"calcite_flush_9_nondim","TEmean",1692
"3",0.999967350801922,0.999937515511708,0.999966775623709,0.999937670010547,0.999969191249134,0.999958435452835,0.999975570231993,0.999957308395625,"calcite_flush_9_nondim","FOsd2",1692
"4",1.29039128880821e-05,1.94673095143955e-05,1.25831847243195e-05,2.68651216280998e-05,1.84018525311024e-05,1.51639627108988e-05,3.79808767122975e-05,2.79882829166748e-05,"calcite_flush_9_nondim","TEsd2",1692
