"","curr_inflow_rate","curr_diffusion_coef","curr_porosity","curr_gypsum_rate_constant","curr_calcite_rate_constant","curr_gypsum_surface_area","curr_calcite_surface_area","dfn_volume","output_var","sobol_type","boot_num"
"1",0.00154790326368304,0.00710320766892626,-0.0146666869633017,0.00231653304454241,-0.00316050269317146,-0.0115478199108464,0.00643593544501632,0.0124388095468133,"calcite_flush_6_nondim","FOmean",969
"2",0.0376039154575082,0.00889268447114794,0.00487078733473614,0.00608663041214423,0.0119342725919184,0.00696455653956682,0.00300642039427155,0.0200086650045645,"calcite_flush_6_nondim","TEmean",969
"3",0.999151856247963,0.99898051647901,0.998821778739872,0.998936251415142,0.9989028846908,0.998940557140542,0.999026281737388,0.998936080333502,"calcite_flush_6_nondim","FOsd2",969
"4",0.000388653366183667,0.000140601453818844,0.000259879630279126,0.000295268940286317,0.000207349596735624,0.000111516620257846,0.000113581942524422,0.000154001495042078,"calcite_flush_6_nondim","TEsd2",969
