"","curr_inflow_rate","curr_diffusion_coef","curr_porosity","curr_gypsum_rate_constant","curr_calcite_rate_constant","curr_gypsum_surface_area","curr_calcite_surface_area","dfn_volume","output_var","sobol_type","boot_num"
"1",-0.00250077558447979,0.00115051706636699,0.00275591401811255,0.0241367933542727,0.00699022302574038,0.0110341726299411,0.00523807980098675,-0.000947170665360815,"calcite_flush_7_nondim","FOmean",676
"2",0.0133678476364846,0.00247616815506894,0.0224606526107284,0.00711067124500373,0.00353447031407011,0.00304243251110602,0.00334389379282292,0.0142272644479655,"calcite_flush_7_nondim","TEmean",676
"3",0.999955132500118,0.999947182439428,0.999943614428154,0.999950009858803,0.999953860194732,0.999951865291403,0.999959006816724,0.999909670845248,"calcite_flush_7_nondim","FOsd2",676
"4",2.11128822649046e-05,1.09757545896341e-05,1.49719681829986e-05,1.54393827909598e-05,1.77671267709777e-05,9.10668494660899e-06,8.33652208065901e-06,5.37668239718332e-05,"calcite_flush_7_nondim","TEsd2",676
