"","curr_inflow_rate","curr_diffusion_coef","curr_porosity","curr_gypsum_rate_constant","curr_calcite_rate_constant","curr_gypsum_surface_area","curr_calcite_surface_area","dfn_volume","output_var","sobol_type","boot_num"
"1",0.087524874136485,0.00312677845703473,0.00216451393221863,0.00336774570707878,0.0445166722648945,-0.00355254784377268,0.00583958825637625,0.000195401129839216,"calcite_flush_4_nondim","FOmean",1045
"2",0.09978447080697,0.00680082039349417,0.00357006728131656,0.0127434211326975,0.044656698750597,0.00243908852669577,0.00914217480607418,0.0110895622740621,"calcite_flush_4_nondim","TEmean",1045
"3",-1341.16275229391,-594.9475751213,-309.289368028832,-105.121394987947,-107.930098731942,-85.4139486219863,-159.295736884018,-1944.45560194948,"calcite_flush_4_nondim","FOsd2",1045
"4",1162.30233372313,71.7880209352467,98.1055423233878,322.137542747414,360.104367780534,321.062991723784,281.623205145669,652.609494165033,"calcite_flush_4_nondim","TEsd2",1045
