"","curr_inflow_rate","curr_diffusion_coef","curr_porosity","curr_gypsum_rate_constant","curr_calcite_rate_constant","curr_gypsum_surface_area","curr_calcite_surface_area","dfn_volume","output_var","sobol_type","boot_num"
"1",0.0284465436288707,0.00422810373270204,-0.00364858563106138,0.0202087476179637,0.0164765524019019,-0.00573683703273641,0.0200408320826886,0.0204656855256714,"calcite_flush_6_nondim","FOmean",597
"2",0.0441981668188261,0.00508289066574055,0.00343931125766093,0.0197567656735406,0.0053399010003623,0.00489938697094888,0.00353088862384808,0.0197134072526179,"calcite_flush_6_nondim","TEmean",597
"3",0.999415915198308,0.999292699227566,0.999352107858797,0.999323863821677,0.999302232232265,0.99943912768265,0.999357148697235,0.999279374582107,"calcite_flush_6_nondim","FOsd2",597
"4",0.000337061788146061,0.000117265224148695,0.00015270156111139,0.00023239766332972,8.26873281294279e-05,0.000222264490821976,0.000156951739912026,0.000286555525210776,"calcite_flush_6_nondim","TEsd2",597
