"","curr_inflow_rate","curr_diffusion_coef","curr_porosity","curr_gypsum_rate_constant","curr_calcite_rate_constant","curr_gypsum_surface_area","curr_calcite_surface_area","dfn_volume","output_var","sobol_type","boot_num"
"1",0.0107088372842434,-0.00948599879227317,0.0183118517479779,-0.000886335877819564,-0.00966452179396012,-0.00263182454437528,-0.0019935467486713,0.025756902144273,"calcite_flush_7_nondim","FOmean",1744
"2",0.018083499494113,0.00287621143209808,0.0257073123120281,0.00812607588844784,0.00531418702509657,0.00261637000249939,0.00244899371198616,0.0167388303065436,"calcite_flush_7_nondim","TEmean",1744
"3",0.999966214057439,0.999965982554302,0.999953398189885,0.99995458052753,0.99995779302609,0.999955436192664,0.999953498773048,0.999958703213254,"calcite_flush_7_nondim","FOsd2",1744
"4",1.46261401833737e-05,1.05640480240288e-05,1.3242304225757e-05,1.7261334881229e-05,1.50201922532616e-05,1.20520989715895e-05,1.43612957452506e-05,1.36792922872242e-05,"calcite_flush_7_nondim","TEsd2",1744
