"","curr_inflow_rate","curr_diffusion_coef","curr_porosity","curr_gypsum_rate_constant","curr_calcite_rate_constant","curr_gypsum_surface_area","curr_calcite_surface_area","dfn_volume","output_var","sobol_type","boot_num"
"1",0.140640693620502,-0.00279188375569323,-0.00527175227261923,0.0252353365266408,0.0587168842373145,-0.01149410342905,-0.00307590070256479,0.00569406314785944,"calcite_flush_4_nondim","FOmean",367
"2",0.170673113621025,0.00946563331562007,0.00699922803949143,0.0440780690923106,0.067171345972916,0.00315128851107339,0.00994030711131916,0.0188794438643444,"calcite_flush_4_nondim","TEmean",367
"3",-1.80916750320029,-2.85211082680671,-2.00662435981204,-132.476584244066,-7.16897431385572,-1.5828656809896,-2.03792683842524,-6.93512186558369,"calcite_flush_4_nondim","FOsd2",367
"4",1.43671830355423,3.54599925487031,1.82946168832192,111.026713359693,5.29088776782634,1.05779542937067,1.09496927899601,4.25115483469105,"calcite_flush_4_nondim","TEsd2",367
