"","curr_inflow_rate","curr_diffusion_coef","curr_porosity","curr_gypsum_rate_constant","curr_calcite_rate_constant","curr_gypsum_surface_area","curr_calcite_surface_area","dfn_volume","output_var","sobol_type","boot_num"
"1",0.0169491722497367,-0.00283589486804788,-0.00884603095425288,-0.00706487576076423,-0.0150274228981314,-0.00142162856791447,0.00317121106028913,-0.0052043443302212,"calcite_flush_6_nondim","FOmean",45
"2",0.0341744350779011,0.00310670490532403,0.00571316203190758,0.00883714615590777,0.0101767233305647,0.00374154813844189,0.00259221703712712,0.0192953129166941,"calcite_flush_6_nondim","TEmean",45
"3",0.999112763026745,0.998780127473048,0.998832680928706,0.998795889836902,0.998909995466601,0.998677061370011,0.99889782360967,0.99858793546743,"calcite_flush_6_nondim","FOsd2",45
"4",0.000608814101570631,0.000286907618437242,0.000294530393910183,0.000298959022285174,0.000404528638693132,0.000510591309197583,0.000211165977675277,0.000453886435266682,"calcite_flush_6_nondim","TEsd2",45
