"","curr_inflow_rate","curr_diffusion_coef","curr_porosity","curr_gypsum_rate_constant","curr_calcite_rate_constant","curr_gypsum_surface_area","curr_calcite_surface_area","dfn_volume","output_var","sobol_type","boot_num"
"1",0.151757391404929,-0.00406863573434475,-0.0123966825611632,0.0863285877765323,0.048776324673373,-0.00893293884230912,0.00272481909314585,0.03050943800562,"calcite_flush_5_nondim","FOmean",1016
"2",0.208901869321406,0.00181617434551294,0.00344725849997689,0.0678131070053674,0.0722792110265013,0.00308677737810243,0.00285569766180161,0.0282339747074675,"calcite_flush_5_nondim","TEmean",1016
"3",0.9829105092743,0.98044882038498,0.982797784173164,0.984774398989968,0.981570098272938,0.984383638104159,0.98295604250113,0.983942815461273,"calcite_flush_5_nondim","FOsd2",1016
"4",0.00529956104936117,0.00261477391176697,0.00107395700798698,0.00308722512572858,0.00799381648235119,0.00145243782094169,0.00403108424718839,0.00342108995325388,"calcite_flush_5_nondim","TEsd2",1016
