"","curr_inflow_rate","curr_diffusion_coef","curr_porosity","curr_gypsum_rate_constant","curr_calcite_rate_constant","curr_gypsum_surface_area","curr_calcite_surface_area","dfn_volume","output_var","sobol_type","boot_num"
"1",0.00529379559494801,-0.000513665060719677,0.0115830550137942,0.0160189701290839,-0.000982369872414093,0.00854440314780519,-0.00572420523523614,-0.000452150522001073,"calcite_flush_6_nondim","FOmean",879
"2",0.031116375477364,0.00302716824803298,0.00327065919600687,0.0114601698225696,0.00592946925617645,0.00488710517586208,0.00322783239015633,0.0189628893939723,"calcite_flush_6_nondim","TEmean",879
"3",0.999523499000582,0.999113370168888,0.999208109457726,0.999491246267562,0.999126507035435,0.999415138519741,0.999369920664013,0.999074089605608,"calcite_flush_6_nondim","FOsd2",879
"4",0.000455394220971246,0.000200375965524539,0.000141196095899887,0.000278370843429294,0.000384163016833684,0.000194867082179967,0.000142222624922646,0.00042090051931438,"calcite_flush_6_nondim","TEsd2",879
