"","curr_inflow_rate","curr_diffusion_coef","curr_porosity","curr_gypsum_rate_constant","curr_calcite_rate_constant","curr_gypsum_surface_area","curr_calcite_surface_area","dfn_volume","output_var","sobol_type","boot_num"
"1",0.00851143146301388,-0.00140991262271314,0.0251648189036878,0.00581166853363453,-0.00870327965956431,-0.00325883874251362,-0.00634168361022054,0.0228596645591537,"calcite_flush_9_nondim","FOmean",678
"2",0.00989504935150493,0.00156996268046688,0.0249600452731137,0.00688656626659264,0.00374110367103839,0.00313510287975891,0.00255626139383234,0.0113882843366274,"calcite_flush_9_nondim","TEmean",678
"3",0.999975910346365,0.999974758153386,0.999964004572623,0.999974006204607,0.99997803913319,0.999966290197654,0.999958214736992,0.999954768772533,"calcite_flush_9_nondim","FOsd2",678
"4",5.97166465441898e-06,7.82571208012173e-06,3.57645661144169e-06,1.59807157711701e-05,1.14490295218849e-05,1.02188467298729e-05,1.28831687719914e-05,2.51544441309901e-05,"calcite_flush_9_nondim","TEsd2",678
