"","curr_inflow_rate","curr_diffusion_coef","curr_porosity","curr_gypsum_rate_constant","curr_calcite_rate_constant","curr_gypsum_surface_area","curr_calcite_surface_area","dfn_volume","output_var","sobol_type","boot_num"
"1",0.11382290217659,0.00107001617678559,0.00438088157777264,0.025612280438049,0.0223984257920889,-0.0030503114238089,0.00921175072770663,0.00216991028447838,"calcite_flush_4_nondim","FOmean",913
"2",0.127761762114484,0.00731885059339404,0.00913842790693714,0.035037980246214,0.0307475647264092,0.00601870131366818,0.0178705463565263,0.0112035878469981,"calcite_flush_4_nondim","TEmean",913
"3",-29.4406492941696,-29.041818042104,-30.2791982134496,-274.829439125354,-28.7421510932164,-28.9742606755142,-28.7545181165092,-30.6035863760311,"calcite_flush_4_nondim","FOsd2",913
"4",0.901193767256465,0.117939502433595,0.534343016277706,243.259082773254,0.475168258636113,0.555647681317523,0.564917338358477,1.0099262561318,"calcite_flush_4_nondim","TEsd2",913
