"","curr_inflow_rate","curr_diffusion_coef","curr_porosity","curr_gypsum_rate_constant","curr_calcite_rate_constant","curr_gypsum_surface_area","curr_calcite_surface_area","dfn_volume","output_var","sobol_type","boot_num"
"1",0.0315979161727991,0.00868803293503286,0.00943126700152836,0.00226649421437367,-0.00522235575241713,0.00212605207504742,-0.00452698321164292,0.00827753790900562,"calcite_flush_6_nondim","FOmean",1539
"2",0.0427051188355802,0.00526575641353318,0.00478352333181074,0.0135837841185664,0.00902188341782838,0.00511118379953757,0.00458515428919386,0.0201355901760366,"calcite_flush_6_nondim","TEmean",1539
"3",0.999214008244474,0.999207491193757,0.999185380128233,0.999069259222138,0.99912289392367,0.999203382876275,0.999134965355876,0.999141725929995,"calcite_flush_6_nondim","FOsd2",1539
"4",0.000488950428471501,0.000261686421148001,0.000123775283488937,0.000474898322317155,0.000207186728646137,0.000170836100686688,0.000199315639886118,0.000592433638563222,"calcite_flush_6_nondim","TEsd2",1539
