"","curr_inflow_rate","curr_diffusion_coef","curr_porosity","curr_gypsum_rate_constant","curr_calcite_rate_constant","curr_gypsum_surface_area","curr_calcite_surface_area","dfn_volume","output_var","sobol_type","boot_num"
"1",-0.00347045417235429,-0.00157433094777747,0.0200749312416045,0.0113249836667929,-0.007560902658522,0.00309191233113116,-0.00610084815210738,-0.0139340280466017,"calcite_flush_8_nondim","FOmean",1511
"2",0.0141833116003499,0.0024518220569943,0.0309006832081223,0.00641659577110928,0.00506911794799807,0.00287614753697282,0.00288902005971613,0.0147130560680324,"calcite_flush_8_nondim","TEmean",1511
"3",0.99996899616432,0.999973738045444,0.999968215967911,0.999968089148005,0.999970707760905,0.999948629352307,0.999965208994184,0.999950609331962,"calcite_flush_8_nondim","FOsd2",1511
"4",7.72958594780711e-06,3.83127353097584e-06,1.14076764992942e-05,1.34202803830096e-05,8.17576274348557e-06,2.41533234872564e-05,1.4659385542302e-05,2.84077932823386e-05,"calcite_flush_8_nondim","TEsd2",1511
