"","curr_inflow_rate","curr_diffusion_coef","curr_porosity","curr_gypsum_rate_constant","curr_calcite_rate_constant","curr_gypsum_surface_area","curr_calcite_surface_area","dfn_volume","output_var","sobol_type","boot_num"
"1",0.0259494860008158,-0.00841219084085049,-0.0189933339710103,0.0124484750264111,0.0072341568647756,0.000894136999537684,-0.00334515663148674,0.00407589990496568,"calcite_flush_6_nondim","FOmean",885
"2",0.032935926811444,0.00382630343196033,0.00497430535850963,0.00848078807851115,0.00805794884225423,0.00278403348031461,0.00704565450503068,0.019537737146813,"calcite_flush_6_nondim","TEmean",885
"3",0.999056890772407,0.998825509050013,0.998776414875071,0.998939111236305,0.998717256932494,0.998791358243842,0.998825829068881,0.998795693217422,"calcite_flush_6_nondim","FOsd2",885
"4",0.000708816107378382,0.000159980336186925,0.000154831543112085,0.000223040257871121,0.000201090388440995,0.000183198323317765,0.00019448881572228,0.000362993895195529,"calcite_flush_6_nondim","TEsd2",885
