"","curr_inflow_rate","curr_diffusion_coef","curr_porosity","curr_gypsum_rate_constant","curr_calcite_rate_constant","curr_gypsum_surface_area","curr_calcite_surface_area","dfn_volume","output_var","sobol_type","boot_num"
"1",0.012371751898776,-0.00559097670372708,0.0244010719842675,0.00846645011845296,-0.00757779242561798,-0.0120853518673138,0.00907044741487673,-0.00366223523115043,"calcite_flush_8_nondim","FOmean",1337
"2",0.0124043479007571,0.00215045976147721,0.0277771675795004,0.00875855406266105,0.00394060227564333,0.00350553451670884,0.00314918012998259,0.0138225015369644,"calcite_flush_8_nondim","TEmean",1337
"3",0.999948192082317,0.999953612966181,0.999974020294656,0.99995862925591,0.999963044592827,0.999973411575499,0.999968677296323,0.999975864658978,"calcite_flush_8_nondim","FOsd2",1337
"4",1.391955540601e-05,1.67784997778669e-05,1.96374327594732e-05,1.79260465573761e-05,1.21725690518516e-05,1.59440464393567e-05,1.01022995477064e-05,2.43298612709068e-05,"calcite_flush_8_nondim","TEsd2",1337
