"","curr_inflow_rate","curr_diffusion_coef","curr_porosity","curr_gypsum_rate_constant","curr_calcite_rate_constant","curr_gypsum_surface_area","curr_calcite_surface_area","dfn_volume","output_var","sobol_type","boot_num"
"1",0.0359088956103534,-0.00225921455410476,-0.000674366556085972,0.000434253703161233,-0.00694313091629792,0.0108033507549409,-0.0053311536808842,0.0041071300104244,"calcite_flush_6_nondim","FOmean",1683
"2",0.026009122049063,0.00307729306265312,0.00325995686489461,0.00753874019555215,0.0097337786031601,0.00324067886182483,0.00367781869390542,0.016266249581448,"calcite_flush_6_nondim","TEmean",1683
"3",0.999283440368203,0.999089161636815,0.999074484071987,0.998681620051481,0.998894675759481,0.998927518028291,0.998954384017293,0.999122184283913,"calcite_flush_6_nondim","FOsd2",1683
"4",0.000482037592855328,0.00028005369737454,8.48288482427125e-05,0.000359359555046502,0.000288205302767415,0.000357445992441202,0.000299059707099393,0.000325283559362224,"calcite_flush_6_nondim","TEsd2",1683
