"","curr_inflow_rate","curr_diffusion_coef","curr_porosity","curr_gypsum_rate_constant","curr_calcite_rate_constant","curr_gypsum_surface_area","curr_calcite_surface_area","dfn_volume","output_var","sobol_type","boot_num"
"1",-0.00205228633193304,-0.00183579086812155,0.0341640245829008,7.86469370901851e-05,-0.000912284261350729,-0.0068455790584881,-0.00360077453252592,-0.00523605804676473,"calcite_flush_9_nondim","FOmean",1572
"2",0.0126191111068854,0.00241442257948052,0.0332705947791964,0.00685049488798155,0.00425231362258825,0.00226205964545673,0.00313815404809727,0.0137362393615748,"calcite_flush_9_nondim","TEmean",1572
"3",0.9999714425089,0.999965287665167,0.999972132746373,0.999966912379693,0.999972879857416,0.999973646507601,0.999970655581681,0.999970440334252,"calcite_flush_9_nondim","FOsd2",1572
"4",1.07667453449334e-05,1.15436807911804e-05,6.8792165601434e-06,1.343702262163e-05,8.31186725284559e-06,8.94695583972567e-06,6.71972399393513e-06,1.02391153416607e-05,"calcite_flush_9_nondim","TEsd2",1572
