"","curr_inflow_rate","curr_diffusion_coef","curr_porosity","curr_gypsum_rate_constant","curr_calcite_rate_constant","curr_gypsum_surface_area","curr_calcite_surface_area","dfn_volume","output_var","sobol_type","boot_num"
"1",-0.000748141012151457,0.000572646503482537,0.0106908434371867,-0.000273145754019896,0.0049017217435932,-0.0034022361440346,-0.00543596089615225,0.00501361040935511,"calcite_flush_9_nondim","FOmean",546
"2",0.00788222195301242,0.00182596410059789,0.0195480927903655,0.00711077231187731,0.00332832490573264,0.00193550254989651,0.00422697579060715,0.015697683497023,"calcite_flush_9_nondim","TEmean",546
"3",0.999985442433706,0.999985566078725,0.999983752985924,0.999979979171399,0.99998784863234,0.999978777402248,0.999973777146588,0.999988622814106,"calcite_flush_9_nondim","FOsd2",546
"4",8.83097740155213e-06,1.82809016948846e-06,3.94079241821151e-06,1.33499076370983e-05,7.6519999913974e-06,9.90931350407489e-06,1.01324927139752e-05,1.41081809471897e-05,"calcite_flush_9_nondim","TEsd2",546
