"","curr_inflow_rate","curr_diffusion_coef","curr_porosity","curr_gypsum_rate_constant","curr_calcite_rate_constant","curr_gypsum_surface_area","curr_calcite_surface_area","dfn_volume","output_var","sobol_type","boot_num"
"1",0.0141528978498306,-0.00202496150582255,0.0261042412797935,-0.0108455358575033,-0.00931053867157319,0.00140056464035399,0.00467859118530954,-0.0102819951069339,"calcite_flush_9_nondim","FOmean",1680
"2",0.0192820525106471,0.00260226163457761,0.029795333353639,0.00507299993251906,0.00640790137313523,0.00285248398231276,0.0033550277535866,0.0158453731998032,"calcite_flush_9_nondim","TEmean",1680
"3",0.999900459618514,0.999924781990838,0.99993304477032,0.999935213129759,0.999741510094993,0.999950627911808,0.999868337350674,0.999944112246104,"calcite_flush_9_nondim","FOsd2",1680
"4",6.209841540054e-05,2.50323711915671e-05,4.31152473214848e-05,5.53361499066213e-05,0.000181567405418923,3.43011139206539e-05,0.000117936417901929,3.74850526193735e-05,"calcite_flush_9_nondim","TEsd2",1680
