"","curr_inflow_rate","curr_diffusion_coef","curr_porosity","curr_gypsum_rate_constant","curr_calcite_rate_constant","curr_gypsum_surface_area","curr_calcite_surface_area","dfn_volume","output_var","sobol_type","boot_num"
"1",0.105330936900868,0.00158189077023857,0.00526433884948255,0.0221006196385577,0.0417455624852984,0.00592100154657372,0.0109187897967612,-0.00231626209762148,"calcite_flush_4_nondim","FOmean",391
"2",0.126445855757387,0.00501195864943719,0.00546141735469906,0.0262553239765604,0.0535394976282579,0.00289477470597253,0.0139096585702679,0.0116281063877679,"calcite_flush_4_nondim","TEmean",391
"3",0.770722960663942,0.685758288078249,0.780653889628355,0.738625510165961,0.654183036609985,0.77397189146278,0.723480314488992,0.773834975751005,"calcite_flush_4_nondim","FOsd2",391
"4",0.0106377425437161,0.0940350698428125,0.00779713493620413,0.0300123129065611,0.14620115262524,0.00819447661839816,0.048569163155017,0.0104015745169685,"calcite_flush_4_nondim","TEsd2",391
