"","curr_inflow_rate","curr_diffusion_coef","curr_porosity","curr_gypsum_rate_constant","curr_calcite_rate_constant","curr_gypsum_surface_area","curr_calcite_surface_area","dfn_volume","output_var","sobol_type","boot_num"
"1",0.00331591911553146,-0.00241630907797248,0.0292172564263851,0.00545652863677564,0.00381238320920518,-0.00272674628990503,-0.00035359520308022,0.0041670943709289,"calcite_flush_8_nondim","FOmean",1763
"2",0.00979210996250435,0.00252020144715454,0.0267100612276864,0.00819532441953191,0.00419955251911093,0.00399119916136184,0.00299370190235525,0.0132304893086628,"calcite_flush_8_nondim","TEmean",1763
"3",0.999982624836746,0.999980201389298,0.999972166675327,0.9999864426798,0.999982579742288,0.99998154061872,0.999951011145553,0.999982048967648,"calcite_flush_8_nondim","FOsd2",1763
"4",2.58558743273515e-05,1.16309111387723e-05,5.63854575432239e-06,3.22108781749851e-05,2.92776743200904e-05,3.26953632632239e-05,2.34259130432984e-06,3.35568727675162e-05,"calcite_flush_8_nondim","TEsd2",1763
