"","curr_inflow_rate","curr_diffusion_coef","curr_porosity","curr_gypsum_rate_constant","curr_calcite_rate_constant","curr_gypsum_surface_area","curr_calcite_surface_area","dfn_volume","output_var","sobol_type","boot_num"
"1",-0.00254184726153992,0.00192458960965743,0.0185700404888133,0.0130574709411001,-0.00459014622330961,-0.00461370400357907,-0.00491396220853768,-0.0167111736251918,"calcite_flush_9_nondim","FOmean",1284
"2",0.0102084770679775,0.0027611147220033,0.024881681221362,0.00866802571547196,0.00455371887217472,0.00218592394225657,0.00277046301044226,0.0138058195847227,"calcite_flush_9_nondim","TEmean",1284
"3",0.999984404210598,0.999979838389037,0.999978000944618,0.999980621138467,0.99998495444625,0.999982160876702,0.99997985337031,0.999983793277659,"calcite_flush_9_nondim","FOsd2",1284
"4",2.64584170512642e-06,2.0091762703935e-06,2.54063045837131e-06,1.1065433917336e-05,4.98619907388503e-06,2.29679607605962e-06,6.43239581194951e-06,4.2163346911041e-06,"calcite_flush_9_nondim","TEsd2",1284
