"","curr_inflow_rate","curr_diffusion_coef","curr_porosity","curr_gypsum_rate_constant","curr_calcite_rate_constant","curr_gypsum_surface_area","curr_calcite_surface_area","dfn_volume","output_var","sobol_type","boot_num"
"1",-0.0066524158265702,-0.00237789996718259,-0.00570485857991083,0.0050882228895981,0.00533514512116006,0.00218022836219553,-0.00295380356434063,-0.018755496108058,"calcite_flush_5_nondim","FOmean",332
"2",0.133538296565163,0.00282383969197671,0.00204837662321426,0.0457167159026372,0.0482221314143338,0.0031332572609853,0.00259624920810626,0.0728625982119756,"calcite_flush_5_nondim","TEmean",332
"3",0.996449795023797,0.997087825852894,0.996250638336815,0.996080749223349,0.99688461940099,0.997336746611989,0.997109391721909,0.997088220377015,"calcite_flush_5_nondim","FOsd2",332
"4",0.00142901536410636,0.00126648666972166,0.00226680811374748,0.00285300690687437,0.00318739766264324,0.00112626614666726,0.000746019094750156,0.00214487758875791,"calcite_flush_5_nondim","TEsd2",332
