"","curr_inflow_rate","curr_diffusion_coef","curr_porosity","curr_gypsum_rate_constant","curr_calcite_rate_constant","curr_gypsum_surface_area","curr_calcite_surface_area","dfn_volume","output_var","sobol_type","boot_num"
"1",0.00993296286748679,-0.00323128834293634,0.0128685040096657,0.000247946855555875,-0.0124736279743403,0.00648314861194003,0.0122205353781932,0.018854434042786,"calcite_flush_7_nondim","FOmean",1774
"2",0.0161182854711736,0.00227188632214509,0.0187693967974158,0.0117998683557808,0.00463414559165394,0.00270664103294588,0.00458567535863986,0.0147902075220902,"calcite_flush_7_nondim","TEmean",1774
"3",0.99997280962856,0.999979998042905,0.999977171051941,0.999979031569845,0.999971150022698,0.999979990612657,0.999924074308861,0.99997496897318,"calcite_flush_7_nondim","FOsd2",1774
"4",1.18673468380048e-05,6.33968197970381e-06,7.9946429392716e-06,5.30080645326082e-06,6.24251524522767e-06,6.59727137752566e-06,6.63204927303258e-05,1.21973825855927e-05,"calcite_flush_7_nondim","TEsd2",1774
