"","curr_inflow_rate","curr_diffusion_coef","curr_porosity","curr_gypsum_rate_constant","curr_calcite_rate_constant","curr_gypsum_surface_area","curr_calcite_surface_area","dfn_volume","output_var","sobol_type","boot_num"
"1",0.0403845108492619,0.0141575660049877,-0.00236912430735975,0.0222901690904565,-0.000414492642327328,-0.00734305531620987,0.00443566121635075,-0.0117890180821512,"calcite_flush_5_nondim","FOmean",1772
"2",0.123908099992791,0.00300031690040558,0.00597624171199299,0.0332896669476138,0.0279092811770191,0.00265997508678537,0.00495456397447394,0.0489226572726734,"calcite_flush_5_nondim","TEmean",1772
"3",0.990384439578967,0.989936202275526,0.989994666145262,0.989153805801236,0.990292475607699,0.989926496947138,0.990106590789282,0.989977461099368,"calcite_flush_5_nondim","FOsd2",1772
"4",0.00165988385111745,0.00126442418481562,0.000788426484780024,0.00154001023321715,0.00120186194265848,0.000349130796189585,0.000572942514936939,0.00169621031221015,"calcite_flush_5_nondim","TEsd2",1772
