"","curr_inflow_rate","curr_diffusion_coef","curr_porosity","curr_gypsum_rate_constant","curr_calcite_rate_constant","curr_gypsum_surface_area","curr_calcite_surface_area","dfn_volume","output_var","sobol_type","boot_num"
"1",0.0965610939244291,0.00492582121063475,0.00132075344551259,0.0124516772889659,0.0329102736801197,0.00468970712359858,0.0015128598055276,8.93696383074502e-05,"calcite_flush_4_nondim","FOmean",1231
"2",0.117347472863402,0.00429707529320098,0.00240109438388995,0.0229406748162658,0.0465248343282999,0.00777807575215413,0.00726954618448942,0.0122441167401248,"calcite_flush_4_nondim","TEmean",1231
"3",-454.026411748659,-667.247842368755,-398.949421978105,-470.115256928013,-425.419090161342,-422.47907427419,-442.091918049752,-406.277063774467,"calcite_flush_4_nondim","FOsd2",1231
"4",77.7119866441996,266.80874342846,16.9336970866182,83.8580146782373,20.0956666843739,33.3802908935376,49.2511292286623,12.6248574404297,"calcite_flush_4_nondim","TEsd2",1231
