"","curr_inflow_rate","curr_diffusion_coef","curr_porosity","curr_gypsum_rate_constant","curr_calcite_rate_constant","curr_gypsum_surface_area","curr_calcite_surface_area","dfn_volume","output_var","sobol_type","boot_num"
"1",0.00236747855395895,0.00127252451687069,0.0112581412283726,0.0116952367091871,-0.0030288845776407,-0.000450678513347745,-0.00258781854829874,-0.00833184186321599,"calcite_flush_9_nondim","FOmean",1332
"2",0.0111815475587796,0.00181655320127541,0.0256564895112626,0.00507614412087997,0.00305771082164155,0.00183945047330994,0.0025301915268586,0.0156725951213797,"calcite_flush_9_nondim","TEmean",1332
"3",0.999977009683365,0.999975655468697,0.999976436174889,0.999976989449743,0.999986735125203,0.999976595650128,0.999930446777031,0.999976324527808,"calcite_flush_9_nondim","FOsd2",1332
"4",1.70415362801299e-05,1.09842407120089e-05,1.54958023919212e-05,3.07984573924404e-05,2.58821441579717e-05,1.64605060833759e-05,3.75081185480859e-05,1.66144922029958e-05,"calcite_flush_9_nondim","TEsd2",1332
