"","curr_inflow_rate","curr_diffusion_coef","curr_porosity","curr_gypsum_rate_constant","curr_calcite_rate_constant","curr_gypsum_surface_area","curr_calcite_surface_area","dfn_volume","output_var","sobol_type","boot_num"
"1",0.00653010911627387,0.00578036530207786,0.00645380353619183,-0.00202250969572467,-0.00357479515506281,-0.00144380520991686,-0.0024569398121363,0.0111370770874255,"calcite_flush_8_nondim","FOmean",1463
"2",0.0133694445197838,0.00266222621991061,0.0226761085858482,0.0080378229510452,0.00439444716878909,0.00231694917089717,0.00276041658043877,0.0115806110054414,"calcite_flush_8_nondim","TEmean",1463
"3",0.999985343109961,0.999987274225704,0.999987928913399,0.999987974571489,0.99998831546086,0.99998432402556,0.999987380737254,0.999989339124613,"calcite_flush_8_nondim","FOsd2",1463
"4",6.11666500876617e-06,4.03923215828982e-06,7.54256925330904e-06,5.02367536915797e-06,7.67202383403914e-06,6.92231892363357e-06,4.46966064188231e-06,5.21017053382806e-06,"calcite_flush_8_nondim","TEsd2",1463
