"","curr_inflow_rate","curr_diffusion_coef","curr_porosity","curr_gypsum_rate_constant","curr_calcite_rate_constant","curr_gypsum_surface_area","curr_calcite_surface_area","dfn_volume","output_var","sobol_type","boot_num"
"1",0.00517726033619314,0.0131520529081466,0.00653772222664932,-0.000382490614204033,0.00239178046915926,0.0012566311731277,0.000859113112325471,0.0201240042045184,"calcite_flush_9_nondim","FOmean",1470
"2",0.0138341084884904,0.00280475780807872,0.0367035863529072,0.00639604047512759,0.00396244946710124,0.00253094872914184,0.00374579020487904,0.0166754381832462,"calcite_flush_9_nondim","TEmean",1470
"3",0.999969496533115,0.99995537805899,0.999967552560051,0.999962431122612,0.999967300111427,0.999954258680102,0.99996376876281,0.999969600619503,"calcite_flush_9_nondim","FOsd2",1470
"4",9.71165201994502e-06,1.44347691790383e-05,8.12942725499845e-06,1.72447874487427e-05,1.77692690307534e-05,1.40573128860823e-05,1.04865893635932e-05,1.14426895685378e-05,"calcite_flush_9_nondim","TEsd2",1470
