"","curr_inflow_rate","curr_diffusion_coef","curr_porosity","curr_gypsum_rate_constant","curr_calcite_rate_constant","curr_gypsum_surface_area","curr_calcite_surface_area","dfn_volume","output_var","sobol_type","boot_num"
"1",0.104056533537364,0.00744497230472989,0.00447040111868642,0.020046373294911,0.042497706424584,0.00159660574534016,0.00702443797287274,-0.00713683236002043,"calcite_flush_4_nondim","FOmean",1
"2",0.114419337067929,0.00694595051497994,0.00501594472941678,0.0193995347674743,0.0460668452049954,0.00349469322802723,0.0127757325390821,0.00953615972626955,"calcite_flush_4_nondim","TEmean",1
"3",-0.45051604166625,-0.452442452186644,-0.456578030256777,-0.564289908780687,-0.428182449530887,-0.95574725709432,-0.433743385144685,-0.500518909473544,"calcite_flush_4_nondim","FOsd2",1
"4",0.035541873812389,0.0344091762025279,0.046289999127079,0.209549071446831,0.0524809863575668,0.564197691940446,0.0514144422154772,0.0217297639537137,"calcite_flush_4_nondim","TEsd2",1
