"","curr_inflow_rate","curr_diffusion_coef","curr_porosity","curr_gypsum_rate_constant","curr_calcite_rate_constant","curr_gypsum_surface_area","curr_calcite_surface_area","dfn_volume","output_var","sobol_type","boot_num"
"1",0.110508816684611,0.00235341168453552,0.00107533063628945,0.0216381991882494,0.0427216854796093,0.000600948987206679,0.018562462245622,-0.00164881362265205,"calcite_flush_4_nondim","FOmean",1405
"2",0.10851860160753,0.0052200876602216,0.00494014452344245,0.0234669598756272,0.0390164969455469,0.00501938344124234,0.0154403719131719,0.0131499810368493,"calcite_flush_4_nondim","TEmean",1405
"3",0.144732442988445,0.40347178927178,-0.212924209843851,0.0929426019751052,0.253883806797646,0.204450422345725,0.306347853385034,0.476499466901599,"calcite_flush_4_nondim","FOsd2",1405
"4",0.295954881654088,0.314417815114197,0.912671991776522,0.174383076900329,0.407103767505503,0.241795613793399,0.569506654263041,0.516264881353371,"calcite_flush_4_nondim","TEsd2",1405
