"","curr_inflow_rate","curr_diffusion_coef","curr_porosity","curr_gypsum_rate_constant","curr_calcite_rate_constant","curr_gypsum_surface_area","curr_calcite_surface_area","dfn_volume","output_var","sobol_type","boot_num"
"1",0.0153835833291702,-0.00240781545138309,0.00953581766706469,0.00239893481792568,0.00892209722592926,0.0112456689789494,0.00517937962733754,0.00727237438212436,"calcite_flush_7_nondim","FOmean",40
"2",0.0141285919555332,0.00255170155414199,0.0211501619441508,0.00913243090608404,0.00521369161525043,0.00236478914643404,0.00357948974388794,0.0135100352348001,"calcite_flush_7_nondim","TEmean",40
"3",0.999883793009359,0.999932014730126,0.999946286287676,0.999955926119685,0.99991404339415,0.999946714786107,0.999929665237972,0.999954080422159,"calcite_flush_7_nondim","FOsd2",40
"4",5.55963512088623e-05,1.07237087931882e-05,2.00816997523147e-05,3.43797915940519e-05,2.91984180931715e-05,1.1057129076031e-05,8.6341390283061e-06,1.80501876279434e-05,"calcite_flush_7_nondim","TEsd2",40
