"","curr_inflow_rate","curr_diffusion_coef","curr_porosity","curr_gypsum_rate_constant","curr_calcite_rate_constant","curr_gypsum_surface_area","curr_calcite_surface_area","dfn_volume","output_var","sobol_type","boot_num"
"1",0.00829008222308473,0.00286968412558234,0.0339582565340746,0.00631504480613004,-0.0010896466423466,0.0121673220249803,0.00235389860870986,0.0022458046943759,"calcite_flush_8_nondim","FOmean",1583
"2",0.0122298079444978,0.00184780549271002,0.030177628718129,0.00545789442617562,0.00361142101611577,0.00345286047910906,0.00273155449361671,0.0110590563073955,"calcite_flush_8_nondim","TEmean",1583
"3",0.999918832964031,0.999986365362976,0.999962202678175,0.999982064918304,0.999944828480352,0.999983052953389,0.999986146390192,0.99998651103937,"calcite_flush_8_nondim","FOsd2",1583
"4",1.25830015630944e-05,3.71566782980013e-05,5.93158117600738e-06,3.82018079208718e-05,5.41464119081458e-06,3.59630220013145e-05,2.70903212922716e-05,3.63012450402782e-05,"calcite_flush_8_nondim","TEsd2",1583
