"","curr_inflow_rate","curr_diffusion_coef","curr_porosity","curr_gypsum_rate_constant","curr_calcite_rate_constant","curr_gypsum_surface_area","curr_calcite_surface_area","dfn_volume","output_var","sobol_type","boot_num"
"1",-0.00114427458404017,0.00829388998585574,-0.0083779334401739,-0.00774271543639359,0.0218253406563518,-0.00532207516907175,0.00718038585233409,-0.0144883824718269,"calcite_flush_6_nondim","FOmean",267
"2",0.0224204564648554,0.00322335082248213,0.00801031028374032,0.00647863075469963,0.0123174293100246,0.0040180131166546,0.00679705794474519,0.0180253616025478,"calcite_flush_6_nondim","TEmean",267
"3",0.9990321640137,0.998531001125984,0.99862012839284,0.998633597997284,0.99882079932236,0.998731821091904,0.998749779256512,0.998815634128474,"calcite_flush_6_nondim","FOsd2",267
"4",0.000734305921715147,0.000283521921293648,0.00043445607223331,0.000449100335812349,0.000373883419781558,0.000332256719183564,0.000222923088825919,0.000471570182838356,"calcite_flush_6_nondim","TEsd2",267
