"","curr_inflow_rate","curr_diffusion_coef","curr_porosity","curr_gypsum_rate_constant","curr_calcite_rate_constant","curr_gypsum_surface_area","curr_calcite_surface_area","dfn_volume","output_var","sobol_type","boot_num"
"1",0.0115818574095761,0.0231493347287148,0.00782723554126342,-0.00623087431590613,0.00760512663337189,-0.00810046724837683,-0.0206210144935873,0.0233384807846909,"calcite_flush_6_nondim","FOmean",93
"2",0.024580047845364,0.00403652287550526,0.00707233189044504,0.00713464378964151,0.0068220206253282,0.00284963294748692,0.00507805456170305,0.0129483194119665,"calcite_flush_6_nondim","TEmean",93
"3",0.999376328707425,0.999136791307877,0.999214284984922,0.999080893405445,0.999015413609524,0.999044246308795,0.999167990076974,0.999272051937755,"calcite_flush_6_nondim","FOsd2",93
"4",0.000498486971330214,0.000142373472892231,0.000378483135453208,0.000377604541056774,0.00031500537749594,0.000306613566435188,0.000125469502501795,0.00032323130583449,"calcite_flush_6_nondim","TEsd2",93
