"","curr_inflow_rate","curr_diffusion_coef","curr_porosity","curr_gypsum_rate_constant","curr_calcite_rate_constant","curr_gypsum_surface_area","curr_calcite_surface_area","dfn_volume","output_var","sobol_type","boot_num"
"1",0.00359411964234432,-0.00099848462577109,0.0342258938092371,0.00236797652853224,-0.00994576535439944,-0.00210733467295328,-0.00715395251484332,-0.00312075903232588,"calcite_flush_8_nondim","FOmean",1253
"2",0.0136346764492623,0.00326165046515168,0.0332476549679414,0.0065970255567205,0.00490932391542527,0.00446486752761605,0.00463631387357747,0.0135577580471867,"calcite_flush_8_nondim","TEmean",1253
"3",0.999876392567741,0.999964048684828,0.999964641691312,0.999953398291726,0.999967879572374,0.999941992502435,0.999960629694249,0.999952248740355,"calcite_flush_8_nondim","FOsd2",1253
"4",8.38893312719816e-05,6.04131006551748e-06,4.68435007200666e-06,1.56406986397096e-05,9.92195336691173e-06,2.58974818483519e-05,1.10860174257597e-05,1.39246043262789e-05,"calcite_flush_8_nondim","TEsd2",1253
