"","curr_inflow_rate","curr_diffusion_coef","curr_porosity","curr_gypsum_rate_constant","curr_calcite_rate_constant","curr_gypsum_surface_area","curr_calcite_surface_area","dfn_volume","output_var","sobol_type","boot_num"
"1",0.0120149905465876,-0.00329184272746069,0.00656923870244511,0.00105114423839137,-0.00293531174561598,0.000226407292463928,0.00415515994545237,-0.00840232988855027,"calcite_flush_9_nondim","FOmean",750
"2",0.013376010431647,0.00183979866562539,0.0268189557443995,0.0065886168294455,0.00608990818642962,0.00261678676070188,0.00282828228871663,0.0149229404807884,"calcite_flush_9_nondim","TEmean",750
"3",0.999834703714226,0.999932753761599,0.999961903123635,0.999975737664486,0.99996797669861,0.999963234973602,0.999970899664788,0.999966251458806,"calcite_flush_9_nondim","FOsd2",750
"4",0.000100863603661247,1.43280381371557e-05,7.95006895967097e-06,2.93988340938425e-05,8.8074076557311e-06,1.76770338029784e-05,2.6957863814344e-05,2.01984269213171e-05,"calcite_flush_9_nondim","TEsd2",750
