"","curr_inflow_rate","curr_diffusion_coef","curr_porosity","curr_gypsum_rate_constant","curr_calcite_rate_constant","curr_gypsum_surface_area","curr_calcite_surface_area","dfn_volume","output_var","sobol_type","boot_num"
"1",0.111467408802194,-0.00191729763325482,0.00704693052921856,0.0670686459279012,-0.00199266541853384,-0.0250461472437196,0.0051144886139806,0.0563579211308209,"calcite_flush_5_nondim","FOmean",1634
"2",0.167338411818069,0.0032871441108626,0.00552822021834368,0.0700535512228901,0.00932013589399588,0.0110468236052328,0.00422056841386172,0.0389884317321684,"calcite_flush_5_nondim","TEmean",1634
"3",0.997557054665178,0.997202774790088,0.997236101870407,0.99486459729525,0.997552687154004,0.997240724576299,0.997350265474781,0.997719991772444,"calcite_flush_5_nondim","FOsd2",1634
"4",0.00200970192034022,0.000394901968897581,0.000633550768680711,0.00315766255775292,0.000917569333990752,0.00150287828064119,0.000396541976892798,0.00146597534055872,"calcite_flush_5_nondim","TEsd2",1634
