"","curr_inflow_rate","curr_diffusion_coef","curr_porosity","curr_gypsum_rate_constant","curr_calcite_rate_constant","curr_gypsum_surface_area","curr_calcite_surface_area","dfn_volume","output_var","sobol_type","boot_num"
"1",0.0134631006153313,0.00697157299371895,0.009038972645105,0.00902150163223109,0.00160869332286717,0.00406219847574587,-0.000895225781233649,-0.0101597361865685,"calcite_flush_8_nondim","FOmean",587
"2",0.0121559507031429,0.00180096131313032,0.0257730013818323,0.00628475800422025,0.00474964533205738,0.00292478122178154,0.00263278866880916,0.0151606751435075,"calcite_flush_8_nondim","TEmean",587
"3",0.999941174719933,0.999924333411672,0.999921544739868,0.999937659656628,0.999918812475012,0.999941588190005,0.999927913321484,0.999941506319201,"calcite_flush_8_nondim","FOsd2",587
"4",9.86606995161092e-06,5.88692614153499e-06,1.45015429171422e-05,1.62592167570681e-05,1.83993638371059e-05,9.23062828124389e-06,8.62242802133635e-06,1.3943015740563e-05,"calcite_flush_8_nondim","TEsd2",587
