"","curr_inflow_rate","curr_diffusion_coef","curr_porosity","curr_gypsum_rate_constant","curr_calcite_rate_constant","curr_gypsum_surface_area","curr_calcite_surface_area","dfn_volume","output_var","sobol_type","boot_num"
"1",0.00538593453079281,-0.00180168112314034,0.00521856147364909,-0.00124723749773978,-0.000756318081082383,-0.00166703214203006,0.000816458659268117,0.00228186008541225,"calcite_flush_9_nondim","FOmean",18
"2",0.0116368181886893,0.00271166990847012,0.0221606359679369,0.0105352853893872,0.00508078586609607,0.00205743661320026,0.00314624965207576,0.0172792128714431,"calcite_flush_9_nondim","TEmean",18
"3",0.999965618408158,0.999959073651976,0.999918010636545,0.999963111096817,0.999957385754069,0.999890710656096,0.999964228188549,0.999961858386153,"calcite_flush_9_nondim","FOsd2",18
"4",3.49637153014174e-05,2.22358427373205e-05,1.58538701926813e-05,3.85945340618502e-05,1.43943495789508e-05,1.20136668764919e-05,3.43721596327772e-05,3.58209644642499e-05,"calcite_flush_9_nondim","TEsd2",18
