"","curr_inflow_rate","curr_diffusion_coef","curr_porosity","curr_gypsum_rate_constant","curr_calcite_rate_constant","curr_gypsum_surface_area","curr_calcite_surface_area","dfn_volume","output_var","sobol_type","boot_num"
"1",0.221229466009897,0.00525990467434866,-0.0100361335545161,0.030452998137142,0.0586449840790957,0.00311000480948639,0.0263599115385294,0.0241089560960886,"calcite_flush_4_nondim","FOmean",457
"2",0.24487660282697,0.0101841002181042,0.00470781951661458,0.026875860389752,0.0557960945936118,0.00501436563985732,0.0274043397262977,0.0364045280836174,"calcite_flush_4_nondim","TEmean",457
"3",-31.2512073707816,-1.21014225305389,-0.784405860678926,-0.53109614651024,-0.321736996760159,-0.260292855074816,-29.2182078461051,-3.52370356135512,"calcite_flush_4_nondim","FOsd2",457
"4",30.8427573773846,1.41546947219535,1.07875805418929,0.90625751581685,0.362321340689001,0.229753139761908,29.4602601785528,2.17756401403691,"calcite_flush_4_nondim","TEsd2",457
