"","curr_inflow_rate","curr_diffusion_coef","curr_porosity","curr_gypsum_rate_constant","curr_calcite_rate_constant","curr_gypsum_surface_area","curr_calcite_surface_area","dfn_volume","output_var","sobol_type","boot_num"
"1",0.0631309921853532,-0.00108128387669568,0.00450736947476033,-0.0261915100937515,0.0131846182002838,0.00277793748884161,0.0106211832124952,-0.0180087658084234,"calcite_flush_5_nondim","FOmean",584
"2",0.124994902333982,0.0014555050125816,0.00436591680815988,0.03825145661281,0.0510082875474288,0.00138444002496441,0.00518138969692305,0.0645550639479111,"calcite_flush_5_nondim","TEmean",584
"3",0.997920453143186,0.998206056205701,0.998027129977859,0.997737995568076,0.998279685303896,0.997779310267655,0.998036784943656,0.998073996121706,"calcite_flush_5_nondim","FOsd2",584
"4",0.0013854161631945,0.00037483166122741,0.000190297965780466,0.00109869524183855,0.00146710441335573,0.000417163972638692,0.000411993766766104,0.000895401523191734,"calcite_flush_5_nondim","TEsd2",584
