"","curr_inflow_rate","curr_diffusion_coef","curr_porosity","curr_gypsum_rate_constant","curr_calcite_rate_constant","curr_gypsum_surface_area","curr_calcite_surface_area","dfn_volume","output_var","sobol_type","boot_num"
"1",0.00870140372390644,0.00223037464535759,0.035722201191266,0.0149405058211913,0.00982684069167267,-0.00036131268339984,0.0139917075193057,0.0269541118172313,"calcite_flush_7_nondim","FOmean",352
"2",0.0160135238962154,0.00326387600993149,0.0262107854305394,0.0120140118712108,0.00787985433553606,0.00282309678671097,0.00431389963603566,0.0152782381968042,"calcite_flush_7_nondim","TEmean",352
"3",0.999945627784185,0.999945655252785,0.999938218904335,0.999941751626007,0.999935492308499,0.999944895609951,0.999944195692906,0.999946329140598,"calcite_flush_7_nondim","FOsd2",352
"4",1.01890933469125e-05,6.21529188421347e-06,7.49965432798089e-06,1.82078312331656e-05,1.3120827139195e-05,6.41622525041985e-06,6.64740515925411e-06,6.00862713577707e-06,"calcite_flush_7_nondim","TEsd2",352
