"","curr_inflow_rate","curr_diffusion_coef","curr_porosity","curr_gypsum_rate_constant","curr_calcite_rate_constant","curr_gypsum_surface_area","curr_calcite_surface_area","dfn_volume","output_var","sobol_type","boot_num"
"1",0.0149914839077728,-0.00422570058302385,0.0316905940769475,-0.009602927039389,0.00168946292481187,-0.0015809614458368,-0.0015948808756073,0.00571715386399823,"calcite_flush_7_nondim","FOmean",1168
"2",0.0134299005085591,0.00296501015708773,0.0216299368431542,0.0064673390977166,0.0034601215391984,0.00298504490392083,0.00490708441010629,0.0187750744778539,"calcite_flush_7_nondim","TEmean",1168
"3",0.999821529040157,0.999832281566024,0.999840795720901,0.999557016257719,0.999854061639289,0.999798851685658,0.999816903566965,0.999813666357198,"calcite_flush_7_nondim","FOsd2",1168
"4",4.67189014527716e-05,4.06349673010402e-05,6.1734463532098e-05,0.000382258436580993,7.31632230694787e-05,1.62641915335783e-05,4.67203760603756e-05,3.58666923033048e-05,"calcite_flush_7_nondim","TEsd2",1168
