"","curr_inflow_rate","curr_diffusion_coef","curr_porosity","curr_gypsum_rate_constant","curr_calcite_rate_constant","curr_gypsum_surface_area","curr_calcite_surface_area","dfn_volume","output_var","sobol_type","boot_num"
"1",0.0573041172700773,-0.00553934777000939,-0.014993646973956,0.000668124686455693,-0.0285550941464744,0.00895196734826924,-0.00910582063096491,0.0112200475727624,"calcite_flush_5_nondim","FOmean",542
"2",0.0864328362768183,0.00327456577424329,0.00548448650919644,0.0313160277994111,0.0270796932496238,0.00511601868165957,0.00574580874750471,0.032243485354687,"calcite_flush_5_nondim","TEmean",542
"3",0.996341346272301,0.995998294931007,0.994185742042813,0.99639088816827,0.993726809978843,0.994899829950057,0.99495065865885,0.996637300745359,"calcite_flush_5_nondim","FOsd2",542
"4",0.00208098605371034,0.000650343148415144,0.00182473994912948,0.00225260552992737,0.00420217773686703,0.000930916205118046,0.00128712009967568,0.00204921771964489,"calcite_flush_5_nondim","TEsd2",542
