"","curr_inflow_rate","curr_diffusion_coef","curr_porosity","curr_gypsum_rate_constant","curr_calcite_rate_constant","curr_gypsum_surface_area","curr_calcite_surface_area","dfn_volume","output_var","sobol_type","boot_num"
"1",0.0193271321598502,-0.00317392689036102,7.52005080244789e-05,0.00655638592025844,0.007616244968252,0.0202178378577137,0.00258784790882366,0.00677102779153935,"calcite_flush_6_nondim","FOmean",1377
"2",0.0429009983676719,0.00491647737950203,0.00418148337163315,0.00757426372609636,0.0126805732703555,0.00471295123323096,0.00440256039753708,0.020331908857184,"calcite_flush_6_nondim","TEmean",1377
"3",0.999177119464715,0.998867684323405,0.998846170387185,0.998952745666132,0.998920023833127,0.999041706126822,0.998892630853719,0.998856285242571,"calcite_flush_6_nondim","FOsd2",1377
"4",0.000568122431562113,0.000194702980959071,0.00014895695657111,0.000222606628270632,0.000351968418400579,0.000238121036661025,0.00011918716782092,0.000201915756268651,"calcite_flush_6_nondim","TEsd2",1377
