"","curr_inflow_rate","curr_diffusion_coef","curr_porosity","curr_gypsum_rate_constant","curr_calcite_rate_constant","curr_gypsum_surface_area","curr_calcite_surface_area","dfn_volume","output_var","sobol_type","boot_num"
"1",0.0836399852957075,0.00178108822578873,0.0169197081390425,-0.00374358965649425,0.0141438710589957,0.00532899156437681,0.0149124010562742,0.0803432306437418,"calcite_flush_5_nondim","FOmean",806
"2",0.110693773338,0.0021224067451915,0.00356475094255327,0.0360791325763663,0.0308176870315185,0.00238954188254529,0.00298613306949714,0.0719366472670973,"calcite_flush_5_nondim","TEmean",806
"3",0.997141499360932,0.997357313029058,0.997541801321451,0.997580628055787,0.997334063292622,0.997277503748868,0.997302992021746,0.997685016685318,"calcite_flush_5_nondim","FOsd2",806
"4",0.00143104965005036,0.000227740262058681,0.00029697172038843,0.00101143513625636,0.00113626376084134,0.000273794443642985,0.00034499849734151,0.00134380238126165,"calcite_flush_5_nondim","TEsd2",806
