"","curr_inflow_rate","curr_diffusion_coef","curr_porosity","curr_gypsum_rate_constant","curr_calcite_rate_constant","curr_gypsum_surface_area","curr_calcite_surface_area","dfn_volume","output_var","sobol_type","boot_num"
"1",0.118820352734585,0.00179051543822876,-0.00187565088152269,0.00872183982566637,0.0200953385819952,0.00307167814154395,0.00749890247720514,-0.00487775973214851,"calcite_flush_4_nondim","FOmean",529
"2",0.131995589465031,0.00503482467273467,0.007648527049558,0.0192037981797474,0.0248434286823175,0.004464397001275,0.00784234582497738,0.0151544774421851,"calcite_flush_4_nondim","TEmean",529
"3",-24.3197574879916,-13.3168602901452,-13.3801568762499,-13.3216170398839,-13.2845721497889,-13.5357023006529,-13.3172964369865,-13.2990052867286,"calcite_flush_4_nondim","FOsd2",529
"4",11.0719555947367,0.0761667411244294,0.103347234825656,0.0411737509092234,0.0127478344028128,0.255142890000187,0.0577057426479687,0.0320417441920806,"calcite_flush_4_nondim","TEsd2",529
