"","curr_inflow_rate","curr_diffusion_coef","curr_porosity","curr_gypsum_rate_constant","curr_calcite_rate_constant","curr_gypsum_surface_area","curr_calcite_surface_area","dfn_volume","output_var","sobol_type","boot_num"
"1",0.0230384998794713,-0.00313213547552468,-0.00637117969914297,-0.00160707877700452,-0.0103100493297521,0.00959419311385328,0.000787356088029173,0.0320088164924937,"calcite_flush_5_nondim","FOmean",1478
"2",0.140346536152878,0.003295877052933,0.00441242086982961,0.0411849192738745,0.022738855766396,0.0032925636472913,0.00223692511269164,0.0751299372335292,"calcite_flush_5_nondim","TEmean",1478
"3",0.998497712660371,0.998367541032189,0.998043944186592,0.998389571650932,0.997918032971738,0.997776113711708,0.998538253421098,0.998209096765469,"calcite_flush_5_nondim","FOsd2",1478
"4",0.00131027116135972,0.000464439011973948,0.000704409245143003,0.00103889777489544,0.00122733749272802,0.000535679331212179,0.000376679168703549,0.00142721863529363,"calcite_flush_5_nondim","TEsd2",1478
