"","curr_inflow_rate","curr_diffusion_coef","curr_porosity","curr_gypsum_rate_constant","curr_calcite_rate_constant","curr_gypsum_surface_area","curr_calcite_surface_area","dfn_volume","output_var","sobol_type","boot_num"
"1",0.164345997136065,0.0136869987535141,0.00941598380997026,0.0142570207062999,0.0471827278739597,0.00263892606761305,0.00605123287868065,0.00451985489056786,"calcite_flush_4_nondim","FOmean",997
"2",0.176785451231337,0.00827697467756757,0.00741876161780173,0.0243078879737842,0.0617250896636556,0.00434339343938444,0.019438361928485,0.0121623972990072,"calcite_flush_4_nondim","TEmean",997
"3",-7.22403950313661,-214.414917559669,-1.80585744590629,-11.2566347205314,-1.80956642373047,-5.55377042891408,-6.2226651049103,-15.3107483806333,"calcite_flush_4_nondim","FOsd2",997
"4",11.9572637570339,195.990585237713,11.0651018944635,0.301007218582134,10.9617223993742,5.92951660226365,11.8024823564444,8.17041155145606,"calcite_flush_4_nondim","TEsd2",997
