"","curr_inflow_rate","curr_diffusion_coef","curr_porosity","curr_gypsum_rate_constant","curr_calcite_rate_constant","curr_gypsum_surface_area","curr_calcite_surface_area","dfn_volume","output_var","sobol_type","boot_num"
"1",0.17838962741399,0.00824975663006804,0.000395279482206579,0.00751960492875402,0.042669776197211,-0.00549188836391785,0.00220416050627072,0.002737168619167,"calcite_flush_4_nondim","FOmean",871
"2",0.191556709724569,0.00576005512355822,0.00765436618556523,0.0152347239026694,0.0522801324351174,0.00629419110207195,0.00769960935791336,0.0157829722932625,"calcite_flush_4_nondim","TEmean",871
"3",0.954107678938958,0.969333351744985,0.96971195209232,-3.27588890307047,0.94648485496591,0.878918357021414,0.963091459781075,0.983480078745431,"calcite_flush_4_nondim","FOsd2",871
"4",0.0369643286174862,0.00876226031810208,0.0239700190537201,4.09577967697778,0.0109382351067618,0.0858174702004151,0.00682733706295426,0.0207895958264301,"calcite_flush_4_nondim","TEsd2",871
