"","curr_inflow_rate","curr_diffusion_coef","curr_porosity","curr_gypsum_rate_constant","curr_calcite_rate_constant","curr_gypsum_surface_area","curr_calcite_surface_area","dfn_volume","output_var","sobol_type","boot_num"
"1",0.0140800767232005,0.00663407138235278,0.0170768597424318,0.00916639014390364,-0.00201643100443566,7.92266042572575e-05,0.0046762511360909,0.0088623037419185,"calcite_flush_9_nondim","FOmean",168
"2",0.0161065961246653,0.00420680319900571,0.0357717200828873,0.00758877548278079,0.00523358109148277,0.00377832194958695,0.00311398030065468,0.0175181964524749,"calcite_flush_9_nondim","TEmean",168
"3",0.999969773557605,0.999964765078476,0.999974158708907,0.999974218116026,0.999977446607416,0.999979358844298,0.999966230802787,0.999980665540183,"calcite_flush_9_nondim","FOsd2",168
"4",1.20185950348006e-05,8.95290257499809e-06,1.43948682463363e-05,1.4088631125181e-05,9.14498902855438e-06,7.15183953136136e-06,1.80484474969921e-05,9.22593992650747e-06,"calcite_flush_9_nondim","TEsd2",168
