"","curr_inflow_rate","curr_diffusion_coef","curr_porosity","curr_gypsum_rate_constant","curr_calcite_rate_constant","curr_gypsum_surface_area","curr_calcite_surface_area","dfn_volume","output_var","sobol_type","boot_num"
"1",0.155009125241162,0.000427261789274224,-0.00794375070949369,0.0211696058165322,0.0517892117775595,-0.00167654806475463,0.0198648431630855,0.00666931513544761,"calcite_flush_4_nondim","FOmean",1339
"2",0.17536572203163,0.0119201572842297,0.00736505853711683,0.0446872497773916,0.0583024867839965,0.00230435353103095,0.0252019840403848,0.021874174597092,"calcite_flush_4_nondim","TEmean",1339
"3",-51.0843533274754,-10.6051534859191,-10.8101678501001,-10.8425253285442,-10.6000488853552,-14.9059989753573,-11.7022019778004,-15.638472183717,"calcite_flush_4_nondim","FOsd2",1339
"4",37.9805318917631,2.29239366181032,1.65889534388771,1.75906092194522,0.570608120340954,4.32466503639402,1.77649286255792,4.42297402299675,"calcite_flush_4_nondim","TEsd2",1339
