"","curr_inflow_rate","curr_diffusion_coef","curr_porosity","curr_gypsum_rate_constant","curr_calcite_rate_constant","curr_gypsum_surface_area","curr_calcite_surface_area","dfn_volume","output_var","sobol_type","boot_num"
"1",0.0119688685155028,0.00201720847787938,0.0134541736988961,-0.00272288438212543,0.015123914965688,0.000236342244311324,-0.000492802369197184,0.000178368648640213,"calcite_flush_9_nondim","FOmean",858
"2",0.0176030306951679,0.00309406728561575,0.0210940967501229,0.00646271442833819,0.00589289239354089,0.00243421225925396,0.00219291909860492,0.0135296433509166,"calcite_flush_9_nondim","TEmean",858
"3",0.999928742245134,0.999924914592118,0.999900578667044,0.99992238704611,0.99989449405596,0.999928550539386,0.999928198826371,0.99989591097913,"calcite_flush_9_nondim","FOsd2",858
"4",1.01951973804425e-05,9.31163592544268e-06,2.83178933021478e-05,2.12617226855522e-05,4.53540782492699e-05,5.49905801920085e-06,6.95019590701192e-06,2.9729081914124e-05,"calcite_flush_9_nondim","TEsd2",858
