"","curr_inflow_rate","curr_diffusion_coef","curr_porosity","curr_gypsum_rate_constant","curr_calcite_rate_constant","curr_gypsum_surface_area","curr_calcite_surface_area","dfn_volume","output_var","sobol_type","boot_num"
"1",0.0917730183170014,0.000832833328591895,0.00459810139154797,0.0361001785475461,0.0408428090127541,-0.00171361538132721,0.00709224251916628,0.00491755973285257,"calcite_flush_4_nondim","FOmean",343
"2",0.101068470918789,0.00401536270506433,0.00559214607090838,0.0357587960544752,0.0409995487384409,0.00376774939339867,0.0100772416804612,0.00951349012436498,"calcite_flush_4_nondim","TEmean",343
"3",0.995142886305659,0.989738899802421,0.995349544388494,0.993912359368543,0.99415472331709,0.992573666005409,0.992843564544081,0.994598163118887,"calcite_flush_4_nondim","FOsd2",343
"4",0.00200464563654572,0.00767476819373794,0.00144032738484911,0.0020296098549254,0.00244522047922866,0.00179755266798576,0.00162475407052897,0.00165676174458071,"calcite_flush_4_nondim","TEsd2",343
