"","curr_inflow_rate","curr_diffusion_coef","curr_porosity","curr_gypsum_rate_constant","curr_calcite_rate_constant","curr_gypsum_surface_area","curr_calcite_surface_area","dfn_volume","output_var","sobol_type","boot_num"
"1",0.101168142277929,-0.00038057543983821,0.00196565765246261,0.00576448118890541,0.0210649104778005,-0.00382584311917786,-0.00555258423998611,0.0291614330074745,"calcite_flush_5_nondim","FOmean",1088
"2",0.15225214747753,0.00266420986070012,0.00481130040705891,0.0339888994784249,0.0357877197990358,0.00271136904963292,0.00232873781336818,0.0569284468190165,"calcite_flush_5_nondim","TEmean",1088
"3",0.997339744437886,0.996664197003168,0.995882635353075,0.996065983351497,0.996656568633784,0.996760379719856,0.996599235129956,0.997186408760712,"calcite_flush_5_nondim","FOsd2",1088
"4",0.00262784338944273,0.00171378788568071,0.000193827340174643,0.0033434183629012,0.00225658761810151,0.000803755774366641,0.00143356554745687,0.0028255203787378,"calcite_flush_5_nondim","TEsd2",1088
