"","curr_inflow_rate","curr_diffusion_coef","curr_porosity","curr_gypsum_rate_constant","curr_calcite_rate_constant","curr_gypsum_surface_area","curr_calcite_surface_area","dfn_volume","output_var","sobol_type","boot_num"
"1",0.0209195563893576,0.00580284147318696,0.0192539239535568,0.00360457165829775,0.00200376361723281,0.00372576066104674,0.00397509295013354,0.0288453936690153,"calcite_flush_8_nondim","FOmean",1301
"2",0.0098709582506523,0.00228089236079174,0.0225142017828659,0.0052302241086073,0.00423643722602498,0.00204585288167359,0.00267774609685479,0.00985538511095707,"calcite_flush_8_nondim","TEmean",1301
"3",0.99996957980488,0.999972026833899,0.999973493163745,0.999975571691336,0.999975956164362,0.999967143513543,0.999975895940985,0.99997901456345,"calcite_flush_8_nondim","FOsd2",1301
"4",6.52639741007522e-06,5.52965159883818e-06,7.08172442631705e-06,1.35839733425578e-05,1.34191875471599e-05,7.32191231089714e-06,7.57635536404813e-06,6.93023840710857e-06,"calcite_flush_8_nondim","TEsd2",1301
