"","curr_inflow_rate","curr_diffusion_coef","curr_porosity","curr_gypsum_rate_constant","curr_calcite_rate_constant","curr_gypsum_surface_area","curr_calcite_surface_area","dfn_volume","output_var","sobol_type","boot_num"
"1",0.00941017343128511,0.00653212972485941,0.0159695431787081,0.0130347093598513,-0.00392811543497621,-0.00336888900617905,-0.008258558317397,0.0109347729205674,"calcite_flush_9_nondim","FOmean",174
"2",0.0122750924828946,0.00225817334742539,0.0289409070940805,0.00682726622821259,0.00575262403764109,0.00270445530179737,0.00304409352083868,0.0137430644568219,"calcite_flush_9_nondim","TEmean",174
"3",0.999907012717442,0.999929911559732,0.999939057900983,0.99994079129125,0.999931744018367,0.999939760211705,0.999933386989952,0.999904587037197,"calcite_flush_9_nondim","FOsd2",174
"4",3.5166674908126e-05,1.19876103032048e-05,1.34036252087039e-05,2.35341661793891e-05,1.90543089870148e-05,1.25723934017143e-05,1.91531991926148e-05,2.74737240492158e-05,"calcite_flush_9_nondim","TEsd2",174
