"","curr_inflow_rate","curr_diffusion_coef","curr_porosity","curr_gypsum_rate_constant","curr_calcite_rate_constant","curr_gypsum_surface_area","curr_calcite_surface_area","dfn_volume","output_var","sobol_type","boot_num"
"1",0.0108037070067637,-0.00843894578730134,0.0086690904312852,-0.00416170333476259,0.000526609261642456,0.00646269926093764,0.00335892965143904,0.017379174126933,"calcite_flush_8_nondim","FOmean",53
"2",0.0140841408760932,0.00329469937569369,0.0211170716869812,0.00599080672060504,0.0047643516930066,0.00240902648376926,0.00190138468282542,0.0131430123221822,"calcite_flush_8_nondim","TEmean",53
"3",0.999983858015921,0.999973835811938,0.999977716707539,0.999982601929621,0.99998428122818,0.999977803763319,0.99998369511682,0.999980904638666,"calcite_flush_8_nondim","FOsd2",53
"4",4.99358710761963e-06,1.22732375170668e-05,9.60742328049544e-06,7.10858292470908e-06,5.68853274371719e-06,6.38264188152192e-06,3.3127729417869e-06,8.27317009419407e-06,"calcite_flush_8_nondim","TEsd2",53
