"","curr_inflow_rate","curr_diffusion_coef","curr_porosity","curr_gypsum_rate_constant","curr_calcite_rate_constant","curr_gypsum_surface_area","curr_calcite_surface_area","dfn_volume","output_var","sobol_type","boot_num"
"1",0.0108551397283596,-0.0173971583065922,-0.00295196884491576,-0.0133954454026928,0.00485432246277602,0.00478652903924765,0.0013498545966454,-0.0210248182203044,"calcite_flush_6_nondim","FOmean",459
"2",0.0426315701445335,0.00412856586354347,0.00362271311949026,0.00950626519792674,0.0176653651387546,0.00397474810442656,0.00511368825949385,0.0248869751455499,"calcite_flush_6_nondim","TEmean",459
"3",0.998645248120078,0.998780912672778,0.998523268303531,0.998848994240622,0.998863423024521,0.998740584915029,0.998918765757017,0.998834091918347,"calcite_flush_6_nondim","FOsd2",459
"4",0.000769641375943661,0.000170328374349894,0.000365399523755748,0.000286565019607545,0.000217864826201683,0.000267949409537184,0.000182101788368573,0.000503332769657489,"calcite_flush_6_nondim","TEsd2",459
