"","curr_inflow_rate","curr_diffusion_coef","curr_porosity","curr_gypsum_rate_constant","curr_calcite_rate_constant","curr_gypsum_surface_area","curr_calcite_surface_area","dfn_volume","output_var","sobol_type","boot_num"
"1",-0.000453360935628417,0.000666568353004922,0.0170813111710684,0.00783974133231889,0.00728488584392468,0.00484070194948219,0.00460002395097555,0.00456871687936081,"calcite_flush_8_nondim","FOmean",773
"2",0.0120830880368009,0.00260907285076938,0.0310778650584274,0.00772350396029795,0.00505292165542787,0.00247772985866341,0.00436907112389598,0.011697431419608,"calcite_flush_8_nondim","TEmean",773
"3",0.999968716332569,0.999974800636204,0.99997633578692,0.999968423799118,0.999982581435406,0.999979123114512,0.999981027670646,0.999978128754454,"calcite_flush_8_nondim","FOsd2",773
"4",9.68203744781016e-06,5.66978348089679e-06,7.95332458008737e-06,2.82083399227656e-05,7.69728511813093e-06,7.44534564707429e-06,6.190741263365e-06,4.3652201096476e-06,"calcite_flush_8_nondim","TEsd2",773
