"","curr_inflow_rate","curr_diffusion_coef","curr_porosity","curr_gypsum_rate_constant","curr_calcite_rate_constant","curr_gypsum_surface_area","curr_calcite_surface_area","dfn_volume","output_var","sobol_type","boot_num"
"1",0.257774154467602,-0.00489656421354104,0.0105535540857295,0.0397906934034769,0.0635293511840606,-0.00301289105987777,-0.000350917081262336,0.009882819655891,"calcite_flush_4_nondim","FOmean",643
"2",0.251593421303522,0.0111918718534238,0.0103204080127741,0.0393333606472842,0.0765037543907906,0.00525956833465351,0.0151181083554739,0.0134090677267271,"calcite_flush_4_nondim","TEmean",643
"3",-181.743741177817,-156.644988111301,-949.17012842224,-54.0837027906733,-43.1519461247182,-526.391437872774,-180.682020302266,-518.890898850852,"calcite_flush_4_nondim","FOsd2",643
"4",194.283654876042,211.009413368199,73.9824045910916,394.563593951121,403.754223966476,17.0617677431534,361.978749235682,173.418183207302,"calcite_flush_4_nondim","TEsd2",643
