"","curr_inflow_rate","curr_diffusion_coef","curr_porosity","curr_gypsum_rate_constant","curr_calcite_rate_constant","curr_gypsum_surface_area","curr_calcite_surface_area","dfn_volume","output_var","sobol_type","boot_num"
"1",0.00286830553510193,-0.00140178542636685,0.0267685154036318,0.00243391227169877,-0.00133767667518303,0.0134566916500608,-0.00433005520154027,0.00501613634715761,"calcite_flush_7_nondim","FOmean",1678
"2",0.013050770023272,0.00227778668494162,0.0243198461029287,0.00868620881458591,0.00313766021026508,0.00374821781048351,0.00355392181563468,0.0120185114396171,"calcite_flush_7_nondim","TEmean",1678
"3",0.999979287850459,0.999972135010086,0.999975657100504,0.99997977786923,0.999976578414572,0.999973276029716,0.999970583389039,0.999976877792664,"calcite_flush_7_nondim","FOsd2",1678
"4",6.48544193044109e-06,8.13712878673435e-06,9.22625495689145e-06,9.27330644965021e-06,7.96651565337774e-06,7.61911238862279e-06,1.06608740020052e-05,8.88715899563858e-06,"calcite_flush_7_nondim","TEsd2",1678
