"","curr_inflow_rate","curr_diffusion_coef","curr_porosity","curr_gypsum_rate_constant","curr_calcite_rate_constant","curr_gypsum_surface_area","curr_calcite_surface_area","dfn_volume","output_var","sobol_type","boot_num"
"1",0.0254204552414249,0.00896839331868508,-0.0095201967012698,0.0142209574219299,0.0299582179637033,-0.0111177654414314,-0.000663491829425229,0.0066616663853711,"calcite_flush_5_nondim","FOmean",200
"2",0.084287072105873,0.00280977362979219,0.00490168568013563,0.018711381472815,0.0208857022921118,0.00521199491423254,0.00454255333381079,0.0384694065670812,"calcite_flush_5_nondim","TEmean",200
"3",0.999313649421677,0.999157803470095,0.998953909928367,0.99917963601355,0.999162330672177,0.999061967294123,0.999085471989323,0.99931746261293,"calcite_flush_5_nondim","FOsd2",200
"4",0.000499777512453911,0.000213566234351381,0.000211703137185304,0.000489166798257605,0.00035887075224906,0.000342084875982899,0.000211518466018584,0.000557830057535117,"calcite_flush_5_nondim","TEsd2",200
