"","curr_inflow_rate","curr_diffusion_coef","curr_porosity","curr_gypsum_rate_constant","curr_calcite_rate_constant","curr_gypsum_surface_area","curr_calcite_surface_area","dfn_volume","output_var","sobol_type","boot_num"
"1",0.0866223798096293,0.0138701771091695,0.00374388766012568,0.0205697508031284,0.00668905131164882,0.00980481325784935,7.73426292426442e-05,0.0118358508364415,"calcite_flush_5_nondim","FOmean",38
"2",0.106300798243258,0.0055356137473522,0.00406057862436475,0.0399838469403894,0.0167245429130934,0.00314492259866056,0.00758477214879068,0.0303182898470882,"calcite_flush_5_nondim","TEmean",38
"3",0.996724403489731,0.996498032223572,0.996393965779671,0.995653291531654,0.996519915603497,0.995486112873198,0.996255901732667,0.996723453448991,"calcite_flush_5_nondim","FOsd2",38
"4",0.00313022319299458,0.00169941723685944,0.000805550980927604,0.00317430613211174,0.00284654286636584,0.00148144382572164,0.0018875598862761,0.00279564045441634,"calcite_flush_5_nondim","TEsd2",38
