"","curr_inflow_rate","curr_diffusion_coef","curr_porosity","curr_gypsum_rate_constant","curr_calcite_rate_constant","curr_gypsum_surface_area","curr_calcite_surface_area","dfn_volume","output_var","sobol_type","boot_num"
"1",-0.0145709089090555,-0.00366583401735675,-0.00224497625516071,-0.0360011299739732,-0.00197712733068577,-0.00175581206037284,0.00788680397427378,-0.0123674749981094,"calcite_flush_5_nondim","FOmean",764
"2",0.110826393786636,0.00315613410551084,0.00353343167352709,0.0204285274302452,0.0378429689446573,0.00218722100729873,0.00648225306987376,0.0683109246667211,"calcite_flush_5_nondim","TEmean",764
"3",0.998173592153922,0.998166635431517,0.998189805291077,0.998355399895702,0.998119309144643,0.998493127990578,0.99833903077375,0.997586778550261,"calcite_flush_5_nondim","FOsd2",764
"4",0.0011946853511999,0.000445324776058507,0.000369260292226239,0.000753564302109857,0.000947845582220029,0.00023150760899883,0.00047033621120318,0.00176853744174658,"calcite_flush_5_nondim","TEsd2",764
