"","curr_inflow_rate","curr_diffusion_coef","curr_porosity","curr_gypsum_rate_constant","curr_calcite_rate_constant","curr_gypsum_surface_area","curr_calcite_surface_area","dfn_volume","output_var","sobol_type","boot_num"
"1",0.113597895659005,0.00124478057705855,-0.00169837527822865,0.0180048460234266,0.0498503243737648,-0.00720029052136433,0.00982844339970759,-0.0168082028066528,"calcite_flush_4_nondim","FOmean",799
"2",0.142035587616453,0.00548215021685801,0.00811552542055232,0.031823597096104,0.0579329956209707,0.00672938346303628,0.0160770328965909,0.0155103875716329,"calcite_flush_4_nondim","TEmean",799
"3",0.837901012211493,0.856878749652096,0.862426561435195,0.731254058477644,0.832645442346082,0.858978139767194,0.880288371849429,0.806080408727952,"calcite_flush_4_nondim","FOsd2",799
"4",0.0448876547208861,0.017222166719495,0.0108927506020972,0.149110777704437,0.0597083224235613,0.0255699492851653,0.0379671108740919,0.0516219924746229,"calcite_flush_4_nondim","TEsd2",799
