"","curr_inflow_rate","curr_diffusion_coef","curr_porosity","curr_gypsum_rate_constant","curr_calcite_rate_constant","curr_gypsum_surface_area","curr_calcite_surface_area","dfn_volume","output_var","sobol_type","boot_num"
"1",0.0175522522368853,-0.00624946608785273,0.030248615272338,0.00603636452519981,0.00291846738347163,0.00412327632689834,0.00850101248066545,0.00973414177348941,"calcite_flush_7_nondim","FOmean",1720
"2",0.0160088919361685,0.00223544554327472,0.027922110518857,0.00617540477632628,0.00395881501475886,0.00305139693096343,0.00380921039810011,0.0174904080220385,"calcite_flush_7_nondim","TEmean",1720
"3",0.999842018598371,0.999899726446352,0.999904596399267,0.999914732563898,0.999913979050001,0.999918118736366,0.999916831650154,0.999911765858734,"calcite_flush_7_nondim","FOsd2",1720
"4",5.31743128211259e-05,1.52128847415731e-05,1.22608801177365e-05,1.67283573534285e-05,1.34187069321803e-05,1.31095970817308e-05,1.40228715445621e-05,1.98072846044639e-05,"calcite_flush_7_nondim","TEsd2",1720
