"","curr_inflow_rate","curr_diffusion_coef","curr_porosity","curr_gypsum_rate_constant","curr_calcite_rate_constant","curr_gypsum_surface_area","curr_calcite_surface_area","dfn_volume","output_var","sobol_type","boot_num"
"1",0.0789245360174426,0.00418601470768223,0.000592805115936709,0.0150544880194513,0.03376040494118,-0.000983685344160047,-0.000471362828067643,0.00904719226979934,"calcite_flush_4_nondim","FOmean",1507
"2",0.0958482109676614,0.00532262077841846,0.00494851217431875,0.0185598593436395,0.0331962931970961,0.00301577793673668,0.00665964276833771,0.0162611227867691,"calcite_flush_4_nondim","TEmean",1507
"3",0.935085255316514,0.979742129956452,-0.0904292840877234,0.988680585872302,0.962286446664251,0.977282440781305,0.980289875102885,0.978831809622881,"calcite_flush_4_nondim","FOsd2",1507
"4",0.0398890761923741,0.00423462472751391,1.09301013030163,0.0152984726345015,0.0358428823290558,0.017309144110741,0.00881258474892891,0.00604041330648171,"calcite_flush_4_nondim","TEsd2",1507
