"","curr_inflow_rate","curr_diffusion_coef","curr_porosity","curr_gypsum_rate_constant","curr_calcite_rate_constant","curr_gypsum_surface_area","curr_calcite_surface_area","dfn_volume","output_var","sobol_type","boot_num"
"1",0.00675775093563276,0.00486469195623563,0.0165184482637333,0.0132896688183458,-0.00047778093081669,0.00378261259627643,0.01207255161503,0.0023026664126497,"calcite_flush_7_nondim","FOmean",640
"2",0.0141424201299383,0.00221744604966207,0.017867732783139,0.0066864416600313,0.00529841698718882,0.00319654642348517,0.0048957898749861,0.0162679543744568,"calcite_flush_7_nondim","TEmean",640
"3",0.999974207278115,0.999970663105162,0.999959781450954,0.999976078014044,0.999978307174424,0.999978625512429,0.99998059522861,0.999964220315284,"calcite_flush_7_nondim","FOsd2",640
"4",4.45704151280207e-06,6.93445038892464e-06,1.54683492235111e-05,1.49412179691353e-05,8.07833177146708e-06,3.44958636120417e-06,1.10454475126274e-05,1.77880408955091e-05,"calcite_flush_7_nondim","TEsd2",640
