"","curr_inflow_rate","curr_diffusion_coef","curr_porosity","curr_gypsum_rate_constant","curr_calcite_rate_constant","curr_gypsum_surface_area","curr_calcite_surface_area","dfn_volume","output_var","sobol_type","boot_num"
"1",-0.0064928549376199,0.00190663948741637,0.0308533680027023,0.0067018340528885,0.00369209963399014,-0.00157280300464017,0.000858445511181078,0.00552561043323616,"calcite_flush_7_nondim","FOmean",178
"2",0.0147971205698362,0.00274089174243311,0.0280199977724518,0.00610595702303084,0.00706079773957034,0.00276169652533811,0.00391331505770463,0.0182096708238724,"calcite_flush_7_nondim","TEmean",178
"3",0.999956958013518,0.99995838965237,0.999945980123906,0.999936364700857,0.999952648845088,0.999950875368627,0.999931281501483,0.999927398841119,"calcite_flush_7_nondim","FOsd2",178
"4",1.90450550313958e-05,1.36569019882417e-05,2.32646160939956e-05,3.71333514385302e-05,2.24163151286011e-05,9.63605480396252e-06,4.14204167289948e-05,5.36218725927527e-05,"calcite_flush_7_nondim","TEsd2",178
