"","curr_inflow_rate","curr_diffusion_coef","curr_porosity","curr_gypsum_rate_constant","curr_calcite_rate_constant","curr_gypsum_surface_area","curr_calcite_surface_area","dfn_volume","output_var","sobol_type","boot_num"
"1",-0.00741998754752263,0.00042530062559199,0.00917426355109531,0.0118890077944478,-0.00198221353878025,-0.00529239961754107,-0.0103116757863753,0.00753773680197163,"calcite_flush_9_nondim","FOmean",1458
"2",0.0125016277516194,0.00195760280662125,0.0274096936245336,0.00829400220978543,0.00412946596073585,0.00314306489395858,0.0030874803652516,0.014002178985527,"calcite_flush_9_nondim","TEmean",1458
"3",0.999969830647949,0.999946586727692,0.999965082757471,0.999965007313909,0.99997416830324,0.999967647550724,0.999964351526989,0.999958617453531,"calcite_flush_9_nondim","FOsd2",1458
"4",8.83186569163646e-06,2.12295045553412e-05,6.33425660393275e-06,1.61722928813337e-05,6.73923381353005e-06,3.96878881315474e-06,1.19323924597521e-05,1.98338412546364e-05,"calcite_flush_9_nondim","TEsd2",1458
