"","curr_inflow_rate","curr_diffusion_coef","curr_porosity","curr_gypsum_rate_constant","curr_calcite_rate_constant","curr_gypsum_surface_area","curr_calcite_surface_area","dfn_volume","output_var","sobol_type","boot_num"
"1",0.145534685090284,0.00271984072676615,-0.00030308595262275,0.0280554197638439,0.0347344240771291,0.00390324885513677,0.00757924727073226,-0.00300401900269525,"calcite_flush_4_nondim","FOmean",433
"2",0.156007734525635,0.00554193751561774,0.00557566133557452,0.021824761711725,0.046765725897735,0.00419636040413841,0.0143479809302853,0.0116767077080984,"calcite_flush_4_nondim","TEmean",433
"3",0.975609698779623,-0.615675118719822,0.962165175206469,0.960924881426349,0.976013754774623,0.960410580918824,0.947287215336657,0.831686964612697,"calcite_flush_4_nondim","FOsd2",433
"4",0.0111423696028679,1.48236034939557,0.0162961487307988,0.0243088195602602,0.00972110138647171,0.0172721301703603,0.0324997244464801,0.188303258799673,"calcite_flush_4_nondim","TEsd2",433
