"","curr_inflow_rate","curr_diffusion_coef","curr_porosity","curr_gypsum_rate_constant","curr_calcite_rate_constant","curr_gypsum_surface_area","curr_calcite_surface_area","dfn_volume","output_var","sobol_type","boot_num"
"1",0.0308458425970686,-0.0011467567273337,-0.00572212406192166,0.00237115810029003,-0.0311302057582142,-0.00511396623511852,0.00653863699505618,-0.0222173319704327,"calcite_flush_5_nondim","FOmean",506
"2",0.0851311658706683,0.00402034754570737,0.00412309392891861,0.0350195807710693,0.0258611762745409,0.00546467141359803,0.00396331097321059,0.0434321726856002,"calcite_flush_5_nondim","TEmean",506
"3",0.998838025698564,0.998622525651653,0.998689636267943,0.99859402438091,0.998879096504871,0.998319427626864,0.998671852142045,0.998843394221551,"calcite_flush_5_nondim","FOsd2",506
"4",0.00118266793907591,0.000441095475670487,0.000397805728496483,0.00065803397367903,0.000710543788192061,0.000435883296324806,0.000279692847171939,0.000974523821244771,"calcite_flush_5_nondim","TEsd2",506
