"","curr_inflow_rate","curr_diffusion_coef","curr_porosity","curr_gypsum_rate_constant","curr_calcite_rate_constant","curr_gypsum_surface_area","curr_calcite_surface_area","dfn_volume","output_var","sobol_type","boot_num"
"1",0.0517158561494415,0.00126188412389812,-0.00480010401772792,0.0279203504651568,0.0197365141538209,0.00189763558736664,-0.00353282876677737,0.0106256767415456,"calcite_flush_5_nondim","FOmean",140
"2",0.0927161248587325,0.00250265175463847,0.00351737861904795,0.0366763194996953,0.0167761842237722,0.00228887699443725,0.00346528884058738,0.0389734787144323,"calcite_flush_5_nondim","TEmean",140
"3",0.996268992893427,0.996982087112141,0.997021736221939,0.996507991686638,0.996878345434773,0.996798199788423,0.996336338636855,0.997354273416806,"calcite_flush_5_nondim","FOsd2",140
"4",0.00205073792334828,0.000498202677654747,0.000570797938946859,0.00166501756093033,0.00129958193830829,0.00017513141414301,0.000732669786802384,0.00177285205884471,"calcite_flush_5_nondim","TEsd2",140
