"","curr_inflow_rate","curr_diffusion_coef","curr_porosity","curr_gypsum_rate_constant","curr_calcite_rate_constant","curr_gypsum_surface_area","curr_calcite_surface_area","dfn_volume","output_var","sobol_type","boot_num"
"1",0.00717394837533722,0.0032942521365668,0.0168784996697719,0.00113115954654549,-0.00192698060845097,-0.00318882016227476,-0.00466916925044205,-0.00552954417033905,"calcite_flush_8_nondim","FOmean",611
"2",0.0119154340968403,0.00196030334649639,0.0192842892020667,0.00706514734865089,0.00342342853320738,0.00312315112458005,0.00340720794837874,0.0100216202608176,"calcite_flush_8_nondim","TEmean",611
"3",0.999984398775436,0.999985335079699,0.999986559308911,0.99997570639177,0.999986090992417,0.999980213842454,0.999982217917385,0.999986814523378,"calcite_flush_8_nondim","FOsd2",611
"4",6.52947226127387e-06,3.92446368868813e-06,5.68102269832914e-06,1.89127454599342e-05,7.35455454590264e-06,7.9873638357858e-06,5.3456985222199e-06,4.60730931017575e-06,"calcite_flush_8_nondim","TEsd2",611
