"","curr_inflow_rate","curr_diffusion_coef","curr_porosity","curr_gypsum_rate_constant","curr_calcite_rate_constant","curr_gypsum_surface_area","curr_calcite_surface_area","dfn_volume","output_var","sobol_type","boot_num"
"1",0.0269871696822566,-0.00714029288053574,0.0214370226385448,0.0142483613682211,0.0115246538110239,-0.0136817472959248,0.00182956913231975,0.010400037334174,"calcite_flush_9_nondim","FOmean",1134
"2",0.0110671359153384,0.00172532031055164,0.0382653712759131,0.00558178700930637,0.00490546817124115,0.00215047732548752,0.00280906524265557,0.0175114186067343,"calcite_flush_9_nondim","TEmean",1134
"3",0.999945318349847,0.999963821366296,0.999967182580521,0.999968694546857,0.999956857533294,0.999965283783123,0.999963337847677,0.999952653867707,"calcite_flush_9_nondim","FOsd2",1134
"4",1.46573258247668e-05,1.08544419274063e-05,1.33395150527812e-05,2.2241718847304e-05,9.48305565752211e-06,6.35481293130743e-06,5.06493322929356e-06,1.47480038345324e-05,"calcite_flush_9_nondim","TEsd2",1134
