"","curr_inflow_rate","curr_diffusion_coef","curr_porosity","curr_gypsum_rate_constant","curr_calcite_rate_constant","curr_gypsum_surface_area","curr_calcite_surface_area","dfn_volume","output_var","sobol_type","boot_num"
"1",0.104403758274387,0.000941953975756775,-0.00271575934118536,0.0105430579983834,0.0430864832350293,0.00481134611981722,0.0086230013156047,0.010045811216392,"calcite_flush_4_nondim","FOmean",1777
"2",0.135201542232916,0.00801771317207619,0.00644658631928921,0.0242359195977997,0.0494210329930341,0.00457536511555097,0.0130365868692503,0.0139563253715239,"calcite_flush_4_nondim","TEmean",1777
"3",0.493502851261161,0.780933963649422,0.918032120801639,0.941293148801685,0.911055009363384,0.954611230950485,0.769716469417497,-0.915576642078205,"calcite_flush_4_nondim","FOsd2",1777
"4",0.0876048647446334,0.389414630659546,0.262633526309004,0.188786422291126,0.327776590846749,0.293550193116104,0.0586069780496355,0.79287952990611,"calcite_flush_4_nondim","TEsd2",1777
