"","curr_inflow_rate","curr_diffusion_coef","curr_porosity","curr_gypsum_rate_constant","curr_calcite_rate_constant","curr_gypsum_surface_area","curr_calcite_surface_area","dfn_volume","output_var","sobol_type","boot_num"
"1",0.113261183982965,0.0015334245292695,0.000646185359068482,0.00914856783421509,0.0220405427906621,0.00118584574316764,-0.00030416139895573,0.0295442093363385,"calcite_flush_5_nondim","FOmean",482
"2",0.140828098131084,0.00240489642720978,0.00472871670680182,0.0293075727601846,0.0524343664956448,0.00290410741110332,0.00264741806948162,0.0823159678581716,"calcite_flush_5_nondim","TEmean",482
"3",0.996782446787568,0.995197540608876,0.995972999012843,0.995731731260664,0.995914945810446,0.995760873337062,0.995959991498594,0.996531924069594,"calcite_flush_5_nondim","FOsd2",482
"4",0.00287965229860332,0.00080128986312958,0.000711287274429989,0.00223028868732657,0.00224986632181242,0.000567000990221742,0.000854700430085337,0.00202885685037533,"calcite_flush_5_nondim","TEsd2",482
