"","curr_inflow_rate","curr_diffusion_coef","curr_porosity","curr_gypsum_rate_constant","curr_calcite_rate_constant","curr_gypsum_surface_area","curr_calcite_surface_area","dfn_volume","output_var","sobol_type","boot_num"
"1",0.00484369454753224,0.00307980159421302,0.02211783904922,0.00308753966685054,-0.00230575786600189,-0.00233971859184027,-0.00147262032853282,0.00810541599832183,"calcite_flush_9_nondim","FOmean",810
"2",0.0131108827993462,0.00277769533868833,0.02517644549693,0.00784374405893011,0.00520107098751232,0.0032918569343015,0.00300895646978707,0.0136447202455012,"calcite_flush_9_nondim","TEmean",810
"3",0.999967977878562,0.999886941868268,0.999718012226969,0.999973244281643,0.999736658505759,0.999973287706826,0.999894630803479,0.999942272840027,"calcite_flush_9_nondim","FOsd2",810
"4",6.70060730669558e-05,1.2219989049974e-05,4.15461705470816e-05,0.000102072813849207,0.000332501561129943,0.000101826557570275,7.25040639621429e-06,0.000122985951269843,"calcite_flush_9_nondim","TEsd2",810
