"","curr_inflow_rate","curr_diffusion_coef","curr_porosity","curr_gypsum_rate_constant","curr_calcite_rate_constant","curr_gypsum_surface_area","curr_calcite_surface_area","dfn_volume","output_var","sobol_type","boot_num"
"1",0.128732809699629,-0.00220782899487094,0.00846420998055487,0.0186590379275083,0.0363431084066904,0.00559488297314117,0.00447172340878956,-0.00386276917359116,"calcite_flush_4_nondim","FOmean",1033
"2",0.155736293066515,0.0077896981073595,0.00607078855137591,0.0250553465973322,0.0537403804955426,0.00601436886060951,0.0138371504590657,0.00958094558626644,"calcite_flush_4_nondim","TEmean",1033
"3",-0.894317315275804,0.160227895720446,-2.96021235840964,0.298347186908305,-0.621274379620035,0.259642624272056,-0.143851783730302,0.171340777901426,"calcite_flush_4_nondim","FOsd2",1033
"4",1.14251163212698,3.11246607722133,0.470047726506334,3.86937217711042,1.69494778270085,3.67743806499024,3.07262749678433,3.31052157518246,"calcite_flush_4_nondim","TEsd2",1033
