"","curr_inflow_rate","curr_diffusion_coef","curr_porosity","curr_gypsum_rate_constant","curr_calcite_rate_constant","curr_gypsum_surface_area","curr_calcite_surface_area","dfn_volume","output_var","sobol_type","boot_num"
"1",0.0099233498530892,0.00298009482279793,0.0116933976449645,0.00287664295910056,-0.00216327864330603,-0.0104460959572062,-0.00196422550237962,0.0103200515459887,"calcite_flush_8_nondim","FOmean",1235
"2",0.0112443305499903,0.00208157491815334,0.0245588937254925,0.00849171242743733,0.00521161748601434,0.0032399906493975,0.00449074148898032,0.0164770428003955,"calcite_flush_8_nondim","TEmean",1235
"3",0.999974149643231,0.999978322672151,0.99998317584871,0.999984707781416,0.999983653852675,0.999985669287075,0.999976642357771,0.999950964840781,"calcite_flush_8_nondim","FOsd2",1235
"4",1.47998318145984e-05,9.36638388566509e-06,6.01032462360013e-06,7.21334636334185e-06,7.78267686528876e-06,4.65926117607947e-06,1.06047903352897e-05,3.91083380969725e-05,"calcite_flush_8_nondim","TEsd2",1235
