"","curr_inflow_rate","curr_diffusion_coef","curr_porosity","curr_gypsum_rate_constant","curr_calcite_rate_constant","curr_gypsum_surface_area","curr_calcite_surface_area","dfn_volume","output_var","sobol_type","boot_num"
"1",0.0560307487337616,-0.00829628089840764,0.00968333606017528,0.0133364927800888,0.00448631622068956,0.0023536014403126,0.0183941430647999,0.00141891229896417,"calcite_flush_5_nondim","FOmean",812
"2",0.1004877854725,0.00331740358789984,0.00387972561812894,0.0430282311670935,0.0161871867166458,0.0039546405014431,0.00267854196109573,0.0576901698653283,"calcite_flush_5_nondim","TEmean",812
"3",0.998476914358963,0.998443666576952,0.998436191530529,0.998320010103677,0.998254516381559,0.998658207919339,0.998212880770824,0.998587308002931,"calcite_flush_5_nondim","FOsd2",812
"4",0.000977107603423378,0.000332605027293288,0.000276206610747916,0.000853223024544877,0.000867227671289337,0.000257438666587732,0.000471951519389919,0.000840922521267304,"calcite_flush_5_nondim","TEsd2",812
