"","curr_inflow_rate","curr_diffusion_coef","curr_porosity","curr_gypsum_rate_constant","curr_calcite_rate_constant","curr_gypsum_surface_area","curr_calcite_surface_area","dfn_volume","output_var","sobol_type","boot_num"
"1",-0.00549945337268018,0.000392042266279412,0.0267702666509754,0.00626280675460521,0.00845669330932077,-0.00504579011613282,-0.00316200261590817,-0.00890782248861502,"calcite_flush_9_nondim","FOmean",1410
"2",0.00997178346315434,0.00165299940207094,0.0268778719423736,0.00730967548372057,0.00413957564621164,0.00306209724360182,0.00436699952663158,0.0159552913580191,"calcite_flush_9_nondim","TEmean",1410
"3",0.999975485546132,0.999980547941234,0.999685891590723,0.999973881152137,0.999979189649537,0.999981174596993,0.999978539148373,0.999975361521052,"calcite_flush_9_nondim","FOsd2",1410
"4",6.8755312064363e-06,6.97170945643852e-06,0.00022893670124714,7.48074573403407e-06,1.70159839883244e-05,1.03212966688869e-05,1.1788315530068e-05,1.90131438648435e-05,"calcite_flush_9_nondim","TEsd2",1410
