"","curr_inflow_rate","curr_diffusion_coef","curr_porosity","curr_gypsum_rate_constant","curr_calcite_rate_constant","curr_gypsum_surface_area","curr_calcite_surface_area","dfn_volume","output_var","sobol_type","boot_num"
"1",-0.00282164139535996,0.0120167457063874,-0.00632458449139957,0.00646898438089849,0.010312268175435,-0.00325231420314876,-0.00896848661845096,0.0066748830047395,"calcite_flush_6_nondim","FOmean",1263
"2",0.0272747037081413,0.0045236585459095,0.00428557651789176,0.00901674326236684,0.00937131492209676,0.00280223216912902,0.00290779493454522,0.0141328963454513,"calcite_flush_6_nondim","TEmean",1263
"3",0.999295427378306,0.999076740347587,0.999200382344483,0.999102836731594,0.999317685147116,0.999334107426844,0.999174692683098,0.999452678929926,"calcite_flush_6_nondim","FOsd2",1263
"4",0.000511026597939662,0.000103990336398855,0.000235375321399484,0.000293966923359827,0.000261824780470091,0.000215555303110171,0.000405931072861269,0.000338042622961406,"calcite_flush_6_nondim","TEsd2",1263
