"","curr_inflow_rate","curr_diffusion_coef","curr_porosity","curr_gypsum_rate_constant","curr_calcite_rate_constant","curr_gypsum_surface_area","curr_calcite_surface_area","dfn_volume","output_var","sobol_type","boot_num"
"1",0.0451235279561477,0.00317898514432916,-0.000737946660358906,-0.00313406438196132,0.0132832054110298,-0.0033130190428821,-0.00719603074182201,0.0278131648391999,"calcite_flush_5_nondim","FOmean",440
"2",0.0887278360777083,0.00211247395684749,0.0036603077989691,0.0304370449281849,0.0292095588619471,0.00356884737383828,0.00392316923783345,0.0631191751152242,"calcite_flush_5_nondim","TEmean",440
"3",0.99754172658209,0.997794894873692,0.99791140020784,0.998228403976735,0.9967853085243,0.998316108977206,0.998334715176071,0.998466721151412,"calcite_flush_5_nondim","FOsd2",440
"4",0.0014129354223167,0.000262702917263584,0.000346544749698544,0.00172253136648446,0.00232001579759654,0.000765681128412888,0.000463080767525525,0.00194547169639573,"calcite_flush_5_nondim","TEsd2",440
