"","curr_inflow_rate","curr_diffusion_coef","curr_porosity","curr_gypsum_rate_constant","curr_calcite_rate_constant","curr_gypsum_surface_area","curr_calcite_surface_area","dfn_volume","output_var","sobol_type","boot_num"
"1",0.080477482089899,0.00114333307142464,0.00335366691814122,0.0391624042938439,0.0704141183838417,-0.00199543588879533,0.011901476761462,-0.0026719111580361,"calcite_flush_5_nondim","FOmean",1712
"2",0.139113765833428,0.00349938995024481,0.00560885747192346,0.0270629953831907,0.0455601878261983,0.00215334186639979,0.00313476635403995,0.0531205200218528,"calcite_flush_5_nondim","TEmean",1712
"3",0.997780198185401,0.995717280757077,0.996518241360858,0.996689120351986,0.996776503437933,0.996509020953865,0.997477117966252,0.997098034213116,"calcite_flush_5_nondim","FOsd2",1712
"4",0.0015832127731002,0.000340682437950165,0.000423054105396984,0.000841444685188237,0.00179104701411199,0.000347719156074818,0.00139182900798203,0.00312271767673914,"calcite_flush_5_nondim","TEsd2",1712
