"","curr_inflow_rate","curr_diffusion_coef","curr_porosity","curr_gypsum_rate_constant","curr_calcite_rate_constant","curr_gypsum_surface_area","curr_calcite_surface_area","dfn_volume","output_var","sobol_type","boot_num"
"1",-0.0117614270742776,0.00075931851513135,0.0234461060480495,0.00815613691154444,-0.0063567609574404,-0.00163943786701286,0.000630862993894822,0.000517653846477664,"calcite_flush_8_nondim","FOmean",1163
"2",0.0113881920850429,0.00239453161250072,0.028385176653279,0.00782121606996707,0.00382096692390889,0.00279089028719807,0.00425252554259512,0.0158633462382237,"calcite_flush_8_nondim","TEmean",1163
"3",0.999963470769418,0.99996373647111,0.999970736123573,0.999970042110533,0.999968643766191,0.99996813290367,0.999969567529467,0.999970450666175,"calcite_flush_8_nondim","FOsd2",1163
"4",6.53967153505095e-06,6.5906316496243e-06,4.2095169139663e-06,1.29668219636134e-05,1.05631747668287e-05,8.78004767135954e-06,8.55420223907184e-06,9.89418442771811e-06,"calcite_flush_8_nondim","TEsd2",1163
