"","curr_inflow_rate","curr_diffusion_coef","curr_porosity","curr_gypsum_rate_constant","curr_calcite_rate_constant","curr_gypsum_surface_area","curr_calcite_surface_area","dfn_volume","output_var","sobol_type","boot_num"
"1",0.0206252560257817,0.00492627142077278,0.00410291468424281,0.0268578662249071,-0.00828874752484216,-0.00470931976197614,-0.00584416171689716,0.00234611244865886,"calcite_flush_6_nondim","FOmean",1677
"2",0.0329178701761647,0.00358837444661366,0.00397701894847057,0.00808996232506676,0.007996114380978,0.00370658982652556,0.00449585669356306,0.0199506128667635,"calcite_flush_6_nondim","TEmean",1677
"3",0.999248387037412,0.999024550861076,0.998834342423876,0.999156308285163,0.999162205022276,0.999168749498949,0.999150405380937,0.99911893717802,"calcite_flush_6_nondim","FOsd2",1677
"4",0.000611960720578808,9.46911407897991e-05,0.00018118259695182,0.000218677576831382,0.00020443511935677,0.000206308987340151,0.000210637352196707,0.000266236892917918,"calcite_flush_6_nondim","TEsd2",1677
