"","curr_inflow_rate","curr_diffusion_coef","curr_porosity","curr_gypsum_rate_constant","curr_calcite_rate_constant","curr_gypsum_surface_area","curr_calcite_surface_area","dfn_volume","output_var","sobol_type","boot_num"
"1",0.00431183434364494,0.000355564747409893,0.0498546337766543,-0.00175725958232579,0.0040313614322299,-0.000572223863345882,0.0067348241129092,-0.000838704814648564,"calcite_flush_9_nondim","FOmean",1254
"2",0.0132860073237573,0.00290841986465605,0.0353802340155971,0.0065719464258192,0.00595696309121237,0.00551674952263646,0.00315657573316471,0.0141478347232387,"calcite_flush_9_nondim","TEmean",1254
"3",0.999905800085088,0.999893747491521,0.999911661341151,0.999908178600351,0.999913387975051,0.999904262939577,0.999882884051522,0.999918885001092,"calcite_flush_9_nondim","FOsd2",1254
"4",1.41665285801098e-05,7.63989720917961e-06,2.44501750472527e-05,1.70981488217156e-05,2.4500139635652e-05,2.50746939383871e-05,2.47648528088272e-05,1.65359472379035e-05,"calcite_flush_9_nondim","TEsd2",1254
