"","curr_inflow_rate","curr_diffusion_coef","curr_porosity","curr_gypsum_rate_constant","curr_calcite_rate_constant","curr_gypsum_surface_area","curr_calcite_surface_area","dfn_volume","output_var","sobol_type","boot_num"
"1",0.0314773691124232,0.00866802905785809,0.00453744337521293,0.0127314260039703,0.0120415822829217,-0.00471399729204032,0.0160522411554388,0.0111044391390709,"calcite_flush_6_nondim","FOmean",1503
"2",0.0347463328267399,0.00400573833615251,0.00443189586180467,0.0118826001072718,0.00835613230180705,0.00490913704761978,0.00619661937158165,0.0180807840057825,"calcite_flush_6_nondim","TEmean",1503
"3",0.999072239276636,0.998865268074953,0.998562544527262,0.99859198443904,0.998556619500954,0.99859783179503,0.998579439463994,0.99850316970193,"calcite_flush_6_nondim","FOsd2",1503
"4",0.000741255030141478,0.000194253675790119,0.000170128307534561,0.000341213074101318,0.000302352189639159,0.000275558163896568,0.000173569238547366,0.000553592395311055,"calcite_flush_6_nondim","TEsd2",1503
