"","curr_inflow_rate","curr_diffusion_coef","curr_porosity","curr_gypsum_rate_constant","curr_calcite_rate_constant","curr_gypsum_surface_area","curr_calcite_surface_area","dfn_volume","output_var","sobol_type","boot_num"
"1",0.021785849502267,0.0125327832716126,0.000192566364195318,-0.0091489228888474,-0.0116520772820698,0.00237009312675017,-0.0045959412362545,0.0124176640383328,"calcite_flush_6_nondim","FOmean",165
"2",0.0193934521752917,0.00434044152481796,0.00374121561502202,0.00676793929257302,0.0103163933616827,0.00270661151280464,0.00302148078720686,0.0160683361001391,"calcite_flush_6_nondim","TEmean",165
"3",0.998989215781732,0.998715315972555,0.998615307218419,0.998888255657022,0.998821230788437,0.998666491045986,0.996399119015993,0.998852754463995,"calcite_flush_6_nondim","FOsd2",165
"4",0.000931579763370454,0.000233573341744788,0.000178021068544698,0.000373890482668459,0.000429753801825053,0.000673110488292276,0.000961643793065725,0.000833787593585624,"calcite_flush_6_nondim","TEsd2",165
