"","curr_inflow_rate","curr_diffusion_coef","curr_porosity","curr_gypsum_rate_constant","curr_calcite_rate_constant","curr_gypsum_surface_area","curr_calcite_surface_area","dfn_volume","output_var","sobol_type","boot_num"
"1",0.00712910403695312,-0.000278242979650259,0.0103015691361699,0.000426467494150736,-0.00477024867342822,-0.000317603519429469,0.00266392862474591,0.00577972669940087,"calcite_flush_7_nondim","FOmean",898
"2",0.00937618296198565,0.00264919922289828,0.019788164863404,0.00547950610826458,0.00300515326419928,0.00282847676864289,0.00222051721848319,0.0118191394518394,"calcite_flush_7_nondim","TEmean",898
"3",0.9999487274531,0.999945589949635,0.999936967782055,0.999954135942271,0.99992565670649,0.999922519180588,0.999960286897583,0.999940037220823,"calcite_flush_7_nondim","FOsd2",898
"4",2.03302412593091e-05,5.20425037437228e-06,4.86975061909614e-06,2.72209046079871e-05,9.86012881328113e-06,8.17941837036932e-06,2.12878154972613e-05,2.5691862983492e-05,"calcite_flush_7_nondim","TEsd2",898
