"","curr_inflow_rate","curr_diffusion_coef","curr_porosity","curr_gypsum_rate_constant","curr_calcite_rate_constant","curr_gypsum_surface_area","curr_calcite_surface_area","dfn_volume","output_var","sobol_type","boot_num"
"1",0.00720546770266067,-0.00216725028723024,0.023954082614814,0.00584439544455232,-0.00256271067357305,-0.00154819624917552,0.00374829003914167,0.00958776655528849,"calcite_flush_9_nondim","FOmean",984
"2",0.0147578972363242,0.00283618460469426,0.0285926906722385,0.00631592261945541,0.00547354873985893,0.00284464595263515,0.00291111742107643,0.0120824244559393,"calcite_flush_9_nondim","TEmean",984
"3",0.999986241873636,0.999984487762794,0.999983310874984,0.999979707263117,0.999983604939065,0.999986289857656,0.999973372713997,0.999987516777234,"calcite_flush_9_nondim","FOsd2",984
"4",5.96922586698371e-06,2.88015854848348e-06,6.04508365438218e-06,1.36655550853256e-05,9.53430388081224e-06,7.16706768633917e-06,1.78858518375665e-05,6.30220657413613e-06,"calcite_flush_9_nondim","TEsd2",984
