"","curr_inflow_rate","curr_diffusion_coef","curr_porosity","curr_gypsum_rate_constant","curr_calcite_rate_constant","curr_gypsum_surface_area","curr_calcite_surface_area","dfn_volume","output_var","sobol_type","boot_num"
"1",0.13213925145102,0.000407402397379214,-0.003354549595051,0.0143786577310409,0.0592299563950229,0.00663215639021208,-0.000644100753805725,0.000777928582002959,"calcite_flush_4_nondim","FOmean",1057
"2",0.149381107905362,0.00398504580581309,0.00294025173289311,0.0150448326417742,0.0634708239738811,0.0020913916694707,0.00527318967283762,0.0156287654479333,"calcite_flush_4_nondim","TEmean",1057
"3",-48588.8217562721,-43709.033531558,-43623.0605445337,-44611.2015389412,-43285.2499453052,-43128.2257791744,-48654.0139427622,-43767.1454688941,"calcite_flush_4_nondim","FOsd2",1057
"4",5835.13292884429,127.607262527179,539.078038488989,1061.06524847116,448.67640529703,292.264096511208,4966.4143121901,588.845137597402,"calcite_flush_4_nondim","TEsd2",1057
