"","curr_inflow_rate","curr_diffusion_coef","curr_porosity","curr_gypsum_rate_constant","curr_calcite_rate_constant","curr_gypsum_surface_area","curr_calcite_surface_area","dfn_volume","output_var","sobol_type","boot_num"
"1",0.0187828494510087,-0.00959947554975212,0.0165486401525634,0.00959731015005537,0.00651084518387451,0.0117355537120277,0.00538737104392616,0.00694661008596946,"calcite_flush_7_nondim","FOmean",280
"2",0.0126208400549064,0.00245064956493276,0.0261225690179275,0.00673109683907129,0.00370323719020042,0.0028320181049688,0.00403855624839179,0.013356683464149,"calcite_flush_7_nondim","TEmean",280
"3",0.999931572205907,0.999932881481957,0.999930969432969,0.999915217689357,0.999906164845589,0.999932076184286,0.999932436605869,0.99994207920326,"calcite_flush_7_nondim","FOsd2",280
"4",1.23353838401696e-05,1.0075323026851e-05,1.19779334878316e-05,3.8442523887716e-05,2.91463358278719e-05,1.36283713959183e-05,1.75955999035149e-05,1.17294727862596e-05,"calcite_flush_7_nondim","TEsd2",280
