"","curr_inflow_rate","curr_diffusion_coef","curr_porosity","curr_gypsum_rate_constant","curr_calcite_rate_constant","curr_gypsum_surface_area","curr_calcite_surface_area","dfn_volume","output_var","sobol_type","boot_num"
"1",0.139228219419774,-0.00208722273755975,0.000129403932079705,0.0326174062311667,0.046263429612499,-0.00430602818092248,0.0104096056781121,-0.00260339919712244,"calcite_flush_4_nondim","FOmean",313
"2",0.14508465697362,0.0120235269699414,0.0069829661149977,0.0280583874366104,0.062300012276287,0.00537798636100941,0.0148792202031336,0.0131517954675865,"calcite_flush_4_nondim","TEmean",313
"3",-19.4781497452265,-7.13513051931699,-2.72772466484298,-2.07677977472215,-161.839462999476,-1.71946265972423,-5.81825021345002,-12.5505829897708,"calcite_flush_4_nondim","FOsd2",313
"4",18.4419822112306,4.15366991805728,1.43235543935463,1.65047304869266,144.131471519777,1.44772185937584,2.77943283479251,4.95614807128427,"calcite_flush_4_nondim","TEsd2",313
