"","curr_inflow_rate","curr_diffusion_coef","curr_porosity","curr_gypsum_rate_constant","curr_calcite_rate_constant","curr_gypsum_surface_area","curr_calcite_surface_area","dfn_volume","output_var","sobol_type","boot_num"
"1",-0.00108979281760836,0.00212567514883444,0.0302547385774463,-0.00135979368788463,0.00265539713907395,0.00404182229208731,0.000817950242519013,0.0243261383021765,"calcite_flush_7_nondim","FOmean",1204
"2",0.0135965062875062,0.00182535379684836,0.0282602383125043,0.00684423202783355,0.00387586500626467,0.00279250562684102,0.00373703357419959,0.0125730361485689,"calcite_flush_7_nondim","TEmean",1204
"3",0.999955093639087,0.999937748297815,0.999946885713052,0.999945642241373,0.999937851949161,0.999872249792168,0.999936037671689,0.999925806401081,"calcite_flush_7_nondim","FOsd2",1204
"4",1.56586918393885e-05,1.74029322426534e-05,9.43047226923943e-06,2.45232963659214e-05,2.18336455364989e-05,8.19953170500306e-05,1.86378096519263e-05,2.27193876765656e-05,"calcite_flush_7_nondim","TEsd2",1204
