"","curr_inflow_rate","curr_diffusion_coef","curr_porosity","curr_gypsum_rate_constant","curr_calcite_rate_constant","curr_gypsum_surface_area","curr_calcite_surface_area","dfn_volume","output_var","sobol_type","boot_num"
"1",-0.00761938667620887,0.000627404261870797,0.0349598828538388,-0.00380839700174236,0.0101209511531698,-0.00212964714298466,0.00475807344153047,-0.00855334869910539,"calcite_flush_9_nondim","FOmean",432
"2",0.0104232469442727,0.00258152456516965,0.0377222905067527,0.00661784588305101,0.00481301513198728,0.00271667318830056,0.00270769770126823,0.0127675456573514,"calcite_flush_9_nondim","TEmean",432
"3",0.999951997962977,0.999962952950103,0.999958015501731,0.999966254337536,0.999946936622722,0.999962672943541,0.999957867415811,0.999960730113461,"calcite_flush_9_nondim","FOsd2",432
"4",2.57038195522982e-05,5.79536302285432e-06,1.1749294776936e-05,2.38473982887258e-05,3.02709512152704e-05,3.59943249669249e-06,8.47375519797342e-06,8.93606241404865e-06,"calcite_flush_9_nondim","TEsd2",432
