"","curr_inflow_rate","curr_diffusion_coef","curr_porosity","curr_gypsum_rate_constant","curr_calcite_rate_constant","curr_gypsum_surface_area","curr_calcite_surface_area","dfn_volume","output_var","sobol_type","boot_num"
"1",0.000925532713571053,0.00218898755369517,0.0306419877427099,-0.000716471758579747,0.00910646751542453,-0.00105066815607991,0.0123637125304306,-0.0202528377297146,"calcite_flush_7_nondim","FOmean",124
"2",0.0117165309555215,0.00298128966024122,0.0286079899089102,0.009979942329424,0.0067775084709013,0.00305090734599518,0.00379101676964167,0.0145088644399875,"calcite_flush_7_nondim","TEmean",124
"3",0.999962910102529,0.999952606073665,0.999965731551798,0.999973179204578,0.99995760521657,0.999966819872127,0.999965285736813,0.999962790407906,"calcite_flush_7_nondim","FOsd2",124
"4",2.53175854955263e-05,2.66375601700674e-05,1.94211251572199e-05,2.66942844997775e-05,3.03891588975841e-05,1.05840397978617e-05,9.78873943691142e-06,7.53425143989204e-06,"calcite_flush_7_nondim","TEsd2",124
