"","curr_inflow_rate","curr_diffusion_coef","curr_porosity","curr_gypsum_rate_constant","curr_calcite_rate_constant","curr_gypsum_surface_area","curr_calcite_surface_area","dfn_volume","output_var","sobol_type","boot_num"
"1",0.00615737156119067,0.00129138587485198,0.00883958977970567,-0.0017623627972331,-0.00476189607235397,-0.00355971894718102,-0.00118999245670248,0.0135581303308022,"calcite_flush_7_nondim","FOmean",88
"2",0.0146432340932384,0.00182112157054279,0.0199110250421436,0.00521599141474752,0.0050023228466715,0.00339342499366987,0.00301289798228854,0.0151909362636863,"calcite_flush_7_nondim","TEmean",88
"3",0.999969040368902,0.999970055931134,0.999973790727419,0.999950447050239,0.999962342411818,0.999969252612374,0.999974249012048,0.999972337623013,"calcite_flush_7_nondim","FOsd2",88
"4",8.67055788003095e-06,4.45647261416393e-06,3.79342808094236e-06,3.00532651210268e-05,1.8075228114062e-05,8.38179020950407e-06,5.62376333625119e-06,6.12275643385527e-06,"calcite_flush_7_nondim","TEsd2",88
