"","curr_inflow_rate","curr_diffusion_coef","curr_porosity","curr_gypsum_rate_constant","curr_calcite_rate_constant","curr_gypsum_surface_area","curr_calcite_surface_area","dfn_volume","output_var","sobol_type","boot_num"
"1",0.147526917030437,0.00554102116857762,0.0132560442330597,0.0302424934726407,0.0394565215344584,-0.000386561341030752,0.0108281481178537,0.0159427078588349,"calcite_flush_4_nondim","FOmean",1399
"2",0.169657786266955,0.00453936305207773,0.0162024524762269,0.029387662145428,0.0621063879903336,0.00373008455715883,0.0109716693631801,0.0163954151612851,"calcite_flush_4_nondim","TEmean",1399
"3",0.886469273087966,0.932342109786556,0.931918739388418,0.920563677112685,0.904850964966984,0.93217573143601,0.913015063538431,0.934719402464249,"calcite_flush_4_nondim","FOsd2",1399
"4",0.0534346202400382,0.0130334707230041,0.0155985150369821,0.0290625063101139,0.0260357185728823,0.0113342387430232,0.0197554718307346,0.0117317650398583,"calcite_flush_4_nondim","TEsd2",1399
