"","curr_inflow_rate","curr_diffusion_coef","curr_porosity","curr_gypsum_rate_constant","curr_calcite_rate_constant","curr_gypsum_surface_area","curr_calcite_surface_area","dfn_volume","output_var","sobol_type","boot_num"
"1",0.130443952022978,-0.00110022277768955,-0.000634763790629057,0.0149379669244109,0.0179840134118198,-0.00155031928090892,0.00680884225820458,0.00297818972037955,"calcite_flush_4_nondim","FOmean",1603
"2",0.134071542327443,0.00486139700660945,0.00709609693457087,0.0275153791694959,0.0346289161420871,0.00507702504862047,0.0110895590006129,0.0166737613324883,"calcite_flush_4_nondim","TEmean",1603
"3",-11.1386556311439,-11.1872662926546,-11.1629528894928,-11.1053536001566,-11.2654511637692,-11.1757750131036,-11.1305855140837,-11.1493953369087,"calcite_flush_4_nondim","FOsd2",1603
"4",0.0880287489010543,0.0715731747762636,0.108585554930945,0.0797710347071511,0.111474881035078,0.132896055544671,0.086925748151395,0.0701603363921472,"calcite_flush_4_nondim","TEsd2",1603
