"","curr_inflow_rate","curr_diffusion_coef","curr_porosity","curr_gypsum_rate_constant","curr_calcite_rate_constant","curr_gypsum_surface_area","curr_calcite_surface_area","dfn_volume","output_var","sobol_type","boot_num"
"1",-0.00123826974753227,-0.00839709080820981,0.0274840352027263,0.00199132332944438,0.00216837370959304,0.0128102304935394,-0.00818593039923195,0.0207344617847927,"calcite_flush_9_nondim","FOmean",522
"2",0.0114669155813704,0.0024981979951825,0.0259570851745006,0.0115292695154817,0.00454075747158001,0.00287922818538903,0.00306694416384761,0.0137132841384855,"calcite_flush_9_nondim","TEmean",522
"3",0.999975929605366,0.999978348347786,0.999973821117778,0.999978784082964,0.999974060507235,0.99997762262053,0.999969440491242,0.999966724072045,"calcite_flush_9_nondim","FOsd2",522
"4",8.848996883058e-06,6.99074326269406e-06,6.8199201932039e-06,8.7862742741924e-06,1.18581515545496e-05,6.19714730589913e-06,7.3387798198753e-06,1.12469814558645e-05,"calcite_flush_9_nondim","TEsd2",522
