"","curr_inflow_rate","curr_diffusion_coef","curr_porosity","curr_gypsum_rate_constant","curr_calcite_rate_constant","curr_gypsum_surface_area","curr_calcite_surface_area","dfn_volume","output_var","sobol_type","boot_num"
"1",0.0259652559505039,0.00819417254850605,0.00433015497297227,0.0226663146264751,0.000628693460432054,0.000621035377379866,-0.00237838368461673,-0.0265959461916052,"calcite_flush_5_nondim","FOmean",1502
"2",0.157900000387231,0.00134550891267158,0.00210115458759164,0.052123605560157,0.0169892584345575,0.00144684656544203,0.00657611418509178,0.0819487707753473,"calcite_flush_5_nondim","TEmean",1502
"3",0.997733302029864,0.998020218449612,0.997619742321605,0.996812883048647,0.997938179018138,0.99769166572806,0.997943480756385,0.998234816266854,"calcite_flush_5_nondim","FOsd2",1502
"4",0.00122442848489594,0.000215170514633177,0.00016520405815923,0.00220892785286333,0.000677214232931394,0.0006591595649589,0.000651904951688531,0.00130529370747224,"calcite_flush_5_nondim","TEsd2",1502
