"","curr_inflow_rate","curr_diffusion_coef","curr_porosity","curr_gypsum_rate_constant","curr_calcite_rate_constant","curr_gypsum_surface_area","curr_calcite_surface_area","dfn_volume","output_var","sobol_type","boot_num"
"1",0.0616313083937014,-0.00286260899444841,0.00500091100039484,0.0258232460013417,-0.0223716168489912,0.00142359338616552,-0.00352098639579175,0.0340188403257744,"calcite_flush_5_nondim","FOmean",1490
"2",0.0956896835524196,0.0028710967011173,0.00458677438448021,0.0266082658803508,0.0169933483761842,0.00331231925197029,0.00520066351547509,0.0521979146578163,"calcite_flush_5_nondim","TEmean",1490
"3",0.998756266130564,0.997134462162815,0.99644668472628,0.998781544003984,0.998484244704864,0.998614042682755,0.996237696360319,0.998562010481433,"calcite_flush_5_nondim","FOsd2",1490
"4",0.00275978755446147,0.00027019390017356,0.000287682997438117,0.00245034224480182,0.00204786514627284,0.00177866802193977,0.000262370927681669,0.00294550741160833,"calcite_flush_5_nondim","TEsd2",1490
