"","curr_inflow_rate","curr_diffusion_coef","curr_porosity","curr_gypsum_rate_constant","curr_calcite_rate_constant","curr_gypsum_surface_area","curr_calcite_surface_area","dfn_volume","output_var","sobol_type","boot_num"
"1",0.018100190948602,0.00226409592326233,0.0249134965890108,0.00361556472524542,0.00824576564273543,0.0116841220142127,-0.00544487465425606,0.00275438013402597,"calcite_flush_7_nondim","FOmean",1252
"2",0.0140302706045958,0.00303380786090826,0.0229351896108284,0.00641892999586615,0.00424312787417488,0.00409815686453904,0.00392707460843679,0.012508028219598,"calcite_flush_7_nondim","TEmean",1252
"3",0.999964361284948,0.999854007907377,0.999944271013818,0.999957783727362,0.999954467893989,0.999955525445984,0.9999456717356,0.999950545026603,"calcite_flush_7_nondim","FOsd2",1252
"4",9.60832507483724e-06,9.61642961810305e-05,1.1987746868735e-05,1.69783556298387e-05,1.61891412947814e-05,1.14224591961681e-05,2.27652934697387e-05,2.42890145385897e-05,"calcite_flush_7_nondim","TEsd2",1252
