"","curr_inflow_rate","curr_diffusion_coef","curr_porosity","curr_gypsum_rate_constant","curr_calcite_rate_constant","curr_gypsum_surface_area","curr_calcite_surface_area","dfn_volume","output_var","sobol_type","boot_num"
"1",0.00570947005971587,-0.00722649057545038,0.0234378493243155,0.00852573916025889,0.00340584667324066,-0.00565805850296288,-0.00837592089575828,0.0241039090713874,"calcite_flush_7_nondim","FOmean",1234
"2",0.014940327283767,0.00159976378267331,0.0249959340873642,0.00724214495795857,0.00453572995489324,0.00259035023449526,0.00267098243480105,0.0150168280109138,"calcite_flush_7_nondim","TEmean",1234
"3",0.999978737091328,0.999976614971777,0.999978264792134,0.999966767178225,0.999977910984694,0.999967221273202,0.999979481722067,0.99996858347328,"calcite_flush_7_nondim","FOsd2",1234
"4",7.28154205515262e-06,5.24834723129234e-06,8.89751409354384e-06,2.45830705732008e-05,1.43137592738346e-05,1.7073515312853e-05,5.22004083228206e-06,1.48772289149936e-05,"calcite_flush_7_nondim","TEsd2",1234
