"","curr_inflow_rate","curr_diffusion_coef","curr_porosity","curr_gypsum_rate_constant","curr_calcite_rate_constant","curr_gypsum_surface_area","curr_calcite_surface_area","dfn_volume","output_var","sobol_type","boot_num"
"1",0.00320254924130345,-0.00235161570305893,0.0245473201440861,0.00768041981026951,0.00793619785335936,0.00936864005545667,-0.00143915681998019,-0.00436275685789765,"calcite_flush_7_nondim","FOmean",1492
"2",0.0111999328943658,0.00262666366072587,0.0260232366826676,0.00749536512146592,0.00377386420845815,0.00309718710165972,0.00306707674880968,0.0152151895238761,"calcite_flush_7_nondim","TEmean",1492
"3",0.999963286511777,0.999963976807057,0.99996257278412,0.999971152149729,0.999939526513314,0.999959772010075,0.999967369242551,0.999952759044337,"calcite_flush_7_nondim","FOsd2",1492
"4",1.25459017134766e-05,8.81638212205134e-06,6.56918206137147e-06,1.35866639414079e-05,2.2683703258803e-05,8.61191208117069e-06,1.0001092602931e-05,2.53820470753079e-05,"calcite_flush_7_nondim","TEsd2",1492
