"","curr_inflow_rate","curr_diffusion_coef","curr_porosity","curr_gypsum_rate_constant","curr_calcite_rate_constant","curr_gypsum_surface_area","curr_calcite_surface_area","dfn_volume","output_var","sobol_type","boot_num"
"1",0.0129502377047317,-0.00743823636393385,0.0293245983360652,-0.000903169284285878,0.00500358849469835,-0.00130027890453678,-0.00625319588389218,-0.000838362772278873,"calcite_flush_7_nondim","FOmean",1276
"2",0.0118066688801389,0.0033617270403597,0.0285574676058068,0.00566043968325268,0.00536304810508181,0.00273860021208432,0.00317092348065274,0.013483507942628,"calcite_flush_7_nondim","TEmean",1276
"3",0.999964063617944,0.999953367962313,0.999962227609593,0.999960378455823,0.999959448392413,0.999954772872976,0.999952308655403,0.999949982409319,"calcite_flush_7_nondim","FOsd2",1276
"4",1.37235831991266e-05,8.5697997490537e-06,1.19537989839888e-05,1.92873852826529e-05,1.39653038338352e-05,9.51306306758409e-06,9.430342197894e-06,1.27401238853494e-05,"calcite_flush_7_nondim","TEsd2",1276
