"","curr_inflow_rate","curr_diffusion_coef","curr_porosity","curr_gypsum_rate_constant","curr_calcite_rate_constant","curr_gypsum_surface_area","curr_calcite_surface_area","dfn_volume","output_var","sobol_type","boot_num"
"1",0.00857818542285036,0.00394297780492589,0.0158640171641531,-0.00666708190903949,-0.00195024624164947,-0.00699194215527642,-0.00355381133608176,-0.00465125673628603,"calcite_flush_9_nondim","FOmean",732
"2",0.0150181677308229,0.00250957920447159,0.0295722707283874,0.00557806533646042,0.00396002680192051,0.00247989019797321,0.00302747487314394,0.0148459025611636,"calcite_flush_9_nondim","TEmean",732
"3",0.99994286003672,0.999939500398298,0.999938515541649,0.999954654156376,0.999966311826959,0.99994181877414,0.999913369877714,0.99994523861465,"calcite_flush_9_nondim","FOsd2",732
"4",1.29071678903297e-05,2.07333974501668e-05,1.25590245784113e-05,7.41308654761804e-05,5.78292904044526e-05,4.37550285717762e-05,1.70193957791963e-05,1.02648899530604e-05,"calcite_flush_9_nondim","TEsd2",732
