"","curr_inflow_rate","curr_diffusion_coef","curr_porosity","curr_gypsum_rate_constant","curr_calcite_rate_constant","curr_gypsum_surface_area","curr_calcite_surface_area","dfn_volume","output_var","sobol_type","boot_num"
"1",0.0715316258987405,0.00170305559768384,0.00416190803407588,0.0094903287213803,0.0163311087045234,-0.00257938597823745,0.00399160980317305,-0.00226372537647827,"calcite_flush_4_nondim","FOmean",1153
"2",0.0745424578910059,0.00317286456107883,0.00348512124250199,0.0110612697839522,0.0214888658520537,0.00354315711510921,0.00429183645552179,0.00891541991029163,"calcite_flush_4_nondim","TEmean",1153
"3",0.988837209890669,0.991807336876373,0.9911050612248,0.982574180187614,0.984091408785928,0.988114433252148,0.992146013582756,0.9896100077577,"calcite_flush_4_nondim","FOsd2",1153
"4",0.0050135787948377,0.00135870623497389,0.00338707178306325,0.00847886404332114,0.00651054736116619,0.00433223938957345,0.00256191810578027,0.00310158633298331,"calcite_flush_4_nondim","TEsd2",1153
