"","curr_inflow_rate","curr_diffusion_coef","curr_porosity","curr_gypsum_rate_constant","curr_calcite_rate_constant","curr_gypsum_surface_area","curr_calcite_surface_area","dfn_volume","output_var","sobol_type","boot_num"
"1",0.0960155429656717,0.0074836138440101,0.00973362460988219,0.0134243874880182,0.0297309959978243,0.00102407399164632,-0.00334980997121469,-0.000263733291888716,"calcite_flush_4_nondim","FOmean",685
"2",0.121412462759877,0.00831613120483102,0.0104105777413283,0.0199617246366162,0.0438271042271594,0.00749806529966608,0.00758714698372343,0.0107847316943938,"calcite_flush_4_nondim","TEmean",685
"3",-150.865692472544,-18.5229104740066,-23.9046104663026,-19.5436848834482,-29.6205133220158,-22.009671878182,-23.3816121187932,-19.9214723673162,"calcite_flush_4_nondim","FOsd2",685
"4",123.200723085249,5.32228280163216,8.71190852500005,8.28589391296094,3.1972239322495,9.58832480934501,2.1253727540266,6.09392257386414,"calcite_flush_4_nondim","TEsd2",685
