"","curr_inflow_rate","curr_diffusion_coef","curr_porosity","curr_gypsum_rate_constant","curr_calcite_rate_constant","curr_gypsum_surface_area","curr_calcite_surface_area","dfn_volume","output_var","sobol_type","boot_num"
"1",0.201479148346061,-0.00195587046288287,0.00323316421472097,0.0208613663675038,0.0561299930525722,-0.000589075064026172,0.00271939264335814,-0.00199251644213576,"calcite_flush_4_nondim","FOmean",985
"2",0.220492758574715,0.0063902665201517,0.00992245039263128,0.028374515297614,0.0621087299772794,0.00693641881916823,0.0139354982629076,0.0234489713289231,"calcite_flush_4_nondim","TEmean",985
"3",0.885014882217477,0.942546786940503,0.93942584855578,0.920748186720555,0.959620035045275,0.978418477086032,0.872606203504363,0.96465298076108,"calcite_flush_4_nondim","FOsd2",985
"4",0.0461975897743841,0.0201609513285662,0.0061066949432356,0.104351307129042,0.0721366060363782,0.0509834130223378,0.0574995102457365,0.0744456584592219,"calcite_flush_4_nondim","TEsd2",985
