"","curr_inflow_rate","curr_diffusion_coef","curr_porosity","curr_gypsum_rate_constant","curr_calcite_rate_constant","curr_gypsum_surface_area","curr_calcite_surface_area","dfn_volume","output_var","sobol_type","boot_num"
"1",-0.00842127217866215,0.00578851399167509,0.0173895626547938,0.00505834340476304,-0.00535771109701795,0.00469504407537696,0.000621411743848048,-0.0127176974318252,"calcite_flush_7_nondim","FOmean",892
"2",0.0132368658973407,0.00230030939917458,0.025472870824216,0.00775739414439354,0.00436253764027037,0.0022792683006219,0.00318921238041743,0.0175087625820341,"calcite_flush_7_nondim","TEmean",892
"3",0.999962521002273,0.999921274449069,0.999963023451429,0.999957577404619,0.999962829485673,0.999958584217111,0.999939708524899,0.999950688754334,"calcite_flush_7_nondim","FOsd2",892
"4",2.40747693557546e-05,1.08094437100556e-05,1.8110994553902e-05,2.14819101678816e-05,3.05766150580907e-05,1.34555358486686e-05,1.5264834631523e-05,3.26661174897748e-05,"calcite_flush_7_nondim","TEsd2",892
