"","curr_inflow_rate","curr_diffusion_coef","curr_porosity","curr_gypsum_rate_constant","curr_calcite_rate_constant","curr_gypsum_surface_area","curr_calcite_surface_area","dfn_volume","output_var","sobol_type","boot_num"
"1",0.0228294138559667,0.0103059269265546,0.00461475877581573,0.02661200314132,0.0243786267470641,0.00949950865591734,-0.000479998829875605,-0.0379019915109885,"calcite_flush_5_nondim","FOmean",1784
"2",0.121632861903691,0.0061589624082816,0.00310473310221979,0.019306191655647,0.0307649352436167,0.00204810058854367,0.0050271336275547,0.0745792132378705,"calcite_flush_5_nondim","TEmean",1784
"3",0.999111592569258,0.998919558921136,0.998860592848731,0.998725641014764,0.999028227889466,0.99872177148298,0.998653199290001,0.998931996490813,"calcite_flush_5_nondim","FOsd2",1784
"4",0.000550018680573093,0.000333129503763543,0.000138588271308003,0.000582144087817463,0.000577029899049615,0.000195403833460495,0.000472916422379243,0.00119581010329696,"calcite_flush_5_nondim","TEsd2",1784
