"","curr_inflow_rate","curr_diffusion_coef","curr_porosity","curr_gypsum_rate_constant","curr_calcite_rate_constant","curr_gypsum_surface_area","curr_calcite_surface_area","dfn_volume","output_var","sobol_type","boot_num"
"1",0.00829540555372336,-0.00529678988829628,-0.000698096863902211,0.0121212277150611,0.0162213146678682,0.0114225238722342,0.0326904256694174,-0.000902626929976306,"calcite_flush_5_nondim","FOmean",578
"2",0.0742980363283476,0.00266932431806449,0.00141725430682636,0.0077643023048985,0.0303775015127426,0.00178071474447314,0.0111390364937834,0.0475501286958774,"calcite_flush_5_nondim","TEmean",578
"3",0.998819627087499,0.998805717413878,0.998667003892254,0.998814640686296,0.998952159714037,0.998746992858252,0.998590543346844,0.998744525230374,"calcite_flush_5_nondim","FOsd2",578
"4",0.00116729615205012,0.000384059439444548,0.000227944972932313,0.000801158964394347,0.00119242543178019,0.000519717211025059,0.000931851634672743,0.00090505258035092,"calcite_flush_5_nondim","TEsd2",578
