"","curr_inflow_rate","curr_diffusion_coef","curr_porosity","curr_gypsum_rate_constant","curr_calcite_rate_constant","curr_gypsum_surface_area","curr_calcite_surface_area","dfn_volume","output_var","sobol_type","boot_num"
"1",-0.00889032829867507,0.0062890240968132,0.0240469840046735,0.0064243718294511,-9.91972038571393e-05,0.00425405333310728,0.0035867550939269,0.0211332569160021,"calcite_flush_9_nondim","FOmean",78
"2",0.00805519831712638,0.00182046280381655,0.0252540830929855,0.00818004301611857,0.00341113047144537,0.00193298802551216,0.00325885243247982,0.0153457435180826,"calcite_flush_9_nondim","TEmean",78
"3",0.99998474967388,0.999980341124869,0.999978746062407,0.999983208663925,0.99997832153488,0.999975504176866,0.999975106568848,0.999984574004267,"calcite_flush_9_nondim","FOsd2",78
"4",7.10414387888302e-06,9.73385275067892e-06,4.99736235557224e-06,1.23073561116792e-05,7.97298097380937e-06,8.37145942280559e-06,8.67623813220401e-06,1.13879572220124e-05,"calcite_flush_9_nondim","TEsd2",78
