"","curr_inflow_rate","curr_diffusion_coef","curr_porosity","curr_gypsum_rate_constant","curr_calcite_rate_constant","curr_gypsum_surface_area","curr_calcite_surface_area","dfn_volume","output_var","sobol_type","boot_num"
"1",0.00445356581759835,-0.00086593665268266,0.035238506515955,0.00282605135710787,0.00472676349374947,0.00371956555564904,0.00307158888064409,0.0322287248702712,"calcite_flush_9_nondim","FOmean",1062
"2",0.0118500497345655,0.00212659281374666,0.0324100585182858,0.00688920072480638,0.00441974799357524,0.00176544027513137,0.00322184822830459,0.0136747831771073,"calcite_flush_9_nondim","TEmean",1062
"3",0.999976948670506,0.999980169608073,0.999979919296404,0.999979271997932,0.999980961887662,0.999976296151379,0.999976835064605,0.999977203336902,"calcite_flush_9_nondim","FOsd2",1062
"4",7.97671750602338e-06,2.22628093349415e-06,3.15744874696805e-06,4.27464724018544e-06,5.37662134830762e-06,4.2687048435516e-06,6.67665946535381e-06,4.74664982176606e-06,"calcite_flush_9_nondim","TEsd2",1062
