"","curr_inflow_rate","curr_diffusion_coef","curr_porosity","curr_gypsum_rate_constant","curr_calcite_rate_constant","curr_gypsum_surface_area","curr_calcite_surface_area","dfn_volume","output_var","sobol_type","boot_num"
"1",-0.014401827808407,0.0011318860376764,0.0397455130004063,-0.00480102756786611,0.00200419579162744,-0.00933715388696003,-0.00798213546827046,-0.00960883645611,"calcite_flush_8_nondim","FOmean",1331
"2",0.0143143308538553,0.00272640333268026,0.0350621935343279,0.00948879891095301,0.00393014808199225,0.00250470847531374,0.00473050119668962,0.013419358873842,"calcite_flush_8_nondim","TEmean",1331
"3",0.999948789606219,0.99991576882459,0.999970475455459,0.999972956710292,0.999952513572945,0.999956892176971,0.999961326445606,0.999940780832676,"calcite_flush_8_nondim","FOsd2",1331
"4",2.23858191194055e-05,5.18687714871116e-05,8.26394249142344e-06,1.83144077255724e-05,2.14036156490691e-05,5.55986825222624e-06,1.37284205174334e-05,2.51062604054405e-05,"calcite_flush_8_nondim","TEsd2",1331
