"","curr_inflow_rate","curr_diffusion_coef","curr_porosity","curr_gypsum_rate_constant","curr_calcite_rate_constant","curr_gypsum_surface_area","curr_calcite_surface_area","dfn_volume","output_var","sobol_type","boot_num"
"1",0.179136127813264,0.00384543244231236,0.0166445769354591,0.00192092142741818,0.0316157252684683,-0.020033962907724,0.00450686386472462,0.00213178667127414,"calcite_flush_5_nondim","FOmean",1148
"2",0.235876447568134,0.00364725506601117,0.00528107480489365,0.0609246192660895,0.0587453951348692,0.00550728532708815,0.00506889748677143,0.026737540872318,"calcite_flush_5_nondim","TEmean",1148
"3",0.975115624341738,0.969470529796696,0.967690588511184,0.97122479248639,0.967094726413731,0.961854438205137,0.95757197041935,0.966608137217118,"calcite_flush_5_nondim","FOsd2",1148
"4",0.0208033633630203,0.00488250255570403,0.00465251564214581,0.0199012528318588,0.0157713973037272,0.00493349618191936,0.0111662922206134,0.00873360716832552,"calcite_flush_5_nondim","TEsd2",1148
