"","curr_inflow_rate","curr_diffusion_coef","curr_porosity","curr_gypsum_rate_constant","curr_calcite_rate_constant","curr_gypsum_surface_area","curr_calcite_surface_area","dfn_volume","output_var","sobol_type","boot_num"
"1",0.0297715081901699,-0.000401225404434933,0.0101196161717291,0.0055036546773803,0.0109588437282675,-0.00998284687691255,0.00879972208990641,0.00375745356716792,"calcite_flush_6_nondim","FOmean",447
"2",0.0274038907536536,0.00553421017905294,0.00758417672809533,0.00682650408657276,0.0138648322581817,0.00366087222020593,0.00366488350451476,0.0170841203751347,"calcite_flush_6_nondim","TEmean",447
"3",0.999256064725176,0.999156635974795,0.999193221281861,0.999207557034723,0.999200810446029,0.999174458534239,0.999231112258314,0.999174188151605,"calcite_flush_6_nondim","FOsd2",447
"4",0.000605816598468708,0.00014131966106124,0.000129341965902596,0.000212782275958653,0.000169176150103392,0.000133893310847151,7.42518918262305e-05,0.000294009994727424,"calcite_flush_6_nondim","TEsd2",447
