"","curr_inflow_rate","curr_diffusion_coef","curr_porosity","curr_gypsum_rate_constant","curr_calcite_rate_constant","curr_gypsum_surface_area","curr_calcite_surface_area","dfn_volume","output_var","sobol_type","boot_num"
"1",0.103671466176209,0.00634211144374654,0.00174968272102626,0.0329265060986329,0.0133801371474594,-0.00610581331764686,-0.020738125565807,0.0519422076347732,"calcite_flush_5_nondim","FOmean",1460
"2",0.140464808887958,0.00264531332330915,0.0021695887321855,0.0257886560976824,0.04507692785616,0.00177214384809822,0.0064323860537881,0.0612016982209635,"calcite_flush_5_nondim","TEmean",1460
"3",0.997099893362902,0.996941491159081,0.996818750025574,0.996007282035246,0.997433902752208,0.997000849639137,0.996951862999223,0.996523918655294,"calcite_flush_5_nondim","FOsd2",1460
"4",0.00117721028256349,0.000546400986857343,0.000219206097705156,0.00197046128852823,0.00149458519533149,0.000542730137585572,0.000624248552035793,0.00231362127208548,"calcite_flush_5_nondim","TEsd2",1460
