"","curr_inflow_rate","curr_diffusion_coef","curr_porosity","curr_gypsum_rate_constant","curr_calcite_rate_constant","curr_gypsum_surface_area","curr_calcite_surface_area","dfn_volume","output_var","sobol_type","boot_num"
"1",0.0378558043919478,-0.00420223662916355,-0.0035023751127004,-0.00223481260312027,-0.00787622674024399,-0.0112494005810676,-0.00652649406602495,0.0127956323854687,"calcite_flush_6_nondim","FOmean",99
"2",0.0248065357894665,0.00336917017173575,0.00447263297632232,0.00855963302068749,0.0128913930259219,0.00343230774877678,0.00382260055544511,0.0143572706376468,"calcite_flush_6_nondim","TEmean",99
"3",0.999385723851444,0.999201589924865,0.999071858273473,0.999248994905384,0.999130006604935,0.9992116436837,0.999192227455145,0.999289954959306,"calcite_flush_6_nondim","FOsd2",99
"4",0.000577204060909266,0.000143183181346329,0.000181584474689939,0.000170054715708625,0.000251771445327816,0.000196838245214777,0.0001643856772965,0.000209262052291133,"calcite_flush_6_nondim","TEsd2",99
