"","curr_inflow_rate","curr_diffusion_coef","curr_porosity","curr_gypsum_rate_constant","curr_calcite_rate_constant","curr_gypsum_surface_area","curr_calcite_surface_area","dfn_volume","output_var","sobol_type","boot_num"
"1",0.107855079586951,-0.00177235813304795,0.00663843922831576,0.0399339821243065,0.0252692260389106,0.00219476968652708,0.00454911694779261,-0.00211886042212922,"calcite_flush_4_nondim","FOmean",1609
"2",0.110521464550018,0.00737383196634429,0.00785362338700346,0.0375161462859955,0.0251484139766223,0.00822768014393703,0.0189620596755693,0.0174744890046221,"calcite_flush_4_nondim","TEmean",1609
"3",-0.695561126861845,-15.4095647184535,-0.291584482956951,0.369372393541143,0.477411046241389,-9.24624873286511,0.0758407171317268,0.494272502885937,"calcite_flush_4_nondim","FOsd2",1609
"4",0.817845048895698,15.6012672533314,0.815236070426224,1.45930653456891,1.23221617343364,9.59320503168593,1.10426406332829,1.25677928990876,"calcite_flush_4_nondim","TEsd2",1609
