"","curr_inflow_rate","curr_diffusion_coef","curr_porosity","curr_gypsum_rate_constant","curr_calcite_rate_constant","curr_gypsum_surface_area","curr_calcite_surface_area","dfn_volume","output_var","sobol_type","boot_num"
"1",0.0701489754645654,-0.00386128195212972,0.00805613253286647,0.00935325121054143,0.046707968802922,-0.00183246734321323,0.000137926581417422,0.0039138554791082,"calcite_flush_4_nondim","FOmean",493
"2",0.0887208147617528,0.00291598539292761,0.00992514583815892,0.0107646120510843,0.0570003003136524,0.00600408859919823,0.00821529085002468,0.0236825345177125,"calcite_flush_4_nondim","TEmean",493
"3",-262.210201749618,-12.434512889013,-19.8073735796734,-12.2245342732473,-12.4466068957007,-27.1104731235828,-15.7691267111179,-30.8907732045341,"calcite_flush_4_nondim","FOsd2",493
"4",228.360804906108,16.0264264342755,2.71096835392296,16.1469594070472,16.6755536400189,22.2099987545724,6.53323690233627,0.836564219582469,"calcite_flush_4_nondim","TEsd2",493
