"","curr_inflow_rate","curr_diffusion_coef","curr_porosity","curr_gypsum_rate_constant","curr_calcite_rate_constant","curr_gypsum_surface_area","curr_calcite_surface_area","dfn_volume","output_var","sobol_type","boot_num"
"1",0.00258164704189727,-0.000141469571797621,0.0191309169551983,0.00157515456024051,0.0012408062478248,-0.00368342099994441,0.0031865359417408,0.0121152767668103,"calcite_flush_7_nondim","FOmean",700
"2",0.00799546563832289,0.00184932638180879,0.0191340218985988,0.0034353326733081,0.00350056325391264,0.00178985559776352,0.00217217082403933,0.0107032710475715,"calcite_flush_7_nondim","TEmean",700
"3",0.999970493417987,0.999976252660594,0.999981509990728,0.999981957957813,0.999984561440502,0.999930313831587,0.999964842677918,0.999980602876859,"calcite_flush_7_nondim","FOsd2",700
"4",7.5970927587515e-06,7.47807958381371e-06,3.62752060502493e-06,1.07131568437294e-05,8.83039126016514e-06,4.94299714379424e-05,2.58338687381021e-05,1.34446011392365e-05,"calcite_flush_7_nondim","TEsd2",700
