"","curr_inflow_rate","curr_diffusion_coef","curr_porosity","curr_gypsum_rate_constant","curr_calcite_rate_constant","curr_gypsum_surface_area","curr_calcite_surface_area","dfn_volume","output_var","sobol_type","boot_num"
"1",0.159261774353459,0.000479290695108008,-0.00746480742335268,0.0221747709364444,0.0131215993740874,0.00511774101907091,0.00318453237533966,-0.00387673832581427,"calcite_flush_5_nondim","FOmean",254
"2",0.233408377824218,0.00346924870289397,0.00367100924064116,0.0873446043078337,0.015660502701154,0.0032559072453981,0.0042524384899774,0.0406965665469848,"calcite_flush_5_nondim","TEmean",254
"3",0.94663838956769,0.930766269934205,0.948912256230309,0.946938753632885,0.949024361286368,0.917479142266466,0.9532886452877,0.955751483096953,"calcite_flush_5_nondim","FOsd2",254
"4",0.0321212445402145,0.0137645142958315,0.00945851487059032,0.0344346968035234,0.00992227777751501,0.0268799097931305,0.00649189452922709,0.0117236664256908,"calcite_flush_5_nondim","TEsd2",254
