"","curr_inflow_rate","curr_diffusion_coef","curr_porosity","curr_gypsum_rate_constant","curr_calcite_rate_constant","curr_gypsum_surface_area","curr_calcite_surface_area","dfn_volume","output_var","sobol_type","boot_num"
"1",-0.00655901960328536,-0.000759459671754729,0.0398742380381303,-0.00601928444185134,0.000801130789067348,-0.0169624405051062,-0.00304750661874593,-0.00593676746124773,"calcite_flush_8_nondim","FOmean",1379
"2",0.0130990430274431,0.0037915918910318,0.0358385783958435,0.00703101007774536,0.00471650708703276,0.0047411447228602,0.00316088914378339,0.0147374134500341,"calcite_flush_8_nondim","TEmean",1379
"3",0.999916183429408,0.999916119750052,0.999908535720921,0.999924614515127,0.99988598913227,0.999925065216423,0.999918076954366,0.999928288885304,"calcite_flush_8_nondim","FOsd2",1379
"4",2.36793486489258e-05,2.19509808040668e-05,2.22966727521693e-05,3.33260006089975e-05,4.18877432173269e-05,3.41095022448121e-05,3.44010250564361e-05,3.15145597393748e-05,"calcite_flush_8_nondim","TEsd2",1379
