"","curr_inflow_rate","curr_diffusion_coef","curr_porosity","curr_gypsum_rate_constant","curr_calcite_rate_constant","curr_gypsum_surface_area","curr_calcite_surface_area","dfn_volume","output_var","sobol_type","boot_num"
"1",0.0422771580342779,0.00631337725643948,-0.00187755087280097,0.0126314744572834,-0.00345843126460688,-0.00102870202493897,0.00631911011733975,0.0287620751284193,"calcite_flush_5_nondim","FOmean",524
"2",0.0803586443092755,0.00254067366726785,0.00389047634203326,0.0338123202691757,0.0183689233410492,0.00668574147203439,0.00297838367495057,0.0607382000602362,"calcite_flush_5_nondim","TEmean",524
"3",0.998206984528227,0.998017110655943,0.997738316667374,0.998316532641167,0.998509533233448,0.998180556201409,0.998036058857634,0.998486288896821,"calcite_flush_5_nondim","FOsd2",524
"4",0.00128136453567661,0.000423695837581139,0.000390804438597524,0.000964068834334601,0.000864226954626052,0.000471850237106272,0.000323788509320666,0.000935457296746242,"calcite_flush_5_nondim","TEsd2",524
