"","curr_inflow_rate","curr_diffusion_coef","curr_porosity","curr_gypsum_rate_constant","curr_calcite_rate_constant","curr_gypsum_surface_area","curr_calcite_surface_area","dfn_volume","output_var","sobol_type","boot_num"
"1",0.013297816349678,-0.00110496544628408,0.0144431074276333,-0.00582642448339279,0.0040797696397578,-0.00936971140793357,0.000419165498306056,0.0248652087914857,"calcite_flush_8_nondim","FOmean",1361
"2",0.0152727488149064,0.00257470726955988,0.0320939310163023,0.00591472299108158,0.00411814436229244,0.00306154903427915,0.00226248513561494,0.016509950714268,"calcite_flush_8_nondim","TEmean",1361
"3",0.9999842850334,0.999977179251726,0.999980215252686,0.999979891643189,0.999985253027352,0.9999832204192,0.999981138759596,0.999979672604398,"calcite_flush_8_nondim","FOsd2",1361
"4",5.86846448301109e-06,1.05634677097583e-05,6.52316173827808e-06,1.21769702950589e-05,4.51925348000162e-06,2.94774676398402e-06,4.81002874453697e-06,7.19305413141283e-06,"calcite_flush_8_nondim","TEsd2",1361
