"","curr_inflow_rate","curr_diffusion_coef","curr_porosity","curr_gypsum_rate_constant","curr_calcite_rate_constant","curr_gypsum_surface_area","curr_calcite_surface_area","dfn_volume","output_var","sobol_type","boot_num"
"1",0.0878482441581381,0.0101760343627211,0.00396602877995493,0.0224925494271229,0.00843982579913837,-0.00112483555003526,-0.0041841585072285,0.0189603225945135,"calcite_flush_5_nondim","FOmean",230
"2",0.141590362551614,0.00306371240342803,0.00404530004449817,0.0564119771326823,0.0357087740094958,0.00314537434850768,0.004189589527528,0.0506177094558542,"calcite_flush_5_nondim","TEmean",230
"3",0.998514571075675,0.998142919578616,0.997928854623614,0.996822036390117,0.998431378794496,0.996696145963861,0.997830794681263,0.998188653753002,"calcite_flush_5_nondim","FOsd2",230
"4",0.00225429314933556,0.00083606693928879,0.00100853549829141,0.00108665601219913,0.00192730963044863,0.000407200419665147,0.0010792757607376,0.00225912682384476,"calcite_flush_5_nondim","TEsd2",230
