"","curr_inflow_rate","curr_diffusion_coef","curr_porosity","curr_gypsum_rate_constant","curr_calcite_rate_constant","curr_gypsum_surface_area","curr_calcite_surface_area","dfn_volume","output_var","sobol_type","boot_num"
"1",0.0618118484059742,0.003515659118822,0.00580529946208962,-0.00113577729741971,-0.00230185203106615,-0.00139000653819654,0.010360271474726,0.0565611581732695,"calcite_flush_5_nondim","FOmean",962
"2",0.11737132963183,0.00160042026062358,0.00480102571439856,0.0309302319813149,0.0324407188785349,0.00168312798996213,0.0114372106387819,0.0730797974703797,"calcite_flush_5_nondim","TEmean",962
"3",0.997542384952723,0.997824526132413,0.997763983333821,0.997959606665938,0.997517503119079,0.997525391591306,0.997341419750458,0.997723962413343,"calcite_flush_5_nondim","FOsd2",962
"4",0.00119697871048408,0.000163453150713293,0.000168673856187537,0.00113588215377828,0.000590640475825647,0.000249791245747466,0.000750960092033814,0.00132239395444703,"calcite_flush_5_nondim","TEsd2",962
