"","curr_inflow_rate","curr_diffusion_coef","curr_porosity","curr_gypsum_rate_constant","curr_calcite_rate_constant","curr_gypsum_surface_area","curr_calcite_surface_area","dfn_volume","output_var","sobol_type","boot_num"
"1",0.170483764306779,0.00430312374090618,0.000161954495673745,0.0375207675662177,0.0495838133075981,0.00276846568982409,0.0214018837978869,0.00141962655445361,"calcite_flush_4_nondim","FOmean",103
"2",0.213090631107887,0.00924555226797134,0.00440295275845679,0.036743030992763,0.0615295858618708,0.00539478206288838,0.0150868822355815,0.0196331363416524,"calcite_flush_4_nondim","TEmean",103
"3",-732.261097384468,-466.091706011581,-53.4021698346454,-62.4046707873421,-69.3596603333279,-149.259000282453,-196.266498933752,-52.2274204225978,"calcite_flush_4_nondim","FOsd2",103
"4",857.716482368655,263.752422809777,271.254315121028,302.510339132207,261.985370593364,274.742350555837,79.2441188357778,240.745152511016,"calcite_flush_4_nondim","TEsd2",103
