"","curr_inflow_rate","curr_diffusion_coef","curr_porosity","curr_gypsum_rate_constant","curr_calcite_rate_constant","curr_gypsum_surface_area","curr_calcite_surface_area","dfn_volume","output_var","sobol_type","boot_num"
"1",-0.00531443713617305,0.00045705505982793,-0.010563341144105,0.00201071390941436,-0.000701245460844229,-0.00124018053419409,-0.00238055538514248,0.0035871854831705,"calcite_flush_7_nondim","FOmean",304
"2",0.0133746484964226,0.00293544455499449,0.0198457043457974,0.0057267666695288,0.00431621048923478,0.00391377839048549,0.00268546937938113,0.0141096049187086,"calcite_flush_7_nondim","TEmean",304
"3",0.999966591653314,0.999967187210421,0.999957429052775,0.999965047072079,0.999953253742831,0.999942336721164,0.999955405387985,0.999966438007684,"calcite_flush_7_nondim","FOsd2",304
"4",1.24616463817046e-05,1.08814257670028e-05,1.12230211473621e-05,1.20492694749805e-05,3.27218784095884e-05,2.9309787836166e-05,1.99456638908934e-05,1.37250370296192e-05,"calcite_flush_7_nondim","TEsd2",304
