"","curr_inflow_rate","curr_diffusion_coef","curr_porosity","curr_gypsum_rate_constant","curr_calcite_rate_constant","curr_gypsum_surface_area","curr_calcite_surface_area","dfn_volume","output_var","sobol_type","boot_num"
"1",-0.0135965030024568,0.00391777340096727,0.015031913114933,-0.00769510546298873,0.000231320543475634,-0.00393904893887445,-0.00309561925945982,-0.0167132561902816,"calcite_flush_8_nondim","FOmean",1529
"2",0.0132622556220433,0.00261014824354436,0.0345855525473416,0.00625173620285175,0.0055063530443507,0.00298278173668132,0.0026500624550695,0.0172200810936952,"calcite_flush_8_nondim","TEmean",1529
"3",0.999974063772928,0.99996781709213,0.999955421017733,0.999970154238969,0.999943910225164,0.999962783193688,0.999958312005323,0.999944162960969,"calcite_flush_8_nondim","FOsd2",1529
"4",2.02938320821022e-05,1.41100821151902e-05,7.71932144124104e-06,1.72919755397764e-05,4.94125410983845e-05,1.6934401208745e-05,1.32265385092872e-05,2.10075433133067e-05,"calcite_flush_8_nondim","TEsd2",1529
