"","curr_inflow_rate","curr_diffusion_coef","curr_porosity","curr_gypsum_rate_constant","curr_calcite_rate_constant","curr_gypsum_surface_area","curr_calcite_surface_area","dfn_volume","output_var","sobol_type","boot_num"
"1",0.000972030152135103,0.00742901301916348,0.0126992961568878,0.00501202004675519,-0.00632319624747718,0.00673579406192183,0.00307619972281266,0.00581177748699556,"calcite_flush_8_nondim","FOmean",1313
"2",0.00972549579288781,0.00228978832321794,0.0136194395003558,0.00546116508962046,0.00449525384650517,0.00221435408418779,0.00264482737168671,0.00867930723030473,"calcite_flush_8_nondim","TEmean",1313
"3",0.999992907640521,0.999990846531811,0.999989576867776,0.999990379258554,0.999993183787312,0.999991745207731,0.999983760520314,0.999988523160254,"calcite_flush_8_nondim","FOsd2",1313
"4",3.62902571897996e-06,1.80640116979411e-06,4.3269319294677e-06,6.89269032460451e-06,2.36915516426329e-06,2.56550915517509e-06,4.10231917339468e-06,7.65574296268842e-06,"calcite_flush_8_nondim","TEsd2",1313
