"","curr_inflow_rate","curr_diffusion_coef","curr_porosity","curr_gypsum_rate_constant","curr_calcite_rate_constant","curr_gypsum_surface_area","curr_calcite_surface_area","dfn_volume","output_var","sobol_type","boot_num"
"1",0.0154434132462891,-0.00178718662144774,0.0253016760969363,0.00489372089385434,0.00334463037440294,0.000118320146282905,0.00892660169170163,-0.00787453755939684,"calcite_flush_7_nondim","FOmean",1762
"2",0.0124132502869623,0.00353830888963105,0.0242089489619504,0.00645194762757155,0.00462664906051789,0.00306386678042061,0.0031666164253747,0.0151503455406461,"calcite_flush_7_nondim","TEmean",1762
"3",0.9998860692111,0.99990131523356,0.999897391187654,0.999893973722738,0.999894757467282,0.999899707153559,0.999892425849678,0.999845906674608,"calcite_flush_7_nondim","FOsd2",1762
"4",2.21887175960521e-05,9.08100715183085e-06,5.19256864085392e-06,2.07028496666087e-05,2.1663372846919e-05,7.90617379710999e-06,1.04078919911647e-05,4.4496985675807e-05,"calcite_flush_7_nondim","TEsd2",1762
