"","curr_inflow_rate","curr_diffusion_coef","curr_porosity","curr_gypsum_rate_constant","curr_calcite_rate_constant","curr_gypsum_surface_area","curr_calcite_surface_area","dfn_volume","output_var","sobol_type","boot_num"
"1",0.00418409165903652,0.00704908512485999,0.0223725454243703,0.00161855975452082,-0.00419997658369257,-0.00724154443292098,-0.00864297741618683,0.00655725596661059,"calcite_flush_8_nondim","FOmean",569
"2",0.0116996659163867,0.00235182839197391,0.032203595625528,0.00685254053067235,0.00381762150772864,0.0034528328471009,0.00295683501646748,0.0148460176571807,"calcite_flush_8_nondim","TEmean",569
"3",0.999971171483082,0.999958604126153,0.999968950050863,0.999943219666692,0.999975658432749,0.999970107213627,0.999972319319203,0.999960839676742,"calcite_flush_8_nondim","FOsd2",569
"4",1.0538604695935e-05,9.15396571319325e-06,1.0500325462549e-05,6.32830459630674e-05,1.37480090200773e-05,1.20813326544213e-05,8.30848524879633e-06,3.07370342278714e-05,"calcite_flush_8_nondim","TEsd2",569
