"","curr_inflow_rate","curr_diffusion_coef","curr_porosity","curr_gypsum_rate_constant","curr_calcite_rate_constant","curr_gypsum_surface_area","curr_calcite_surface_area","dfn_volume","output_var","sobol_type","boot_num"
"1",0.0301396985008572,0.00291443500247908,0.00102120296363245,0.0478545865533019,0.0203868237801105,0.0104269123275021,0.00733759682410851,-0.0342521355627385,"calcite_flush_5_nondim","FOmean",392
"2",0.140575194141252,0.00169152912287205,0.00165270923047079,0.037680181322776,0.0376762326632006,0.00168998717862435,0.00435444616951515,0.0669801906648093,"calcite_flush_5_nondim","TEmean",392
"3",0.995997907477837,0.997334169752623,0.997420552038781,0.99799149731247,0.997478949870645,0.997361854758103,0.997279437047957,0.997612233918497,"calcite_flush_5_nondim","FOsd2",392
"4",0.00313114382765368,0.000438654928509478,0.000422273075807168,0.00117847974968884,0.000942315090709862,0.000282848290462185,0.000326777283481176,0.00124636978387079,"calcite_flush_5_nondim","TEsd2",392
