"","curr_inflow_rate","curr_diffusion_coef","curr_porosity","curr_gypsum_rate_constant","curr_calcite_rate_constant","curr_gypsum_surface_area","curr_calcite_surface_area","dfn_volume","output_var","sobol_type","boot_num"
"1",0.014221436670054,0.00635215605477464,0.00711241240844987,0.00186605911999792,0.00529489373669934,0.0086512320486233,0.0036198166378396,0.0137565276717277,"calcite_flush_7_nondim","FOmean",424
"2",0.00875743712295118,0.0028484121575157,0.0214127653158639,0.00473111603147993,0.00329906605132109,0.00329508627137356,0.00192370431497558,0.0137297391353592,"calcite_flush_7_nondim","TEmean",424
"3",0.999936682429601,0.999967632054283,0.999886297273669,0.999951090158932,0.99996142951025,0.999967219963201,0.999956046568336,0.999962723223271,"calcite_flush_7_nondim","FOsd2",424
"4",4.52112929227285e-06,3.54380157033563e-05,1.15057985864257e-05,9.34579194522986e-06,2.26349802683581e-05,4.48824426435662e-05,5.66127109684043e-05,5.37098425369426e-05,"calcite_flush_7_nondim","TEsd2",424
