"","curr_inflow_rate","curr_diffusion_coef","curr_porosity","curr_gypsum_rate_constant","curr_calcite_rate_constant","curr_gypsum_surface_area","curr_calcite_surface_area","dfn_volume","output_var","sobol_type","boot_num"
"1",0.027533037762378,0.00448584463616078,0.00942580790720312,-0.00372571221561943,-0.00222321046622496,0.00609563642624853,0.00582671509357235,-0.00442854719188732,"calcite_flush_9_nondim","FOmean",684
"2",0.00788591343108113,0.00270126017590426,0.0341607023392262,0.00473798111846335,0.00337025607788108,0.00188931132082996,0.00148815215603166,0.0156436151084516,"calcite_flush_9_nondim","TEmean",684
"3",0.999979881120452,0.999967973507463,0.999976569656951,0.999977291028867,0.999970759407494,0.999971138463238,0.999970099567387,0.999979712650853,"calcite_flush_9_nondim","FOsd2",684
"4",1.08337406752679e-05,8.75524994780674e-06,8.64616886464926e-06,9.43852754830587e-06,1.70631396341889e-05,5.46073377580352e-06,5.93613516133466e-06,1.08685965000107e-05,"calcite_flush_9_nondim","TEsd2",684
