"","curr_inflow_rate","curr_diffusion_coef","curr_porosity","curr_gypsum_rate_constant","curr_calcite_rate_constant","curr_gypsum_surface_area","curr_calcite_surface_area","dfn_volume","output_var","sobol_type","boot_num"
"1",-0.0165300775352044,-0.00218152379443948,-0.00319975689340879,-0.0117470799647256,-0.0136446209207075,0.0138037005169605,-0.00465293581416469,0.00469236769883631,"calcite_flush_5_nondim","FOmean",344
"2",0.0903736130814105,0.00373043177141258,0.00426756752132595,0.0256879221527964,0.0161871144023726,0.00398286645189654,0.00404695605833317,0.0469900613940329,"calcite_flush_5_nondim","TEmean",344
"3",0.995697828705669,0.997434954612388,0.997403435317256,0.997271098187736,0.997332417524296,0.997133227365608,0.995890192266921,0.997001161643996,"calcite_flush_5_nondim","FOsd2",344
"4",0.00241017874921318,0.000224822253558882,0.000251732293601772,0.000554815144665683,0.000418207265444798,0.000351549120635424,0.00125674872581905,0.00135985714189117,"calcite_flush_5_nondim","TEsd2",344
