"","curr_inflow_rate","curr_diffusion_coef","curr_porosity","curr_gypsum_rate_constant","curr_calcite_rate_constant","curr_gypsum_surface_area","curr_calcite_surface_area","dfn_volume","output_var","sobol_type","boot_num"
"1",0.0372013436443348,0.014339381054856,0.00232347309669184,0.0241399774394058,0.0220781635065093,0.006449341048268,0.00812683483473167,0.049098285820473,"calcite_flush_5_nondim","FOmean",1040
"2",0.102354343576601,0.00255829266918153,0.00260039090997958,0.0325186611059774,0.0165421062561846,0.0016757050761953,0.00284773173204471,0.0569246620785923,"calcite_flush_5_nondim","TEmean",1040
"3",0.997850668137306,0.998207188055264,0.998197735855622,0.998253820450323,0.997359739253379,0.998299847435491,0.998256808088649,0.997986493586474,"calcite_flush_5_nondim","FOsd2",1040
"4",0.00116052624041004,0.000240785298543933,0.000181051067510687,0.000843164002479619,0.00112310040476371,0.00030800447353227,0.00024165588470269,0.00124294008143518,"calcite_flush_5_nondim","TEsd2",1040
