"","curr_inflow_rate","curr_diffusion_coef","curr_porosity","curr_gypsum_rate_constant","curr_calcite_rate_constant","curr_gypsum_surface_area","curr_calcite_surface_area","dfn_volume","output_var","sobol_type","boot_num"
"1",0.156309806352832,0.00848981943503239,0.0168487253291137,0.0452332387677818,0.0599703108206531,0.00258017337715058,0.0174205663084448,-0.0158377309550618,"calcite_flush_4_nondim","FOmean",67
"2",0.211613155564942,0.0136857038267296,0.0253518430932181,0.0435087834704978,0.071141142718907,0.00419796490074448,0.0184316003551345,0.023764819801716,"calcite_flush_4_nondim","TEmean",67
"3",-2.34307543747535,-6.18128586254446,-19.557549478513,-3.00045730290231,-35.1002058389809,-43.7745333364919,-63.8736024069186,-3.16091201513379,"calcite_flush_4_nondim","FOsd2",67
"4",9.49790559718099,4.75976890392209,10.3809449895292,4.57907917759225,41.3868692183039,28.4324317695659,44.0581664725359,3.38472402776244,"calcite_flush_4_nondim","TEsd2",67
