"","curr_inflow_rate","curr_diffusion_coef","curr_porosity","curr_gypsum_rate_constant","curr_calcite_rate_constant","curr_gypsum_surface_area","curr_calcite_surface_area","dfn_volume","output_var","sobol_type","boot_num"
"1",0.034523457459303,-2.06401147276238e-06,0.00559904427860907,0.020983549210203,-0.00921173838381569,0.000759098281122521,0.00928384491488729,0.00954526688545025,"calcite_flush_6_nondim","FOmean",1755
"2",0.0328605629414627,0.00654814087463312,0.00435431382076908,0.011045700296837,0.0110903226728808,0.004689033365899,0.00349134372140206,0.0159016775256472,"calcite_flush_6_nondim","TEmean",1755
"3",0.999251834195602,0.998881431187539,0.998943949961961,0.999084264479148,0.999101229741742,0.99902964883562,0.999038774418987,0.99914023272242,"calcite_flush_6_nondim","FOsd2",1755
"4",0.000558183810666225,0.00023037018527257,0.000282019280354483,0.000257870735223233,0.000209165166648928,0.000161030060508993,0.000118112738789867,0.000292604770995264,"calcite_flush_6_nondim","TEsd2",1755
