"","curr_inflow_rate","curr_diffusion_coef","curr_porosity","curr_gypsum_rate_constant","curr_calcite_rate_constant","curr_gypsum_surface_area","curr_calcite_surface_area","dfn_volume","output_var","sobol_type","boot_num"
"1",0.0210246462486504,-0.00284480783723304,0.0193670188544792,0.00319473506521557,0.00869070669102205,0.00103573815899047,-0.00693768340247494,-0.00195877978303247,"calcite_flush_8_nondim","FOmean",1403
"2",0.0152869500613299,0.00300426248814685,0.032181094960886,0.00624934967467763,0.0069388139571349,0.00304145120399986,0.00309125242443534,0.0160868794248407,"calcite_flush_8_nondim","TEmean",1403
"3",0.999955013178758,0.999959096804316,0.999958492284211,0.999960750180599,0.999946429204543,0.999959795941519,0.999957316247823,0.999956396750395,"calcite_flush_8_nondim","FOsd2",1403
"4",9.85014908363467e-06,5.80473451708722e-06,8.92304189992565e-06,1.10759738150489e-05,1.11599696106531e-05,6.40058159427907e-06,6.29461813694092e-06,6.91456873907632e-06,"calcite_flush_8_nondim","TEsd2",1403
