"","curr_inflow_rate","curr_diffusion_coef","curr_porosity","curr_gypsum_rate_constant","curr_calcite_rate_constant","curr_gypsum_surface_area","curr_calcite_surface_area","dfn_volume","output_var","sobol_type","boot_num"
"1",0.0388130733331431,-0.00960105380309041,0.0142995446809995,0.00279488664383953,-0.00297968215461497,0.0112345153952271,0.00203874398345273,-0.000149976609959931,"calcite_flush_6_nondim","FOmean",411
"2",0.0341425529679505,0.00425067084309009,0.00525228945032688,0.0120351241746899,0.00855763717655876,0.00589171750830755,0.00434838325503074,0.0170165223360723,"calcite_flush_6_nondim","TEmean",411
"3",0.999190805885996,0.999112707532581,0.999167592909431,0.999173921088379,0.99907851184018,0.999170292845148,0.998876633029469,0.999143523374571,"calcite_flush_6_nondim","FOsd2",411
"4",0.000657699447024761,0.000100193068271322,0.000184122345161979,0.000365917326387499,0.000282117660003451,0.000193667025603947,0.000278936978105598,0.000193249865992574,"calcite_flush_6_nondim","TEsd2",411
