"","curr_inflow_rate","curr_diffusion_coef","curr_porosity","curr_gypsum_rate_constant","curr_calcite_rate_constant","curr_gypsum_surface_area","curr_calcite_surface_area","dfn_volume","output_var","sobol_type","boot_num"
"1",0.195449118065404,0.0068434169166916,-0.00257576943394829,0.0284174395898718,0.0720348420727725,-0.00488160207459685,0.00505382784684199,-0.0133504588805316,"calcite_flush_4_nondim","FOmean",373
"2",0.203584394431971,0.0108689241591335,0.00416331970581599,0.0329071447512831,0.0729472556378635,0.00381318887387157,0.0099815743192108,0.016844647698092,"calcite_flush_4_nondim","TEmean",373
"3",0.434176623726257,0.885619286924151,0.810148152013688,0.3630493345988,0.902309144567595,0.451499115790014,0.495588250688161,0.772817544747135,"calcite_flush_4_nondim","FOsd2",373
"4",0.084586012600182,0.565718106841854,0.462032997430958,0.604960936042413,0.560006430514857,0.15796855264118,0.108987330300538,0.581426357861347,"calcite_flush_4_nondim","TEsd2",373
