"","curr_inflow_rate","curr_diffusion_coef","curr_porosity","curr_gypsum_rate_constant","curr_calcite_rate_constant","curr_gypsum_surface_area","curr_calcite_surface_area","dfn_volume","output_var","sobol_type","boot_num"
"1",0.0042081106177211,0.00702787753665339,0.0233700947568666,0.0238295281377764,0.00364354955067605,0.00165774741350384,0.00200400629380865,-0.00320299545749737,"calcite_flush_7_nondim","FOmean",250
"2",0.0164971375631769,0.00242121061670612,0.018288267287317,0.0102550099338399,0.0040914031262155,0.0030239234715015,0.00453689947611731,0.012007811947685,"calcite_flush_7_nondim","TEmean",250
"3",0.999838157657043,0.999839415494065,0.999795014427124,0.999850635299517,0.999842969681678,0.999839718545326,0.999841027768062,0.999847058213019,"calcite_flush_7_nondim","FOsd2",250
"4",1.7257118765214e-05,1.07827129350235e-05,3.3219484891947e-05,2.22132105671287e-05,1.55856902374471e-05,2.01406426936276e-05,1.10649128598211e-05,1.70313177046219e-05,"calcite_flush_7_nondim","TEsd2",250
