"","curr_inflow_rate","curr_diffusion_coef","curr_porosity","curr_gypsum_rate_constant","curr_calcite_rate_constant","curr_gypsum_surface_area","curr_calcite_surface_area","dfn_volume","output_var","sobol_type","boot_num"
"1",-0.00121248123437383,0.00184782731964667,0.0289211683748921,-0.00146100530846077,-0.00686395495953176,0.00561529707633103,0.000224558413111708,-0.00032440589969872,"calcite_flush_8_nondim","FOmean",1217
"2",0.0123847198085519,0.00287332970535791,0.0272966224412085,0.00672582098612932,0.00639009602161516,0.00406341697924567,0.0023403588319735,0.0134401146613108,"calcite_flush_8_nondim","TEmean",1217
"3",0.999984966638552,0.999983754416621,0.99998263442363,0.999981644201558,0.999984951738709,0.999984189067951,0.999965963739564,0.999981325900379,"calcite_flush_8_nondim","FOsd2",1217
"4",6.70257321645311e-06,4.68849442354082e-06,5.97430851859993e-06,7.80885751122006e-06,8.69069018448913e-06,4.53021724156426e-06,1.02566024458405e-05,4.65122526146291e-06,"calcite_flush_8_nondim","TEsd2",1217
