"","curr_inflow_rate","curr_diffusion_coef","curr_porosity","curr_gypsum_rate_constant","curr_calcite_rate_constant","curr_gypsum_surface_area","curr_calcite_surface_area","dfn_volume","output_var","sobol_type","boot_num"
"1",0.198850579787441,0.00538877406803122,0.00738463524043391,0.039211718576702,0.0243952442445129,0.0050015451337553,0.0176048361530966,0.00367201411796595,"calcite_flush_4_nondim","FOmean",1357
"2",0.214708813973027,0.00790645304668642,0.00891443208032049,0.0500530679967281,0.046582077389859,0.0118346733857239,0.0172079184535424,0.0214803568258925,"calcite_flush_4_nondim","TEmean",1357
"3",-1608.3125125731,-67.7437306454388,-374.837244990182,-150.139179422255,-42.1238895220464,-63.3070684041473,-137.457990646257,-6.35783697372295,"calcite_flush_4_nondim","FOsd2",1357
"4",1776.64743308437,31.6771680294096,49.6788554952797,5.08669962946019,192.041810345796,30.0633691726498,302.900975623854,163.379731099174,"calcite_flush_4_nondim","TEsd2",1357
