"","curr_inflow_rate","curr_diffusion_coef","curr_porosity","curr_gypsum_rate_constant","curr_calcite_rate_constant","curr_gypsum_surface_area","curr_calcite_surface_area","dfn_volume","output_var","sobol_type","boot_num"
"1",0.00249339317028472,-0.00500108718292866,-0.000309735190468839,-0.0036404671474024,-0.00554708292523987,-0.00214946417601711,-0.00572397367567502,-0.00411116386387242,"calcite_flush_9_nondim","FOmean",888
"2",0.0104177346766924,0.00175873934580362,0.017190524376569,0.00328675980426556,0.00356797980640689,0.00158400574943443,0.00153515183788656,0.0119448264179671,"calcite_flush_9_nondim","TEmean",888
"3",0.999978566683296,0.999979534028151,0.999974704386787,0.999973685997195,0.999978487286412,0.999975969670173,0.999881307733786,0.999977224573497,"calcite_flush_9_nondim","FOsd2",888
"4",3.34924458891705e-06,2.58081121913409e-06,2.7516043632274e-06,8.29631397443366e-06,5.69518199711802e-06,3.87359933928217e-06,0.000100984427635576,4.7505174377575e-06,"calcite_flush_9_nondim","TEsd2",888
