"","curr_inflow_rate","curr_diffusion_coef","curr_porosity","curr_gypsum_rate_constant","curr_calcite_rate_constant","curr_gypsum_surface_area","curr_calcite_surface_area","dfn_volume","output_var","sobol_type","boot_num"
"1",0.00704244556820789,-0.0264139805676785,-0.00883836071890417,0.00483254707823981,-0.0105583554977878,0.00558582226906286,-0.00681380281987567,0.0311876874747862,"calcite_flush_6_nondim","FOmean",405
"2",0.0381645831080131,0.00488463649619275,0.00794876601906832,0.00511827437924915,0.0105349893594898,0.00618061018741017,0.00317769859794585,0.0184089811009338,"calcite_flush_6_nondim","TEmean",405
"3",0.998933065111985,0.998944864245872,0.998934285563141,0.998925578864232,0.998949262803186,0.999006887072742,0.998945220525744,0.998838407767931,"calcite_flush_6_nondim","FOsd2",405
"4",0.00055328198215845,0.000259209202629327,0.000298725922467329,0.000237202199371918,0.000568192420444335,0.000268603580315936,0.000195208864672052,0.000497947675688614,"calcite_flush_6_nondim","TEsd2",405
