"","curr_inflow_rate","curr_diffusion_coef","curr_porosity","curr_gypsum_rate_constant","curr_calcite_rate_constant","curr_gypsum_surface_area","curr_calcite_surface_area","dfn_volume","output_var","sobol_type","boot_num"
"1",0.00846006014019859,0.000226133306194472,0.0157673051804389,0.00676107116363788,0.008977137063203,0.00204356256981855,0.00289410315093012,-0.00291433106776075,"calcite_flush_7_nondim","FOmean",16
"2",0.0129692187421878,0.00227670500598826,0.0224987999379197,0.00924574919133256,0.00547237848988738,0.00411427012224509,0.00624468818711486,0.0150777225997142,"calcite_flush_7_nondim","TEmean",16
"3",0.999921489646937,0.999923448214405,0.999935212766269,0.999940256393097,0.99993120082755,0.999933830016577,0.999942034812593,0.999951160696608,"calcite_flush_7_nondim","FOsd2",16
"4",2.93829571106934e-05,3.72671932095911e-05,2.54835554117468e-05,3.46992992294625e-05,6.4873127579636e-05,1.21780018687315e-05,2.5699895544331e-05,4.58152508760216e-05,"calcite_flush_7_nondim","TEsd2",16
