"","curr_inflow_rate","curr_diffusion_coef","curr_porosity","curr_gypsum_rate_constant","curr_calcite_rate_constant","curr_gypsum_surface_area","curr_calcite_surface_area","dfn_volume","output_var","sobol_type","boot_num"
"1",-0.000711527321918987,-0.00441291294406871,0.0264854861930817,-0.00260051077975829,-0.00331926065501936,-0.00051789525525632,-0.00627182041122149,-0.0153593634146344,"calcite_flush_9_nondim","FOmean",150
"2",0.0108428176714591,0.00250045071120638,0.0320741515001204,0.00736342985312086,0.00465759305041322,0.00435504932624251,0.00525499083698035,0.0142489908115435,"calcite_flush_9_nondim","TEmean",150
"3",0.999848508987949,0.999957007470105,0.999859868389864,0.999976330405885,0.99978529803004,0.999960694318808,0.999848981021259,0.999253052649125,"calcite_flush_9_nondim","FOsd2",150
"4",3.52255832022721e-05,0.000209040880151883,0.000233366024497575,0.000244273937169883,2.52470759993651e-05,0.000245901805964961,4.41609278788858e-05,0.000138933550910354,"calcite_flush_9_nondim","TEsd2",150
