"","curr_inflow_rate","curr_diffusion_coef","curr_porosity","curr_gypsum_rate_constant","curr_calcite_rate_constant","curr_gypsum_surface_area","curr_calcite_surface_area","dfn_volume","output_var","sobol_type","boot_num"
"1",0.024058108623158,0.00163171206922274,0.0150886389941098,0.0109261059240224,0.00758731208037403,-0.00632630529994002,-0.00224642677179501,8.20883536918587e-05,"calcite_flush_7_nondim","FOmean",586
"2",0.0159289739946739,0.00220571054379444,0.0234941086428711,0.00995927056782054,0.00508873229204182,0.002962376019074,0.00470233676920578,0.0140324790305859,"calcite_flush_7_nondim","TEmean",586
"3",0.999960797643005,0.999963362588091,0.999965767797597,0.999949741163864,0.999959224870168,0.999964304369034,0.999961634463269,0.999965446763187,"calcite_flush_7_nondim","FOsd2",586
"4",1.31886857691738e-05,7.69857890370997e-06,4.75486018738957e-06,3.08754714014249e-05,1.44787775422242e-05,5.27623468969673e-06,9.34475659026707e-06,1.084406818703e-05,"calcite_flush_7_nondim","TEsd2",586
