"","curr_inflow_rate","curr_diffusion_coef","curr_porosity","curr_gypsum_rate_constant","curr_calcite_rate_constant","curr_gypsum_surface_area","curr_calcite_surface_area","dfn_volume","output_var","sobol_type","boot_num"
"1",0.0012697208451433,-0.00225070854285448,0.0151097135270372,0.000435719438769648,-0.00958760274080993,0.0045217830869695,0.00645349346521558,0.00136746191797986,"calcite_flush_9_nondim","FOmean",1056
"2",0.0113159757800215,0.0020008360328374,0.0217781805029315,0.00721507557394665,0.00471037700367237,0.00244430264956373,0.00330734488763333,0.0100019628462065,"calcite_flush_9_nondim","TEmean",1056
"3",0.999984922168439,0.999979261458564,0.999979348981728,0.999976040441014,0.999947592374681,0.999985384424971,0.999985655374698,0.999987427699057,"calcite_flush_9_nondim","FOsd2",1056
"4",5.73593257516624e-06,6.47918185185803e-06,4.97991122276343e-06,1.9513688262729e-05,3.66530392954747e-05,8.10433967253655e-06,4.95641805956735e-06,7.32263967488427e-06,"calcite_flush_9_nondim","TEsd2",1056
