"","curr_inflow_rate","curr_diffusion_coef","curr_porosity","curr_gypsum_rate_constant","curr_calcite_rate_constant","curr_gypsum_surface_area","curr_calcite_surface_area","dfn_volume","output_var","sobol_type","boot_num"
"1",0.00549924071066434,0.000922652924027576,0.0208976904358768,0.00228251621772605,-0.00436448011181046,0.00843035411396884,0.000395369341972111,0.0121472965992255,"calcite_flush_8_nondim","FOmean",1001
"2",0.0119693292744942,0.00314929129513692,0.0250333565858169,0.012218639514206,0.00542364832743973,0.00286406913820511,0.00315642664729625,0.0132292813561527,"calcite_flush_8_nondim","TEmean",1001
"3",0.99996370732991,0.99996380439829,0.999966910282904,0.999971204515932,0.999970401445377,0.999964046204916,0.999969354479062,0.999965841662719,"calcite_flush_8_nondim","FOsd2",1001
"4",3.45813188287429e-06,7.62797207482526e-06,7.90180447877651e-06,1.01340990823794e-05,7.48147879273926e-06,8.14809125957663e-06,4.12110314010547e-06,7.85148549400385e-06,"calcite_flush_8_nondim","TEsd2",1001
