"","curr_inflow_rate","curr_diffusion_coef","curr_porosity","curr_gypsum_rate_constant","curr_calcite_rate_constant","curr_gypsum_surface_area","curr_calcite_surface_area","dfn_volume","output_var","sobol_type","boot_num"
"1",0.0583306945981935,0.00125024338928373,0.00249612190746931,0.0505779553897028,-0.00950353743004828,-0.00240143233948073,0.00609561720167191,0.021040790941623,"calcite_flush_5_nondim","FOmean",956
"2",0.130276663424364,0.000933563213902237,0.00147542707406934,0.0614762658127605,0.0301698446595423,0.00154629095346596,0.00205967892553294,0.0776422604593382,"calcite_flush_5_nondim","TEmean",956
"3",0.994533730764929,0.996099472010473,0.996836026124149,0.997546134736233,0.996788154051649,0.996502952818435,0.996392434686593,0.99661724612013,"calcite_flush_5_nondim","FOsd2",956
"4",0.00383609179754403,0.000709520671852285,0.000495381295039499,0.00140887711346703,0.00102939140160803,0.000293285107740208,0.000489388266619728,0.00251611221792414,"calcite_flush_5_nondim","TEsd2",956
