"","curr_inflow_rate","curr_diffusion_coef","curr_porosity","curr_gypsum_rate_constant","curr_calcite_rate_constant","curr_gypsum_surface_area","curr_calcite_surface_area","dfn_volume","output_var","sobol_type","boot_num"
"1",0.0151604441228602,0.00496090384968422,0.0214192327693354,0.00577367823575148,-0.0051708248975041,0.00416068530019922,-0.000196122531974059,0.0201284675660676,"calcite_flush_7_nondim","FOmean",1222
"2",0.0157513700232473,0.00321279285218687,0.0195379906687838,0.00784407858782267,0.00355307153956243,0.00285411839868506,0.00380992558492841,0.0137397410450065,"calcite_flush_7_nondim","TEmean",1222
"3",0.99998844297967,0.999988279475184,0.999987419581807,0.999984102952787,0.999986815035223,0.999982633141629,0.999988266167501,0.999970266326062,"calcite_flush_7_nondim","FOsd2",1222
"4",4.82740147958495e-06,2.85570106502346e-06,4.17303332055422e-06,7.44877093172688e-06,3.55998533959483e-06,5.64170242458288e-06,3.3314589348817e-06,2.10522468794476e-05,"calcite_flush_7_nondim","TEsd2",1222
