"","curr_inflow_rate","curr_diffusion_coef","curr_porosity","curr_gypsum_rate_constant","curr_calcite_rate_constant","curr_gypsum_surface_area","curr_calcite_surface_area","dfn_volume","output_var","sobol_type","boot_num"
"1",0.0933552827106932,0.00639200093992817,0.00689627965133779,0.0240700266045847,0.0414563765997127,0.00171932534533562,0.00338975302695194,-0.000407465201884437,"calcite_flush_4_nondim","FOmean",1573
"2",0.11090356495611,0.00946447156777229,0.00761210483902776,0.0265167296111446,0.0430397421092164,0.00234150852777548,0.0118314868872539,0.0164632855489491,"calcite_flush_4_nondim","TEmean",1573
"3",-12.9463641769486,-16.218979729797,-14.4211676788434,-21.9143705127395,-234.066181927355,-12.6051550825948,-12.1686248908285,-125.935166335546,"calcite_flush_4_nondim","FOsd2",1573
"4",20.9293742604654,9.52552336150957,16.0053322955675,7.07544746667576,136.488784106648,16.9999215548787,19.8497027666299,90.6003162543346,"calcite_flush_4_nondim","TEsd2",1573
