"","curr_inflow_rate","curr_diffusion_coef","curr_porosity","curr_gypsum_rate_constant","curr_calcite_rate_constant","curr_gypsum_surface_area","curr_calcite_surface_area","dfn_volume","output_var","sobol_type","boot_num"
"1",0.0970182722491308,0.00240328058283812,0.00307629082144103,-0.007157409993043,0.0287649469396806,-0.00254666102304482,0.00455078729486453,0.00847077008633955,"calcite_flush_4_nondim","FOmean",121
"2",0.113570425145755,0.00522123993318436,0.00999464539484964,0.013311129264478,0.0411206726587448,0.0042469490337178,0.0183374921579637,0.0126305139777137,"calcite_flush_4_nondim","TEmean",121
"3",-23.2260670744019,-37.6755189056785,-111.971710670333,-12.7874823557728,-114.010462779816,-1113.82081447596,-698.512426497095,-598.978321504262,"calcite_flush_4_nondim","FOsd2",121
"4",3910.02823390527,4178.78418555976,3177.34506532461,4235.12889691056,4295.8653351424,3217.21348455846,3410.93028601631,3168.44555761426,"calcite_flush_4_nondim","TEsd2",121
