"","curr_inflow_rate","curr_diffusion_coef","curr_porosity","curr_gypsum_rate_constant","curr_calcite_rate_constant","curr_gypsum_surface_area","curr_calcite_surface_area","dfn_volume","output_var","sobol_type","boot_num"
"1",0.134991500767104,0.00501215484891225,0.0115924700746491,0.0292428555334648,0.0352166561107883,0.0032277323134408,0.00892899731562115,0.0117357581596999,"calcite_flush_4_nondim","FOmean",1315
"2",0.139975297657344,0.00767043132408054,0.0128021181852161,0.0338330453091836,0.0417531092654837,0.00354917799686077,0.0174150781387851,0.0162389411881853,"calcite_flush_4_nondim","TEmean",1315
"3",0.212761097651881,-0.417046487551428,-28.8102976708641,0.142059538436313,0.30726232454512,-1.39630855879099,-3.40743658784524,-3.64548773187612,"calcite_flush_4_nondim","FOsd2",1315
"4",5.93657348316336,3.54287419378535,14.8292127584544,4.64926452489008,6.68158947337333,1.36975607043567,0.368834833100711,0.800094421014366,"calcite_flush_4_nondim","TEsd2",1315
