"","curr_inflow_rate","curr_diffusion_coef","curr_porosity","curr_gypsum_rate_constant","curr_calcite_rate_constant","curr_gypsum_surface_area","curr_calcite_surface_area","dfn_volume","output_var","sobol_type","boot_num"
"1",0.0215852466834876,0.00283621761401974,0.0128276624531464,0.00537848594158586,-0.0112074504907278,-0.00636851420845285,-0.00572624916751487,0.01548441271683,"calcite_flush_9_nondim","FOmean",570
"2",0.0140050438273532,0.00338723148090879,0.0445194012592344,0.00631467787206211,0.00432084769204722,0.00314917564303314,0.00290137568683421,0.0142178635116126,"calcite_flush_9_nondim","TEmean",570
"3",0.999951537429788,0.999929247581404,0.999919543852238,0.999954350634199,0.99995535786134,0.999890742660351,0.999954153540872,0.999926960666197,"calcite_flush_9_nondim","FOsd2",570
"4",1.18131865406244e-05,2.3487144018367e-05,4.81023984957383e-05,2.13783488822202e-05,2.24860532787482e-05,3.69237143774759e-05,1.76021918156589e-05,3.61475351543033e-05,"calcite_flush_9_nondim","TEsd2",570
