"","curr_inflow_rate","curr_diffusion_coef","curr_porosity","curr_gypsum_rate_constant","curr_calcite_rate_constant","curr_gypsum_surface_area","curr_calcite_surface_area","dfn_volume","output_var","sobol_type","boot_num"
"1",0.0858417328630059,0.00682608997996443,-0.000778157976439009,0.020947594130746,0.0404541937157804,0.00165165464444544,0.0024639553920122,0.00630943636740283,"calcite_flush_4_nondim","FOmean",307
"2",0.0991272834731725,0.00850599158071375,0.00624615717979795,0.028667896422907,0.0418321436595026,0.0038942018276119,0.0127612615479165,0.0165929640784051,"calcite_flush_4_nondim","TEmean",307
"3",0.99320580206676,0.990807686238666,0.99174964255373,0.994268050517338,0.988073282113202,0.988215277549514,0.985030194522331,0.967312194803303,"calcite_flush_4_nondim","FOsd2",307
"4",0.00658635857773825,0.00357939300440748,0.00880572769927179,0.0118536978303458,0.0156930881236758,0.00835491024266929,0.00610380023968479,0.0277142234664734,"calcite_flush_4_nondim","TEsd2",307
