"","curr_inflow_rate","curr_diffusion_coef","curr_porosity","curr_gypsum_rate_constant","curr_calcite_rate_constant","curr_gypsum_surface_area","curr_calcite_surface_area","dfn_volume","output_var","sobol_type","boot_num"
"1",0.0152692365250742,-0.0032341043880184,0.0156132537595289,0.00661577812176975,0.000926803788972653,-0.00181153446852313,0.000299285715672529,0.00635390428019658,"calcite_flush_8_nondim","FOmean",227
"2",0.00932311533966568,0.00285829676666209,0.0254565092534928,0.0100081355410751,0.00375704344642025,0.00592603117969177,0.00494665204056259,0.0128686692676098,"calcite_flush_8_nondim","TEmean",227
"3",0.999907739699655,0.999904598457471,0.999908480216392,0.999903601738427,0.999918907794136,0.999912899022515,0.999918146164061,0.999923034065758,"calcite_flush_8_nondim","FOsd2",227
"4",7.21038652935559e-06,7.24280654708688e-06,4.59136989599066e-06,1.71653833873564e-05,6.08660839196811e-06,6.06361082302515e-06,3.6124003333024e-06,5.49884260143888e-06,"calcite_flush_8_nondim","TEsd2",227
