"","curr_inflow_rate","curr_diffusion_coef","curr_porosity","curr_gypsum_rate_constant","curr_calcite_rate_constant","curr_gypsum_surface_area","curr_calcite_surface_area","dfn_volume","output_var","sobol_type","boot_num"
"1",0.0819579818088443,-0.00353647214675273,0.00369383303466291,0.0371070040787834,0.0227410267221619,-0.00777094365262187,0.0109050730236678,0.0246548975399276,"calcite_flush_5_nondim","FOmean",398
"2",0.101714506442601,0.00209973253757353,0.0036495546551008,0.04735665913852,0.029694505376447,0.00193935510524548,0.00265375687557402,0.0514529998185119,"calcite_flush_5_nondim","TEmean",398
"3",0.99808226748478,0.997078873337755,0.997809737142314,0.998014782950132,0.997655589618394,0.997226154710617,0.997826866643757,0.998384423724703,"calcite_flush_5_nondim","FOsd2",398
"4",0.00145651036441667,0.000365537987816355,0.000318210467342402,0.0010676347441257,0.00148460132849829,0.000213581842383684,0.000489190035615626,0.00167740203149461,"calcite_flush_5_nondim","TEsd2",398
