"","curr_inflow_rate","curr_diffusion_coef","curr_porosity","curr_gypsum_rate_constant","curr_calcite_rate_constant","curr_gypsum_surface_area","curr_calcite_surface_area","dfn_volume","output_var","sobol_type","boot_num"
"1",0.0865376348637443,0.00519968467212862,0.00860889273055247,0.024415381147803,0.029073922532609,-0.000577742169158997,0.00341007480884928,0.00234459169973054,"calcite_flush_4_nondim","FOmean",487
"2",0.118098237763757,0.00544269611134966,0.0125721550915714,0.0241987930896217,0.0471878489155875,0.00186299122746942,0.0114694867566827,0.0156180058867535,"calcite_flush_4_nondim","TEmean",487
"3",-3548.72997432873,-113.612298399861,-9.38249224229015,-682.135310544618,-430.58202904401,-1804.01671450186,-9.14799521676088,-38.5571291606709,"calcite_flush_4_nondim","FOsd2",487
"4",3546.20509991088,104.468769480838,3.76395038041175,661.349883721281,380.511345333773,1783.13853037839,3.02968298259373,31.6533376217753,"calcite_flush_4_nondim","TEsd2",487
