"","curr_inflow_rate","curr_diffusion_coef","curr_porosity","curr_gypsum_rate_constant","curr_calcite_rate_constant","curr_gypsum_surface_area","curr_calcite_surface_area","dfn_volume","output_var","sobol_type","boot_num"
"1",0.000949323955689394,-0.00470671849261009,0.0200440314354522,0.00471823629779213,0.0111174450943783,-0.00040072693786214,0.00489420404766263,0.00937998542259583,"calcite_flush_8_nondim","FOmean",593
"2",0.0104295691742339,0.00237152810559607,0.0302468782578507,0.00668154353471314,0.00366488338965879,0.00188696564729518,0.00349814011908032,0.0119444874912368,"calcite_flush_8_nondim","TEmean",593
"3",0.999972278455044,0.999969499422468,0.999970766772298,0.9999762025979,0.999975447297498,0.999974301466151,0.99997173723984,0.999972837257695,"calcite_flush_8_nondim","FOsd2",593
"4",1.03954984877259e-05,5.80647154583207e-06,8.24278960589664e-06,8.43217543744815e-06,1.36774332962382e-05,5.02394016974657e-06,8.19382070616679e-06,1.09527897766832e-05,"calcite_flush_8_nondim","TEsd2",593
