"","curr_inflow_rate","curr_diffusion_coef","curr_porosity","curr_gypsum_rate_constant","curr_calcite_rate_constant","curr_gypsum_surface_area","curr_calcite_surface_area","dfn_volume","output_var","sobol_type","boot_num"
"1",0.0052587923696504,0.00267137616769397,0.0296841142568829,0.00429849975112531,-0.00420252124315548,0.00870123349380903,0.00175805957485456,0.00877361793978411,"calcite_flush_8_nondim","FOmean",1415
"2",0.00887204465394511,0.0025009456316397,0.0304148017134473,0.00894054420073659,0.00304647072433544,0.00265554266596871,0.00507425913403868,0.0121125748572339,"calcite_flush_8_nondim","TEmean",1415
"3",0.999983443145419,0.999966086881298,0.99998222364433,0.999985725030708,0.999979370102821,0.999989435878973,0.999982644754946,0.999981911091969,"calcite_flush_8_nondim","FOsd2",1415
"4",6.74415103383982e-06,1.66580371488661e-05,7.60283441654726e-06,6.59369190770833e-06,1.36076547560479e-05,4.79070280946949e-06,9.79227655150972e-06,1.22535758328289e-05,"calcite_flush_8_nondim","TEsd2",1415
