"","curr_inflow_rate","curr_diffusion_coef","curr_porosity","curr_gypsum_rate_constant","curr_calcite_rate_constant","curr_gypsum_surface_area","curr_calcite_surface_area","dfn_volume","output_var","sobol_type","boot_num"
"1",0.0562795152125999,-0.00803098779337332,-0.00496485023789617,0.0163193399931434,0.0146005982251256,-0.00314842552616084,0.000812998822006128,0.00368440856506083,"calcite_flush_6_nondim","FOmean",585
"2",0.0513207206210029,0.00380557982289224,0.00600618192384242,0.0120669545699667,0.0136637168535621,0.0038782899631706,0.00459988434433681,0.0227100437255385,"calcite_flush_6_nondim","TEmean",585
"3",0.99875639688724,0.998408362665208,0.998451809561128,0.998332231154294,0.998261132239917,0.998241824574823,0.998413557132253,0.998645280537281,"calcite_flush_6_nondim","FOsd2",585
"4",0.000530512666835378,0.00024485492010673,0.000227033749226287,0.000615774212472201,0.000479487897046385,0.000434319208405863,0.000194554305546276,0.000355752026306689,"calcite_flush_6_nondim","TEsd2",585
