"","curr_inflow_rate","curr_diffusion_coef","curr_porosity","curr_gypsum_rate_constant","curr_calcite_rate_constant","curr_gypsum_surface_area","curr_calcite_surface_area","dfn_volume","output_var","sobol_type","boot_num"
"1",-0.0103988761215828,0.00284113513000116,0.0256655102926743,0.0116223404643255,0.00161769130538524,0.00195795140558913,0.00478717146894492,-0.00438453026695665,"calcite_flush_8_nondim","FOmean",215
"2",0.014224658493303,0.00317339144544814,0.0247435751799593,0.00969063029169493,0.00637525317506609,0.00262875964386154,0.00275136575404647,0.0132552080304874,"calcite_flush_8_nondim","TEmean",215
"3",0.999897077754644,0.999883850367745,0.999902382509948,0.999899538046484,0.999859604765834,0.999901027362788,0.999903494572157,0.999894302170095,"calcite_flush_8_nondim","FOsd2",215
"4",9.24453247566424e-06,2.48563129632389e-05,8.50735006986219e-06,1.2699654903753e-05,2.4523638311746e-05,8.18033244573934e-06,8.75432168833618e-06,4.65933030968503e-06,"calcite_flush_8_nondim","TEsd2",215
