"","curr_inflow_rate","curr_diffusion_coef","curr_porosity","curr_gypsum_rate_constant","curr_calcite_rate_constant","curr_gypsum_surface_area","curr_calcite_surface_area","dfn_volume","output_var","sobol_type","boot_num"
"1",0.00424019872013432,-0.000925333393926877,-0.00655785916333522,0.00587279996199234,0.0306454870190424,0.00249272227308998,-0.0111600916914132,-0.000463249813598223,"calcite_flush_6_nondim","FOmean",51
"2",0.0389584534977921,0.00556998183509573,0.00497293185535324,0.00860051728192482,0.01001391628923,0.00608896717430845,0.00308396247975126,0.0204743466890979,"calcite_flush_6_nondim","TEmean",51
"3",0.999272756551379,0.998844669868683,0.998273989815088,0.998981139999524,0.998765562711499,0.998724813474215,0.998709560105503,0.998512360964231,"calcite_flush_6_nondim","FOsd2",51
"4",0.000834300875043789,0.000244429037645705,0.000439570152280922,0.000221657961099632,0.000538017541457691,0.000294394553685637,0.000372857077415306,0.000454292146429662,"calcite_flush_6_nondim","TEsd2",51
