"","curr_inflow_rate","curr_diffusion_coef","curr_porosity","curr_gypsum_rate_constant","curr_calcite_rate_constant","curr_gypsum_surface_area","curr_calcite_surface_area","dfn_volume","output_var","sobol_type","boot_num"
"1",0.00459464930467149,0.00314218546618668,0.020736913870883,0.00241720488736269,0.00280922324493703,-0.000396667709430258,-0.000982940567815722,0.00525020246197392,"calcite_flush_7_nondim","FOmean",1078
"2",0.0102679770925005,0.0016251503225731,0.0116565090174322,0.00862645008827583,0.00336883302806963,0.0027158939416041,0.00311739143345517,0.0124249656029588,"calcite_flush_7_nondim","TEmean",1078
"3",0.999976044059287,0.999971781534964,0.999975785645671,0.999970839917393,0.999975640301136,0.999970277509435,0.999977132159165,0.999977733702346,"calcite_flush_7_nondim","FOsd2",1078
"4",9.67867363353583e-06,9.96010530854318e-06,5.99116293928876e-06,1.47584760588558e-05,9.00796202465515e-06,1.14122409842124e-05,5.7738870092704e-06,7.85591277098487e-06,"calcite_flush_7_nondim","TEsd2",1078
