"","curr_inflow_rate","curr_diffusion_coef","curr_porosity","curr_gypsum_rate_constant","curr_calcite_rate_constant","curr_gypsum_surface_area","curr_calcite_surface_area","dfn_volume","output_var","sobol_type","boot_num"
"1",0.0437579252476839,0.0018633127243832,-0.00359008815753435,0.0134173074521517,0.0278896256143465,0.00529823016790752,-0.00328543499034583,0.0182334776837612,"calcite_flush_5_nondim","FOmean",1778
"2",0.110776820448056,0.00174834047138692,0.00500574310671704,0.0402281151685261,0.027849336896733,0.00233264086800498,0.00202253290459464,0.0799831782550374,"calcite_flush_5_nondim","TEmean",1778
"3",0.996206128957275,0.996016804902937,0.995963334750383,0.996686979699741,0.996892371170934,0.996081828350976,0.996172087292523,0.995973968074687,"calcite_flush_5_nondim","FOsd2",1778
"4",0.00219022610873106,0.000299113940375484,0.000341054636803313,0.00138844489518445,0.00216873076694539,0.000406564746705195,0.000735956321698996,0.00181339357487974,"calcite_flush_5_nondim","TEsd2",1778
