"","curr_inflow_rate","curr_diffusion_coef","curr_porosity","curr_gypsum_rate_constant","curr_calcite_rate_constant","curr_gypsum_surface_area","curr_calcite_surface_area","dfn_volume","output_var","sobol_type","boot_num"
"1",0.00643204622387338,-0.000391129374967211,0.0176608238348389,0.000304569569845525,0.00129383692699699,-0.00628986629527528,0.00354893385444084,0.0112663417671516,"calcite_flush_8_nondim","FOmean",1499
"2",0.00930334434184306,0.00229359530934178,0.022214239388912,0.00409801185466925,0.00265228983902503,0.00254378432835397,0.00240127719088326,0.0137917679417714,"calcite_flush_8_nondim","TEmean",1499
"3",0.99998329020906,0.999983478095356,0.9999600667954,0.999987538532099,0.999986688957603,0.999985830565364,0.999984210274558,0.999986123610339,"calcite_flush_8_nondim","FOsd2",1499
"4",5.29952237207364e-06,1.05436351791553e-05,7.54476471076074e-06,1.54987830099167e-05,1.60326784624024e-05,1.3736848497663e-05,6.43145610660538e-06,1.29369619190194e-05,"calcite_flush_8_nondim","TEsd2",1499
