"","curr_inflow_rate","curr_diffusion_coef","curr_porosity","curr_gypsum_rate_constant","curr_calcite_rate_constant","curr_gypsum_surface_area","curr_calcite_surface_area","dfn_volume","output_var","sobol_type","boot_num"
"1",-0.00632726338460151,-0.00723220940738036,0.0149270532702471,-0.00388316397826369,0.0034127195151439,0.000927617872045763,-0.000125798130349888,-0.0057353162335638,"calcite_flush_9_nondim","FOmean",1452
"2",0.0118786775206632,0.0032335832156607,0.0217893235732759,0.00646875136344397,0.00482430408967317,0.00190906837760105,0.00298821098623571,0.0123073715467603,"calcite_flush_9_nondim","TEmean",1452
"3",0.999988492264046,0.999990881300557,0.99999063837004,0.999989119964241,0.99999290801746,0.999985847785558,0.999991493057982,0.999992556204886,"calcite_flush_9_nondim","FOsd2",1452
"4",4.62962153173858e-06,2.86450488721843e-06,3.78645932804105e-06,6.18537947754044e-06,3.48952113252355e-06,7.54519546969736e-06,3.10913297277261e-06,2.48065996914906e-06,"calcite_flush_9_nondim","TEsd2",1452
