"","curr_inflow_rate","curr_diffusion_coef","curr_porosity","curr_gypsum_rate_constant","curr_calcite_rate_constant","curr_gypsum_surface_area","curr_calcite_surface_area","dfn_volume","output_var","sobol_type","boot_num"
"1",0.020831342526015,0.00208279289411547,0.00331585919876309,0.00591175563909668,-0.00237616393407237,-0.0110990371619172,0.00600558582611384,0.00433718078101795,"calcite_flush_6_nondim","FOmean",1689
"2",0.0360347926912791,0.00440608619156184,0.00558334540989821,0.00910480129750505,0.00695316487454782,0.00491335651397042,0.00283581141500136,0.0180669731235336,"calcite_flush_6_nondim","TEmean",1689
"3",0.998878597075151,0.99871605295755,0.99859066507702,0.998544533311635,0.998722335553263,0.99876800945522,0.998640009828278,0.998803948145639,"calcite_flush_6_nondim","FOsd2",1689
"4",0.000795469802697138,0.000271172968827774,0.000329025394587701,0.000427072470930032,0.00049531599776817,0.000239535815863223,0.000264441450241071,0.000369155057370994,"calcite_flush_6_nondim","TEsd2",1689
