"","curr_inflow_rate","curr_diffusion_coef","curr_porosity","curr_gypsum_rate_constant","curr_calcite_rate_constant","curr_gypsum_surface_area","curr_calcite_surface_area","dfn_volume","output_var","sobol_type","boot_num"
"1",-0.00849106012412239,-0.00650623302625556,0.0565511195191047,-0.0208601891522785,-0.0102616142305336,0.0129535501318859,-0.00804762089711386,0.0341844190114237,"calcite_flush_9_nondim","FOmean",1656
"2",0.0125304935830003,0.00235463623104083,0.0476794801632463,0.00566348431333047,0.00456623441454029,0.00288721508715693,0.00306540986175038,0.0179163658509774,"calcite_flush_9_nondim","TEmean",1656
"3",0.999961585777427,0.999964855026762,0.999959590033675,0.99995931431816,0.999966567488996,0.999931366614544,0.999961336669702,0.999962070029375,"calcite_flush_9_nondim","FOsd2",1656
"4",7.77073367622683e-06,6.52458275340492e-06,6.78827950593752e-06,1.65211289897035e-05,1.06138212309369e-05,2.95274758455683e-05,7.65736026605684e-06,1.04414033785173e-05,"calcite_flush_9_nondim","TEsd2",1656
