"","curr_inflow_rate","curr_diffusion_coef","curr_porosity","curr_gypsum_rate_constant","curr_calcite_rate_constant","curr_gypsum_surface_area","curr_calcite_surface_area","dfn_volume","output_var","sobol_type","boot_num"
"1",-0.00247458936335444,-0.00175983688883355,0.0211056822665806,0.00287979793842467,-0.000567981454355397,-0.00136354091145417,-0.00191365596089545,0.0340211724916333,"calcite_flush_7_nondim","FOmean",1042
"2",0.0106947689771374,0.00224396967689387,0.0221592255308232,0.00829294686205762,0.00253750565676157,0.00248601445298339,0.00208936965747965,0.0149933126893998,"calcite_flush_7_nondim","TEmean",1042
"3",0.999940463265051,0.999958249652639,0.999954243967396,0.999970421267397,0.999964528981891,0.99995211374482,0.999969194635898,0.999952627640719,"calcite_flush_7_nondim","FOsd2",1042
"4",1.30288719782085e-05,7.60072287181811e-06,9.2181772408558e-06,2.31568737860345e-05,1.90790091741001e-05,5.87649610941257e-06,1.57307250821159e-05,2.88118079758211e-05,"calcite_flush_7_nondim","TEsd2",1042
