"","curr_inflow_rate","curr_diffusion_coef","curr_porosity","curr_gypsum_rate_constant","curr_calcite_rate_constant","curr_gypsum_surface_area","curr_calcite_surface_area","dfn_volume","output_var","sobol_type","boot_num"
"1",0.0170321553778843,0.0022504570166782,0.00341260721772866,-0.0160903066118834,0.000256641345100551,0.000946080957401848,-0.0067008801271361,0.00396072322918525,"calcite_flush_6_nondim","FOmean",591
"2",0.0348751682088855,0.00429691816880555,0.00347517142016449,0.00736679923209593,0.01049765077617,0.00339484090480575,0.00288650680165221,0.0196801482436331,"calcite_flush_6_nondim","TEmean",591
"3",0.999287736418298,0.999124094925799,0.999324196276576,0.999068354985094,0.999190703061504,0.999252237579052,0.999164719927889,0.999168382452434,"calcite_flush_6_nondim","FOsd2",591
"4",0.000427289202041635,0.000131821845709393,0.000243685157370639,0.000233619790062488,0.000325549927327439,0.000225988469353406,0.000145560510592548,0.000310506105152608,"calcite_flush_6_nondim","TEsd2",591
