"","curr_inflow_rate","curr_diffusion_coef","curr_porosity","curr_gypsum_rate_constant","curr_calcite_rate_constant","curr_gypsum_surface_area","curr_calcite_surface_area","dfn_volume","output_var","sobol_type","boot_num"
"1",0.110312954917216,-0.00201290872603756,0.00702359565054844,0.0217548414418499,0.0402746223162944,-0.00120735364387342,0.0102810775063366,-0.00519142773609486,"calcite_flush_4_nondim","FOmean",1501
"2",0.136666938157167,0.00495131568486889,0.00890342050630408,0.0235310666430016,0.0432812352082816,0.00372826346553052,0.0145986617954305,0.0193833149769408,"calcite_flush_4_nondim","TEmean",1501
"3",0.475412979947283,0.63865641864483,0.636010509544304,0.590478957091107,0.657969986984422,0.585205267616679,-4.38344473051019,0.626133213233193,"calcite_flush_4_nondim","FOsd2",1501
"4",0.236844893993078,0.0507922662372681,0.0908018518666078,0.138375441995596,0.0370571051424794,0.0441827333379351,4.41503876701307,0.0231035218319498,"calcite_flush_4_nondim","TEsd2",1501
