"","curr_inflow_rate","curr_diffusion_coef","curr_porosity","curr_gypsum_rate_constant","curr_calcite_rate_constant","curr_gypsum_surface_area","curr_calcite_surface_area","dfn_volume","output_var","sobol_type","boot_num"
"1",0.0330734656598843,-0.00689196707101032,-0.00968125237183811,-0.00316548257744919,-0.00560760986552908,-0.00685482197500948,0.00628148277704139,0.00841076738133465,"calcite_flush_6_nondim","FOmean",1131
"2",0.0455075729140355,0.00767006636807601,0.0067987126575271,0.00941350919908531,0.00911336534384745,0.00659126496423327,0.00368972336485536,0.0199126108503853,"calcite_flush_6_nondim","TEmean",1131
"3",0.999450322710543,0.999234690507584,0.999380881770301,0.999358583835964,0.999402384184258,0.999453712483723,0.999484510994275,0.999501347373377,"calcite_flush_6_nondim","FOsd2",1131
"4",0.000353649653286796,0.00028478919744055,0.000103762351644446,0.000243863491817279,0.000155738018143956,0.000118999763513779,0.000119135353711804,0.000197286441137249,"calcite_flush_6_nondim","TEsd2",1131
