"","curr_inflow_rate","curr_diffusion_coef","curr_porosity","curr_gypsum_rate_constant","curr_calcite_rate_constant","curr_gypsum_surface_area","curr_calcite_surface_area","dfn_volume","output_var","sobol_type","boot_num"
"1",0.00920262370199907,-0.00267066599589443,0.0287099965742152,-0.00855356924410196,0.00438607583136915,-0.00569349830886556,-0.000835044790828146,0.00818490812003604,"calcite_flush_9_nondim","FOmean",192
"2",0.0107063979972664,0.00188766693505355,0.0256561286729033,0.00661931287887817,0.00362352066647734,0.00188756552490034,0.00336816113150232,0.0101168602947267,"calcite_flush_9_nondim","TEmean",192
"3",0.999978407990175,0.999983071294903,0.999977167049245,0.999977795864088,0.999985127464908,0.999979753197126,0.999986635579114,0.999981813897052,"calcite_flush_9_nondim","FOsd2",192
"4",1.27153509153881e-05,6.04786183760378e-06,1.24224247246787e-05,1.33326100593194e-05,7.07418345503114e-06,6.95550276643691e-06,9.23734563385098e-06,5.79643337140207e-06,"calcite_flush_9_nondim","TEsd2",192
