"","curr_inflow_rate","curr_diffusion_coef","curr_porosity","curr_gypsum_rate_constant","curr_calcite_rate_constant","curr_gypsum_surface_area","curr_calcite_surface_area","dfn_volume","output_var","sobol_type","boot_num"
"1",0.0841658928877674,0.00316913975566792,0.00128110172228061,0.0301935216866063,0.0231642854902873,0.00341544769092317,-0.00305520045830091,0.00399488255534208,"calcite_flush_4_nondim","FOmean",211
"2",0.0931004424505903,0.00491636148009245,0.0109415732489268,0.0317787158853766,0.0343969655411557,0.00634850458710184,0.00771580292145581,0.00973359405156399,"calcite_flush_4_nondim","TEmean",211
"3",0.993135041087234,0.993122420868827,0.849310115953212,0.966688907768419,0.987925156773365,0.977388600140039,0.991232579066448,0.921032350843982,"calcite_flush_4_nondim","FOsd2",211
"4",0.000947322191160577,0.00175935833635799,0.122277658049768,0.0300243936424953,0.00362966017911051,0.0164817630812791,0.00319931916804122,0.0788979088265273,"calcite_flush_4_nondim","TEsd2",211
