"","curr_inflow_rate","curr_diffusion_coef","curr_porosity","curr_gypsum_rate_constant","curr_calcite_rate_constant","curr_gypsum_surface_area","curr_calcite_surface_area","dfn_volume","output_var","sobol_type","boot_num"
"1",0.103976086894518,0.0159971916901986,-0.00382675669823055,0.0225613787371826,0.0262302067904588,-0.00054814405486823,0.0223612894053216,-0.00391742410410364,"calcite_flush_4_nondim","FOmean",1723
"2",0.140679303196268,0.0103356318003715,0.00584913859565632,0.0277189845508281,0.0496754670954337,0.00518301725412415,0.0240369507025236,0.0109006680059829,"calcite_flush_4_nondim","TEmean",1723
"3",0.994819906956042,0.994630287055881,0.994718766958248,0.994322728981317,0.994601870369624,0.994598988826011,0.995343468165702,0.994585194981937,"calcite_flush_4_nondim","FOsd2",1723
"4",0.00256203081326,0.00219201319203182,0.0025558976799019,0.000516139342130903,0.00248573279275572,0.00257018887512849,0.0019502535021423,0.00203474973945036,"calcite_flush_4_nondim","TEsd2",1723
