"","curr_inflow_rate","curr_diffusion_coef","curr_porosity","curr_gypsum_rate_constant","curr_calcite_rate_constant","curr_gypsum_surface_area","curr_calcite_surface_area","dfn_volume","output_var","sobol_type","boot_num"
"1",0.0150663682471552,0.00422490453343338,0.0130786352071939,-0.00158367713947937,0.00131079676928328,-0.00027223645327148,0.00295696347490527,0.00465916079223982,"calcite_flush_8_nondim","FOmean",1613
"2",0.00810211157429229,0.00139923379906583,0.0233497380461742,0.00519561008459625,0.00283414872606004,0.00225402429236549,0.00283200449735447,0.0118907594166862,"calcite_flush_8_nondim","TEmean",1613
"3",0.999989841859173,0.999982912804296,0.999990834786542,0.999988360833177,0.999991661011782,0.999988755211103,0.999991312810519,0.99998982699658,"calcite_flush_8_nondim","FOsd2",1613
"4",3.64479696363222e-06,6.78314972990771e-06,2.34268302387885e-06,4.46128912445753e-06,3.48940836297533e-06,3.12332621500118e-06,2.83765341056475e-06,8.61929172072703e-06,"calcite_flush_8_nondim","TEsd2",1613
