"","curr_inflow_rate","curr_diffusion_coef","curr_porosity","curr_gypsum_rate_constant","curr_calcite_rate_constant","curr_gypsum_surface_area","curr_calcite_surface_area","dfn_volume","output_var","sobol_type","boot_num"
"1",0.04944741716073,0.00249029629679329,0.0105234019890075,0.0169684495716639,-0.0250632437512191,0.0133875860851755,0.00143848820609866,0.00236522458488732,"calcite_flush_6_nondim","FOmean",1659
"2",0.0363703798967466,0.00505257144774524,0.00319446746967096,0.0152644271343229,0.0102048102147915,0.00408081719178757,0.00409712583576371,0.0169339350861481,"calcite_flush_6_nondim","TEmean",1659
"3",0.99915761688833,0.99880761010694,0.998912440804761,0.998941344845085,0.998968485353963,0.998951845713751,0.998713803591256,0.998892272891597,"calcite_flush_6_nondim","FOsd2",1659
"4",0.000723903296690523,0.000303475478065204,0.000262092184847263,0.000453311972926188,0.000263138751388158,0.000180891403808826,0.000238195127210502,0.000483473608905141,"calcite_flush_6_nondim","TEsd2",1659
