"","curr_inflow_rate","curr_diffusion_coef","curr_porosity","curr_gypsum_rate_constant","curr_calcite_rate_constant","curr_gypsum_surface_area","curr_calcite_surface_area","dfn_volume","output_var","sobol_type","boot_num"
"1",-0.00417725467697316,0.00256365192916122,0.0246789834920835,-0.00473672502318093,0.00961997725174963,0.0112589369221357,0.00228999228395352,0.00869985674294315,"calcite_flush_8_nondim","FOmean",1049
"2",0.0089654540000988,0.00290728411906807,0.0346598589554415,0.00724894157821014,0.00350850062516823,0.0042111482291478,0.00286252395152839,0.0128710077791879,"calcite_flush_8_nondim","TEmean",1049
"3",0.999976746934998,0.999893610966331,0.999916484712554,0.999981827658116,0.9999614262379,0.99997770876045,0.999960065585394,0.999967120259063,"calcite_flush_8_nondim","FOsd2",1049
"4",2.70737774586681e-05,6.82932031386828e-06,3.95899205308999e-06,6.3366766405304e-05,1.89890775822042e-05,4.72359696547237e-05,2.16395428709424e-05,2.0028612886798e-05,"calcite_flush_8_nondim","TEsd2",1049
