"","curr_inflow_rate","curr_diffusion_coef","curr_porosity","curr_gypsum_rate_constant","curr_calcite_rate_constant","curr_gypsum_surface_area","curr_calcite_surface_area","dfn_volume","output_var","sobol_type","boot_num"
"1",-0.00839184880844743,-0.000700163435225847,0.0197285159801544,-0.000253717684331463,-0.00736118003905941,0.00519713513118191,0.00842738727209521,-0.0106149690414864,"calcite_flush_9_nondim","FOmean",324
"2",0.00972503051041865,0.00166774779099755,0.0257659052311749,0.00518320366600646,0.00305036304679009,0.00295529253289035,0.00312266464755804,0.0112498914362167,"calcite_flush_9_nondim","TEmean",324
"3",0.999981327249995,0.999976637629619,0.999980491381633,0.999981379146688,0.999981259934893,0.999979267061497,0.999979553619865,0.999980266324765,"calcite_flush_9_nondim","FOsd2",324
"4",2.87834294234012e-06,7.67149915024873e-06,2.45281715729315e-06,5.74954743900657e-06,4.19553441661817e-06,4.24812742855518e-06,4.87379705641593e-06,4.01531640508842e-06,"calcite_flush_9_nondim","TEsd2",324
