"","curr_inflow_rate","curr_diffusion_coef","curr_porosity","curr_gypsum_rate_constant","curr_calcite_rate_constant","curr_gypsum_surface_area","curr_calcite_surface_area","dfn_volume","output_var","sobol_type","boot_num"
"1",0.15184502571083,0.000253584263571238,0.00870703269769444,0.0202389976963836,0.0450422080639293,0.00068349989964207,0.00357067575165539,0.0173440900734561,"calcite_flush_4_nondim","FOmean",1351
"2",0.178154338883682,0.00691528557265235,0.0105749538287971,0.023224075740206,0.0577340692710832,0.00537603972784135,0.0104477092669912,0.0246595832055641,"calcite_flush_4_nondim","TEmean",1351
"3",-27.3194526061156,-8.83788721624037,-8.44589056336768,-8.4694860773629,-8.75339946237402,-8.57081290055923,-8.71781981813674,-8.4872587010534,"calcite_flush_4_nondim","FOsd2",1351
"4",17.9155382544315,0.136612725675677,0.175174878897527,0.213817428545034,0.172645154366372,0.291280376552159,0.0878661736470201,0.233064539564962,"calcite_flush_4_nondim","TEsd2",1351
