"","curr_inflow_rate","curr_diffusion_coef","curr_porosity","curr_gypsum_rate_constant","curr_calcite_rate_constant","curr_gypsum_surface_area","curr_calcite_surface_area","dfn_volume","output_var","sobol_type","boot_num"
"1",0.0110748026208481,-0.00397663505663935,0.0139001736717042,0.00447476792013933,-0.00358184570495322,0.00912814464429643,-0.0116197457827216,0.00418242386605664,"calcite_flush_7_nondim","FOmean",418
"2",0.0155703721774266,0.00269079561275042,0.0174033821056634,0.00930075475223299,0.00438260716256651,0.00371270766397983,0.00347024867792528,0.0163395794703162,"calcite_flush_7_nondim","TEmean",418
"3",0.999912574657754,0.999910198983616,0.999853048802893,0.999915264283624,0.999898765805999,0.999905630707303,0.999909638934669,0.999909840603319,"calcite_flush_7_nondim","FOsd2",418
"4",8.77428977465013e-06,9.02910490346291e-06,3.59553901144246e-05,1.90993620260426e-05,1.60511025143577e-05,5.15078006454934e-06,1.93670867291155e-05,1.46707618609185e-05,"calcite_flush_7_nondim","TEsd2",418
