"","curr_inflow_rate","curr_diffusion_coef","curr_porosity","curr_gypsum_rate_constant","curr_calcite_rate_constant","curr_gypsum_surface_area","curr_calcite_surface_area","dfn_volume","output_var","sobol_type","boot_num"
"1",0.0143950560804819,-0.0102310334300779,0.0335978205545952,0.0107845202598562,0.00598603987538235,-0.00124493764047105,-7.83920531746924e-05,-2.33093309167175e-05,"calcite_flush_9_nondim","FOmean",924
"2",0.0112131197291482,0.00201070306417194,0.0383504966404767,0.00606818676633383,0.00565376634828133,0.00212226183882776,0.00224550044274605,0.0149342482539512,"calcite_flush_9_nondim","TEmean",924
"3",0.999942172221566,0.999947355232779,0.999923375307997,0.999953784908966,0.999954795332582,0.999947105376346,0.999952232691645,0.999939986956502,"calcite_flush_9_nondim","FOsd2",924
"4",2.53843645986512e-05,1.45056038642288e-05,2.65677248133415e-05,2.58555237923816e-05,1.62079821191453e-05,1.19251035446433e-05,2.4820416723544e-05,2.49144590568995e-05,"calcite_flush_9_nondim","TEsd2",924
