"","curr_inflow_rate","curr_diffusion_coef","curr_porosity","curr_gypsum_rate_constant","curr_calcite_rate_constant","curr_gypsum_surface_area","curr_calcite_surface_area","dfn_volume","output_var","sobol_type","boot_num"
"1",0.00718002916078984,0.00623453379552489,0.0172763671200887,0.00466890202075507,0.00365018232076624,-0.000157201666779822,0.00671579254601084,0.015084949173037,"calcite_flush_7_nondim","FOmean",1570
"2",0.0161977843931019,0.00272899212345946,0.0204673494652341,0.00876287739470987,0.00436552226590102,0.0023468749582069,0.00369651562395216,0.019330464304192,"calcite_flush_7_nondim","TEmean",1570
"3",0.999966260126331,0.999961243224037,0.999963640289,0.999972482184645,0.999966128113149,0.999970497940074,0.999957760879572,0.999957867292228,"calcite_flush_7_nondim","FOsd2",1570
"4",1.41935181779074e-05,9.89542103186608e-06,1.20864487504916e-05,1.34571139061864e-05,1.40786291849739e-05,9.17082512386547e-06,1.40994086447882e-05,2.90681781367075e-05,"calcite_flush_7_nondim","TEsd2",1570
