"","curr_inflow_rate","curr_diffusion_coef","curr_porosity","curr_gypsum_rate_constant","curr_calcite_rate_constant","curr_gypsum_surface_area","curr_calcite_surface_area","dfn_volume","output_var","sobol_type","boot_num"
"1",0.0804560493217179,0.00617991671132153,0.00224646431741037,0.0234080867605362,0.0108228051641494,-0.00250401760674992,0.00303686768327781,0.0135612928059182,"calcite_flush_5_nondim","FOmean",428
"2",0.111115822313485,0.00366376949017283,0.00198585887894848,0.0462221362693531,0.0233771437477834,0.00330419335779641,0.00528721994662681,0.0451815201781837,"calcite_flush_5_nondim","TEmean",428
"3",0.997713885616795,0.997051805716512,0.997842608542017,0.997697931340077,0.997799445869158,0.997481024624063,0.997659267839268,0.998215866600704,"calcite_flush_5_nondim","FOsd2",428
"4",0.00138906682146748,0.000535732878411504,0.000640058658040494,0.00161676918638344,0.000815080538404587,0.000805387200935374,0.000390469331295298,0.00137498240826116,"calcite_flush_5_nondim","TEsd2",428
