"","curr_inflow_rate","curr_diffusion_coef","curr_porosity","curr_gypsum_rate_constant","curr_calcite_rate_constant","curr_gypsum_surface_area","curr_calcite_surface_area","dfn_volume","output_var","sobol_type","boot_num"
"1",0.00147665753654411,-0.00539610576500004,0.0485163433368197,0.000579486441543247,-0.00485635508154039,-0.000259910521322143,-0.00648925413604978,0.0348852234266882,"calcite_flush_9_nondim","FOmean",486
"2",0.0123898789716046,0.00225429053793755,0.0491323453106371,0.0036898916230942,0.00496470868153366,0.0022451389889726,0.00256616136926834,0.0223469370023286,"calcite_flush_9_nondim","TEmean",486
"3",0.999972952027793,0.999970141476659,0.999966068503094,0.999971656384134,0.999966846717748,0.999968006576548,0.999975172084453,0.999968653540426,"calcite_flush_9_nondim","FOsd2",486
"4",1.03322562008983e-05,5.32398434993986e-06,8.08160080676701e-06,1.1102396713064e-05,1.67803619359252e-05,9.52528098626447e-06,8.81978427577118e-06,1.14780306445019e-05,"calcite_flush_9_nondim","TEsd2",486
