"","curr_inflow_rate","curr_diffusion_coef","curr_porosity","curr_gypsum_rate_constant","curr_calcite_rate_constant","curr_gypsum_surface_area","curr_calcite_surface_area","dfn_volume","output_var","sobol_type","boot_num"
"1",0.124909047804735,0.0060587100534652,0.00501090984199035,0.00708747923003132,0.0491655211039434,0.00163089727210286,-0.00981499455634181,0.00265692125652931,"calcite_flush_4_nondim","FOmean",319
"2",0.14082755653793,0.00728995389424364,0.0063836415129128,0.0185578202171492,0.0626992592339507,0.00621635895442728,0.0132515911960635,0.0148997327458507,"calcite_flush_4_nondim","TEmean",319
"3",-142.288352634364,-56.8400624065382,-60.8714645551307,-60.411585448831,-82.8922866105718,-73.2937806354472,-83.7949773275313,-82.4046826634098,"calcite_flush_4_nondim","FOsd2",319
"4",52.0539510571052,18.9668954480839,3.01636741596114,5.91651554564555,50.9404595737301,42.8134990749812,53.5648294947641,3.44597160630598,"calcite_flush_4_nondim","TEsd2",319
