"","curr_inflow_rate","curr_diffusion_coef","curr_porosity","curr_gypsum_rate_constant","curr_calcite_rate_constant","curr_gypsum_surface_area","curr_calcite_surface_area","dfn_volume","output_var","sobol_type","boot_num"
"1",0.0849197176880507,0.00344133723515718,0.00579336619804885,0.00823840460098043,0.0287645583989409,0.000961445313104803,0.0038475182396994,0.00538278309795937,"calcite_flush_4_nondim","FOmean",1453
"2",0.10388381104301,0.0047978901547432,0.00633505466133649,0.0151008846730091,0.0400545939237278,0.0044970456189367,0.0139327221823372,0.016092116465048,"calcite_flush_4_nondim","TEmean",1453
"3",0.854898413573648,0.87617966716835,0.340365652177323,0.764176455387914,0.799614773025776,0.68939195099662,0.861548131452641,0.861056190607775,"calcite_flush_4_nondim","FOsd2",1453
"4",0.01040671561538,0.0164128277268916,0.519276914147062,0.0586988042868311,0.0493340089092952,0.197805684933356,0.0163981617091055,0.0091180622920366,"calcite_flush_4_nondim","TEsd2",1453
