"","curr_inflow_rate","curr_diffusion_coef","curr_porosity","curr_gypsum_rate_constant","curr_calcite_rate_constant","curr_gypsum_surface_area","curr_calcite_surface_area","dfn_volume","output_var","sobol_type","boot_num"
"1",0.00312249613292998,0.00173936730331833,0.0207371386665678,0.0110261772807273,-0.00296953441519523,-0.00234059991074266,-0.00405264629877124,0.00453700459678205,"calcite_flush_8_nondim","FOmean",1709
"2",0.00946203896232486,0.0017818060644812,0.021581333383885,0.00782415832966948,0.00294695057689395,0.00266950343467579,0.00353932374077442,0.0106494644867959,"calcite_flush_8_nondim","TEmean",1709
"3",0.999973408981742,0.999973351327775,0.99997596512845,0.999970756478297,0.999974993674788,0.999974381499453,0.99997367956357,0.999973703756115,"calcite_flush_8_nondim","FOsd2",1709
"4",2.35149256675605e-06,1.43057835298259e-06,4.47587935860556e-06,8.74556326424865e-06,6.10958542830592e-06,3.28079855839333e-06,4.07903145121771e-06,4.61406816226676e-06,"calcite_flush_8_nondim","TEsd2",1709
