"","curr_inflow_rate","curr_diffusion_coef","curr_porosity","curr_gypsum_rate_constant","curr_calcite_rate_constant","curr_gypsum_surface_area","curr_calcite_surface_area","dfn_volume","output_var","sobol_type","boot_num"
"1",-0.00401354841104021,-0.000287531925194055,0.0336753969984888,0.00859871802358525,-0.0114993376219821,0.00446782913965853,0.000132586108710793,0.00125373093883033,"calcite_flush_8_nondim","FOmean",1631
"2",0.014815092268416,0.00204201313674489,0.0309060531714053,0.00622935546383361,0.00678504204581927,0.00222374583424443,0.0028815534731838,0.0145441102499925,"calcite_flush_8_nondim","TEmean",1631
"3",0.999972667434626,0.999970778544107,0.9999760396032,0.999970306432513,0.999977101777311,0.999960859594993,0.99996593679498,0.999965630368206,"calcite_flush_8_nondim","FOsd2",1631
"4",7.24637423543229e-06,7.17492291524298e-06,6.36202917984811e-06,9.44344257969293e-06,1.59218896178875e-05,1.46306249447334e-05,6.63812340051656e-06,8.58248338802539e-06,"calcite_flush_8_nondim","TEsd2",1631
