"","curr_inflow_rate","curr_diffusion_coef","curr_porosity","curr_gypsum_rate_constant","curr_calcite_rate_constant","curr_gypsum_surface_area","curr_calcite_surface_area","dfn_volume","output_var","sobol_type","boot_num"
"1",-0.00565550399382572,-0.00505733222926144,0.0234427363591133,0.00494264685409004,0.00062139907546432,-0.00488548537205742,0.00765020574960809,0.0305106249118229,"calcite_flush_9_nondim","FOmean",876
"2",0.0113251217401663,0.00170008845446971,0.0354108470319363,0.00434036629531718,0.00501501322957173,0.00193273877232874,0.00178518561178412,0.0167262006853715,"calcite_flush_9_nondim","TEmean",876
"3",0.999935126837849,0.999945889918341,0.999952821351121,0.999950928704851,0.999959639165268,0.999956986851268,0.999938230998723,0.999946329632817,"calcite_flush_9_nondim","FOsd2",876
"4",2.43038677087969e-05,7.04204381133189e-06,4.64866704119435e-06,2.99378122481583e-05,2.54352391141704e-05,7.33732043095318e-06,1.65077620555661e-05,2.9175129719375e-05,"calcite_flush_9_nondim","TEsd2",876
