"","curr_inflow_rate","curr_diffusion_coef","curr_porosity","curr_gypsum_rate_constant","curr_calcite_rate_constant","curr_gypsum_surface_area","curr_calcite_surface_area","dfn_volume","output_var","sobol_type","boot_num"
"1",0.0059420630886361,0.0100582260577993,0.0109281229199177,0.00250545205957405,0.00480097186179291,0.000990901899812892,-0.00354615417323079,0.0187467622067479,"calcite_flush_7_nondim","FOmean",556
"2",0.0144011699696265,0.00412494983128874,0.0292786341864164,0.00873836086860543,0.00468726349246837,0.00315197653254715,0.00332083873722049,0.0151567201557857,"calcite_flush_7_nondim","TEmean",556
"3",0.999938908348409,0.999948497641468,0.999940240383028,0.99994702051237,0.999957211420381,0.999949465849481,0.999957546620209,0.999956482423285,"calcite_flush_7_nondim","FOsd2",556
"4",1.85240940457971e-05,1.33487781317391e-05,1.89561825847143e-05,2.16378347717997e-05,1.56807857974887e-05,1.35072844986287e-05,1.43304590214988e-05,1.59525025050474e-05,"calcite_flush_7_nondim","TEsd2",556
