"","curr_inflow_rate","curr_diffusion_coef","curr_porosity","curr_gypsum_rate_constant","curr_calcite_rate_constant","curr_gypsum_surface_area","curr_calcite_surface_area","dfn_volume","output_var","sobol_type","boot_num"
"1",-0.000178953515121355,0.00136126416789672,0.0150639480592266,0.00441511416643486,-0.000634736248221612,0.00429086911763086,-5.06689091182144e-05,0.0171260671468213,"calcite_flush_8_nondim","FOmean",977
"2",0.00886629919786679,0.00190664505601607,0.0200797084194331,0.00694903431372098,0.00369298873065365,0.00312724481702177,0.0036494624984068,0.0127280271510256,"calcite_flush_8_nondim","TEmean",977
"3",0.999988743476421,0.9999881164661,0.999977938029548,0.9999876887488,0.999978362877103,0.999990092883076,0.99997626935459,0.999988698409605,"calcite_flush_8_nondim","FOsd2",977
"4",6.17174161923238e-06,8.67586812050654e-06,3.91601460191837e-06,1.09223615555569e-05,5.39981443710069e-06,5.71027137961742e-06,8.0562743203274e-06,9.73089351829466e-06,"calcite_flush_8_nondim","TEsd2",977
