"","curr_inflow_rate","curr_diffusion_coef","curr_porosity","curr_gypsum_rate_constant","curr_calcite_rate_constant","curr_gypsum_surface_area","curr_calcite_surface_area","dfn_volume","output_var","sobol_type","boot_num"
"1",0.00884854351249854,0.00376919252968053,0.0093622205157933,-0.00839041080651034,0.0139843656763238,-0.00255689293012161,0.00704251272630922,0.0160095906031715,"calcite_flush_6_nondim","FOmean",933
"2",0.0395592948428806,0.00344048257473795,0.00298229653751005,0.00908811032005656,0.0137338837364933,0.00345877680086567,0.0048007198838743,0.0171696617525697,"calcite_flush_6_nondim","TEmean",933
"3",0.999342592616673,0.999176127003949,0.999180064080397,0.999278652900955,0.999194704898585,0.99905765652872,0.99899501069483,0.999273126749186,"calcite_flush_6_nondim","FOsd2",933
"4",0.000495589792465746,0.000146069476323363,0.000128190556328558,0.000269331601092303,0.000219050830336299,0.000161727428864603,9.08746194549164e-05,0.000231084142161044,"calcite_flush_6_nondim","TEsd2",933
