"","curr_inflow_rate","curr_diffusion_coef","curr_porosity","curr_gypsum_rate_constant","curr_calcite_rate_constant","curr_gypsum_surface_area","curr_calcite_surface_area","dfn_volume","output_var","sobol_type","boot_num"
"1",0.00496530478973621,0.000652582176376852,0.0392220912768313,0.00371118711841991,-0.000182558264506947,0.00461475942331546,0.0024078802212012,0.00346967578772323,"calcite_flush_8_nondim","FOmean",869
"2",0.0114256201391383,0.00302899222189528,0.0411402521342858,0.00808565419286286,0.00378300085699475,0.00309030899803254,0.00350156476328409,0.0140759380878303,"calcite_flush_8_nondim","TEmean",869
"3",0.999970521761473,0.999969107396979,0.999969966643751,0.999977053856584,0.999952654690228,0.999977470119228,0.999965141781755,0.999978457446081,"calcite_flush_8_nondim","FOsd2",869
"4",1.65605494384033e-05,1.14185552039286e-05,1.03392868704628e-05,8.03434143939061e-06,3.24575123419155e-05,5.50018070497095e-06,1.89949338141987e-05,7.74050477545081e-06,"calcite_flush_8_nondim","TEsd2",869
