"","curr_inflow_rate","curr_diffusion_coef","curr_porosity","curr_gypsum_rate_constant","curr_calcite_rate_constant","curr_gypsum_surface_area","curr_calcite_surface_area","dfn_volume","output_var","sobol_type","boot_num"
"1",0.0231061485234055,0.00185850943654337,0.0188605798129462,0.00966771146276604,0.00391136643939856,-0.00329027900470406,0.0172514362976322,0.00133334522984038,"calcite_flush_7_nondim","FOmean",100
"2",0.0166057880068332,0.00304596788600583,0.0249196408690249,0.00853680306770623,0.00359170208897884,0.00255631356187677,0.00397707072421275,0.014555115933775,"calcite_flush_7_nondim","TEmean",100
"3",0.999973937668437,0.999960349329904,0.999978539889916,0.999915645628124,0.999970049613974,0.999978912920736,0.999973906141608,0.999975498170853,"calcite_flush_7_nondim","FOsd2",100
"4",8.36770039705306e-06,1.66713612358504e-05,4.68330231877257e-06,7.36912813532653e-05,1.43958437434415e-05,3.92707410360097e-06,9.22378908304425e-06,7.11283705195461e-06,"calcite_flush_7_nondim","TEsd2",100
