"","curr_inflow_rate","curr_diffusion_coef","curr_porosity","curr_gypsum_rate_constant","curr_calcite_rate_constant","curr_gypsum_surface_area","curr_calcite_surface_area","dfn_volume","output_var","sobol_type","boot_num"
"1",0.0032166242148685,0.000724192892057006,0.0105162213948474,0.00332260504845196,-0.00850058880107601,0.00268643724720664,-0.00165052388389833,0.0130302801810427,"calcite_flush_8_nondim","FOmean",1097
"2",0.0128803484832318,0.00181669983995091,0.0198114525689461,0.00763079479663297,0.00503677995499004,0.00282454433125591,0.00269026481434721,0.0128791511106191,"calcite_flush_8_nondim","TEmean",1097
"3",0.999970203234699,0.999970209751907,0.999962356780174,0.9999720901084,0.999958432150987,0.999966305735774,0.999965313011016,0.999968396012864,"calcite_flush_8_nondim","FOsd2",1097
"4",7.77985615422368e-06,3.4841628843614e-06,5.07298823026209e-06,1.05219393683025e-05,1.78146918901249e-05,1.14910923643056e-05,6.71338100805978e-06,1.36603594654675e-05,"calcite_flush_8_nondim","TEsd2",1097
