"","curr_inflow_rate","curr_diffusion_coef","curr_porosity","curr_gypsum_rate_constant","curr_calcite_rate_constant","curr_gypsum_surface_area","curr_calcite_surface_area","dfn_volume","output_var","sobol_type","boot_num"
"1",0.00770093690755146,0.00517842512575684,0.0227008670629446,0.00254168607617566,0.00494388670885628,0.00237760317842058,-0.00162944677744496,0.00277313069279794,"calcite_flush_9_nondim","FOmean",954
"2",0.00983626739575579,0.00149639046278901,0.0214883282426906,0.00289037872505191,0.0029660274437232,0.00180763631564774,0.00166143337935409,0.00989927135441176,"calcite_flush_9_nondim","TEmean",954
"3",0.999994101770808,0.999993363470489,0.999993212313444,0.999989232046394,0.999994930365614,0.999993200271996,0.999993384096872,0.999993838200143,"calcite_flush_9_nondim","FOsd2",954
"4",2.37755319547982e-06,1.79852514333978e-06,2.25606450540597e-06,5.94707307176534e-06,2.2715715410234e-06,2.26689355284954e-06,2.59681856817727e-06,4.65942213150299e-06,"calcite_flush_9_nondim","TEsd2",954
