"","curr_inflow_rate","curr_diffusion_coef","curr_porosity","curr_gypsum_rate_constant","curr_calcite_rate_constant","curr_gypsum_surface_area","curr_calcite_surface_area","dfn_volume","output_var","sobol_type","boot_num"
"1",0.00953773982387107,0.00205856528538821,0.0112398345061437,-0.00553041013230703,-0.00345169065516291,-0.00168440520156351,0.00544842314500843,-0.00334391712013613,"calcite_flush_9_nondim","FOmean",1722
"2",0.00896758770977708,0.00140476718835883,0.0149224983367068,0.00482449179270679,0.00249500496948995,0.00227416139119066,0.0043989418578598,0.0116591063130136,"calcite_flush_9_nondim","TEmean",1722
"3",0.999987369438609,0.999984955212491,0.999988550476707,0.99999026920411,0.999990791454139,0.999989128625616,0.99998859664091,0.999990719186044,"calcite_flush_9_nondim","FOsd2",1722
"4",3.53369429562683e-06,5.55913600595569e-06,3.53694167157789e-06,6.40439348905751e-06,2.55772495747219e-06,3.30168499393134e-06,1.77603962362542e-06,7.60837558871018e-06,"calcite_flush_9_nondim","TEsd2",1722
