"","curr_inflow_rate","curr_diffusion_coef","curr_porosity","curr_gypsum_rate_constant","curr_calcite_rate_constant","curr_gypsum_surface_area","curr_calcite_surface_area","dfn_volume","output_var","sobol_type","boot_num"
"1",0.0387161141931971,0.0037937928597806,0.000311436630722891,0.0183877745425498,0.00131585946510613,-0.0174632489964948,0.00757447319814828,0.0035161588294935,"calcite_flush_6_nondim","FOmean",981
"2",0.0377711361464396,0.00469740373070985,0.00284316252454288,0.00805237804926435,0.00819410028002934,0.00458481551022275,0.00344262487892487,0.0161099409605244,"calcite_flush_6_nondim","TEmean",981
"3",0.99903031517327,0.999049573536091,0.999041569725722,0.998934821336008,0.999013186730782,0.998969708865412,0.999043998997449,0.998826453392229,"calcite_flush_6_nondim","FOsd2",981
"4",0.000785965314241106,0.000232975259777328,0.000234611074810786,0.00038450497923501,0.000248743356174583,0.000343925650837912,0.000206622657247452,0.000369880182903685,"calcite_flush_6_nondim","TEsd2",981
