"","curr_inflow_rate","curr_diffusion_coef","curr_porosity","curr_gypsum_rate_constant","curr_calcite_rate_constant","curr_gypsum_surface_area","curr_calcite_surface_area","dfn_volume","output_var","sobol_type","boot_num"
"1",0.124133444963686,-0.000291599452349775,0.00609519770973083,0.0274669795603879,0.00891937173643996,0.00318130017032755,-0.00870731248854448,0.0116907640374154,"calcite_flush_4_nondim","FOmean",607
"2",0.128661377006637,0.00509524084446957,0.0105278337481211,0.0274985375297805,0.0305961997917732,0.0023939298139781,0.0153000912093458,0.0120615508851643,"calcite_flush_4_nondim","TEmean",607
"3",-4.95702538975525,-2.2929102778963,-231.147801473694,-2.34654540782685,-3.07735205547846,-2.18816583459103,-2.65172836595123,-376.949880767986,"calcite_flush_4_nondim","FOsd2",607
"4",2.81718351444495,0.835052474550833,226.13435399026,1.10527370352877,0.670949925509874,0.232568123706251,0.312864411622914,357.693698744455,"calcite_flush_4_nondim","TEsd2",607
