"","curr_inflow_rate","curr_diffusion_coef","curr_porosity","curr_gypsum_rate_constant","curr_calcite_rate_constant","curr_gypsum_surface_area","curr_calcite_surface_area","dfn_volume","output_var","sobol_type","boot_num"
"1",0.0336452159023963,0.0052534677550949,0.00569504873065716,-0.0068178942795123,0.0127579560437016,0.0169275587747951,0.00819641376077846,0.0204409200984988,"calcite_flush_6_nondim","FOmean",645
"2",0.0375496103369842,0.00503463719998021,0.00568354338272105,0.00591527226372542,0.00872590381849125,0.00440038341467145,0.00264571030578939,0.0194522634515604,"calcite_flush_6_nondim","TEmean",645
"3",0.999422910400527,0.999230210195396,0.99927130093811,0.999141031092342,0.999253859223483,0.999158176658784,0.999159139904486,0.99922810558896,"calcite_flush_6_nondim","FOsd2",645
"4",0.000324370889512553,0.000116742130671869,0.000156446361598005,0.000279051328755703,0.000135208308440316,0.00013405722342592,0.000116116667859991,0.000264954911273174,"calcite_flush_6_nondim","TEsd2",645
