"","curr_inflow_rate","curr_diffusion_coef","curr_porosity","curr_gypsum_rate_constant","curr_calcite_rate_constant","curr_gypsum_surface_area","curr_calcite_surface_area","dfn_volume","output_var","sobol_type","boot_num"
"1",0.0100662253571035,0.00913199622421776,0.0288052410769674,0.00822602198908097,0.013402546975146,0.00331874361136435,-0.00740092841351305,-0.00701870499466847,"calcite_flush_7_nondim","FOmean",982
"2",0.0192886791451704,0.0030331593535676,0.0313815013423345,0.00656706286321233,0.00685928478756852,0.00316307207438968,0.0033265342944803,0.0112897675084268,"calcite_flush_7_nondim","TEmean",982
"3",0.999953436384622,0.999942380538508,0.999956982574348,0.999879609784104,0.999965706003375,0.999913524172437,0.999947746835275,0.999957568999368,"calcite_flush_7_nondim","FOsd2",982
"4",1.61679328036579e-05,1.50067176745499e-05,1.78653912452443e-05,9.72998725640811e-05,2.60838897530765e-05,3.07164335762412e-05,3.44013792939114e-05,1.99321678151048e-05,"calcite_flush_7_nondim","TEsd2",982
