"","curr_inflow_rate","curr_diffusion_coef","curr_porosity","curr_gypsum_rate_constant","curr_calcite_rate_constant","curr_gypsum_surface_area","curr_calcite_surface_area","dfn_volume","output_var","sobol_type","boot_num"
"1",0.0363196822132899,-0.00414930219732629,0.00787009446229122,0.00542897405933191,0.000672155241852532,-0.0074299924124084,0.0066083522832138,0.00522394132440674,"calcite_flush_6_nondim","FOmean",1797
"2",0.034876942816737,0.00448246224459125,0.00403909657959982,0.0101480100115264,0.00853016210191934,0.00372549115746489,0.00415958945165869,0.0211004178603337,"calcite_flush_6_nondim","TEmean",1797
"3",0.999484013202629,0.999297137307251,0.999035916360136,0.999281756471546,0.999244761272613,0.999198457113751,0.999175154743571,0.999239572951931,"calcite_flush_6_nondim","FOsd2",1797
"4",0.000515598817751195,0.000140304160981457,0.000207221667657096,0.000265994450715269,0.000207953182647668,0.000138896349963188,0.000133224462513244,0.000278469825294276,"calcite_flush_6_nondim","TEsd2",1797
