"","curr_inflow_rate","curr_diffusion_coef","curr_porosity","curr_gypsum_rate_constant","curr_calcite_rate_constant","curr_gypsum_surface_area","curr_calcite_surface_area","dfn_volume","output_var","sobol_type","boot_num"
"1",-0.00314653200867529,0.00556803388669838,0.0395966711756374,-0.00216380954772383,0.00125636689918487,-0.00272317564668354,0.00863542436422912,0.0122685850689946,"calcite_flush_8_nondim","FOmean",1181
"2",0.0126940902504022,0.00200093978457216,0.0265635490142061,0.00812281308224292,0.00434089327878071,0.00350149223038248,0.0032230398741612,0.0132858547174486,"calcite_flush_8_nondim","TEmean",1181
"3",0.999923270567772,0.999981088052014,0.999916849230565,0.999979303633971,0.999954977427971,0.999932525970389,0.999968352494693,0.999955924942943,"calcite_flush_8_nondim","FOsd2",1181
"4",9.90878466253704e-06,4.7087358408656e-05,1.8162933025124e-05,5.69800195849974e-05,1.06413482089325e-05,2.70689809145297e-05,2.27821154023211e-05,1.53480830889847e-05,"calcite_flush_8_nondim","TEsd2",1181
