"","curr_inflow_rate","curr_diffusion_coef","curr_porosity","curr_gypsum_rate_constant","curr_calcite_rate_constant","curr_gypsum_surface_area","curr_calcite_surface_area","dfn_volume","output_var","sobol_type","boot_num"
"1",0.00586044589329749,-0.000127583793865843,0.00695925701037574,0.0032859864471497,0.00862994261817168,-0.00487127262100123,0.00352912162884984,0.0186056317048118,"calcite_flush_9_nondim","FOmean",1536
"2",0.0121742021092519,0.00275665165557288,0.0374107992574833,0.00861774824461348,0.00428780107904107,0.00469467458742882,0.00309153821502421,0.0164056761868948,"calcite_flush_9_nondim","TEmean",1536
"3",0.999961434062469,0.99996151998498,0.999963477718058,0.999963259866656,0.999956568937599,0.999962096789483,0.999955773064612,0.999961373112331,"calcite_flush_9_nondim","FOsd2",1536
"4",6.98583634360627e-06,6.06519470581321e-06,7.70355491482982e-06,1.22905555783254e-05,1.60834812686468e-05,6.43756685066583e-06,7.56048913077244e-06,9.23207220877762e-06,"calcite_flush_9_nondim","TEsd2",1536
