"","curr_inflow_rate","curr_diffusion_coef","curr_porosity","curr_gypsum_rate_constant","curr_calcite_rate_constant","curr_gypsum_surface_area","curr_calcite_surface_area","dfn_volume","output_var","sobol_type","boot_num"
"1",0.00579153230710809,0.00904553179432788,0.021235079259934,0.00450295322329445,0.0185791894502062,0.00746590490091133,0.0173568118619495,0.00694941839591366,"calcite_flush_6_nondim","FOmean",1161
"2",0.0416123583532399,0.00464287197189606,0.0044443508521565,0.00907068326845573,0.00911909393643363,0.00418797288962597,0.00363579548649067,0.0172520036561723,"calcite_flush_6_nondim","TEmean",1161
"3",0.999158851951892,0.998814110697109,0.9990735079283,0.999002543178169,0.999087399117327,0.999020024662394,0.999022453227734,0.999035764696888,"calcite_flush_6_nondim","FOsd2",1161
"4",0.000748329701622721,0.00035444206513586,0.000185940175792371,0.000292798588528199,0.000259539366297428,0.00022108298149365,0.000270387375872337,0.000420228922937206,"calcite_flush_6_nondim","TEsd2",1161
