"","curr_inflow_rate","curr_diffusion_coef","curr_porosity","curr_gypsum_rate_constant","curr_calcite_rate_constant","curr_gypsum_surface_area","curr_calcite_surface_area","dfn_volume","output_var","sobol_type","boot_num"
"1",-0.0119041189542755,-0.00534203777092542,0.0152261156047985,0.00818657981601189,-0.00181214496397916,0.00293912299043825,0.00218223747610089,-0.00742960378021305,"calcite_flush_9_nondim","FOmean",1086
"2",0.0132748472445847,0.00166497676607117,0.0267581854787724,0.00571044150004922,0.00453747068906396,0.0023545238669936,0.00307322251826258,0.0148218823471765,"calcite_flush_9_nondim","TEmean",1086
"3",0.999922037057348,0.99995461290223,0.999957774826089,0.999964801007853,0.99996346981508,0.99996368294642,0.99996252273201,0.999959123399493,"calcite_flush_9_nondim","FOsd2",1086
"4",3.276354605374e-05,1.89155773406059e-05,1.1554253737589e-05,2.84024037902389e-05,2.13189432804331e-05,1.99470871265844e-05,2.34021451278182e-05,2.10663560250872e-05,"calcite_flush_9_nondim","TEsd2",1086
