"","curr_inflow_rate","curr_diffusion_coef","curr_porosity","curr_gypsum_rate_constant","curr_calcite_rate_constant","curr_gypsum_surface_area","curr_calcite_surface_area","dfn_volume","output_var","sobol_type","boot_num"
"1",0.0219517363090779,-0.0232725426229222,-0.0223224285526334,-0.000288835561391435,-0.00527689248160889,0.00210200619074993,0.0210097675532251,-0.0111366285637731,"calcite_flush_6_nondim","FOmean",1545
"2",0.032260356250475,0.0030591817929503,0.00310786823335613,0.00798168348897526,0.0125717651014887,0.00299869932683249,0.0054422016392132,0.0156073314516864,"calcite_flush_6_nondim","TEmean",1545
"3",0.999003497919663,0.998903515969307,0.998463606461677,0.998865901093057,0.998980387258842,0.998818284618976,0.9987284452416,0.998277110263472,"calcite_flush_6_nondim","FOsd2",1545
"4",0.000427832466806414,0.000120608563841662,0.000299024762500847,0.000871997796682321,0.000236375481971497,0.000764848242424278,0.000668967210390008,0.000379448599941022,"calcite_flush_6_nondim","TEsd2",1545
