"","curr_inflow_rate","curr_diffusion_coef","curr_porosity","curr_gypsum_rate_constant","curr_calcite_rate_constant","curr_gypsum_surface_area","curr_calcite_surface_area","dfn_volume","output_var","sobol_type","boot_num"
"1",0.00145339047606403,0.0107862593456701,0.0355251582725455,0.0122205079803472,-0.00415400998402286,0.00608312097136326,0.00190704224168699,0.0197048399001001,"calcite_flush_8_nondim","FOmean",455
"2",0.00996449518676471,0.00388995087158829,0.0222263205033465,0.00798632325403811,0.00501625784041045,0.00216048683074,0.00248778873835289,0.0120229710407718,"calcite_flush_8_nondim","TEmean",455
"3",0.999970534843594,0.999975938662875,0.999975831043854,0.999980178597971,0.999976782142309,0.999975340330104,0.999974919492489,0.99997737410805,"calcite_flush_8_nondim","FOsd2",455
"4",8.82197444075507e-06,4.01504033582161e-06,6.09059611172459e-06,8.43740037379419e-06,8.81760685237751e-06,5.28311079132161e-06,3.35982976517028e-06,5.40476114704875e-06,"calcite_flush_8_nondim","TEsd2",455
