"","curr_inflow_rate","curr_diffusion_coef","curr_porosity","curr_gypsum_rate_constant","curr_calcite_rate_constant","curr_gypsum_surface_area","curr_calcite_surface_area","dfn_volume","output_var","sobol_type","boot_num"
"1",-0.00234506855223224,-0.00814067663732386,0.0166998276623793,-0.00667716057460356,-0.00440591539346929,0.00449288030366212,0.000356044851446704,0.00124032916888381,"calcite_flush_9_nondim","FOmean",1716
"2",0.0114530727010532,0.00170655244367366,0.0279167535104928,0.00990513532173429,0.00532430334288781,0.00326772519054732,0.00338896227300042,0.0129719680019978,"calcite_flush_9_nondim","TEmean",1716
"3",0.999980617047398,0.999937254863687,0.999979961632473,0.999985418222394,0.999961613382667,0.999980593860249,0.999969791893526,0.999964244155545,"calcite_flush_9_nondim","FOsd2",1716
"4",9.51680080574738e-06,4.09978414233753e-05,8.60258914257352e-06,1.55837308529e-05,1.63214794141042e-05,1.21371480088066e-05,1.77802858867512e-05,8.81899217989371e-06,"calcite_flush_9_nondim","TEsd2",1716
