"","curr_inflow_rate","curr_diffusion_coef","curr_porosity","curr_gypsum_rate_constant","curr_calcite_rate_constant","curr_gypsum_surface_area","curr_calcite_surface_area","dfn_volume","output_var","sobol_type","boot_num"
"1",-0.00377050013716348,0.0069834239028734,0.00772698644852415,0.00799363647008653,-0.0106108484445997,0.00728909505121151,-0.00341805276412404,-0.00166089611545518,"calcite_flush_8_nondim","FOmean",251
"2",0.00984861730380442,0.00237763984853922,0.0344220313953863,0.00862511154367714,0.00435157655318269,0.00250417762403747,0.00311314325902849,0.0129027705707122,"calcite_flush_8_nondim","TEmean",251
"3",0.999979129111576,0.999974972100794,0.999946053196982,0.999978861422777,0.999975726508566,0.999977653288075,0.999977278264008,0.999945211616947,"calcite_flush_8_nondim","FOsd2",251
"4",2.32498066063637e-05,7.09302345584137e-06,5.94876659784039e-06,2.52364049241585e-05,1.59735707895727e-05,2.1336331081082e-05,2.16956183398539e-05,2.87039673488501e-05,"calcite_flush_8_nondim","TEsd2",251
