"","curr_inflow_rate","curr_diffusion_coef","curr_porosity","curr_gypsum_rate_constant","curr_calcite_rate_constant","curr_gypsum_surface_area","curr_calcite_surface_area","dfn_volume","output_var","sobol_type","boot_num"
"1",-0.00788310539433306,0.005153906595608,0.0159060786583,0.00183556091643568,-0.0058502986169128,-0.00324516063464204,0.00695159031793852,-0.00170834464501162,"calcite_flush_9_nondim","FOmean",1602
"2",0.0134612603837277,0.00322992633719413,0.0215401408856784,0.00402818506574055,0.0042753633164972,0.00223794533756028,0.0021992415836672,0.012784752123763,"calcite_flush_9_nondim","TEmean",1602
"3",0.999919237324268,0.999926987866012,0.999909403626284,0.999947913391219,0.999937225526496,0.999928134502417,0.999960113145765,0.999959861389152,"calcite_flush_9_nondim","FOsd2",1602
"4",0.000125843568311199,4.02952083863506e-05,5.32182802219626e-05,7.06673779902916e-05,8.11353515759375e-05,4.02314345167647e-05,0.000144910712574125,0.000151175869752656,"calcite_flush_9_nondim","TEsd2",1602
