"","curr_inflow_rate","curr_diffusion_coef","curr_porosity","curr_gypsum_rate_constant","curr_calcite_rate_constant","curr_gypsum_surface_area","curr_calcite_surface_area","dfn_volume","output_var","sobol_type","boot_num"
"1",0.00733129421880138,0.0062770875885876,0.020625792419719,0.00996033259938805,-0.00103021424186356,0.00121743282705826,0.00264267835355971,0.00507796944535199,"calcite_flush_7_nondim","FOmean",166
"2",0.0116359719720065,0.00256393829041841,0.0151381982994723,0.0048795251419962,0.00336491017136425,0.00217316331165894,0.00266412881002496,0.00926430988844907,"calcite_flush_7_nondim","TEmean",166
"3",0.999967113264903,0.999956393006896,0.999968270929401,0.999959212268761,0.999951723002079,0.999965632688521,0.999942390023421,0.999970037265487,"calcite_flush_7_nondim","FOsd2",166
"4",2.52320977122919e-05,7.97794486446417e-06,1.95978893800615e-05,4.89318375416326e-05,1.45532585046881e-05,3.14201487187161e-05,3.06271684832827e-05,2.87414131182821e-05,"calcite_flush_7_nondim","TEsd2",166
