"","curr_inflow_rate","curr_diffusion_coef","curr_porosity","curr_gypsum_rate_constant","curr_calcite_rate_constant","curr_gypsum_surface_area","curr_calcite_surface_area","dfn_volume","output_var","sobol_type","boot_num"
"1",0.01745615861335,-0.00475832186717926,0.0395438159687516,-0.00748091578294219,0.0107573142180938,0.00978641234352326,-0.00318030609562928,0.0147952986000084,"calcite_flush_9_nondim","FOmean",558
"2",0.0126060274607331,0.00199785714226493,0.0391244075963951,0.00417034044409471,0.00382801697000036,0.00247287037300528,0.00218795548288603,0.0145900959542013,"calcite_flush_9_nondim","TEmean",558
"3",0.999895923975543,0.999773722601634,0.999958359967252,0.999976271953504,0.999972173563555,0.999960108608967,0.999968115057448,0.999952576292425,"calcite_flush_9_nondim","FOsd2",558
"4",1.99473052271991e-05,3.66465352238603e-05,7.97568256860866e-05,0.000106852405170331,0.00011857642240621,6.50466675179739e-05,9.50929103453223e-05,4.26082481884463e-05,"calcite_flush_9_nondim","TEsd2",558
