"","curr_inflow_rate","curr_diffusion_coef","curr_porosity","curr_gypsum_rate_constant","curr_calcite_rate_constant","curr_gypsum_surface_area","curr_calcite_surface_area","dfn_volume","output_var","sobol_type","boot_num"
"1",0.00844137473156576,0.00163310541137507,0.0355910459222113,0.00209816605698154,-0.00558950628846823,0.00161806496147524,0.00519950985384232,0.0249447959395937,"calcite_flush_8_nondim","FOmean",479
"2",0.0113060182643183,0.0030435379693344,0.040498104568651,0.00752823727124316,0.00509687367211815,0.00429332548328666,0.00313671903312382,0.0193759111637896,"calcite_flush_8_nondim","TEmean",479
"3",0.99997249780416,0.99995056686312,0.999966271420004,0.999966022632298,0.999952850010468,0.999945149841841,0.999965793017165,0.999970895718108,"calcite_flush_8_nondim","FOsd2",479
"4",1.7806817184688e-05,2.05298665655249e-05,1.71721468604499e-05,2.27947071027578e-05,3.62764206190107e-05,1.0952452593702e-05,2.96701007327137e-05,2.47874126444641e-05,"calcite_flush_8_nondim","TEsd2",479
