"","curr_inflow_rate","curr_diffusion_coef","curr_porosity","curr_gypsum_rate_constant","curr_calcite_rate_constant","curr_gypsum_surface_area","curr_calcite_surface_area","dfn_volume","output_var","sobol_type","boot_num"
"1",0.0832666713641239,0.0109346329974102,0.000738553635819903,-0.0145876992800875,-0.00491567636276555,0.000808832431440609,-0.0106796842915995,-0.05885080913355,"calcite_flush_5_nondim","FOmean",116
"2",0.132668774562626,0.0029290673962426,0.00686450774439418,0.0434574286539441,0.0441792579510378,0.00329636188138358,0.00421640795550963,0.0528623298331794,"calcite_flush_5_nondim","TEmean",116
"3",0.994282221019832,0.993027432929981,0.993686259348529,0.993785618860892,0.994479869611617,0.992697400150451,0.988800910425708,0.995076663641235,"calcite_flush_5_nondim","FOsd2",116
"4",0.00452170251972238,0.000868561804977948,0.000940502793265442,0.00251845449408363,0.00320388365102611,0.0017129639455983,0.00467783160556947,0.00410825955142994,"calcite_flush_5_nondim","TEsd2",116
