"","curr_inflow_rate","curr_diffusion_coef","curr_porosity","curr_gypsum_rate_constant","curr_calcite_rate_constant","curr_gypsum_surface_area","curr_calcite_surface_area","dfn_volume","output_var","sobol_type","boot_num"
"1",0.144877019074218,0.0130164532475106,0.00185635309284392,0.021086591204083,0.0379672756808321,0.0049805022765469,-0.00278890014528556,0.00826202508045803,"calcite_flush_4_nondim","FOmean",1075
"2",0.159309948536583,0.00808816751929772,0.00525854186155227,0.0227409483710377,0.0555971835398739,0.00448372149612154,0.0154522814309584,0.0156618959037268,"calcite_flush_4_nondim","TEmean",1075
"3",0.719901276739026,0.695350304969993,-0.103592771994241,0.656959886112747,0.397383272744243,0.806969154233165,-1.75087520754106,0.834659212759131,"calcite_flush_4_nondim","FOsd2",1075
"4",0.442074467990296,0.218398703598847,0.653154324243998,0.396501776490079,0.304506874550017,0.195019959709711,2.72261074503103,0.171433868129644,"calcite_flush_4_nondim","TEsd2",1075
