"","curr_inflow_rate","curr_diffusion_coef","curr_porosity","curr_gypsum_rate_constant","curr_calcite_rate_constant","curr_gypsum_surface_area","curr_calcite_surface_area","dfn_volume","output_var","sobol_type","boot_num"
"1",0.100489131550368,0.00759582462612685,-0.00324628095135954,0.0196874418551479,0.021482418868023,0.00354829808442774,-0.00273379629899916,0.00813405506450011,"calcite_flush_4_nondim","FOmean",127
"2",0.118051710980346,0.00739641765893734,0.00419086108244396,0.0199895401135945,0.0419504501360967,0.00355249253374344,0.00939015301121141,0.0141977998576387,"calcite_flush_4_nondim","TEmean",127
"3",-12.4716187433197,-12.0356965111205,-12.0726189323593,-12.0634590046173,-12.2767224790877,-13.1683116831616,-13.9636012338235,-15.741746758507,"calcite_flush_4_nondim","FOsd2",127
"4",0.665425632124088,0.248532863688703,0.154298464914662,0.193696311226792,0.289965302282599,1.22241979659048,2.31523945918999,3.55833984546939,"calcite_flush_4_nondim","TEsd2",127
