"","curr_inflow_rate","curr_diffusion_coef","curr_porosity","curr_gypsum_rate_constant","curr_calcite_rate_constant","curr_gypsum_surface_area","curr_calcite_surface_area","dfn_volume","output_var","sobol_type","boot_num"
"1",0.00941067132488491,-0.00444166911896688,0.00416199945780553,-0.00047024454912916,-0.0130345614363818,-0.0141988002225758,0.00149045134227732,-0.00713563069059817,"calcite_flush_8_nondim","FOmean",1481
"2",0.014321166734481,0.0024526728732145,0.0351703810471508,0.0107368725776701,0.00497360983300636,0.00455021905467855,0.00447457703806897,0.0165129699073173,"calcite_flush_8_nondim","TEmean",1481
"3",0.999929353892601,0.999937172143257,0.999936816142114,0.999949847402986,0.999948666973655,0.999949434299002,0.999936321316799,0.99995122915435,"calcite_flush_8_nondim","FOsd2",1481
"4",1.78502946151403e-05,1.49333907912778e-05,2.47766576065288e-05,2.74160737054347e-05,3.92429807900161e-05,2.03458543030449e-05,3.92655853165167e-05,1.65218149693948e-05,"calcite_flush_8_nondim","TEsd2",1481
