"","curr_inflow_rate","curr_diffusion_coef","curr_porosity","curr_gypsum_rate_constant","curr_calcite_rate_constant","curr_gypsum_surface_area","curr_calcite_surface_area","dfn_volume","output_var","sobol_type","boot_num"
"1",0.00543692040102363,0.000693048806597616,-0.00814935136482515,0.0515755644172776,-0.03096912938486,-0.00617601917151563,-0.00177281847773065,-0.00575235715622094,"calcite_flush_5_nondim","FOmean",1076
"2",0.150806279578904,0.00197710420679517,0.00501339208783302,0.0270270777299034,0.0352928805911533,0.00316867566017473,0.00376230796729372,0.0830316732951498,"calcite_flush_5_nondim","TEmean",1076
"3",0.998391472932266,0.997737436595142,0.997507458605404,0.9981595445145,0.998288788737819,0.997925136641096,0.998386300405334,0.998239320396295,"calcite_flush_5_nondim","FOsd2",1076
"4",0.00226656202587344,0.000817666172606025,0.000302064823368096,0.00111104482563583,0.00105567484206775,0.000664162063923938,0.000790362888307228,0.00153662410373837,"calcite_flush_5_nondim","TEsd2",1076
