"","curr_inflow_rate","curr_diffusion_coef","curr_porosity","curr_gypsum_rate_constant","curr_calcite_rate_constant","curr_gypsum_surface_area","curr_calcite_surface_area","dfn_volume","output_var","sobol_type","boot_num"
"1",0.035825639542675,-0.00958361323317439,0.000340344295917559,0.000718243546395747,0.00264961930480166,-0.002062458843923,-0.00393847653621081,-0.0117897571618158,"calcite_flush_5_nondim","FOmean",476
"2",0.0752423849135202,0.00417323653116139,0.0031108002589422,0.0203475828213511,0.0254011658196335,0.00343459386548877,0.00257451118877411,0.0507395537549014,"calcite_flush_5_nondim","TEmean",476
"3",0.998948609988894,0.998675421107356,0.998296817762956,0.998784695280762,0.99863999374448,0.998725473271256,0.998439072961174,0.998820355213967,"calcite_flush_5_nondim","FOsd2",476
"4",0.000847274953016393,0.000119713707036526,0.00023754819790174,0.000903772227249814,0.000599297892978948,0.000236797172662315,0.000440672100339837,0.000934769460809349,"calcite_flush_5_nondim","TEsd2",476
