"","curr_inflow_rate","curr_diffusion_coef","curr_porosity","curr_gypsum_rate_constant","curr_calcite_rate_constant","curr_gypsum_surface_area","curr_calcite_surface_area","dfn_volume","output_var","sobol_type","boot_num"
"1",0.0156055764859931,0.0029386193018906,0.0187838148502459,0.00605986415680104,0.00302024226246087,0.00361080403821899,-0.00660967364963153,0.00590977273248505,"calcite_flush_7_nondim","FOmean",346
"2",0.0110885077282376,0.00227119476223954,0.02260456885691,0.00710315861328776,0.00458825073478325,0.00243139784322622,0.00285855956099768,0.0116543535693235,"calcite_flush_7_nondim","TEmean",346
"3",0.999973450675867,0.999971178865645,0.999962525791201,0.99997727449055,0.999979516716598,0.999973032853191,0.999980636671988,0.999973043285771,"calcite_flush_7_nondim","FOsd2",346
"4",7.71628769444288e-06,1.20318061216523e-05,2.38114860459934e-05,1.21336467339102e-05,9.69697377942405e-06,4.94473131165323e-06,8.7282449909547e-06,1.36065790137856e-05,"calcite_flush_7_nondim","TEsd2",346
