"","curr_inflow_rate","curr_diffusion_coef","curr_porosity","curr_gypsum_rate_constant","curr_calcite_rate_constant","curr_gypsum_surface_area","curr_calcite_surface_area","dfn_volume","output_var","sobol_type","boot_num"
"1",0.124319752534397,0.00577121219807073,-0.00173497531520126,0.0162463740792353,0.0401175780118764,0.000663715943924526,0.00861139438140042,0.00452660935572888,"calcite_flush_4_nondim","FOmean",1363
"2",0.156335443781551,0.0116571254002494,0.00403656694152832,0.0205237492273412,0.058410075955684,0.00334994710526134,0.00695420671976334,0.01770431723674,"calcite_flush_4_nondim","TEmean",1363
"3",-181.744325624232,-394.158508191212,-253.338175818234,-257917.808668707,-383.532588573584,-2198.22476798697,-360.566259717624,-842.898939818613,"calcite_flush_4_nondim","FOsd2",1363
"4",680.337146778472,408.238339283034,483.011572868175,262310.932957698,437.525540972122,2520.17680562218,299.848556476996,1116.6152040003,"calcite_flush_4_nondim","TEsd2",1363
