"","curr_inflow_rate","curr_diffusion_coef","curr_porosity","curr_gypsum_rate_constant","curr_calcite_rate_constant","curr_gypsum_surface_area","curr_calcite_surface_area","dfn_volume","output_var","sobol_type","boot_num"
"1",0.0141905680518449,-0.00150820476278026,0.0183728759698586,-0.00243081350909886,0.000389876765712808,0.00731297137030618,0.0024808747676974,0.0197023364333811,"calcite_flush_8_nondim","FOmean",311
"2",0.0115852078333368,0.00210551465642557,0.020110574561471,0.0064747149920089,0.00423681930399799,0.00265580745276017,0.00277193372807629,0.015884433352405,"calcite_flush_8_nondim","TEmean",311
"3",0.999985845724884,0.999984998155519,0.999932283205663,0.999939245629189,0.999976806798797,0.999965825990343,0.999969190627773,0.999979281214338,"calcite_flush_8_nondim","FOsd2",311
"4",2.39933884144098e-05,1.41575302622225e-05,9.39226617835481e-06,7.22448667123427e-05,2.82058318754815e-05,6.72843182187159e-06,2.93770228906924e-05,3.33686838176423e-05,"calcite_flush_8_nondim","TEsd2",311
