"","curr_inflow_rate","curr_diffusion_coef","curr_porosity","curr_gypsum_rate_constant","curr_calcite_rate_constant","curr_gypsum_surface_area","curr_calcite_surface_area","dfn_volume","output_var","sobol_type","boot_num"
"1",-0.00533167625776468,-0.00204712871666475,0.0272090713077065,0.016636595639039,0.00206347479072558,-0.000191505239770169,0.00234305411030899,0.00768430861646168,"calcite_flush_8_nondim","FOmean",329
"2",0.0115487984141602,0.00170922579682587,0.0226933193507408,0.0106990446623841,0.00474549710731701,0.00249222953961339,0.00342312930514443,0.00954325838398308,"calcite_flush_8_nondim","TEmean",329
"3",0.999987247679115,0.999982959090273,0.999985467009479,0.99998584458683,0.999987983858986,0.999985329436787,0.999974762644782,0.999982631820717,"calcite_flush_8_nondim","FOsd2",329
"4",5.13968807770855e-06,2.60776070801713e-06,3.64130924834489e-06,5.21903786492793e-06,6.52460400516257e-06,2.88267683685375e-06,1.09030755644202e-05,5.84768271968567e-06,"calcite_flush_8_nondim","TEsd2",329
