"","curr_inflow_rate","curr_diffusion_coef","curr_porosity","curr_gypsum_rate_constant","curr_calcite_rate_constant","curr_gypsum_surface_area","curr_calcite_surface_area","dfn_volume","output_var","sobol_type","boot_num"
"1",0.0110269979524749,-0.00826186380005731,0.000145630168693941,0.0127229584907362,0.000285355362850456,-0.00344549556800556,0.00501286175794179,-0.00875390620777627,"calcite_flush_6_nondim","FOmean",789
"2",0.0444252098714082,0.00499021596390865,0.00450646275982757,0.0127588799389428,0.0057544210774835,0.004876211277476,0.00293905371472293,0.020205782372051,"calcite_flush_6_nondim","TEmean",789
"3",0.999490512673698,0.999448508520369,0.999399879006886,0.999428022675121,0.999376896497906,0.99944674081924,0.999370455554145,0.999448358921628,"calcite_flush_6_nondim","FOsd2",789
"4",0.000262031902625997,8.73931944663995e-05,7.59423547282772e-05,0.000162635407674803,0.000117080313911124,0.000150236370217111,7.52990572878423e-05,0.000165263136315538,"calcite_flush_6_nondim","TEsd2",789
