"","curr_inflow_rate","curr_diffusion_coef","curr_porosity","curr_gypsum_rate_constant","curr_calcite_rate_constant","curr_gypsum_surface_area","curr_calcite_surface_area","dfn_volume","output_var","sobol_type","boot_num"
"1",-0.0168375852718045,0.01293526463092,0.0502759653437586,0.00205547913633424,-0.00106043097133646,0.0041510517987333,0.00265374901740681,0.0328265654841175,"calcite_flush_8_nondim","FOmean",1055
"2",0.0115296753434153,0.00319310893542159,0.0333849942005939,0.010981613574748,0.0052864776763634,0.00281219586178804,0.00305584589147224,0.0176009929623668,"calcite_flush_8_nondim","TEmean",1055
"3",0.999946525769572,0.999971776283172,0.999955365555032,0.999973604556873,0.999958869448669,0.999957730344509,0.999962125754088,0.999972456367936,"calcite_flush_8_nondim","FOsd2",1055
"4",9.28240028522302e-06,1.48514425777323e-05,5.72295745562494e-06,2.00480170469267e-05,7.93848215049448e-06,5.82501439350629e-06,1.28572536505883e-05,2.12721274821166e-05,"calcite_flush_8_nondim","TEsd2",1055
