"","curr_inflow_rate","curr_diffusion_coef","curr_porosity","curr_gypsum_rate_constant","curr_calcite_rate_constant","curr_gypsum_surface_area","curr_calcite_surface_area","dfn_volume","output_var","sobol_type","boot_num"
"1",0.106057769765239,0.00307346156421189,0.00655604325350882,0.00012776221011426,0.00245514353308195,0.00573442119364508,0.00301087746957544,0.0231989571642606,"calcite_flush_5_nondim","FOmean",272
"2",0.138327152862163,0.000971411033611494,0.00118315584771155,0.0502287232576384,0.0219142728261022,0.00144637322513933,0.00124825534062102,0.0707783326437409,"calcite_flush_5_nondim","TEmean",272
"3",0.997552528968398,0.997045568209103,0.997494352928329,0.992630734085195,0.996983222367426,0.997583789282356,0.99745760351126,0.997524934562007,"calcite_flush_5_nondim","FOsd2",272
"4",0.00131062987243246,0.000554262706014681,0.000256413864604562,0.00665690170263408,0.0012947723730761,0.000268280352987978,0.000258789477379108,0.00209720273547539,"calcite_flush_5_nondim","TEsd2",272
