"","curr_inflow_rate","curr_diffusion_coef","curr_porosity","curr_gypsum_rate_constant","curr_calcite_rate_constant","curr_gypsum_surface_area","curr_calcite_surface_area","dfn_volume","output_var","sobol_type","boot_num"
"1",0.0181210253767622,0.000638549353526135,0.0154258774758491,-0.000891010062114948,-0.000428521916946429,-0.00440418993984935,-0.000733012741810644,0.0212767194492367,"calcite_flush_7_nondim","FOmean",1006
"2",0.0125057323836601,0.00205842590945239,0.0127299476240294,0.00916312650968388,0.00485990787223229,0.00325274986971632,0.00338641361003923,0.0114094448588613,"calcite_flush_7_nondim","TEmean",1006
"3",0.999873780767415,0.999951711741821,0.99996153503246,0.999974315344852,0.999970771899784,0.999972863418968,0.999971506612399,0.999975333168817,"calcite_flush_7_nondim","FOsd2",1006
"4",0.000106642043034652,2.57931564543737e-05,1.3423507055606e-05,1.46946485461079e-05,1.26959004729964e-05,9.14575056413825e-06,6.98727824440422e-06,9.05791276428593e-06,"calcite_flush_7_nondim","TEsd2",1006
