"","curr_inflow_rate","curr_diffusion_coef","curr_porosity","curr_gypsum_rate_constant","curr_calcite_rate_constant","curr_gypsum_surface_area","curr_calcite_surface_area","dfn_volume","output_var","sobol_type","boot_num"
"1",0.0359195724075234,0.0084323036320116,0.000424411931734661,0.00602987108955957,0.0206127512328505,0.00520963607839493,0.0119319293280072,0.0202640211889439,"calcite_flush_6_nondim","FOmean",495
"2",0.0451528945251466,0.00329482614658434,0.00279855651066003,0.00544919531074218,0.0107042936271726,0.00442955337950881,0.00325710597821042,0.0206224127000319,"calcite_flush_6_nondim","TEmean",495
"3",0.998989658412906,0.998798602774997,0.998843330968813,0.998573248337396,0.998784717380807,0.998789524885205,0.998385497172458,0.998981044073783,"calcite_flush_6_nondim","FOsd2",495
"4",0.000971323588300558,0.000474566399399119,0.000474458541619701,0.000210785106855161,0.000381306483524383,0.000302504089151647,0.000221382513133272,0.000658818808331182,"calcite_flush_6_nondim","TEsd2",495
