"","curr_inflow_rate","curr_diffusion_coef","curr_porosity","curr_gypsum_rate_constant","curr_calcite_rate_constant","curr_gypsum_surface_area","curr_calcite_surface_area","dfn_volume","output_var","sobol_type","boot_num"
"1",0.0837279538061345,-0.00113306148147003,0.00175481095602879,0.0219070165308696,-0.00764715090270934,0.00699354812335351,0.000504148014157622,-0.0123442690725537,"calcite_flush_5_nondim","FOmean",950
"2",0.132155940112711,0.00410194196742417,0.00943462528356006,0.0515427139294001,0.0480783779885951,0.00393588568050462,0.00339346944475389,0.0316923320899724,"calcite_flush_5_nondim","TEmean",950
"3",0.997792118595397,0.998122834100321,0.998339779869637,0.997985662857686,0.998164786748604,0.998384583539125,0.997960595794516,0.99804693406816,"calcite_flush_5_nondim","FOsd2",950
"4",0.00152420730796575,0.000283318580858164,0.00043954702460086,0.00140857279661965,0.00133016394772767,0.000348919506921658,0.000721429929982413,0.000355872587145717,"calcite_flush_5_nondim","TEsd2",950
