"","curr_inflow_rate","curr_diffusion_coef","curr_porosity","curr_gypsum_rate_constant","curr_calcite_rate_constant","curr_gypsum_surface_area","curr_calcite_surface_area","dfn_volume","output_var","sobol_type","boot_num"
"1",0.209685276530941,0.00695711880643266,0.0140021299902478,0.0310877517025433,0.0538298517055489,0.00293647953237211,0.0216078302991976,0.00827542389622344,"calcite_flush_4_nondim","FOmean",733
"2",0.207188801402684,0.00577836496471737,0.01493457653488,0.0322359516079739,0.0438844374173389,0.00362116070592423,0.0161796907057295,0.0176054654234356,"calcite_flush_4_nondim","TEmean",733
"3",-6.82425728861799,-7.8666248739354,-3.48976850291145,-3.8180486583514,-5.60381366742753,-15.261280531363,-25.5960536812338,-5.29439713850397,"calcite_flush_4_nondim","FOsd2",733
"4",4.22397523003028,2.35113942274869,1.86141728805257,1.4111434971618,2.26136976109184,12.1163255121114,21.5026213527219,0.973406160779677,"calcite_flush_4_nondim","TEsd2",733
