"","curr_inflow_rate","curr_diffusion_coef","curr_porosity","curr_gypsum_rate_constant","curr_calcite_rate_constant","curr_gypsum_surface_area","curr_calcite_surface_area","dfn_volume","output_var","sobol_type","boot_num"
"1",-0.00843838022726629,-0.000646243817944042,0.0259205345769026,0.00923625119832635,-0.0154611787877965,0.00459039982562939,-0.0065198088326343,-0.00354559214655628,"calcite_flush_9_nondim","FOmean",840
"2",0.0117014830041067,0.00171107763497301,0.0327862935673115,0.00779915534864356,0.00463920046561592,0.00266741310395976,0.00340113546224561,0.0134557819247694,"calcite_flush_9_nondim","TEmean",840
"3",0.999970067343855,0.999960769773461,0.999948701584325,0.999958288849665,0.999972332303705,0.999938716772979,0.999956717630918,0.999961930050268,"calcite_flush_9_nondim","FOsd2",840
"4",2.25369489422628e-05,1.76989785491323e-05,1.05022166789262e-05,1.93276102233837e-05,2.97880438243149e-05,1.44291774929563e-05,1.08099919661768e-05,1.20578972191792e-05,"calcite_flush_9_nondim","TEsd2",840
