"","curr_inflow_rate","curr_diffusion_coef","curr_porosity","curr_gypsum_rate_constant","curr_calcite_rate_constant","curr_gypsum_surface_area","curr_calcite_surface_area","dfn_volume","output_var","sobol_type","boot_num"
"1",0.0435251328228962,0.00195400173937756,-0.00451555769889144,0.0215562527237143,0.00519604813536897,0.0139327466420457,-0.000284214214812324,-0.000185014269447226,"calcite_flush_6_nondim","FOmean",1323
"2",0.0382589005986305,0.00650435496532832,0.00504666014363549,0.0127111836316076,0.0079964316690823,0.00545481672999032,0.00516474647226694,0.0184272138571257,"calcite_flush_6_nondim","TEmean",1323
"3",0.999389717998053,0.999215972215937,0.999218911882113,0.999192322063096,0.999199968291676,0.999255860179642,0.99920573554388,0.999322243610964,"calcite_flush_6_nondim","FOsd2",1323
"4",0.000487063922415037,0.000141969975558817,0.000103994853217021,0.000340460224953869,0.000168600975978286,0.000138993913093344,0.000134249542662898,0.000216315518728363,"calcite_flush_6_nondim","TEsd2",1323
