"","curr_inflow_rate","curr_diffusion_coef","curr_porosity","curr_gypsum_rate_constant","curr_calcite_rate_constant","curr_gypsum_surface_area","curr_calcite_surface_area","dfn_volume","output_var","sobol_type","boot_num"
"1",-0.0116418930622748,-0.00674443960731667,0.021979124850073,0.00972124241863062,-0.0119011640040058,0.00463715178059274,0.00747524379687977,-0.00141084488939951,"calcite_flush_7_nondim","FOmean",808
"2",0.013857878529527,0.00186657694730696,0.0259538897337622,0.00768276128597997,0.00515101078681759,0.00274458847840998,0.00384923616133808,0.0195617796629138,"calcite_flush_7_nondim","TEmean",808
"3",0.999957386991984,0.999958960222375,0.999955122407181,0.999960965307543,0.999950559413741,0.999962608530717,0.999957661099446,0.999959404201199,"calcite_flush_7_nondim","FOsd2",808
"4",1.29270331825101e-05,6.89946737444357e-06,1.04959103431548e-05,1.58852338516702e-05,1.87426034775448e-05,7.16904377570702e-06,1.25733570725826e-05,1.62627587816644e-05,"calcite_flush_7_nondim","TEsd2",808
