"","curr_inflow_rate","curr_diffusion_coef","curr_porosity","curr_gypsum_rate_constant","curr_calcite_rate_constant","curr_gypsum_surface_area","curr_calcite_surface_area","dfn_volume","output_var","sobol_type","boot_num"
"1",0.0485113371873734,0.00472288817124811,0.000694783977050014,0.0354252045787247,0.0271127013886069,-0.008112375968113,-0.00328970575595433,-0.0145368735245259,"calcite_flush_5_nondim","FOmean",1514
"2",0.137175370085138,0.00146485429971121,0.00216448076119093,0.0631753084224485,0.0227341764491863,0.00131934777083511,0.00169200889164794,0.0677770260505375,"calcite_flush_5_nondim","TEmean",1514
"3",0.980395498763677,0.982885145937629,0.985370004646483,0.985118822660928,0.984209856626381,0.975678309380149,0.981534985580985,0.975914038516681,"calcite_flush_5_nondim","FOsd2",1514
"4",0.0101474993066936,0.000672992681434742,0.00144651645053752,0.00687271030286014,0.00662949051181914,0.00722625366515162,0.00180390310473237,0.017308793500724,"calcite_flush_5_nondim","TEsd2",1514
