"","curr_inflow_rate","curr_diffusion_coef","curr_porosity","curr_gypsum_rate_constant","curr_calcite_rate_constant","curr_gypsum_surface_area","curr_calcite_surface_area","dfn_volume","output_var","sobol_type","boot_num"
"1",0.0221671971216063,0.00575871783439458,0.033803729448981,0.0183701686706954,0.00129206565993593,0.0150343028826079,0.0137625061922912,0.00844247132118838,"calcite_flush_9_nondim","FOmean",114
"2",0.0156186486565636,0.0033332489003563,0.0383377838522551,0.00597396978099077,0.00576153330635008,0.00261756546195573,0.00455251925122453,0.013813265693606,"calcite_flush_9_nondim","TEmean",114
"3",0.999978664536377,0.999979999368088,0.999979436863944,0.999978129410274,0.999983090583584,0.999982719575756,0.999981538660449,0.99998061497354,"calcite_flush_9_nondim","FOsd2",114
"4",5.1137170783354e-06,6.84372559008908e-06,5.42746492203015e-06,7.66555959190606e-06,5.2698951733771e-06,4.97063131230575e-06,5.9577673833585e-06,3.93834676454614e-06,"calcite_flush_9_nondim","TEsd2",114
