"","curr_inflow_rate","curr_diffusion_coef","curr_porosity","curr_gypsum_rate_constant","curr_calcite_rate_constant","curr_gypsum_surface_area","curr_calcite_surface_area","dfn_volume","output_var","sobol_type","boot_num"
"1",0.0154653784363883,0.00128259300359058,0.0357900223059463,0.010778133737669,0.00312546834584416,-0.00106377120940073,0.0025713004207548,0.0131656349815802,"calcite_flush_8_nondim","FOmean",839
"2",0.0098665610943308,0.0021251752072709,0.0273876923369629,0.00763446609029626,0.00454801761094441,0.0022628689246974,0.00255449585748118,0.0165411234748909,"calcite_flush_8_nondim","TEmean",839
"3",0.999963027076949,0.999966535690636,0.999968398465572,0.999963638819675,0.999952499719742,0.99996732555504,0.999970162531497,0.999974645018284,"calcite_flush_8_nondim","FOsd2",839
"4",8.72937102277356e-06,1.02167622188963e-05,5.33942470086035e-06,1.51459840516978e-05,2.16254358366519e-05,7.08688510756396e-06,3.94437106471434e-06,1.16702848520425e-05,"calcite_flush_8_nondim","TEsd2",839
