"","curr_inflow_rate","curr_diffusion_coef","curr_porosity","curr_gypsum_rate_constant","curr_calcite_rate_constant","curr_gypsum_surface_area","curr_calcite_surface_area","dfn_volume","output_var","sobol_type","boot_num"
"1",-0.0164656986323094,0.0134226353923913,0.0421262438056967,-0.00734355335088503,-0.00812849373002141,-0.000989626669191533,0.00659149841259556,0.0112922428915341,"calcite_flush_8_nondim","FOmean",1553
"2",0.00986570066946876,0.00200071431432792,0.0329769107100567,0.00544054766570112,0.00259914586172926,0.00361327684097071,0.00212073834844315,0.0148528002004504,"calcite_flush_8_nondim","TEmean",1553
"3",0.999988671158024,0.999988507078181,0.999953675349199,0.999989640320336,0.999981306748277,0.999988517829391,0.999986459655465,0.999985861951473,"calcite_flush_8_nondim","FOsd2",1553
"4",7.0586729635756e-06,6.45023939410488e-06,1.28678470159594e-05,1.30880537286063e-05,1.11361598564925e-05,1.00641740444376e-05,1.35208491127806e-05,1.07353163954741e-05,"calcite_flush_8_nondim","TEsd2",1553
