"","curr_inflow_rate","curr_diffusion_coef","curr_porosity","curr_gypsum_rate_constant","curr_calcite_rate_constant","curr_gypsum_surface_area","curr_calcite_surface_area","dfn_volume","output_var","sobol_type","boot_num"
"1",0.102056956612681,0.000688342443515921,-0.00337966130823365,0.0157120958480732,0.0304559516884289,-0.00080415923468805,-0.00240245601478796,0.00167811523851859,"calcite_flush_4_nondim","FOmean",715
"2",0.109844119988446,0.00468253344250234,0.00459637436460963,0.0159816759297376,0.0423226725056935,0.00266794505965586,0.00911091169561661,0.00817871501645795,"calcite_flush_4_nondim","TEmean",715
"3",-11064.0119080096,-83.9331479532178,-92.8345879383841,-24619.9859860441,-1394.80353379531,-709.533655314886,-86.2675547908627,-103.455682966654,"calcite_flush_4_nondim","FOsd2",715
"4",10979.5680216646,4.87343248179919,15.18059034148,24125.2662787153,1318.65563905604,632.3560199704,12.0296128005585,19.5840431341418,"calcite_flush_4_nondim","TEsd2",715
