"","curr_inflow_rate","curr_diffusion_coef","curr_porosity","curr_gypsum_rate_constant","curr_calcite_rate_constant","curr_gypsum_surface_area","curr_calcite_surface_area","dfn_volume","output_var","sobol_type","boot_num"
"1",0.0142119809139736,0.00275330644067155,0.0181543310080562,0.00825470527699974,0.00122166172348725,-0.00586546071133905,0.0119437680716676,0.0174713684005765,"calcite_flush_9_nondim","FOmean",990
"2",0.0120105528235484,0.00240385962843825,0.028847846285539,0.00728364247210722,0.00500244866433636,0.00364543197024513,0.00413225618902042,0.0148485283672101,"calcite_flush_9_nondim","TEmean",990
"3",0.999971601009904,0.999963066759969,0.999968333426698,0.999968048482739,0.99995679470689,0.999954821918212,0.999956417965843,0.999967141697217,"calcite_flush_9_nondim","FOsd2",990
"4",1.23294268484261e-05,7.63373543431593e-06,9.93014336646599e-06,1.89274029580531e-05,1.58657850179773e-05,4.52209627199588e-06,5.81764784419248e-06,1.37199512401043e-05,"calcite_flush_9_nondim","TEsd2",990
