"","curr_inflow_rate","curr_diffusion_coef","curr_porosity","curr_gypsum_rate_constant","curr_calcite_rate_constant","curr_gypsum_surface_area","curr_calcite_surface_area","dfn_volume","output_var","sobol_type","boot_num"
"1",-0.0101693330184284,-0.0012087670685136,0.00759463565995882,-0.00901494221829786,-0.0161839129063935,0.00373656130476713,-0.00160590156806985,-0.00810515963396828,"calcite_flush_9_nondim","FOmean",360
"2",0.00978932860088113,0.00218185348159257,0.0258884125777687,0.00538543675115296,0.00350631939098603,0.00216736145084696,0.00302075016503326,0.0159990318526922,"calcite_flush_9_nondim","TEmean",360
"3",0.999981498482459,0.999976950560908,0.999980732931077,0.999985187929472,0.999979983288589,0.999967292399427,0.999985385838545,0.999978253248845,"calcite_flush_9_nondim","FOsd2",360
"4",5.82352590364951e-06,7.9167391130291e-06,5.10597111308309e-06,1.15704427815853e-05,8.47916670297824e-06,1.77725302324089e-05,8.3580158702586e-06,1.05535942212694e-05,"calcite_flush_9_nondim","TEsd2",360
