"","curr_inflow_rate","curr_diffusion_coef","curr_porosity","curr_gypsum_rate_constant","curr_calcite_rate_constant","curr_gypsum_surface_area","curr_calcite_surface_area","dfn_volume","output_var","sobol_type","boot_num"
"1",0.0185787678340012,0.0110856908159233,0.0126146573436109,-0.00405959476355726,-0.0118611651312183,-0.00213320554115245,0.0114236171566949,0.000687459881431418,"calcite_flush_6_nondim","FOmean",465
"2",0.0293324417242345,0.00297762636695511,0.00542756661599605,0.00548682509572243,0.0103521341478286,0.00451905000478188,0.00349790741177289,0.0222808710652473,"calcite_flush_6_nondim","TEmean",465
"3",0.999354118461182,0.999417747230353,0.999353438719095,0.999425718957112,0.999222107618699,0.999243064015527,0.999386271221347,0.999460095518479,"calcite_flush_6_nondim","FOsd2",465
"4",0.000485641986172708,0.000249536187091956,0.000145336234420375,0.00034223801078385,0.000234426292912931,0.000168519779346116,0.000125904959267388,0.000326823239575009,"calcite_flush_6_nondim","TEsd2",465
