"","curr_inflow_rate","curr_diffusion_coef","curr_porosity","curr_gypsum_rate_constant","curr_calcite_rate_constant","curr_gypsum_surface_area","curr_calcite_surface_area","dfn_volume","output_var","sobol_type","boot_num"
"1",0.0271458107493311,-0.00199252882855872,0.00693641051902315,0.00839353424769938,-0.00032864722058651,0.0108277949807584,0.0013407027804884,-0.0158859898972169,"calcite_flush_6_nondim","FOmean",105
"2",0.0370972712616679,0.00704609607811516,0.00522995685887044,0.0114281423508724,0.00969332185674404,0.00611030727832211,0.00392203349482605,0.0187353680730877,"calcite_flush_6_nondim","TEmean",105
"3",0.999576396238089,0.999420197717445,0.999480190840537,0.999565164644717,0.999456873898993,0.999526591883904,0.99952367486097,0.999452856324698,"calcite_flush_6_nondim","FOsd2",105
"4",0.000222757168392917,0.000111374438874737,6.57236372499746e-05,0.000146473500069328,9.73199334919272e-05,0.000114861897266982,7.37286421600353e-05,0.00022309515854455,"calcite_flush_6_nondim","TEsd2",105
