"","curr_inflow_rate","curr_diffusion_coef","curr_porosity","curr_gypsum_rate_constant","curr_calcite_rate_constant","curr_gypsum_surface_area","curr_calcite_surface_area","dfn_volume","output_var","sobol_type","boot_num"
"1",0.0892734191673744,0.000193534187379064,-0.00250446547860282,-0.0117236135238928,0.0167336187943615,0.00614785248491051,0.00418067924829655,0.0176530921751165,"calcite_flush_5_nondim","FOmean",692
"2",0.136488797504665,0.00159131332117519,0.00433459291539678,0.0257263660797771,0.0443431942424854,0.000884224880874207,0.00218858447041662,0.0891333037784118,"calcite_flush_5_nondim","TEmean",692
"3",0.997390528624961,0.997992923109109,0.99782390693448,0.997705850996928,0.997443634901183,0.997565625292981,0.997744485359678,0.985362439323574,"calcite_flush_5_nondim","FOsd2",692
"4",0.00199196424385246,0.000162809663821087,0.000105297989373923,0.00166582950634097,0.0014759193331275,0.000263853271811755,0.000352148178566725,0.0151717341078254,"calcite_flush_5_nondim","TEsd2",692
