"","curr_inflow_rate","curr_diffusion_coef","curr_porosity","curr_gypsum_rate_constant","curr_calcite_rate_constant","curr_gypsum_surface_area","curr_calcite_surface_area","dfn_volume","output_var","sobol_type","boot_num"
"1",0.0170024955032796,0.000278290402209695,0.0233310192921267,-0.0012873842235101,0.00925020894652673,-0.00932156676676229,-0.00198155087806381,0.0100401755952708,"calcite_flush_8_nondim","FOmean",1541
"2",0.01682485511996,0.00222843521953779,0.0300325820593061,0.0079778829764141,0.0056477213353747,0.00263368425448843,0.00337763206541856,0.0154353437918137,"calcite_flush_8_nondim","TEmean",1541
"3",0.99994843470463,0.999953714515364,0.999894692456874,0.999974842907861,0.99997247485084,0.99992412955167,0.999962353833087,0.999941503423806,"calcite_flush_8_nondim","FOsd2",1541
"4",2.2526153044082e-05,2.86884955420916e-06,2.23362415552551e-05,2.59084302952765e-05,2.10893374827044e-05,7.30457790805295e-05,9.66960128477169e-06,6.1555963473351e-06,"calcite_flush_8_nondim","TEsd2",1541
