"","curr_inflow_rate","curr_diffusion_coef","curr_porosity","curr_gypsum_rate_constant","curr_calcite_rate_constant","curr_gypsum_surface_area","curr_calcite_surface_area","dfn_volume","output_var","sobol_type","boot_num"
"1",0.0106754978601585,0.00423344209865688,0.0336092256697295,-0.00535500727547646,-0.00592725175525511,0.00239329545671201,-0.00143011341290224,-0.0156138367713864,"calcite_flush_8_nondim","FOmean",1325
"2",0.0158914667072989,0.00231086141912,0.0277135666596601,0.00582766404226966,0.00552748915669094,0.00286447821485066,0.00254909854483212,0.0184905909161609,"calcite_flush_8_nondim","TEmean",1325
"3",0.99994025606374,0.999959713104745,0.999936183702339,0.999907087007812,0.999938383532548,0.99993230602852,0.999948564897625,0.999945030898502,"calcite_flush_8_nondim","FOsd2",1325
"4",8.62544813692703e-06,1.34513035878266e-05,1.52878372270618e-05,7.86059772148062e-05,2.5017921849335e-05,1.30732249243789e-05,2.10108329529419e-05,1.92092747158277e-05,"calcite_flush_8_nondim","TEsd2",1325
