"","curr_inflow_rate","curr_diffusion_coef","curr_porosity","curr_gypsum_rate_constant","curr_calcite_rate_constant","curr_gypsum_surface_area","curr_calcite_surface_area","dfn_volume","output_var","sobol_type","boot_num"
"1",0.1667490745788,-0.00464670258884789,0.00114225972472917,0.0186046312090943,0.0877839026301298,0.00984927952229853,0.00220684643019241,0.00913989818077623,"calcite_flush_4_nondim","FOmean",199
"2",0.186355489826081,0.00745080549832137,0.009612933526437,0.0378040336498636,0.0896475112641445,0.0104073009592248,0.0118976969131639,0.0127725435267863,"calcite_flush_4_nondim","TEmean",199
"3",-2.06688083896931,-2.06339581685749,-2.10473603483373,-2.08558289115482,-2.0583165144794,-2.11838525966791,-2.07984140532327,-2.07247436221001,"calcite_flush_4_nondim","FOsd2",199
"4",0.0259048541815626,0.0144097719648746,0.0781485994829439,0.0335433392217008,0.0286658816067671,0.0484656174438898,0.0155774557056483,0.0129527638073944,"calcite_flush_4_nondim","TEsd2",199
