"","curr_inflow_rate","curr_diffusion_coef","curr_porosity","curr_gypsum_rate_constant","curr_calcite_rate_constant","curr_gypsum_surface_area","curr_calcite_surface_area","dfn_volume","output_var","sobol_type","boot_num"
"1",0.00965418520464634,-0.00395125459058416,0.0105942799494692,-0.000161332334895617,0.00188968018916553,0.00351621265246393,0.011619019997305,0.00150046626195579,"calcite_flush_9_nondim","FOmean",1704
"2",0.00792372299206122,0.00195482082583073,0.0220205545421534,0.00637387056495493,0.00269211961118205,0.00252130242995354,0.00282860402138319,0.0113533397439943,"calcite_flush_9_nondim","TEmean",1704
"3",0.999973489249676,0.999972441781467,0.99997064867032,0.999926828629084,0.999980782309282,0.999977419690034,0.999973235506769,0.999979493436773,"calcite_flush_9_nondim","FOsd2",1704
"4",4.36415323495306e-06,5.00869215346208e-06,5.97369406413252e-06,6.42623053612717e-05,7.9066049273591e-06,3.99255377666126e-06,6.4663841614463e-06,7.54165168144538e-06,"calcite_flush_9_nondim","TEsd2",1704
