"","curr_inflow_rate","curr_diffusion_coef","curr_porosity","curr_gypsum_rate_constant","curr_calcite_rate_constant","curr_gypsum_surface_area","curr_calcite_surface_area","dfn_volume","output_var","sobol_type","boot_num"
"1",0.0397985639220613,-0.00503989779713751,-0.00618919419262353,-0.0030034524343477,0.00450251499120415,0.0149797095644575,-0.00190999150065852,0.0237302480709371,"calcite_flush_5_nondim","FOmean",1118
"2",0.113736270890905,0.00326995088896583,0.00455034373835656,0.0280748396165749,0.0111991972636182,0.00577728808283055,0.00542071108354787,0.0698604571356449,"calcite_flush_5_nondim","TEmean",1118
"3",0.998723052153276,0.998574493352409,0.998864582191453,0.998508970477653,0.998593359385538,0.998634625708329,0.99873950776339,0.998984995045673,"calcite_flush_5_nondim","FOsd2",1118
"4",0.000763121719350218,0.000410753253663576,0.000458077920062027,0.0010364890376121,0.000698268172315766,0.000812177786436475,0.000268731781804388,0.000903164547118257,"calcite_flush_5_nondim","TEsd2",1118
