"","curr_inflow_rate","curr_diffusion_coef","curr_porosity","curr_gypsum_rate_constant","curr_calcite_rate_constant","curr_gypsum_surface_area","curr_calcite_surface_area","dfn_volume","output_var","sobol_type","boot_num"
"1",0.0848922750692518,-0.0110309361081876,0.00215600211529918,-0.020068708330011,-0.00243685519777765,-0.00966207170628835,-0.00291855235234119,0.0114331868367146,"calcite_flush_5_nondim","FOmean",1532
"2",0.0932822174296188,0.00377203932209698,0.00672122763692365,0.037116787814606,0.0141731809231255,0.00521432061140266,0.0040463286257643,0.0585428206636039,"calcite_flush_5_nondim","TEmean",1532
"3",0.998409924124823,0.997947453232264,0.998141734288946,0.997987368655826,0.998182675930756,0.997853413320572,0.997683307004967,0.99833216336407,"calcite_flush_5_nondim","FOsd2",1532
"4",0.00071902808071262,0.000551971608771911,0.000302087884299265,0.00101681394645484,0.000417226997113972,0.000304309701818955,0.000288131796329426,0.000782787327410247,"calcite_flush_5_nondim","TEsd2",1532
