"","curr_inflow_rate","curr_diffusion_coef","curr_porosity","curr_gypsum_rate_constant","curr_calcite_rate_constant","curr_gypsum_surface_area","curr_calcite_surface_area","dfn_volume","output_var","sobol_type","boot_num"
"1",0.00763860329333369,5.47744974714538e-05,0.0361770013810873,0.0147486834882395,0.00163675722249959,0.00417082057454485,0.00424639954522513,0.0197683184006025,"calcite_flush_8_nondim","FOmean",5
"2",0.0128071310669424,0.00282810238324577,0.0336089211592593,0.00668549888615399,0.00546372139163424,0.00284863764335088,0.00269085516724598,0.0146116226826737,"calcite_flush_8_nondim","TEmean",5
"3",0.999966949312219,0.999948334474222,0.999979732205798,0.999974533250294,0.999968123320897,0.999976269652315,0.999975270101964,0.999958730826155,"calcite_flush_8_nondim","FOsd2",5
"4",1.15314412646709e-05,2.3865053703494e-05,7.14033941322823e-06,1.20951568901726e-05,2.25978234839979e-05,8.00841906762403e-06,8.32537940147301e-06,1.98372917534757e-05,"calcite_flush_8_nondim","TEsd2",5
