"","curr_inflow_rate","curr_diffusion_coef","curr_porosity","curr_gypsum_rate_constant","curr_calcite_rate_constant","curr_gypsum_surface_area","curr_calcite_surface_area","dfn_volume","output_var","sobol_type","boot_num"
"1",0.0234815356748624,-0.00167598271761283,0.00963141128883345,0.00152777771101181,-0.0117547490848824,-0.00328878673042995,-0.00545165174340744,-0.011967800089478,"calcite_flush_5_nondim","FOmean",704
"2",0.132019307436339,0.00192056789195287,0.00327871510071214,0.0392608881601771,0.02172458463848,0.00195075929278887,0.002158759907156,0.0814474278614856,"calcite_flush_5_nondim","TEmean",704
"3",0.998748322297534,0.998783799339912,0.998524749717668,0.998382392552979,0.99873240302649,0.998943892469243,0.998696787409706,0.999023057473439,"calcite_flush_5_nondim","FOsd2",704
"4",0.000773296814781724,0.000122297273886033,0.00031059694011666,0.000684421699957878,0.000760780127991188,0.000347816409824122,0.000166482820124879,0.000686588118967366,"calcite_flush_5_nondim","TEsd2",704
