"","curr_inflow_rate","curr_diffusion_coef","curr_porosity","curr_gypsum_rate_constant","curr_calcite_rate_constant","curr_gypsum_surface_area","curr_calcite_surface_area","dfn_volume","output_var","sobol_type","boot_num"
"1",0.0592879103314325,0.000972747720564257,-0.00446967714493339,-0.000320836951551904,-0.00468871148856719,0.00654733118957151,-0.0256137561843029,0.0283814695664364,"calcite_flush_5_nondim","FOmean",1268
"2",0.107311267457206,0.0028817071487101,0.00248909820297594,0.0424410903879528,0.0160355315483464,0.00181921769583237,0.00797847430089875,0.0547203444401764,"calcite_flush_5_nondim","TEmean",1268
"3",0.997511926722686,0.997377555457159,0.997369820165839,0.998044741445881,0.997550358896397,0.997662562050278,0.997047808686947,0.997969307669577,"calcite_flush_5_nondim","FOsd2",1268
"4",0.000943355292306023,0.00020144898601466,0.000439644286956866,0.000791912734402847,0.00106998897585778,0.000429454479370097,0.000461949096936747,0.00155385323566666,"calcite_flush_5_nondim","TEsd2",1268
