"","curr_inflow_rate","curr_diffusion_coef","curr_porosity","curr_gypsum_rate_constant","curr_calcite_rate_constant","curr_gypsum_surface_area","curr_calcite_surface_area","dfn_volume","output_var","sobol_type","boot_num"
"1",0.00798062258991963,-0.0022439338122205,0.0176456331457194,0.0128821932738632,0.0045878309341996,0.00308206670664371,0.00457215022123524,0.0165611617742635,"calcite_flush_7_nondim","FOmean",406
"2",0.011278404697954,0.00282073972026534,0.0160953734351192,0.0112408223338803,0.00426294294028011,0.0031919568636372,0.00294269122916409,0.0191190522549791,"calcite_flush_7_nondim","TEmean",406
"3",0.999938494847583,0.999963059408312,0.999958005012878,0.999973589695864,0.999952523766399,0.999967451682954,0.999915695225974,0.99996930978903,"calcite_flush_7_nondim","FOsd2",406
"4",2.48847550451769e-05,2.19878105716356e-05,7.35887261399849e-06,1.97288718389069e-05,1.31713337232647e-05,1.62855130176701e-05,6.92287016871791e-05,2.1912633743658e-05,"calcite_flush_7_nondim","TEsd2",406
