"","curr_inflow_rate","curr_diffusion_coef","curr_porosity","curr_gypsum_rate_constant","curr_calcite_rate_constant","curr_gypsum_surface_area","curr_calcite_surface_area","dfn_volume","output_var","sobol_type","boot_num"
"1",0.0739771492182671,0.00701594252070606,0.0093058060820218,0.0101767803324072,0.0257923525347437,0.000769461506242774,0.0125208996921237,0.000840061161313825,"calcite_flush_4_nondim","FOmean",1177
"2",0.0811205148052871,0.00398767737470412,0.00517137085524404,0.0109453311104274,0.0273788068456534,0.00468203750797854,0.0134400504663034,0.00965038357152178,"calcite_flush_4_nondim","TEmean",1177
"3",0.566905465211569,0.973187462251339,0.987932383213659,-18.8365682141718,0.989132284213294,0.935641050040966,0.986677723419724,0.942635449770034,"calcite_flush_4_nondim","FOsd2",1177
"4",0.238905119784368,0.0721394839299133,0.121868391410191,19.1868739231838,0.133098638790585,0.0563004287456012,0.117131093015158,0.174927272565293,"calcite_flush_4_nondim","TEsd2",1177
