"","curr_inflow_rate","curr_diffusion_coef","curr_porosity","curr_gypsum_rate_constant","curr_calcite_rate_constant","curr_gypsum_surface_area","curr_calcite_surface_area","dfn_volume","output_var","sobol_type","boot_num"
"1",0.168773162778542,-0.000920619048511518,0.00414716512932467,0.0104931258419088,0.0682259775041399,-0.00184500303010378,-0.0102623674082226,0.0102748943737893,"calcite_flush_4_nondim","FOmean",1495
"2",0.180743815222268,0.00320430160591003,0.00465209050718117,0.0149515028673383,0.0798810687468602,0.00282091761875898,0.00870525962242949,0.0182706511851595,"calcite_flush_4_nondim","TEmean",1495
"3",-1.31647726785976,-0.673616487049704,-1.23664753446713,-22.9788842985429,-4.0223420660846,-1.47185278367759,-1.01438487200546,-597.025427003843,"calcite_flush_4_nondim","FOsd2",1495
"4",0.432088742482649,0.744574697039495,1.27651236427184,22.4156194430269,4.71295819583936,0.53567827530156,1.43580421208323,590.035675660799,"calcite_flush_4_nondim","TEsd2",1495
