"","curr_inflow_rate","curr_diffusion_coef","curr_porosity","curr_gypsum_rate_constant","curr_calcite_rate_constant","curr_gypsum_surface_area","curr_calcite_surface_area","dfn_volume","output_var","sobol_type","boot_num"
"1",0.0402467887653371,-0.000556298281223644,-0.00393755444223282,-0.0141614465320383,-0.000813996057027416,-0.00798385738013751,-0.00276142234124186,0.0112021992230539,"calcite_flush_6_nondim","FOmean",303
"2",0.0297953714037249,0.004381690148109,0.00345903520606547,0.0108352458004707,0.00734308196301017,0.00357796527387175,0.00308648219241385,0.0204034474422904,"calcite_flush_6_nondim","TEmean",303
"3",0.998807928793914,0.998816207924496,0.998671625425506,0.998618030232951,0.998847640057214,0.998840346381255,0.998836192793808,0.998933866314699,"calcite_flush_6_nondim","FOsd2",303
"4",0.000576077005804595,0.000193502552767578,0.000181902189653962,0.000600417828695189,0.000236932473282727,0.000191992480993879,0.000176766040629619,0.000351389595140221,"calcite_flush_6_nondim","TEsd2",303
