"","curr_inflow_rate","curr_diffusion_coef","curr_porosity","curr_gypsum_rate_constant","curr_calcite_rate_constant","curr_gypsum_surface_area","curr_calcite_surface_area","dfn_volume","output_var","sobol_type","boot_num"
"1",0.0257545698604138,-0.00279164089324503,0.00401176379226203,-0.0054768973256517,0.00955872606225523,-0.00079950586514197,0.00976593072554286,-0.00586364323295089,"calcite_flush_6_nondim","FOmean",57
"2",0.0207023522360228,0.00474048755600637,0.003165778441657,0.00505014115744034,0.0102760207690609,0.00409172893313529,0.00412664761590392,0.0141635220899658,"calcite_flush_6_nondim","TEmean",57
"3",0.999192632296007,0.998773913262251,0.998855195647858,0.998726344512747,0.998869211202264,0.998790228755732,0.999022621685898,0.999002772500914,"calcite_flush_6_nondim","FOsd2",57
"4",0.00061391425103815,0.00012403912269767,6.85629466782461e-05,0.000141143128544795,0.000389776345404155,0.00022287616309673,0.000209901053724299,0.000379128110716823,"calcite_flush_6_nondim","TEsd2",57
