"","curr_inflow_rate","curr_diffusion_coef","curr_porosity","curr_gypsum_rate_constant","curr_calcite_rate_constant","curr_gypsum_surface_area","curr_calcite_surface_area","dfn_volume","output_var","sobol_type","boot_num"
"1",0.0252742837635738,0.0208243084483601,0.00745241416169576,-0.00529431459444215,0.0206071231363687,0.00385630209567329,0.00259562679527955,0.0074674857004083,"calcite_flush_6_nondim","FOmean",471
"2",0.0443035152019046,0.00740090909343896,0.00527512749337392,0.00435919612239269,0.0100802216924979,0.00536465005087566,0.00254428338434466,0.0207811623556793,"calcite_flush_6_nondim","TEmean",471
"3",0.999175428087089,0.99899494479735,0.998892474859991,0.999205485475042,0.999141199083384,0.999206621832099,0.99922050068271,0.999123215992336,"calcite_flush_6_nondim","FOsd2",471
"4",0.000480918660787644,0.000115731183283053,0.000218992008000456,0.000265583869689156,0.000144691856526212,0.000150234925550339,0.000162242396496924,0.00033346147758179,"calcite_flush_6_nondim","TEsd2",471
