"","curr_inflow_rate","curr_diffusion_coef","curr_porosity","curr_gypsum_rate_constant","curr_calcite_rate_constant","curr_gypsum_surface_area","curr_calcite_surface_area","dfn_volume","output_var","sobol_type","boot_num"
"1",0.00442210572340982,0.000760176599113449,0.0323936657252461,0.0110526368341464,-0.00803876884825368,0.00382197904227393,0.000214064608367505,0.0384780477238103,"calcite_flush_9_nondim","FOmean",66
"2",0.0129575439116013,0.00365729558844736,0.0405973123397949,0.00594380248928581,0.0043898636830736,0.0032487912050908,0.00207091575325223,0.0190675404904081,"calcite_flush_9_nondim","TEmean",66
"3",0.999833279187454,0.999808030360311,0.999831408843776,0.99981525199938,0.999838602180214,0.999818224882039,0.999836940991154,0.999837474980659,"calcite_flush_9_nondim","FOsd2",66
"4",8.62008230100766e-06,1.14764581058584e-05,2.38174814127785e-05,3.2336325385999e-05,2.70642166029729e-05,1.12408682436388e-05,2.14817490139048e-05,2.63089023710745e-05,"calcite_flush_9_nondim","TEsd2",66
