"","curr_inflow_rate","curr_diffusion_coef","curr_porosity","curr_gypsum_rate_constant","curr_calcite_rate_constant","curr_gypsum_surface_area","curr_calcite_surface_area","dfn_volume","output_var","sobol_type","boot_num"
"1",0.0998248617829408,-0.00141004063437658,0.0035067380146498,0.0326697471939604,0.0239482448696599,0.000299864317922248,-0.00491729741142792,-0.0115707491111727,"calcite_flush_4_nondim","FOmean",1081
"2",0.102644925767279,0.00531369479657455,0.00737119166210108,0.0350917394944409,0.0338774840126471,0.00341500585226985,0.0101955200779217,0.00935025379735406,"calcite_flush_4_nondim","TEmean",1081
"3",-5.29443974037195,-4.00135612389336,-4.19045022214577,-4.2424838282993,-4.2900558759898,-4.00675147534729,-4.6139349310366,-4.04364679962233,"calcite_flush_4_nondim","FOsd2",1081
"4",1.27298046818936,0.0677048948112909,0.12216999033196,0.223962246317822,0.352914255465524,0.104571124687234,0.695351952312404,0.0960991170718608,"calcite_flush_4_nondim","TEsd2",1081
