"","curr_inflow_rate","curr_diffusion_coef","curr_porosity","curr_gypsum_rate_constant","curr_calcite_rate_constant","curr_gypsum_surface_area","curr_calcite_surface_area","dfn_volume","output_var","sobol_type","boot_num"
"1",0.120605243733704,0.00514539994015851,0.00094558968089303,0.0174028741440248,0.045930420891042,0.00755967872672162,-0.00221873722724812,0.00641959087631446,"calcite_flush_4_nondim","FOmean",703
"2",0.13592117637701,0.0133689003974523,0.00635948224824036,0.0195382249910909,0.047120305348834,0.00966226973263818,0.012206115079266,0.00844648280684546,"calcite_flush_4_nondim","TEmean",703
"3",-1.43277577817245,-4.10902897623307,-1.20551272174353,-37.7040697418265,-2.03952634243849,-0.896624073521473,-0.753855297052423,-1.00517539584856,"calcite_flush_4_nondim","FOsd2",703
"4",1.4905882323682,3.49884435655482,0.810452007534765,37.8478591171282,1.01723318428716,0.527710925101219,0.369953169288114,0.226925090161566,"calcite_flush_4_nondim","TEsd2",703
