"","curr_inflow_rate","curr_diffusion_coef","curr_porosity","curr_gypsum_rate_constant","curr_calcite_rate_constant","curr_gypsum_surface_area","curr_calcite_surface_area","dfn_volume","output_var","sobol_type","boot_num"
"1",0.0303456782080521,0.0065031888555456,0.00630689487374939,-0.0105117790226174,0.00223036130138437,0.00103650944545881,0.00724553532905776,-0.0227967341254718,"calcite_flush_5_nondim","FOmean",1052
"2",0.115868932287974,0.00339763635110355,0.00311608996825201,0.0122925238859761,0.0339564611671116,0.00692487798709927,0.00235888828697511,0.0492863959731974,"calcite_flush_5_nondim","TEmean",1052
"3",0.999051390774977,0.998667938153217,0.998860968364081,0.99902525722448,0.999017383338893,0.998776758652153,0.998723578841991,0.999154904865568,"calcite_flush_5_nondim","FOsd2",1052
"4",0.000997030369454407,0.000293000376779234,0.000285419500201273,0.000514714821453121,0.000709789337618853,0.000442897565951117,0.000171171105247861,0.000871600191368383,"calcite_flush_5_nondim","TEsd2",1052
