"","curr_inflow_rate","curr_diffusion_coef","curr_porosity","curr_gypsum_rate_constant","curr_calcite_rate_constant","curr_gypsum_surface_area","curr_calcite_surface_area","dfn_volume","output_var","sobol_type","boot_num"
"1",0.00253495749556258,0.00756564083569461,0.0317847132794847,0.0148457928648975,-0.00206484319738355,0.00176668536114744,0.0024943410412016,0.00638506119700884,"calcite_flush_9_nondim","FOmean",768
"2",0.00994348324590161,0.00250235645867456,0.0294048916327296,0.00750224275495466,0.00405956575379828,0.00273890122653786,0.00292568266438221,0.0108789596469216,"calcite_flush_9_nondim","TEmean",768
"3",0.999907893103815,0.999885560507886,0.999940999078451,0.999946798772556,0.999922148359266,0.999945726074016,0.99993554583814,0.999884385667551,"calcite_flush_9_nondim","FOsd2",768
"4",1.71052950084881e-05,9.8636251665058e-05,7.81613837716759e-05,0.000118706066348146,3.56162517184723e-05,0.000100350002869321,9.25768223937206e-05,1.05214831661571e-05,"calcite_flush_9_nondim","TEsd2",768
