"","curr_inflow_rate","curr_diffusion_coef","curr_porosity","curr_gypsum_rate_constant","curr_calcite_rate_constant","curr_gypsum_surface_area","curr_calcite_surface_area","dfn_volume","output_var","sobol_type","boot_num"
"1",0.00775675991614938,0.00866778188397792,-0.00389674421249385,-0.0145746821056533,0.00520392749243653,-0.00236143217094189,0.00279891874339124,-0.0196428676446752,"calcite_flush_5_nondim","FOmean",1406
"2",0.0990175167073313,0.00334627901427224,0.00569412445471189,0.0212397663568673,0.0298537776439615,0.00293600012273965,0.0045291961766229,0.0559845179928317,"calcite_flush_5_nondim","TEmean",1406
"3",0.997881608978535,0.997212092364899,0.996775860729878,0.997179889009526,0.997413178958789,0.996432237271467,0.99757629951123,0.997222689012375,"calcite_flush_5_nondim","FOsd2",1406
"4",0.00189724398658323,0.000464223461747627,0.000506467010094295,0.0016769622898268,0.00145027317935822,0.0016239475384723,0.00046006016346313,0.00172543380626122,"calcite_flush_5_nondim","TEsd2",1406
