"","curr_inflow_rate","curr_diffusion_coef","curr_porosity","curr_gypsum_rate_constant","curr_calcite_rate_constant","curr_gypsum_surface_area","curr_calcite_surface_area","dfn_volume","output_var","sobol_type","boot_num"
"1",0.0356741128597477,0.0220671029127138,0.0073724977425479,0.0194087014737407,-0.00655340462284069,0.0112663288727643,0.014650360066131,-0.000114331670938702,"calcite_flush_6_nondim","FOmean",369
"2",0.035089477918316,0.0109594440406418,0.00513394518535054,0.00929073136389266,0.0113926124657943,0.00389489183395082,0.00271797801106889,0.0153077629104079,"calcite_flush_6_nondim","TEmean",369
"3",0.999259113494228,0.99899263502748,0.999071372756395,0.999089329975032,0.999094114391459,0.999137027524121,0.999189532355563,0.999204950443603,"calcite_flush_6_nondim","FOsd2",369
"4",0.000429766865183521,0.000158251327290457,0.000110411254723444,0.000262206819033766,0.000204647460592616,0.000166230696171858,0.000105994516021142,0.000209560972030133,"calcite_flush_6_nondim","TEsd2",369
