"","curr_inflow_rate","curr_diffusion_coef","curr_porosity","curr_gypsum_rate_constant","curr_calcite_rate_constant","curr_gypsum_surface_area","curr_calcite_surface_area","dfn_volume","output_var","sobol_type","boot_num"
"1",0.0339568302672602,0.0143815858430067,0.00575397467983863,0.00994540132657482,-0.00167776863980966,0.0119381464084498,-0.00135596927093584,-0.00338628825587803,"calcite_flush_6_nondim","FOmean",1365
"2",0.0392469660259725,0.00983375625635307,0.00460653972913319,0.0110940740732458,0.00965916248405972,0.00672597633557328,0.00469678735105747,0.0220911626098511,"calcite_flush_6_nondim","TEmean",1365
"3",0.999410930784738,0.999251137241579,0.999192882653571,0.999287252201452,0.999270534735859,0.999398429271896,0.999269017783666,0.999119919080353,"calcite_flush_6_nondim","FOsd2",1365
"4",0.00034097201792501,6.93466333263247e-05,0.000152492069600862,0.000176929290165358,0.000123207200213844,0.000178827434397037,9.06210975459261e-05,0.00041124258299781,"calcite_flush_6_nondim","TEsd2",1365
