"","curr_inflow_rate","curr_diffusion_coef","curr_porosity","curr_gypsum_rate_constant","curr_calcite_rate_constant","curr_gypsum_surface_area","curr_calcite_surface_area","dfn_volume","output_var","sobol_type","boot_num"
"1",0.129420450196393,0.00269238841540402,-1.87979656832494e-05,0.0136991287905388,0.00877292999860129,-0.00771338411587389,-0.0123020639554989,-0.00177767410788744,"calcite_flush_4_nondim","FOmean",1099
"2",0.140844038532221,0.00849242684810008,0.0050367323878761,0.016901084047232,0.0329618939776677,0.00708319404459211,0.0126794811758066,0.0114698670071567,"calcite_flush_4_nondim","TEmean",1099
"3",0.967623810378521,0.976522006721006,0.978248372300528,0.975772355007216,0.940854867818722,0.972239004794305,0.428984424157035,0.978626228781368,"calcite_flush_4_nondim","FOsd2",1099
"4",0.086245432356395,0.0901301962882687,0.0891630636111786,0.0858893597387981,0.0156485586067229,0.0925833551735629,0.214847359726299,0.0883277241685191,"calcite_flush_4_nondim","TEsd2",1099
