"","curr_inflow_rate","curr_diffusion_coef","curr_porosity","curr_gypsum_rate_constant","curr_calcite_rate_constant","curr_gypsum_surface_area","curr_calcite_surface_area","dfn_volume","output_var","sobol_type","boot_num"
"1",0.17823514164901,-0.00269616019096079,0.00653169895515272,0.0267120020250852,0.018996119742991,-0.00423439767600652,0.00711621413520742,0.0192749034350199,"calcite_flush_4_nondim","FOmean",949
"2",0.205442838574849,0.0079082680759079,0.00928217253874168,0.023054578266505,0.0526366425408145,0.00557153964293051,0.0203500689806221,0.0300819312815887,"calcite_flush_4_nondim","TEmean",949
"3",0.729646495041236,0.754234932047372,0.635539801102922,0.655088218895757,0.0875941718556118,0.745467941054343,0.720717046171052,0.825763514495417,"calcite_flush_4_nondim","FOsd2",949
"4",0.105918966955257,0.173585420053432,0.0807447782491415,0.225757881476632,0.69509802409103,0.128135639213548,0.170660978343612,0.0977900691139577,"calcite_flush_4_nondim","TEsd2",949
