"","curr_inflow_rate","curr_diffusion_coef","curr_porosity","curr_gypsum_rate_constant","curr_calcite_rate_constant","curr_gypsum_surface_area","curr_calcite_surface_area","dfn_volume","output_var","sobol_type","boot_num"
"1",0.0871556468835237,0.00136490352639362,0.00171823827466654,0.00868694916753867,0.0319891628779818,0.00439949405236663,0.00721488608681418,0.024324583729644,"calcite_flush_4_nondim","FOmean",25
"2",0.112301674596177,0.00706519790859708,0.00419056715539664,0.021781195405266,0.0492340343084459,0.00261803417248959,0.00993113187729175,0.0249558375024558,"calcite_flush_4_nondim","TEmean",25
"3",0.287596632798614,0.331891619792961,-0.911397583901984,-1.85688953252277,-0.191106928227611,-2.23115779085115,0.618429372869178,0.560302489283762,"calcite_flush_4_nondim","FOsd2",25
"4",1.92246762583605,1.7615095540623,0.354068253249627,3.27680345066623,1.92186069388462,3.82129705301505,1.49744667748985,1.55027828301468,"calcite_flush_4_nondim","TEsd2",25
