"","curr_inflow_rate","curr_diffusion_coef","curr_porosity","curr_gypsum_rate_constant","curr_calcite_rate_constant","curr_gypsum_surface_area","curr_calcite_surface_area","dfn_volume","output_var","sobol_type","boot_num"
"1",0.126629499140619,0.00545679779233438,0.00347999139633641,0.0244120890255829,0.056676727409858,0.00351559603896929,-0.000810131392092043,0.0126476999356536,"calcite_flush_4_nondim","FOmean",1765
"2",0.15576900832118,0.00765390514695139,0.00801625352568273,0.033247746243968,0.0658751207657603,0.00313597907956719,0.00971666723825254,0.0172501438733583,"calcite_flush_4_nondim","TEmean",1765
"3",-5.34789562292147,0.922217533171519,0.597241743108911,0.584098975696628,0.54578332417748,0.8741600128009,0.872586766919689,0.459572530467121,"calcite_flush_4_nondim","FOsd2",1765
"4",3.87909407228052,0.371640229709051,0.0705146676890698,0.0263179859957361,0.08237094439145,0.252907788182801,0.372954944516873,0.0657831265975855,"calcite_flush_4_nondim","TEsd2",1765
