"","curr_inflow_rate","curr_diffusion_coef","curr_porosity","curr_gypsum_rate_constant","curr_calcite_rate_constant","curr_gypsum_surface_area","curr_calcite_surface_area","dfn_volume","output_var","sobol_type","boot_num"
"1",0.0136202529132769,0.001168773469218,0.0196072116606166,0.00214178077692487,0.00918858032738283,0.00388001417611837,0.00517308091550719,0.0103669956581828,"calcite_flush_8_nondim","FOmean",1457
"2",0.0114923453366815,0.00170358962140964,0.0230796759246247,0.00809038431155693,0.00510165681251375,0.00300216130682257,0.00305999711741596,0.0125104818753184,"calcite_flush_8_nondim","TEmean",1457
"3",0.999971444002148,0.999936755322501,0.999947583671168,0.9999711186966,0.999920215684378,0.99997244378074,0.99995003527103,0.999960159559181,"calcite_flush_8_nondim","FOsd2",1457
"4",8.47769437763517e-06,1.5065454285883e-05,8.68364906569922e-06,1.92177744301793e-05,2.92182028122433e-05,1.68222394201278e-05,3.3125215685791e-05,1.59519976793571e-05,"calcite_flush_8_nondim","TEsd2",1457
