"","curr_inflow_rate","curr_diffusion_coef","curr_porosity","curr_gypsum_rate_constant","curr_calcite_rate_constant","curr_gypsum_surface_area","curr_calcite_surface_area","dfn_volume","output_var","sobol_type","boot_num"
"1",0.0155633279866164,0.00703114095904746,-0.015822005024088,-0.00558608776204919,-0.0200518708246986,0.017887939877215,-0.00870653560528701,0.00463280413163126,"calcite_flush_6_nondim","FOmean",609
"2",0.0293154381449404,0.00465264016001529,0.0051605041401044,0.00701888143666668,0.00626544280718798,0.00374863299483718,0.00261766194351225,0.0180865957512783,"calcite_flush_6_nondim","TEmean",609
"3",0.99950125498439,0.999409787065894,0.999438004847288,0.999433626452585,0.999521044808383,0.999391507727411,0.999442421720685,0.999575175636034,"calcite_flush_6_nondim","FOsd2",609
"4",0.000288612385605566,9.29413074118259e-05,0.000101401518283771,0.000156575475556216,0.0001378489355758,9.8090374196862e-05,7.24550369073334e-05,0.000254207831875167,"calcite_flush_6_nondim","TEsd2",609
