"","curr_inflow_rate","curr_diffusion_coef","curr_porosity","curr_gypsum_rate_constant","curr_calcite_rate_constant","curr_gypsum_surface_area","curr_calcite_surface_area","dfn_volume","output_var","sobol_type","boot_num"
"1",0.00925542150957473,0.00103507787147426,0.0175218284456415,0.00533939688033446,-0.00380147541304183,0.00937125445302743,-0.00206743356794783,0.00768163636006905,"calcite_flush_9_nondim","FOmean",720
"2",0.0110799817154985,0.00161145204102303,0.0256077740013359,0.00782027584312129,0.00426498600730178,0.00426209317300967,0.00354452501187902,0.0174897845621321,"calcite_flush_9_nondim","TEmean",720
"3",0.999976534501298,0.999968869350065,0.999975156828952,0.99997405188998,0.999973110369529,0.999977600616813,0.999971166339141,0.999977469232335,"calcite_flush_9_nondim","FOsd2",720
"4",8.25943130908303e-06,1.2092340208469e-05,7.4141402701234e-06,1.77474401814008e-05,1.02807138729438e-05,5.90390697370123e-06,1.28255133835836e-05,1.22723146996161e-05,"calcite_flush_9_nondim","TEsd2",720
