"","curr_inflow_rate","curr_diffusion_coef","curr_porosity","curr_gypsum_rate_constant","curr_calcite_rate_constant","curr_gypsum_surface_area","curr_calcite_surface_area","dfn_volume","output_var","sobol_type","boot_num"
"1",0.0275951670216278,0.0123395033443642,0.0102620944225811,0.0148420138831509,0.0123145955781045,-0.0029140176337308,-0.00501652516531473,0.0349882358874327,"calcite_flush_6_nondim","FOmean",135
"2",0.0251191656364712,0.00656142320725258,0.00481285501100308,0.00690488953427041,0.0108305572996602,0.00383328056362229,0.00477752513924279,0.0202729301348965,"calcite_flush_6_nondim","TEmean",135
"3",0.99913081441802,0.999121196512112,0.999146519787897,0.999266633616549,0.999130604387741,0.999175546730423,0.999097500310763,0.999280931223378,"calcite_flush_6_nondim","FOsd2",135
"4",0.000504726862744221,0.000121459004072024,0.000185922902556112,0.000293613385842507,0.000157934558327248,0.000180899213476024,0.000227434714110824,0.0004669023009287,"calcite_flush_6_nondim","TEsd2",135
