"","curr_inflow_rate","curr_diffusion_coef","curr_porosity","curr_gypsum_rate_constant","curr_calcite_rate_constant","curr_gypsum_surface_area","curr_calcite_surface_area","dfn_volume","output_var","sobol_type","boot_num"
"1",0.223693920900832,0.00424154146397608,-0.00124344681371319,0.022875785740938,0.0394489378150523,-0.00364791218962322,-0.00027826284721337,0.00394712270718373,"calcite_flush_4_nondim","FOmean",553
"2",0.21935453748221,0.00906049775580225,0.00676031515225227,0.03094512938392,0.0507805490539805,0.00306156346570736,0.0100270958697996,0.0174573429812102,"calcite_flush_4_nondim","TEmean",553
"3",-2.77526047977603,-109.282165826436,-7.23213334504456,-23.5607850073736,-5.02154898108138,-16.6630042859838,-1090.35652553301,-29.2690287842691,"calcite_flush_4_nondim","FOsd2",553
"4",37.5232869811102,141.687316548459,17.3619269493671,6.25714525008172,39.4771347237627,19.6138974012652,729.158692977182,1.78873200379291,"calcite_flush_4_nondim","TEsd2",553
