"","curr_inflow_rate","curr_diffusion_coef","curr_porosity","curr_gypsum_rate_constant","curr_calcite_rate_constant","curr_gypsum_surface_area","curr_calcite_surface_area","dfn_volume","output_var","sobol_type","boot_num"
"1",-0.00519228872767623,-0.000228264909696809,0.0143580918447897,0.00803505254796966,-0.00482420810963664,-0.00283011225167582,0.00386021100552028,0.026832824208579,"calcite_flush_7_nondim","FOmean",1558
"2",0.0114135653178248,0.00287868239198798,0.0262393960938568,0.00863900502196493,0.0048769334188526,0.0032293984150398,0.00289992716011375,0.0118170321158546,"calcite_flush_7_nondim","TEmean",1558
"3",0.99994120692252,0.999957722791287,0.999958505506181,0.999952782576741,0.999956902689021,0.999945929136043,0.999957503298171,0.999938184432644,"calcite_flush_7_nondim","FOsd2",1558
"4",2.46266109039928e-05,1.0090502876356e-05,5.76399314575917e-06,1.97417064306772e-05,1.57625590790939e-05,1.28780673392652e-05,9.92172490122915e-06,2.55817517625662e-05,"calcite_flush_7_nondim","TEsd2",1558
