"","curr_inflow_rate","curr_diffusion_coef","curr_porosity","curr_gypsum_rate_constant","curr_calcite_rate_constant","curr_gypsum_surface_area","curr_calcite_surface_area","dfn_volume","output_var","sobol_type","boot_num"
"1",-0.000383590902175705,-0.00264321549114115,0.0131011804882002,-0.0134670018472456,-0.0017832388772248,-0.00351210176424695,0.0016299408632185,0.00910963415190266,"calcite_flush_9_nondim","FOmean",1782
"2",0.0123411154988888,0.00219110249902048,0.0274126193958141,0.00637666786941798,0.00351195766026522,0.00223190992628331,0.00287546764032107,0.0157645709716971,"calcite_flush_9_nondim","TEmean",1782
"3",0.999973481108915,0.999974299207823,0.999972340788711,0.999973064494694,0.999974775204167,0.999970160200862,0.999971657214786,0.999966997719682,"calcite_flush_9_nondim","FOsd2",1782
"4",4.88885166996694e-06,1.86150166793006e-06,5.26568025977319e-06,4.67413712160261e-06,4.0611478769204e-06,4.51984918578543e-06,4.76116257944813e-06,1.55191580009354e-05,"calcite_flush_9_nondim","TEsd2",1782
