"","curr_inflow_rate","curr_diffusion_coef","curr_porosity","curr_gypsum_rate_constant","curr_calcite_rate_constant","curr_gypsum_surface_area","curr_calcite_surface_area","dfn_volume","output_var","sobol_type","boot_num"
"1",-0.00857504894201646,-0.00880108357892826,0.0218696886299971,0.00183490245472456,-0.0104019138605222,-0.00080505006730348,0.00164525234055144,-0.0110198998512905,"calcite_flush_8_nondim","FOmean",767
"2",0.0113440016590827,0.00259216250036676,0.0277417547295252,0.00613687994825003,0.00400814422048521,0.00273278022532516,0.00265644049071235,0.0105922712894693,"calcite_flush_8_nondim","TEmean",767
"3",0.999971025884034,0.999977830679506,0.999974816529189,0.99997680453779,0.999976694906563,0.999978113923688,0.999978845360391,0.999975899130007,"calcite_flush_8_nondim","FOsd2",767
"4",9.8157311783169e-06,6.55620666555916e-06,9.2657266123985e-06,1.17612742965997e-05,1.13893587863634e-05,7.28849729195743e-06,6.60901308802144e-06,7.39328191043711e-06,"calcite_flush_8_nondim","TEsd2",767
