"","curr_inflow_rate","curr_diffusion_coef","curr_porosity","curr_gypsum_rate_constant","curr_calcite_rate_constant","curr_gypsum_surface_area","curr_calcite_surface_area","dfn_volume","output_var","sobol_type","boot_num"
"1",0.0139913261116563,0.00244235747840462,0.0161010875113375,0.00874287918735932,0.00513841052477739,0.0117136445896236,0.0129282968033127,0.0167662067713,"calcite_flush_6_nondim","FOmean",1035
"2",0.0295848274988452,0.00704882303056486,0.00551274078748962,0.00571066972972483,0.0109119952302852,0.00555236042592421,0.0038599927991746,0.0200835387952916,"calcite_flush_6_nondim","TEmean",1035
"3",0.999427041928658,0.999170904178089,0.999372997035314,0.999324889412707,0.999200744484703,0.999278874605325,0.999273227453406,0.999301116238817,"calcite_flush_6_nondim","FOsd2",1035
"4",0.000372154128182592,0.00015934590905655,0.000174555398661804,0.000186675942079061,0.000216155908837063,0.000162728903421196,0.000256195831904642,0.00029114613367258,"calcite_flush_6_nondim","TEsd2",1035
