"","curr_inflow_rate","curr_diffusion_coef","curr_porosity","curr_gypsum_rate_constant","curr_calcite_rate_constant","curr_gypsum_surface_area","curr_calcite_surface_area","dfn_volume","output_var","sobol_type","boot_num"
"1",0.0113192291605117,0.00761208949274965,-0.0101268540752321,-0.0105374873081757,-0.00663925787734358,0.00269173357027313,-0.00652227267751049,-0.0110236911820233,"calcite_flush_6_nondim","FOmean",1479
"2",0.035179918247711,0.00520105853563502,0.00308797279670524,0.00551677740941097,0.00759990143433992,0.00452598376492867,0.00499419308503547,0.0172869531024371,"calcite_flush_6_nondim","TEmean",1479
"3",0.999437173394501,0.998841646982916,0.99906589151532,0.999499842232305,0.998797855897523,0.999432781623982,0.999150043609106,0.998422045940725,"calcite_flush_6_nondim","FOsd2",1479
"4",0.000992830600219914,0.000154764068221234,0.000212518946553033,0.000825997837846632,0.000349685097435036,0.000547277641091125,0.000863599241596282,0.000352652518767858,"calcite_flush_6_nondim","TEsd2",1479
