"","curr_inflow_rate","curr_diffusion_coef","curr_porosity","curr_gypsum_rate_constant","curr_calcite_rate_constant","curr_gypsum_surface_area","curr_calcite_surface_area","dfn_volume","output_var","sobol_type","boot_num"
"1",0.0255518373129298,-0.0119771899720372,0.00525889162244868,0.00339927369884631,0.00405144122303384,0.00934380569151057,0.010727794347742,0.0068278451196803,"calcite_flush_6_nondim","FOmean",1701
"2",0.0386156245581827,0.00381450676756801,0.00367620081804032,0.00936423664156273,0.0164700084667862,0.00455484898389562,0.0074275817538318,0.0177643327588934,"calcite_flush_6_nondim","TEmean",1701
"3",0.999513724627095,0.999367781455695,0.99932884461357,0.99936286923551,0.999408123157777,0.999394298000174,0.999394065845036,0.999366206889722,"calcite_flush_6_nondim","FOsd2",1701
"4",0.000316023831152612,0.000194097674165622,0.000153325995150609,0.000141175133232147,0.000177483129997619,9.85650886842037e-05,0.00010673518848025,0.000226926425861964,"calcite_flush_6_nondim","TEsd2",1701
