"","curr_inflow_rate","curr_diffusion_coef","curr_porosity","curr_gypsum_rate_constant","curr_calcite_rate_constant","curr_gypsum_surface_area","curr_calcite_surface_area","dfn_volume","output_var","sobol_type","boot_num"
"1",0.10442415827187,0.00215371429789256,0.00667434872316354,0.019056302253563,0.0184180793047477,-0.00266532414839974,-0.000958636826261614,-0.011354428932725,"calcite_flush_4_nondim","FOmean",37
"2",0.121047280844792,0.0064936643417234,0.005339041959483,0.0164727275376769,0.0405220090217797,0.00548415404089015,0.0129811025243752,0.00990758631995063,"calcite_flush_4_nondim","TEmean",37
"3",0.515731292241673,0.473629155174643,0.632839153543442,0.225257657682926,0.678054421394275,0.671083675415069,0.680414908306671,0.687725464028913,"calcite_flush_4_nondim","FOsd2",37
"4",0.188058743580352,0.163027821691953,0.0269252964177686,0.577878101886058,0.0662665903909225,0.0815664248125799,0.114268422905812,0.0708912670420461,"calcite_flush_4_nondim","TEsd2",37
