"","curr_inflow_rate","curr_diffusion_coef","curr_porosity","curr_gypsum_rate_constant","curr_calcite_rate_constant","curr_gypsum_surface_area","curr_calcite_surface_area","dfn_volume","output_var","sobol_type","boot_num"
"1",-0.0084772692735574,0.00403343879764047,0.011358405390828,0.0062664916034483,-0.0120125887756164,-0.0043393162902138,-0.00527224907858089,-0.0018926299826309,"calcite_flush_8_nondim","FOmean",1133
"2",0.0161291103341071,0.00247438505753825,0.0384221829901362,0.00700321907636649,0.00500358428178685,0.00240242827531526,0.00346211241650121,0.0179360775712559,"calcite_flush_8_nondim","TEmean",1133
"3",0.999912107338583,0.999935826801171,0.999920404577369,0.999923220851911,0.999943130529893,0.999918126210241,0.999932086170086,0.999918623480962,"calcite_flush_8_nondim","FOsd2",1133
"4",3.11303325709117e-05,2.28811575790002e-05,1.59369555512219e-05,3.31632874587337e-05,3.84117649310721e-05,1.47734004139862e-05,1.6972244201036e-05,3.35739034005509e-05,"calcite_flush_8_nondim","TEsd2",1133
