"","curr_inflow_rate","curr_diffusion_coef","curr_porosity","curr_gypsum_rate_constant","curr_calcite_rate_constant","curr_gypsum_surface_area","curr_calcite_surface_area","dfn_volume","output_var","sobol_type","boot_num"
"1",0.161708417894859,-0.000435852647519465,0.0130051861144794,0.037566156530276,0.0538190345090059,0.00588336792483676,-0.000543109615477273,-0.0109439408551729,"calcite_flush_4_nondim","FOmean",1003
"2",0.178796332495538,0.00875165187424642,0.0180174502950158,0.0354404409889304,0.075398913287071,0.0052990844240821,0.0214808257356793,0.0223131517633205,"calcite_flush_4_nondim","TEmean",1003
"3",-33.5813413203515,-10.6618731032098,-217.476261048416,-3.83893235157362,-2.91217732616071,-4491.23386271756,-4.4141158242469,-330.916507235284,"calcite_flush_4_nondim","FOsd2",1003
"4",99.6342991878582,90.2810094652814,37.2023339394005,90.8375355630078,100.372553319535,3306.61452511666,74.4745186436403,80.9307069091981,"calcite_flush_4_nondim","TEsd2",1003
