"","curr_inflow_rate","curr_diffusion_coef","curr_porosity","curr_gypsum_rate_constant","curr_calcite_rate_constant","curr_gypsum_surface_area","curr_calcite_surface_area","dfn_volume","output_var","sobol_type","boot_num"
"1",0.121969520472608,0.013745206633118,0.00559650946331124,0.0175387503187366,0.0457693221366628,0.000573037306248525,0.009013328655504,0.0154576028769985,"calcite_flush_4_nondim","FOmean",583
"2",0.14009062357737,0.00479356234790847,0.00778610619482674,0.0184758931357681,0.0424936614820238,0.00533813536681281,0.0110463156061563,0.0156714729883249,"calcite_flush_4_nondim","TEmean",583
"3",0.768777656063293,0.826646666271555,0.753697305209305,0.873008332559403,0.787241249019903,0.79763379872332,0.153258456457484,0.760899840424801,"calcite_flush_4_nondim","FOsd2",583
"4",0.118794651032134,0.133710735102467,0.117031488146481,0.141915218253435,0.163950199042329,0.127016188719323,0.581331789943751,0.125437346310605,"calcite_flush_4_nondim","TEsd2",583
