"","curr_inflow_rate","curr_diffusion_coef","curr_porosity","curr_gypsum_rate_constant","curr_calcite_rate_constant","curr_gypsum_surface_area","curr_calcite_surface_area","dfn_volume","output_var","sobol_type","boot_num"
"1",0.014489686386364,0.010059514194036,0.0200537171292983,0.000667820078233425,0.00630814119828118,0.00217428012441254,-0.000448665102483415,0.00669734365715228,"calcite_flush_8_nondim","FOmean",1487
"2",0.0158304602821242,0.0030410880490624,0.0376056764281345,0.00635723528866824,0.00660584517313234,0.0025649592217278,0.00311340318346573,0.015946669818426,"calcite_flush_8_nondim","TEmean",1487
"3",0.999970876837932,0.999968813924273,0.999964156529062,0.999963933209898,0.999972504899212,0.999957468619814,0.999971633906034,0.999969547639285,"calcite_flush_8_nondim","FOsd2",1487
"4",8.43311352263744e-06,1.03950660977656e-05,1.45973582598541e-05,1.92263793104995e-05,1.08104987279033e-05,1.24031731810974e-05,1.29908291286136e-05,6.84618619508721e-06,"calcite_flush_8_nondim","TEsd2",1487
