"","curr_inflow_rate","curr_diffusion_coef","curr_porosity","curr_gypsum_rate_constant","curr_calcite_rate_constant","curr_gypsum_surface_area","curr_calcite_surface_area","dfn_volume","output_var","sobol_type","boot_num"
"1",0.0225248552353691,0.00824534857519322,0.0299928245164325,0.00853383473749157,0.00456745383183104,-0.00534785838397351,-0.00391636188914621,0.00877162464264723,"calcite_flush_8_nondim","FOmean",1727
"2",0.0119730975894841,0.00255709603114685,0.0277491675079696,0.0123748036365367,0.00381162886730337,0.00337399440947097,0.00587030636257954,0.0133470630123864,"calcite_flush_8_nondim","TEmean",1727
"3",0.999980754380166,0.999979395503515,0.999983144405706,0.999978374768841,0.999984556115232,0.999980345497864,0.999978030570332,0.999974856997053,"calcite_flush_8_nondim","FOsd2",1727
"4",7.4780188699665e-06,4.77362455581578e-06,6.15533666159188e-06,1.05732512821248e-05,1.0731142219805e-05,3.73000457114561e-06,1.12353213675228e-05,1.5749209412853e-05,"calcite_flush_8_nondim","TEsd2",1727
