"","curr_inflow_rate","curr_diffusion_coef","curr_porosity","curr_gypsum_rate_constant","curr_calcite_rate_constant","curr_gypsum_surface_area","curr_calcite_surface_area","dfn_volume","output_var","sobol_type","boot_num"
"1",0.00176477977171556,0.0078668091542477,0.0314531778618461,0.00688724996934628,0.0020066217701637,-0.00448696297375196,0.0077008023061022,0.00557621083054926,"calcite_flush_8_nondim","FOmean",791
"2",0.0151290038776097,0.00285366961738122,0.038169332853646,0.00645742862001555,0.00513640021635096,0.00323917949192238,0.00275225237866648,0.0148732420783664,"calcite_flush_8_nondim","TEmean",791
"3",0.999970530685149,0.99994057219959,0.999969752851133,0.99997099350087,0.999966729026117,0.999964520691115,0.999966769552839,0.999963979828569,"calcite_flush_8_nondim","FOsd2",791
"4",1.41896847153038e-05,2.62093218223092e-05,8.30449856573372e-06,1.5250298626404e-05,1.51626383573057e-05,1.13818488455277e-05,1.00312432733472e-05,1.09186684269821e-05,"calcite_flush_8_nondim","TEsd2",791
