"","curr_inflow_rate","curr_diffusion_coef","curr_porosity","curr_gypsum_rate_constant","curr_calcite_rate_constant","curr_gypsum_surface_area","curr_calcite_surface_area","dfn_volume","output_var","sobol_type","boot_num"
"1",-0.0051821777138138,0.00126739838108436,0.00533797376800819,-0.00221665837370164,-0.00281918577580331,-0.00140414252612517,-0.00327995934862154,0.0027056152026323,"calcite_flush_8_nondim","FOmean",35
"2",0.00890563664461832,0.0015593887386622,0.0187732255316948,0.0084290097167189,0.00355383047867443,0.00287158788540177,0.00267172589966564,0.0124250839419273,"calcite_flush_8_nondim","TEmean",35
"3",0.999970048617309,0.999966100711186,0.999974707119897,0.999972991717749,0.999979007865345,0.999975473105141,0.999975664552598,0.999969444125449,"calcite_flush_8_nondim","FOsd2",35
"4",7.3847240378065e-06,9.70246120854845e-06,4.04232809389705e-06,8.805526319979e-06,8.30832112917483e-06,2.86615901630443e-06,5.4006092393067e-06,6.98854075893954e-06,"calcite_flush_8_nondim","TEsd2",35
