"","curr_inflow_rate","curr_diffusion_coef","curr_porosity","curr_gypsum_rate_constant","curr_calcite_rate_constant","curr_gypsum_surface_area","curr_calcite_surface_area","dfn_volume","output_var","sobol_type","boot_num"
"1",0.0158851651763656,0.000233527982510147,0.0198495061699317,0.00263174925918619,0.00731653693862374,0.00299807070989137,0.000240373748426008,0.0203585425935736,"calcite_flush_8_nondim","FOmean",425
"2",0.00916353594870674,0.00137651357932731,0.0190314941534263,0.00564844286214504,0.00331924104327364,0.0015817431914813,0.00205302863309636,0.0140811926012834,"calcite_flush_8_nondim","TEmean",425
"3",0.999967721844325,0.999978001388248,0.999978715734783,0.999966479280124,0.999979492834804,0.999969239432406,0.999980214091258,0.999980456226258,"calcite_flush_8_nondim","FOsd2",425
"4",7.06122654989658e-06,7.29389872701008e-06,4.48107494442279e-06,1.80698775931178e-05,4.53651046809252e-06,4.10526463894836e-06,5.67995173647134e-06,1.51423596383692e-05,"calcite_flush_8_nondim","TEsd2",425
