"","curr_inflow_rate","curr_diffusion_coef","curr_porosity","curr_gypsum_rate_constant","curr_calcite_rate_constant","curr_gypsum_surface_area","curr_calcite_surface_area","dfn_volume","output_var","sobol_type","boot_num"
"1",0.00332170173874114,0.00790253999848021,0.0252891557815579,0.0187157413851804,0.00449309842724634,-0.0144605156478945,-0.00808844097485304,-0.0119769779461656,"calcite_flush_7_nondim","FOmean",580
"2",0.0132192514874514,0.00341514866829815,0.0231240311394813,0.0103367439387498,0.00435551479666039,0.00306388297166153,0.00412641040447584,0.0151160443072839,"calcite_flush_7_nondim","TEmean",580
"3",0.999941631625544,0.999954465779875,0.999954866022528,0.999958721791298,0.999950380943474,0.999950918025006,0.999955335139502,0.999950125575396,"calcite_flush_7_nondim","FOsd2",580
"4",1.44114907984946e-05,5.47466123775676e-06,5.16060028517943e-06,1.22286044227001e-05,1.94770930800806e-05,4.37995304892049e-06,5.79687429467228e-06,1.07281801413871e-05,"calcite_flush_7_nondim","TEsd2",580
