"","curr_inflow_rate","curr_diffusion_coef","curr_porosity","curr_gypsum_rate_constant","curr_calcite_rate_constant","curr_gypsum_surface_area","curr_calcite_surface_area","dfn_volume","output_var","sobol_type","boot_num"
"1",0.0133248862670899,0.00096545294539671,0.0189454160361207,0.00675843185734608,-0.000765684087895124,3.6034342777497e-05,0.00559988886167739,-0.00932646403264902,"calcite_flush_7_nondim","FOmean",1672
"2",0.0157313310660594,0.00252583706474139,0.0205240759048131,0.0065739675490637,0.00524707188099484,0.00333722247843544,0.00397870289195741,0.016984677854365,"calcite_flush_7_nondim","TEmean",1672
"3",0.999956479023645,0.999961107602391,0.999952660326705,0.999967486508836,0.999965421228802,0.999970997465825,0.999966335812723,0.99995885888879,"calcite_flush_7_nondim","FOsd2",1672
"4",1.27576536015737e-05,1.24208656084377e-05,1.06605752449176e-05,2.84662826619976e-05,1.70313267252055e-05,1.2872577765215e-05,8.0129907895608e-06,2.81750156405154e-05,"calcite_flush_7_nondim","TEsd2",1672
