"","curr_inflow_rate","curr_diffusion_coef","curr_porosity","curr_gypsum_rate_constant","curr_calcite_rate_constant","curr_gypsum_surface_area","curr_calcite_surface_area","dfn_volume","output_var","sobol_type","boot_num"
"1",0.0105968117220342,-0.00164399940163334,0.0176905065735617,-0.000815912590721509,0.00412104656208753,-0.0073133192228954,0.0054780160434512,-0.00429795135443713,"calcite_flush_7_nondim","FOmean",1120
"2",0.0154156813551391,0.00255370367889095,0.0166259060138858,0.00447496087145631,0.00351871419813584,0.0034825771990673,0.00321072035573529,0.0124686473040389,"calcite_flush_7_nondim","TEmean",1120
"3",0.999961620019129,0.99997046996563,0.999970234528912,0.999940017082296,0.999975287051213,0.99995250336947,0.99995137006436,0.999973593999937,"calcite_flush_7_nondim","FOsd2",1120
"4",1.44835261629832e-05,4.47110649734885e-05,2.25127196168012e-05,1.32791474241849e-05,4.2767924897411e-05,5.63244222000584e-05,1.10936974014116e-05,4.91896711932395e-05,"calcite_flush_7_nondim","TEsd2",1120
