"","curr_inflow_rate","curr_diffusion_coef","curr_porosity","curr_gypsum_rate_constant","curr_calcite_rate_constant","curr_gypsum_surface_area","curr_calcite_surface_area","dfn_volume","output_var","sobol_type","boot_num"
"1",0.00798747171065696,-0.0105268997827484,0.0117343077866404,0.00579025189517203,-0.00100976159627456,0.00131809989764036,0.00623393525864183,0.0220909905497218,"calcite_flush_7_nondim","FOmean",742
"2",0.0130337120181436,0.00272892079939039,0.0282385298785763,0.00910555023236263,0.00473768559788585,0.0039148425351226,0.00376975793694186,0.0144358760981343,"calcite_flush_7_nondim","TEmean",742
"3",0.99991268114874,0.999921204356067,0.999927507119579,0.999923702661348,0.999911333429194,0.999921815671816,0.999895535909624,0.999916318404491,"calcite_flush_7_nondim","FOsd2",742
"4",1.72653353463587e-05,1.31848771388508e-05,1.75229527367333e-05,1.38821717232797e-05,4.15006532990994e-05,1.2049349461212e-05,3.68277535017507e-05,1.9293776186444e-05,"calcite_flush_7_nondim","TEsd2",742
