"","curr_inflow_rate","curr_diffusion_coef","curr_porosity","curr_gypsum_rate_constant","curr_calcite_rate_constant","curr_gypsum_surface_area","curr_calcite_surface_area","dfn_volume","output_var","sobol_type","boot_num"
"1",0.0388555811710266,0.026555951258879,0.0140384725288266,0.0126956638521349,0.00524468335252084,-0.0134489959015962,0.0105738096626521,0.000543222894842626,"calcite_flush_6_nondim","FOmean",1647
"2",0.0461789897155545,0.00596206249245303,0.00556655595632554,0.0151822507166602,0.00921369566078091,0.00570577410559944,0.00567594795379377,0.0152787216401008,"calcite_flush_6_nondim","TEmean",1647
"3",0.998875972302636,0.998839194808312,0.998818426968966,0.998994443770201,0.998784159460375,0.99860370469965,0.998541343321934,0.998660101078701,"calcite_flush_6_nondim","FOsd2",1647
"4",0.000557885637199843,0.000139329825936778,0.00026446948637275,0.000438234921553113,0.000174689109478772,0.00024371709443091,0.000370107912619574,0.000213914264323083,"calcite_flush_6_nondim","TEsd2",1647
