"","curr_inflow_rate","curr_diffusion_coef","curr_porosity","curr_gypsum_rate_constant","curr_calcite_rate_constant","curr_gypsum_surface_area","curr_calcite_surface_area","dfn_volume","output_var","sobol_type","boot_num"
"1",0.147919752859831,-0.000968525880271026,0.00609906861253159,0.0176394613398105,0.0332007909825331,0.00428672929120311,0.0203860112334439,0.00696337908311036,"calcite_flush_4_nondim","FOmean",1531
"2",0.148513433098498,0.00488050129044334,0.00447388375807648,0.0194203984788538,0.0391247193416328,0.00489443232673398,0.0217351697669018,0.0160318824251029,"calcite_flush_4_nondim","TEmean",1531
"3",-68.0868298578678,-65.8182553235922,-124.795683528196,-71.7865452562711,-64.7484062834105,-208.1519550429,-75.9253747312535,-65.407911840059,"calcite_flush_4_nondim","FOsd2",1531
"4",21.211406983574,23.4992301275436,55.2957925824166,11.3190037564225,24.4283974016074,56.737551954828,6.43721109445222,26.1370758721062,"calcite_flush_4_nondim","TEsd2",1531
