"","curr_inflow_rate","curr_diffusion_coef","curr_porosity","curr_gypsum_rate_constant","curr_calcite_rate_constant","curr_gypsum_surface_area","curr_calcite_surface_area","dfn_volume","output_var","sobol_type","boot_num"
"1",0.016584371877537,0.00234406879294547,0.0187348751927224,-0.00990985268739899,0.00425421580054102,-0.000698330393104495,0.00608996239971143,-0.00307256935385124,"calcite_flush_7_nondim","FOmean",1126
"2",0.0154972938344318,0.00275073504838517,0.0244381748929037,0.00572778021987412,0.00592920643843456,0.00231664308750961,0.00330073788983074,0.0125963796142853,"calcite_flush_7_nondim","TEmean",1126
"3",0.999949244687013,0.999950220536736,0.999958810563162,0.999957302001248,0.999961316918309,0.999942039353676,0.999959998540399,0.999959996644044,"calcite_flush_7_nondim","FOsd2",1126
"4",1.61624732520367e-05,1.23213135806863e-05,5.53944598474736e-06,8.03998874721293e-06,7.52270224370217e-06,1.91510282261946e-05,7.0463792780911e-06,6.315360946508e-06,"calcite_flush_7_nondim","TEsd2",1126
