"","curr_inflow_rate","curr_diffusion_coef","curr_porosity","curr_gypsum_rate_constant","curr_calcite_rate_constant","curr_gypsum_surface_area","curr_calcite_surface_area","dfn_volume","output_var","sobol_type","boot_num"
"1",0.0990106045836112,0.00655645973665019,-0.00380065071236781,0.0244084843330424,0.0125648328954689,0.00260231935540067,-0.000985871226743971,0.0262035519449949,"calcite_flush_5_nondim","FOmean",290
"2",0.17982397727014,0.00252406177371587,0.00468826297740575,0.0467163130824436,0.0473491028233044,0.00260043052554846,0.00668581877678227,0.050692652525705,"calcite_flush_5_nondim","TEmean",290
"3",0.994672809215829,0.991765529969958,0.993937928240136,0.996542891359035,0.996024583884238,0.994209431270538,0.993753452064705,0.996767552708861,"calcite_flush_5_nondim","FOsd2",290
"4",0.00809873505143717,0.00144421584859126,0.0013502564258682,0.00581548674721038,0.00610354945974386,0.00125790847886932,0.00111063752543609,0.00372549644905169,"calcite_flush_5_nondim","TEsd2",290
