"","curr_inflow_rate","curr_diffusion_coef","curr_porosity","curr_gypsum_rate_constant","curr_calcite_rate_constant","curr_gypsum_surface_area","curr_calcite_surface_area","dfn_volume","output_var","sobol_type","boot_num"
"1",0.010714169661188,-0.00525566339184279,0.00742906480315188,0.00581445231010585,0.00365426377035128,0.00563624785756237,0.00501447673763752,0.00641388612674386,"calcite_flush_9_nondim","FOmean",6
"2",0.00919504882457093,0.00202118125147365,0.0170618510719644,0.00580802134893331,0.00295234633959316,0.00176702219342086,0.00201444910193091,0.0100072297011368,"calcite_flush_9_nondim","TEmean",6
"3",0.999982458173804,0.99998297718977,0.99998565332963,0.999987077247194,0.999991666602352,0.999984436881398,0.999986737543962,0.999988997764581,"calcite_flush_9_nondim","FOsd2",6
"4",6.4017015578159e-06,3.50223613179417e-06,3.04611983036285e-06,1.03991532225151e-05,6.7412181265804e-06,4.25075216508874e-06,3.28430515974799e-06,9.34366686841781e-06,"calcite_flush_9_nondim","TEsd2",6
