"","curr_inflow_rate","curr_diffusion_coef","curr_porosity","curr_gypsum_rate_constant","curr_calcite_rate_constant","curr_gypsum_surface_area","curr_calcite_surface_area","dfn_volume","output_var","sobol_type","boot_num"
"1",-4.57418348189176e-05,-0.00256232547854917,0.0132190648834766,3.15126626930093e-05,0.00106904170238087,-0.000747247106712318,0.00204486625856258,-0.00629159051717976,"calcite_flush_9_nondim","FOmean",1272
"2",0.0104881387080536,0.00243661881474429,0.0253013740162393,0.00600139203207313,0.00387021782061567,0.00202374456255671,0.0023166013523912,0.0130101053200282,"calcite_flush_9_nondim","TEmean",1272
"3",0.999986978674717,0.999982433104349,0.999982372138928,0.999985281657201,0.999988551269332,0.999984736435756,0.99998736961814,0.99998642257949,"calcite_flush_9_nondim","FOsd2",1272
"4",4.29900232292132e-06,7.42893871465841e-06,3.73283044224648e-06,8.36641765234953e-06,6.8333714513412e-06,3.12554027788091e-06,6.73404575398205e-06,4.21937623428968e-06,"calcite_flush_9_nondim","TEsd2",1272
