"","curr_inflow_rate","curr_diffusion_coef","curr_porosity","curr_gypsum_rate_constant","curr_calcite_rate_constant","curr_gypsum_surface_area","curr_calcite_surface_area","dfn_volume","output_var","sobol_type","boot_num"
"1",0.198980367849892,-0.00248358623646396,0.00916396716381097,0.00521058784484208,0.0573679404460274,-0.00325462982985583,0.0141397848369134,0.0121342723798869,"calcite_flush_4_nondim","FOmean",841
"2",0.193321735215859,0.00647411845915092,0.0153939751349527,0.0308713645164693,0.0572234898638648,0.00618580504507608,0.0186596352343929,0.0189638937439389,"calcite_flush_4_nondim","TEmean",841
"3",-444.586753792376,-130.770771177725,-306.753280801255,-67.3771563322379,-27.8552471072392,-104.442480269873,-42.44757732192,-74.8297800339562,"calcite_flush_4_nondim","FOsd2",841
"4",201.254455583504,205.748787983673,465.890483960964,379.530149491678,412.292631851286,297.035338717437,322.739445082772,217.56441877191,"calcite_flush_4_nondim","TEsd2",841
