"","curr_inflow_rate","curr_diffusion_coef","curr_porosity","curr_gypsum_rate_constant","curr_calcite_rate_constant","curr_gypsum_surface_area","curr_calcite_surface_area","dfn_volume","output_var","sobol_type","boot_num"
"1",0.150591666340387,0.00652874055584995,0.0025341155716072,0.00787375383409311,0.0547804552860984,0.00805402239776551,-0.00275808930040997,0.00632220074119572,"calcite_flush_4_nondim","FOmean",931
"2",0.145795856352518,0.00689624814161932,0.00954807552767149,0.016513621810534,0.0479487690504981,0.00738186827407944,0.00798867208978213,0.0123529628094281,"calcite_flush_4_nondim","TEmean",931
"3",-29.0711401627196,-36.5317954393628,-38.0294192656727,-78.185777172152,-19.0584021030354,-55.1969989853766,-24.2997540551552,-40.9353971398492,"calcite_flush_4_nondim","FOsd2",931
"4",29.333244308222,32.3409119569814,18.149128178062,35.717672459903,26.299644842588,4.09041419645234,20.1428823714116,25.918192487018,"calcite_flush_4_nondim","TEsd2",931
