"","curr_inflow_rate","curr_diffusion_coef","curr_porosity","curr_gypsum_rate_constant","curr_calcite_rate_constant","curr_gypsum_surface_area","curr_calcite_surface_area","dfn_volume","output_var","sobol_type","boot_num"
"1",0.0362188341747171,-0.0129354118850996,0.0057558640176338,-0.00296129648838603,0.0119507110576663,-0.00826689834128593,-0.00266415896090637,0.0181492929834414,"calcite_flush_6_nondim","FOmean",729
"2",0.041589428755831,0.00535165514480761,0.00424337777585765,0.0085796863562088,0.0118602427222563,0.00366382812989731,0.00335264712056616,0.0218541602353557,"calcite_flush_6_nondim","TEmean",729
"3",0.999198479895687,0.998884468209909,0.998737574935077,0.998447870770752,0.998691186114275,0.998934495736179,0.998883504315969,0.998656105765299,"calcite_flush_6_nondim","FOsd2",729
"4",0.000955829026163519,0.000244592270972268,0.000381801481843885,0.000638631092285789,0.000572234216780113,0.000307782256059344,0.000291848272768913,0.000342280661858891,"calcite_flush_6_nondim","TEsd2",729
