"","curr_inflow_rate","curr_diffusion_coef","curr_porosity","curr_gypsum_rate_constant","curr_calcite_rate_constant","curr_gypsum_surface_area","curr_calcite_surface_area","dfn_volume","output_var","sobol_type","boot_num"
"1",0.080766924608631,0.00357188666024181,0.0022788967700247,0.0148982645375834,0.0230146503088007,0.00302312233485585,0.00742114876522638,-0.000259184492927188,"calcite_flush_4_nondim","FOmean",1477
"2",0.105407591677975,0.00734306692710308,0.00411787670358405,0.0290308641578978,0.0263488325133831,0.00544426700841494,0.0105315002734901,0.0159869215030495,"calcite_flush_4_nondim","TEmean",1477
"3",-3.58007803082609,-7.85698774649262,-2.43061678863147,-0.228349118158257,-0.188795557225017,-2.55683771294595,-1.69330874082861,-0.269616020618137,"calcite_flush_4_nondim","FOsd2",1477
"4",0.625593578563927,1.65601036100663,1.26890505712329,3.35752519697791,4.38420806232357,1.71893719358525,2.14086423103197,3.90770826968526,"calcite_flush_4_nondim","TEsd2",1477
