"","curr_inflow_rate","curr_diffusion_coef","curr_porosity","curr_gypsum_rate_constant","curr_calcite_rate_constant","curr_gypsum_surface_area","curr_calcite_surface_area","dfn_volume","output_var","sobol_type","boot_num"
"1",-0.0112948162381254,-0.00287630082189226,0.00177710811685125,0.0138240555505637,-0.00198432851138864,-0.000289702921242668,0.00518111407443873,-0.00997950338437226,"calcite_flush_6_nondim","FOmean",1149
"2",0.0403687550236342,0.00387069132149823,0.00392532930950796,0.00500052333364704,0.00769513165063257,0.00367905111561949,0.00644428644232564,0.0209936985927179,"calcite_flush_6_nondim","TEmean",1149
"3",0.999058629313373,0.99907892893379,0.999011410027966,0.999072658435777,0.999108275519595,0.999134270551114,0.999014620587106,0.999127170505843,"calcite_flush_6_nondim","FOsd2",1149
"4",0.000560541967737341,0.000106527050872409,0.000145114147518804,0.00022297390294578,0.000194756961758578,0.000155174588230101,8.0387229900852e-05,0.000427903125334501,"calcite_flush_6_nondim","TEsd2",1149
