"","curr_inflow_rate","curr_diffusion_coef","curr_porosity","curr_gypsum_rate_constant","curr_calcite_rate_constant","curr_gypsum_surface_area","curr_calcite_surface_area","dfn_volume","output_var","sobol_type","boot_num"
"1",0.220263639507833,-0.000253001379620082,0.00534299250783112,0.0244582752484258,0.086056427527467,0.00334507526399205,0.00201464377843262,-0.0121652947357208,"calcite_flush_4_nondim","FOmean",1639
"2",0.234423372287272,0.00493640848068618,0.00754810489796024,0.0322762864887345,0.0796203928030199,0.0107116922861375,0.00981395162447677,0.022706341490642,"calcite_flush_4_nondim","TEmean",1639
"3",0.991985632733209,0.997102661943353,0.996986648866228,0.987262655581135,0.99542659112314,0.997114822154606,0.994645016105528,0.996992636835597,"calcite_flush_4_nondim","FOsd2",1639
"4",0.00732255300106781,0.00220048966080273,0.00251946866797743,0.0062830111027957,0.00261200304057183,0.00139218347727006,0.00410316830696988,0.00156149726489713,"calcite_flush_4_nondim","TEsd2",1639
