"","curr_inflow_rate","curr_diffusion_coef","curr_porosity","curr_gypsum_rate_constant","curr_calcite_rate_constant","curr_gypsum_surface_area","curr_calcite_surface_area","dfn_volume","output_var","sobol_type","boot_num"
"1",0.161106452791477,0.0143442390122903,0.00141357914054574,0.0103979493681678,0.0547762105638631,-0.00148730090769241,0.0171464047624742,0.0100275337086752,"calcite_flush_4_nondim","FOmean",1123
"2",0.197690635391522,0.0108908142756835,0.015670738008709,0.0234659125209234,0.0608954414332763,0.00331570102498497,0.0253529460549324,0.0163886391771987,"calcite_flush_4_nondim","TEmean",1123
"3",-80.5545954349041,-85.4132813452178,-1102.20450447159,-131.510622107889,-1167.68308766903,-257.043116500885,-186.806447333139,-563.903969282772,"calcite_flush_4_nondim","FOsd2",1123
"4",1265.54017053287,1312.94714107396,644.003725295734,916.460305405747,599.28487208928,646.213528221904,797.374290883617,543.07567368018,"calcite_flush_4_nondim","TEsd2",1123
