"","curr_inflow_rate","curr_diffusion_coef","curr_porosity","curr_gypsum_rate_constant","curr_calcite_rate_constant","curr_gypsum_surface_area","curr_calcite_surface_area","dfn_volume","output_var","sobol_type","boot_num"
"1",0.00633881872514904,-0.000309930359585481,0.0219265657661239,0.00050974767263604,0.00560923024376042,-0.000500874658979479,-0.00150520539427775,0.0291884874352974,"calcite_flush_8_nondim","FOmean",395
"2",0.0115298716008035,0.00333366642379934,0.0350287006055631,0.00832907545025346,0.00398014008732173,0.00311809058375958,0.00350022554154257,0.0150267965618926,"calcite_flush_8_nondim","TEmean",395
"3",0.999958753220829,0.999985406487719,0.999978475732086,0.999970801758083,0.999981372888811,0.999984073970942,0.999985368149942,0.999985212657214,"calcite_flush_8_nondim","FOsd2",395
"4",2.74567066710892e-05,1.25223951473859e-05,1.09809382780037e-05,1.41965173108699e-05,1.07525904628082e-05,4.03759816201936e-06,5.9104972666967e-06,1.51958500580036e-05,"calcite_flush_8_nondim","TEsd2",395
