"","curr_inflow_rate","curr_diffusion_coef","curr_porosity","curr_gypsum_rate_constant","curr_calcite_rate_constant","curr_gypsum_surface_area","curr_calcite_surface_area","dfn_volume","output_var","sobol_type","boot_num"
"1",0.00748208092530699,-0.00330882322579552,0.0212423618562728,0.00588201701590558,0.0037672262067516,-0.00234639243201882,-0.000630193148826675,0.00759047822924519,"calcite_flush_8_nondim","FOmean",803
"2",0.0118400916415997,0.00186852768471657,0.0247074253431425,0.00562630141484304,0.00390826035700581,0.00212704581100698,0.00293963541227625,0.0111923786781462,"calcite_flush_8_nondim","TEmean",803
"3",0.999976782746858,0.999963737458716,0.999911676485477,0.999950588417894,0.99997165101513,0.999968476511234,0.999963721894671,0.999950589080417,"calcite_flush_8_nondim","FOsd2",803
"4",1.43495366886504e-05,5.59406357335958e-06,5.74727899421857e-05,2.33592723518041e-05,1.37016871903049e-05,1.15920836052838e-05,1.73703517744037e-05,2.33927167091994e-05,"calcite_flush_8_nondim","TEsd2",803
