"","curr_inflow_rate","curr_diffusion_coef","curr_porosity","curr_gypsum_rate_constant","curr_calcite_rate_constant","curr_gypsum_surface_area","curr_calcite_surface_area","dfn_volume","output_var","sobol_type","boot_num"
"1",-0.0260291640843104,0.00947068287897987,0.0171993037390367,-0.00497194035532113,0.0132528699481116,-0.00305366842102175,0.00531044540818149,-0.0109630817749995,"calcite_flush_6_nondim","FOmean",153
"2",0.0309348375478532,0.00349945683554502,0.0064063658077192,0.00690136308021934,0.00780838408742778,0.00310532571762409,0.00262576652898468,0.0176740055985363,"calcite_flush_6_nondim","TEmean",153
"3",0.999139292691196,0.99907298798253,0.999193390885747,0.999208251537283,0.999087876797181,0.999114406262856,0.999201948309399,0.999097850084286,"calcite_flush_6_nondim","FOsd2",153
"4",0.00040734087739889,8.57914062736873e-05,0.000114282028514773,0.000191614596908388,0.000288218988947347,9.64686940866832e-05,0.000168748117494491,0.000387232367938702,"calcite_flush_6_nondim","TEsd2",153
