"","curr_inflow_rate","curr_diffusion_coef","curr_porosity","curr_gypsum_rate_constant","curr_calcite_rate_constant","curr_gypsum_surface_area","curr_calcite_surface_area","dfn_volume","output_var","sobol_type","boot_num"
"1",0.0032133036464157,-0.00254875173303958,0.0209086146005862,0.0128830661033733,-0.00107117258194135,-0.00379469592606682,0.00106117047433428,0.0040721157887131,"calcite_flush_7_nondim","FOmean",508
"2",0.0120437543084069,0.00314665905097194,0.0255981986448221,0.0114898235229938,0.00477917922483086,0.00260362644261128,0.00399045885747907,0.0184324477415428,"calcite_flush_7_nondim","TEmean",508
"3",0.999943116887338,0.999936540830728,0.999959841050048,0.99995433319195,0.999919923818806,0.999939446236493,0.999918580841082,0.999914319871109,"calcite_flush_7_nondim","FOsd2",508
"4",2.08016793338571e-05,2.89760903398824e-05,3.72954297822159e-05,7.65054395058656e-05,3.08098315068313e-05,1.42348892226758e-05,2.84170012223407e-05,4.89758543251512e-05,"calcite_flush_7_nondim","TEsd2",508
