"","curr_inflow_rate","curr_diffusion_coef","curr_porosity","curr_gypsum_rate_constant","curr_calcite_rate_constant","curr_gypsum_surface_area","curr_calcite_surface_area","dfn_volume","output_var","sobol_type","boot_num"
"1",0.0015028703231511,-0.00350080625789606,0.0178722739544041,-0.00029073156287489,0.000515545037026142,-0.00375928798543035,-4.30566127703491e-07,-0.00131789183921105,"calcite_flush_9_nondim","FOmean",1476
"2",0.0133426350567435,0.00374608938565012,0.0343933965398469,0.00588908300717977,0.00468133434081082,0.00337011141296587,0.00192450390811748,0.0157792709437382,"calcite_flush_9_nondim","TEmean",1476
"3",0.999969515820626,0.999973497248943,0.999968593467289,0.999982300678808,0.999979212905512,0.999976925031483,0.999975729318714,0.999960846418309,"calcite_flush_9_nondim","FOsd2",1476
"4",7.81925157690101e-06,6.35248322737923e-06,1.25857179914931e-05,1.19175521307901e-05,9.16476583497332e-06,3.6838807307291e-06,1.00232859494321e-05,3.11709089333282e-05,"calcite_flush_9_nondim","TEsd2",1476
