"","curr_inflow_rate","curr_diffusion_coef","curr_porosity","curr_gypsum_rate_constant","curr_calcite_rate_constant","curr_gypsum_surface_area","curr_calcite_surface_area","dfn_volume","output_var","sobol_type","boot_num"
"1",0.000856939670403687,0.00295155004338427,0.0182359964335883,0.00116560589187182,5.98254950304934e-05,-0.000787688826284894,-0.00124763530178385,0.0159421955696651,"calcite_flush_8_nondim","FOmean",1151
"2",0.0116971853243692,0.00170437732263669,0.0203744438946518,0.00689858131842388,0.00366102600665716,0.00164766768468786,0.00276201495169184,0.0175766175103909,"calcite_flush_8_nondim","TEmean",1151
"3",0.999980369827155,0.999982324711202,0.999981885759604,0.999978334590746,0.999982619971066,0.999980160800981,0.999981622437481,0.999982280851659,"calcite_flush_8_nondim","FOsd2",1151
"4",6.91752440142836e-06,2.33685495372078e-06,6.71733877013429e-06,1.06266717985323e-05,6.37818055179512e-06,4.91276617449611e-06,5.23130381263828e-06,6.52498977849803e-06,"calcite_flush_8_nondim","TEsd2",1151
