"","curr_inflow_rate","curr_diffusion_coef","curr_porosity","curr_gypsum_rate_constant","curr_calcite_rate_constant","curr_gypsum_surface_area","curr_calcite_surface_area","dfn_volume","output_var","sobol_type","boot_num"
"1",0.0538898649765125,-0.0132911421191653,0.000283789820489332,-0.00633585591511279,-0.00505750137289776,0.0126416797463255,-0.00980518520808345,0.00407198124435687,"calcite_flush_6_nondim","FOmean",951
"2",0.0398144231250155,0.00317972538255573,0.00290721176388892,0.00797490424891431,0.00909986614168259,0.0048467733890686,0.00386156356324105,0.0210789425506279,"calcite_flush_6_nondim","TEmean",951
"3",0.999348998983956,0.999111167008238,0.999135335848709,0.999125966967844,0.999085023042001,0.999100246760988,0.998997227679238,0.99912740282716,"calcite_flush_6_nondim","FOsd2",951
"4",0.000524990172487574,0.000161810131653135,0.000125293157708852,0.000412473854529629,0.000205163310352538,0.000153315585211903,0.000127381730012326,0.000253609845991187,"calcite_flush_6_nondim","TEsd2",951
