"","curr_inflow_rate","curr_diffusion_coef","curr_porosity","curr_gypsum_rate_constant","curr_calcite_rate_constant","curr_gypsum_surface_area","curr_calcite_surface_area","dfn_volume","output_var","sobol_type","boot_num"
"1",0.1401459277526,0.00781377057854404,0.00482776927715187,0.0325816571586365,0.0715107644529838,-0.0055970294120268,0.0153808629361003,0.00174087132315029,"calcite_flush_4_nondim","FOmean",361
"2",0.15371197132293,0.0117327719761832,0.00818835233476875,0.0295278638996138,0.0764189265535351,0.00284690734792433,0.0157695135034608,0.017332787727726,"calcite_flush_4_nondim","TEmean",361
"3",-0.0864454650848299,-1.73173669882773,0.339154743415386,0.129313227698798,-1.29211898802087,-0.403299871988477,0.290521084791713,-2.75768605928419,"calcite_flush_4_nondim","FOsd2",361
"4",0.191371439913472,1.04939420933222,0.263961269019873,0.0568884128109505,0.958640183364434,0.630272841450827,0.326853557840724,2.09730879717084,"calcite_flush_4_nondim","TEsd2",361
