"","curr_inflow_rate","curr_diffusion_coef","curr_porosity","curr_gypsum_rate_constant","curr_calcite_rate_constant","curr_gypsum_surface_area","curr_calcite_surface_area","dfn_volume","output_var","sobol_type","boot_num"
"1",0.00366450366675744,0.00405739985223548,0.0241769142917881,-0.00740970370781608,0.000977439886811869,-0.00168871142253458,0.0036292836646903,-0.00223455914072692,"calcite_flush_7_nondim","FOmean",1684
"2",0.0108232923068925,0.00184881034605623,0.0214369043518385,0.00529045220090405,0.00375929620975979,0.00254553854961018,0.00207870893794847,0.00979519625858529,"calcite_flush_7_nondim","TEmean",1684
"3",0.999890010319434,0.999869150486892,0.99991124212993,0.999912076649108,0.999893685423121,0.999909875896142,0.99991304296103,0.999909021896298,"calcite_flush_7_nondim","FOsd2",1684
"4",2.85728158213712e-05,3.83238132704027e-05,1.2829290223919e-05,2.60661878803303e-05,3.37749397461241e-05,1.20758105686342e-05,2.95268219922221e-05,3.12038525240331e-05,"calcite_flush_7_nondim","TEsd2",1684
