"","curr_inflow_rate","curr_diffusion_coef","curr_porosity","curr_gypsum_rate_constant","curr_calcite_rate_constant","curr_gypsum_surface_area","curr_calcite_surface_area","dfn_volume","output_var","sobol_type","boot_num"
"1",0.0112896263090322,0.00285007398698553,0.00821116924047713,0.00214284865338553,-0.00354653866732324,-2.92575986845323e-05,-0.00562905082555688,0.0139663123243014,"calcite_flush_7_nondim","FOmean",958
"2",0.0136642427372726,0.00206497026882691,0.024227809518567,0.00632431023887369,0.00332009374393712,0.00302902199226284,0.00350375205463362,0.012618467149988,"calcite_flush_7_nondim","TEmean",958
"3",0.999927701849788,0.999920574816725,0.999906263883659,0.999948000106571,0.999923483808259,0.999922613242653,0.999895120993174,0.999924698367727,"calcite_flush_7_nondim","FOsd2",958
"4",3.29482263607987e-05,1.8885440450455e-05,1.24752065107627e-05,4.9386335639591e-05,5.07378973057066e-05,1.32930113719257e-05,5.8529904807057e-05,5.0419081815994e-05,"calcite_flush_7_nondim","TEsd2",958
