"","curr_inflow_rate","curr_diffusion_coef","curr_porosity","curr_gypsum_rate_constant","curr_calcite_rate_constant","curr_gypsum_surface_area","curr_calcite_surface_area","dfn_volume","output_var","sobol_type","boot_num"
"1",0.060077063981358,0.00389667692589372,-0.00547319209012477,-0.00663161986691471,-0.00466359160585388,-0.00158960697036394,0.00186827913808499,-0.0133504824439619,"calcite_flush_5_nondim","FOmean",1184
"2",0.0722619492454523,0.00179054638199423,0.00257943382021564,0.0106708196058343,0.0303995841059242,0.0016229174577807,0.0167502762072958,0.0560604533432858,"calcite_flush_5_nondim","TEmean",1184
"3",0.995172134271357,0.994395205286008,0.996187752149434,0.994396255212239,0.994480615459718,0.994047147643737,0.991367843251446,0.996089647263269,"calcite_flush_5_nondim","FOsd2",1184
"4",0.00266694168006219,0.000281829181911168,0.00167475170490644,0.000599163249829476,0.00110507969814245,0.000861317602218567,0.00229858699755943,0.00332147013382105,"calcite_flush_5_nondim","TEsd2",1184
