"","curr_inflow_rate","curr_diffusion_coef","curr_porosity","curr_gypsum_rate_constant","curr_calcite_rate_constant","curr_gypsum_surface_area","curr_calcite_surface_area","dfn_volume","output_var","sobol_type","boot_num"
"1",0.186016678362905,0.00101271134049337,0.00168406617248142,0.0258857448370662,0.0587026399513312,0.0148163513110413,0.0249595415672569,0.00293320831153309,"calcite_flush_4_nondim","FOmean",91
"2",0.191507774363973,0.00762291243453261,0.00979901121500252,0.0358427853713936,0.0592618484655701,0.010940786241746,0.023376779171835,0.0234848146918649,"calcite_flush_4_nondim","TEmean",91
"3",0.923188932810725,0.987534310054932,0.984542620730706,0.987511005209605,0.988038724834881,0.983738329101029,0.793974886016518,0.980717404501976,"calcite_flush_4_nondim","FOsd2",91
"4",0.0492150107011012,0.0103089431607611,0.010634066879732,0.0105849902038378,0.0085561463514824,0.0140987951232971,0.121683233490182,0.0165898875614146,"calcite_flush_4_nondim","TEsd2",91
