"","curr_inflow_rate","curr_diffusion_coef","curr_porosity","curr_gypsum_rate_constant","curr_calcite_rate_constant","curr_gypsum_surface_area","curr_calcite_surface_area","dfn_volume","output_var","sobol_type","boot_num"
"1",0.00383305070327095,0.00451980908716252,0.00441746484645294,0.000552003175260641,0.0129411786391257,0.00663088291702263,0.00420197335849702,0.0150653980308911,"calcite_flush_7_nondim","FOmean",652
"2",0.00861288243757962,0.00295801130551169,0.0236064751355495,0.00725484955582938,0.00336786113981355,0.00418309100313081,0.00439238359248833,0.0175126509728048,"calcite_flush_7_nondim","TEmean",652
"3",0.999954154872536,0.999945730257189,0.999966403488655,0.999968310657863,0.999943659099891,0.999967818608997,0.999963287303125,0.99996542796651,"calcite_flush_7_nondim","FOsd2",652
"4",1.31023636744114e-05,1.17576425172617e-05,4.96010677812508e-06,1.38941740064965e-05,2.1050399466349e-05,5.48121080437866e-06,1.0480633721825e-05,1.8027681716706e-05,"calcite_flush_7_nondim","TEsd2",652
