"","curr_inflow_rate","curr_diffusion_coef","curr_porosity","curr_gypsum_rate_constant","curr_calcite_rate_constant","curr_gypsum_surface_area","curr_calcite_surface_area","dfn_volume","output_var","sobol_type","boot_num"
"1",0.180398120326918,0.0119185865842366,0.00898980132107445,0.0402779749832423,0.0392289272668859,-0.00411357722111038,0.000961685992602449,-0.00149030102230703,"calcite_flush_4_nondim","FOmean",1567
"2",0.193278177927023,0.00896217765649091,0.0189175147105547,0.0495444303370254,0.0672415201684677,0.0101003001421107,0.0135323350714875,0.0161578753838523,"calcite_flush_4_nondim","TEmean",1567
"3",-101.90202456742,-38.6257419095061,-642.848519177888,-93764.0899952378,-31.7543621991064,-30.6818781659279,-114.21422273142,-1368.99141147074,"calcite_flush_4_nondim","FOsd2",1567
"4",93.6352601075447,17.6502738559151,589.831035863646,93613.190613678,11.8061083557124,16.4654638619194,99.1489035543051,1300.00053314423,"calcite_flush_4_nondim","TEsd2",1567
