"","curr_inflow_rate","curr_diffusion_coef","curr_porosity","curr_gypsum_rate_constant","curr_calcite_rate_constant","curr_gypsum_surface_area","curr_calcite_surface_area","dfn_volume","output_var","sobol_type","boot_num"
"1",0.0346289806818715,-0.00844279933798113,-0.00241903591879483,-0.0183872524676445,0.0337294508538871,-0.00168435505710423,0.00397028410056309,-0.0136343472255768,"calcite_flush_5_nondim","FOmean",380
"2",0.126615493998231,0.00355035084675993,0.0046839337419505,0.0507487195578364,0.0347746857020639,0.0042408534293462,0.00334888818568597,0.0298380216564656,"calcite_flush_5_nondim","TEmean",380
"3",0.997842503511043,0.997766430405966,0.997803298219225,0.997323631640979,0.998178035929938,0.996311938639089,0.997704977922287,0.997465522663079,"calcite_flush_5_nondim","FOsd2",380
"4",0.00141808170159028,0.000239631416034715,0.00057660495035032,0.00193560904405682,0.000992637843831207,0.00178775440797254,0.000336585809713517,0.00203953992918364,"calcite_flush_5_nondim","TEsd2",380
