"","curr_inflow_rate","curr_diffusion_coef","curr_porosity","curr_gypsum_rate_constant","curr_calcite_rate_constant","curr_gypsum_surface_area","curr_calcite_surface_area","dfn_volume","output_var","sobol_type","boot_num"
"1",0.000409223701219622,0.000805134970583324,0.00676901539131911,-0.00347983789110008,0.00925852939630453,-0.00269459022028752,-0.00386550135959762,-0.0115766914256984,"calcite_flush_6_nondim","FOmean",513
"2",0.028281318916378,0.00245631180662856,0.00298025192296003,0.0103789488348649,0.00872359234732295,0.00227987850145377,0.00349292786755445,0.0186290589218792,"calcite_flush_6_nondim","TEmean",513
"3",0.999018207933933,0.998910242732431,0.998974789080422,0.999080089717269,0.999135026551459,0.999111825315018,0.998889580960544,0.998729848884357,"calcite_flush_6_nondim","FOsd2",513
"4",0.000587073736447611,0.000176433845904347,0.000171829243537243,0.000260181591857592,0.000271750896474522,0.00022305438555126,0.000158453358504867,0.000570243704923478,"calcite_flush_6_nondim","TEsd2",513
