"","curr_inflow_rate","curr_diffusion_coef","curr_porosity","curr_gypsum_rate_constant","curr_calcite_rate_constant","curr_gypsum_surface_area","curr_calcite_surface_area","dfn_volume","output_var","sobol_type","boot_num"
"1",0.0611999106528069,-0.00615893881904943,-0.0178223122840056,-0.00453623795792471,0.00094891084715232,-0.00710212351090184,0.00400901162919867,0.0017645835128288,"calcite_flush_6_nondim","FOmean",555
"2",0.036452844063768,0.00217613465243834,0.00525943432395378,0.00833380602853963,0.00941146955469572,0.00389800136222377,0.00268535793943651,0.0216678246499872,"calcite_flush_6_nondim","TEmean",555
"3",0.999353459391943,0.999229695711256,0.999143196925735,0.999237482913329,0.999234669913724,0.999264560021612,0.999291651899936,0.999289802123356,"calcite_flush_6_nondim","FOsd2",555
"4",0.000274824979116167,0.000118136341154886,0.000183906719411796,0.000306270491300401,0.000149173823308292,0.000228971376443848,0.000102140630827233,0.000275129403146634,"calcite_flush_6_nondim","TEsd2",555
