"","curr_inflow_rate","curr_diffusion_coef","curr_porosity","curr_gypsum_rate_constant","curr_calcite_rate_constant","curr_gypsum_surface_area","curr_calcite_surface_area","dfn_volume","output_var","sobol_type","boot_num"
"1",0.0274203000765673,-0.00196608689828057,0.0238023647297119,0.00187947420695125,0.00932605574005094,0.0011514867866396,0.0089286728029424,0.0205843372084423,"calcite_flush_8_nondim","FOmean",1223
"2",0.0139541301141538,0.00202193697636076,0.0246907830620511,0.00576053859998349,0.00538098585666646,0.00282847460735894,0.00293704525751349,0.0147604899845362,"calcite_flush_8_nondim","TEmean",1223
"3",0.999969236250745,0.999956421006943,0.99995908896558,0.999971374618343,0.999911252875565,0.999966514496027,0.999963808785238,0.999938801169699,"calcite_flush_8_nondim","FOsd2",1223
"4",7.52049147864335e-06,1.30263986366702e-05,7.63613250650589e-06,8.9857687059523e-06,5.76021951258464e-05,5.01954583631981e-06,1.08450129555031e-05,2.85186772929414e-05,"calcite_flush_8_nondim","TEsd2",1223
