"","curr_inflow_rate","curr_diffusion_coef","curr_porosity","curr_gypsum_rate_constant","curr_calcite_rate_constant","curr_gypsum_surface_area","curr_calcite_surface_area","dfn_volume","output_var","sobol_type","boot_num"
"1",0.0781190521565395,-0.00153465170344714,0.00718024267535486,0.0431524850504234,-0.00360265252565923,-0.00740863529552141,0.000827038861196444,0.0456757749686775,"calcite_flush_5_nondim","FOmean",284
"2",0.176567541391262,0.00408384762188817,0.00224828146628443,0.0707190692928419,0.0243674017010908,0.00229312913619473,0.00183154023541279,0.046989255150452,"calcite_flush_5_nondim","TEmean",284
"3",0.994379532438021,0.994721944856585,0.993984586483332,0.992928258460816,0.990913251164629,0.994261803052683,0.993921266132716,0.994196889079857,"calcite_flush_5_nondim","FOsd2",284
"4",0.00202176696663673,0.000763648692692109,0.00126334999945822,0.00260445388615177,0.00302016466914855,0.000935628746434348,0.00155203883423276,0.00162865287756321,"calcite_flush_5_nondim","TEsd2",284
