"","curr_inflow_rate","curr_diffusion_coef","curr_porosity","curr_gypsum_rate_constant","curr_calcite_rate_constant","curr_gypsum_surface_area","curr_calcite_surface_area","dfn_volume","output_var","sobol_type","boot_num"
"1",0.00573365301225663,-0.00606874608462022,-0.00176579055269719,0.00380372651339918,0.00237274612251207,-0.00246001752900874,0.0055770353633792,0.00074025916055495,"calcite_flush_7_nondim","FOmean",490
"2",0.0109044580935182,0.00230448809630335,0.0170166970268792,0.00539059665329011,0.00388060000079963,0.00205981764462507,0.00177053409173569,0.0137652724539406,"calcite_flush_7_nondim","TEmean",490
"3",0.999970329897209,0.999967939314743,0.999953652157254,0.999965842462106,0.99996829074678,0.999958592345177,0.999964354363226,0.999965180979063,"calcite_flush_7_nondim","FOsd2",490
"4",8.69402884246203e-06,4.86094161856874e-06,1.90556840745722e-05,1.35493563851426e-05,8.11479980602606e-06,2.05072981317604e-05,7.00233407646928e-06,1.67250564913948e-05,"calcite_flush_7_nondim","TEsd2",490
