"","curr_inflow_rate","curr_diffusion_coef","curr_porosity","curr_gypsum_rate_constant","curr_calcite_rate_constant","curr_gypsum_surface_area","curr_calcite_surface_area","dfn_volume","output_var","sobol_type","boot_num"
"1",-0.013387006132714,0.00692503011603364,0.0273103962795419,-0.0091696532937152,-0.0147751771585515,-9.58987010724585e-06,-1.17109843696905e-05,0.0261554298552847,"calcite_flush_9_nondim","FOmean",450
"2",0.0119611852139475,0.0033315159715126,0.0324389423893212,0.00736454335628288,0.00473474664041413,0.00281404105239754,0.00282084618613359,0.0191916049647268,"calcite_flush_9_nondim","TEmean",450
"3",0.999979933071397,0.999979203431047,0.999977377233887,0.999984175470666,0.999979813590558,0.999971596483842,0.999983889934524,0.999978575936814,"calcite_flush_9_nondim","FOsd2",450
"4",8.22010550785747e-06,6.01800578175359e-06,5.90940061261363e-06,9.20009893200399e-06,1.30336331954904e-05,8.90815250505236e-06,3.38781388629924e-06,8.16827862970922e-06,"calcite_flush_9_nondim","TEsd2",450
