"","curr_inflow_rate","curr_diffusion_coef","curr_porosity","curr_gypsum_rate_constant","curr_calcite_rate_constant","curr_gypsum_surface_area","curr_calcite_surface_area","dfn_volume","output_var","sobol_type","boot_num"
"1",0.000749889401757975,-0.014055188402341,0.0281525035096389,0.0128680339409704,-0.00601941055917365,-0.000788581196724045,-0.00123897813930883,0.00271635154580267,"calcite_flush_8_nondim","FOmean",1127
"2",0.0126084731127925,0.00335648940393768,0.0250389612508061,0.0118000797346363,0.00397421373902336,0.00229595225309799,0.00462358579000804,0.0140453675438637,"calcite_flush_8_nondim","TEmean",1127
"3",0.999886669848595,0.99988746844633,0.999884009650643,0.999892773304079,0.999875250305213,0.99988686247756,0.999886810842045,0.999853553392597,"calcite_flush_8_nondim","FOsd2",1127
"4",7.81112853066454e-06,7.35381789933504e-06,8.44787187870263e-06,2.07974627513214e-05,1.56339000815007e-05,1.24365926670724e-05,5.05357512054336e-06,5.99108566747274e-05,"calcite_flush_8_nondim","TEsd2",1127
