"","curr_inflow_rate","curr_diffusion_coef","curr_porosity","curr_gypsum_rate_constant","curr_calcite_rate_constant","curr_gypsum_surface_area","curr_calcite_surface_area","dfn_volume","output_var","sobol_type","boot_num"
"1",0.162084176495687,0.00381871263201957,0.00480611737694033,0.0241253873048651,0.0541003559560014,0.0021236602300169,0.0108389612869967,0.0126366600493157,"calcite_flush_4_nondim","FOmean",895
"2",0.175646143263917,0.0155947700291633,0.0059862905486233,0.0304110308064193,0.0644289766447461,0.00326508990334781,0.0263205501933738,0.0193138560459645,"calcite_flush_4_nondim","TEmean",895
"3",-3.39837009280182,-3.43615754229061,-3.71148651147617,-3.47253083014574,-3.57683366085126,-3.90172342843436,-3.75706432843881,-3.34219936788776,"calcite_flush_4_nondim","FOsd2",895
"4",0.650159901101405,0.521884963928863,0.441960911932872,0.640635303471746,0.633212352341815,0.38991506619751,0.0755387667441974,0.438528372324621,"calcite_flush_4_nondim","TEsd2",895
