"","curr_inflow_rate","curr_diffusion_coef","curr_porosity","curr_gypsum_rate_constant","curr_calcite_rate_constant","curr_gypsum_surface_area","curr_calcite_surface_area","dfn_volume","output_var","sobol_type","boot_num"
"1",0.0242434017079084,0.012569685223551,0.019239688157673,-0.00776098948525236,-0.000299348198842166,0.00738977493993988,-0.0196556163469599,0.0118560039932809,"calcite_flush_7_nondim","FOmean",1240
"2",0.0136781378577967,0.00363921378237461,0.0255360396319501,0.00962928359620021,0.00415115679353603,0.00346505062767779,0.00499011810330388,0.0157527095470807,"calcite_flush_7_nondim","TEmean",1240
"3",0.99992268459364,0.999900728764098,0.999878420688451,0.999931660003523,0.999919272647989,0.999923702110729,0.999924848734323,0.999902642241915,"calcite_flush_7_nondim","FOsd2",1240
"4",2.54774786807381e-05,4.56453554480964e-05,5.36482871855173e-05,5.40444552108749e-05,5.11529247872445e-05,2.1461920331243e-05,4.51959359045164e-05,3.81707649410865e-05,"calcite_flush_7_nondim","TEsd2",1240
