"","curr_inflow_rate","curr_diffusion_coef","curr_porosity","curr_gypsum_rate_constant","curr_calcite_rate_constant","curr_gypsum_surface_area","curr_calcite_surface_area","dfn_volume","output_var","sobol_type","boot_num"
"1",-0.00483570039325626,-0.00654117457440713,0.0139810540563717,-0.0034464530016939,-0.00140910554786354,-0.007694226506897,-0.00190795614854654,0.00155541669186568,"calcite_flush_9_nondim","FOmean",126
"2",0.010514616077667,0.00184535467064753,0.021561789437037,0.0047570821876407,0.00403952901537324,0.00255222170373391,0.00254051460739987,0.0106496918972623,"calcite_flush_9_nondim","TEmean",126
"3",0.999988966404305,0.999982607982269,0.999983277419679,0.999986590535579,0.999981977491824,0.999986123974347,0.999980460960419,0.999988231467632,"calcite_flush_9_nondim","FOsd2",126
"4",5.0030804053334e-06,4.58377894732775e-06,2.70396008541955e-06,3.03158565491037e-06,7.4254662699088e-06,4.21475904482628e-06,1.13965283649106e-05,6.38525542389563e-06,"calcite_flush_9_nondim","TEsd2",126
