"","curr_inflow_rate","curr_diffusion_coef","curr_porosity","curr_gypsum_rate_constant","curr_calcite_rate_constant","curr_gypsum_surface_area","curr_calcite_surface_area","dfn_volume","output_var","sobol_type","boot_num"
"1",0.0239630925125901,-0.00532794248845416,0.0110089353280995,0.00726314134649505,0.0111399958077449,0.00962508380450899,-0.00120048083357669,-0.0019780147251358,"calcite_flush_6_nondim","FOmean",87
"2",0.0336733327798769,0.00351690308717545,0.0033674834301636,0.0106860998041698,0.00902980448972308,0.00442448652554372,0.00362456132873195,0.0221264022945832,"calcite_flush_6_nondim","TEmean",87
"3",0.999221956772002,0.998854144925061,0.998971727822547,0.999131494641346,0.99900150731018,0.999028374995583,0.999104774126499,0.999171171522655,"calcite_flush_6_nondim","FOsd2",87
"4",0.000559017476114113,0.000156105785052227,0.000111259510127462,0.000306315990507343,0.000227024447090779,0.000198843617994461,0.00028257276418573,0.000384470771115043,"calcite_flush_6_nondim","TEsd2",87
