"","curr_inflow_rate","curr_diffusion_coef","curr_porosity","curr_gypsum_rate_constant","curr_calcite_rate_constant","curr_gypsum_surface_area","curr_calcite_surface_area","dfn_volume","output_var","sobol_type","boot_num"
"1",0.118522056398523,0.00542443734685495,0.00108332506139004,0.0162238305886707,0.0319572219161407,0.00165987608248563,0.00244568809042411,-0.000253537137987142,"calcite_flush_4_nondim","FOmean",1321
"2",0.140229924456087,0.00577611185907597,0.00458915046172539,0.0189512794557034,0.056902262087296,0.00488535469801547,0.00887642267120968,0.0119266159424711,"calcite_flush_4_nondim","TEmean",1321
"3",-106.950262829644,-4.32826661580164,-58.0337767965532,0.33010736968508,-3.18883967074416,-14.690659999019,-15.6711931772462,-528.557763395419,"calcite_flush_4_nondim","FOsd2",1321
"4",8.62746609211486,129.874683369089,188.994798453074,130.633940835312,122.988264403965,136.717142969975,55.4618550370485,148.493973551444,"calcite_flush_4_nondim","TEsd2",1321
