"","curr_inflow_rate","curr_diffusion_coef","curr_porosity","curr_gypsum_rate_constant","curr_calcite_rate_constant","curr_gypsum_surface_area","curr_calcite_surface_area","dfn_volume","output_var","sobol_type","boot_num"
"1",0.133050570068987,-0.000105357190547384,-0.00278042434295154,0.0155132645248294,0.0462382381199805,-0.00179578105243538,0.00248518905473475,-0.00533639245674512,"calcite_flush_4_nondim","FOmean",835
"2",0.141908856550366,0.00670602915464026,0.00352521489012119,0.0228989356380791,0.051061465409222,0.00456817786784975,0.0159466623667113,0.0169357270607998,"calcite_flush_4_nondim","TEmean",835
"3",0.134619975239601,0.00986891480184315,-1.74265080298357,-0.278050208143294,0.108364279370111,-1.24996441456829,-0.145767693622021,0.0158188691125457,"calcite_flush_4_nondim","FOsd2",835
"4",0.385231714017866,0.236402521296496,1.66725244792253,0.538551400681695,0.0916814375472782,1.39348876260268,0.116139557400586,0.114408702164554,"calcite_flush_4_nondim","TEsd2",835
