"","curr_inflow_rate","curr_diffusion_coef","curr_porosity","curr_gypsum_rate_constant","curr_calcite_rate_constant","curr_gypsum_surface_area","curr_calcite_surface_area","dfn_volume","output_var","sobol_type","boot_num"
"1",-0.0063507066471841,0.00374287530717706,0.0143675843021619,0.0147789468984302,0.00159004220350581,0.0057280018244134,-0.00221709643440718,0.000754009530186736,"calcite_flush_9_nondim","FOmean",642
"2",0.0118193921537602,0.00301423950551228,0.0258688880261861,0.0100543942302972,0.00495063417400656,0.00527119724137854,0.00581943475408853,0.0163616931673691,"calcite_flush_9_nondim","TEmean",642
"3",0.99985695606117,0.999856189655266,0.999859672245444,0.999859656498924,0.999876611111232,0.999876856376286,0.999877160011594,0.999872532520818,"calcite_flush_9_nondim","FOsd2",642
"4",6.82228747158713e-06,5.48268784132524e-06,4.94423353747006e-06,3.46741475265304e-05,2.12810639499897e-05,1.75095132607336e-05,1.97523251947066e-05,2.32164973795336e-05,"calcite_flush_9_nondim","TEsd2",642
