"","curr_inflow_rate","curr_diffusion_coef","curr_porosity","curr_gypsum_rate_constant","curr_calcite_rate_constant","curr_gypsum_surface_area","curr_calcite_surface_area","dfn_volume","output_var","sobol_type","boot_num"
"1",0.00713008335531853,-0.00799931855869697,0.0369631758086882,0.0108270345068664,-0.00470353125753325,0.00966544127421463,-0.00474349022631282,-0.00687019775812776,"calcite_flush_9_nondim","FOmean",900
"2",0.0131448395592709,0.00315615870276409,0.0375455868595305,0.00668542393420478,0.00418747425555725,0.0026766491276424,0.00214922596392753,0.017277449940754,"calcite_flush_9_nondim","TEmean",900
"3",0.999940730324589,0.999905640558175,0.999924198151667,0.999944186778437,0.99996896891209,0.999949306929579,0.999854139618173,0.999898055604517,"calcite_flush_9_nondim","FOsd2",900
"4",3.51026045253193e-05,1.06978069428524e-05,7.20123426428977e-06,7.35028443672108e-05,5.52757600590548e-05,1.62498223383937e-05,0.000148722033524329,0.000121773176440388,"calcite_flush_9_nondim","TEsd2",900
