"","curr_inflow_rate","curr_diffusion_coef","curr_porosity","curr_gypsum_rate_constant","curr_calcite_rate_constant","curr_gypsum_surface_area","curr_calcite_surface_area","dfn_volume","output_var","sobol_type","boot_num"
"1",-0.0011882939658581,0.00740250650322908,0.0175277395301339,-0.00390647269588425,0.0104282665845049,-0.00138147569615644,-0.000624525770782075,0.0137522662562168,"calcite_flush_9_nondim","FOmean",1446
"2",0.00813937245958708,0.00176628260153185,0.0237650265012201,0.00687966488022359,0.00378402367869371,0.00197058354224798,0.00273476109635259,0.0149803112804939,"calcite_flush_9_nondim","TEmean",1446
"3",0.99998104369888,0.999962878574298,0.999986263574746,0.999988443257233,0.999984842529427,0.999984277207925,0.999984619532612,0.999980024963726,"calcite_flush_9_nondim","FOsd2",1446
"4",1.02711146830368e-05,1.50618960828249e-05,3.85937115096809e-06,6.96261396672754e-06,1.0462887707045e-05,6.42035316099126e-06,4.61891762649297e-06,1.1975727008428e-05,"calcite_flush_9_nondim","TEsd2",1446
