"","curr_inflow_rate","curr_diffusion_coef","curr_porosity","curr_gypsum_rate_constant","curr_calcite_rate_constant","curr_gypsum_surface_area","curr_calcite_surface_area","dfn_volume","output_var","sobol_type","boot_num"
"1",0.159683862084397,-0.00336877319233047,0.00369453750906129,0.029925922722555,0.0369171670473762,-0.00812426620508305,0.01324991258216,0.00198797663701919,"calcite_flush_4_nondim","FOmean",1795
"2",0.172151813921175,0.00597603510227511,0.00574641385681479,0.0327794204780437,0.0552306809012988,0.00352789402866989,0.0154128839577269,0.0164300348044887,"calcite_flush_4_nondim","TEmean",1795
"3",-275.294817020674,-173.740098606199,-178.202260016374,-180.686799545929,-165.138707924408,-166.100546179553,-1927.6506954022,-173.645051527046,"calcite_flush_4_nondim","FOsd2",1795
"4",34.4370835360441,4.99622630870419,9.89176487972239,29.3225507640282,20.5676124454707,24.0590141682062,1393.78111939229,14.9911489418062,"calcite_flush_4_nondim","TEsd2",1795
