"","curr_inflow_rate","curr_diffusion_coef","curr_porosity","curr_gypsum_rate_constant","curr_calcite_rate_constant","curr_gypsum_surface_area","curr_calcite_surface_area","dfn_volume","output_var","sobol_type","boot_num"
"1",0.0112026837546707,-0.000721012045955872,-0.00421347806865873,-0.0028122945588248,0.0139909148361656,0.00812487100845421,-0.0075550519017386,0.000920651077982003,"calcite_flush_6_nondim","FOmean",1107
"2",0.040021604784075,0.00284915710995169,0.00358153014521994,0.00655909473007452,0.00894189594689763,0.00428725531418681,0.00310233707483028,0.02071950607818,"calcite_flush_6_nondim","TEmean",1107
"3",0.998796741121845,0.998717517588179,0.998708778579011,0.998706473049978,0.998584422306144,0.998733222388999,0.998666186652587,0.998764308844178,"calcite_flush_6_nondim","FOsd2",1107
"4",0.000506281297384994,9.35583761643119e-05,0.00010397644298602,0.000183926306742898,0.00033446074462044,0.000138722752350564,0.000217147887047126,0.00046016621780161,"calcite_flush_6_nondim","TEsd2",1107
