"","curr_inflow_rate","curr_diffusion_coef","curr_porosity","curr_gypsum_rate_constant","curr_calcite_rate_constant","curr_gypsum_surface_area","curr_calcite_surface_area","dfn_volume","output_var","sobol_type","boot_num"
"1",0.12079770281579,-0.000519329898578993,0.00652368902247611,0.0133629038969042,0.0106325685266664,-0.00650287103892629,0.00093067070920509,-0.0208561598961474,"calcite_flush_5_nondim","FOmean",1544
"2",0.180988105251388,0.00144814730224755,0.00423317482972533,0.0630047928089749,0.0438666394123627,0.00141464059392077,0.00267532080483569,0.0372547702669776,"calcite_flush_5_nondim","TEmean",1544
"3",0.989410106582529,0.990604277336814,0.988616798621874,0.988046391777447,0.98814795213935,0.989352749271552,0.989161223967533,0.989470148891955,"calcite_flush_5_nondim","FOsd2",1544
"4",0.007142162277891,0.00139185494885653,0.00147634217495469,0.00802230413754454,0.00692061153882335,0.00228223794548288,0.0021172315902096,0.00419809981931608,"calcite_flush_5_nondim","TEsd2",1544
