"","curr_inflow_rate","curr_diffusion_coef","curr_porosity","curr_gypsum_rate_constant","curr_calcite_rate_constant","curr_gypsum_surface_area","curr_calcite_surface_area","dfn_volume","output_var","sobol_type","boot_num"
"1",0.0037385564047795,0.0138302425168908,0.033876205185538,0.000449676612211031,-0.00592476010266377,0.00423574760947908,0.00265779966584988,0.0184780096329434,"calcite_flush_9_nondim","FOmean",30
"2",0.0150332115523749,0.00342015581682156,0.0306030737104193,0.00644875591613341,0.00681472273583254,0.00263269208012654,0.00400747255548817,0.019457426214847,"calcite_flush_9_nondim","TEmean",30
"3",0.999973270974241,0.999972807557755,0.999977608496198,0.999975621914814,0.999970850006388,0.999972518186295,0.999970620385885,0.999966697048539,"calcite_flush_9_nondim","FOsd2",30
"4",9.47085054755709e-06,1.00742792670237e-05,7.12316050983411e-06,1.62253635833875e-05,2.11181238341586e-05,5.27728816156912e-06,8.63978918318563e-06,1.71543297586435e-05,"calcite_flush_9_nondim","TEsd2",30
