"","curr_inflow_rate","curr_diffusion_coef","curr_porosity","curr_gypsum_rate_constant","curr_calcite_rate_constant","curr_gypsum_surface_area","curr_calcite_surface_area","dfn_volume","output_var","sobol_type","boot_num"
"1",-0.000961300235890419,0.00282469620590777,0.0184937696494026,0.00134798423578053,-0.00054312682847155,-0.00294676180990484,0.00583814310559371,0.00663168631386,"calcite_flush_9_nondim","FOmean",1488
"2",0.0114501054038515,0.00246130858662382,0.0277666745231756,0.00681496180486474,0.00357504672467061,0.00223567172971953,0.00533441820849124,0.0152364985582396,"calcite_flush_9_nondim","TEmean",1488
"3",0.999982766433752,0.999980486667924,0.999980867311384,0.999979756293213,0.999981953079115,0.999981753847273,0.999983542728983,0.999981372181334,"calcite_flush_9_nondim","FOsd2",1488
"4",4.4126377694501e-06,3.82609215293321e-06,2.66236801697671e-06,5.28233456234436e-06,5.12225343552775e-06,2.50071985345268e-06,4.78953705417287e-06,3.42505934339716e-06,"calcite_flush_9_nondim","TEsd2",1488
