"","curr_inflow_rate","curr_diffusion_coef","curr_porosity","curr_gypsum_rate_constant","curr_calcite_rate_constant","curr_gypsum_surface_area","curr_calcite_surface_area","dfn_volume","output_var","sobol_type","boot_num"
"1",0.000830011355161766,0.00180577910183675,-0.00511749615998923,0.00682273327014905,-0.00746689285731214,0.0067341952729056,-0.00299051527782339,-0.00507473682703905,"calcite_flush_6_nondim","FOmean",1533
"2",0.0361871197103898,0.00428282728467432,0.00409762297186287,0.00773871674906367,0.00595726258328455,0.00375976214968607,0.00363070028044004,0.019084417624604,"calcite_flush_6_nondim","TEmean",1533
"3",0.999143863164435,0.999125222487823,0.998837813405582,0.999051436727766,0.999080152753139,0.999007480672298,0.998775484667558,0.999021862292569,"calcite_flush_6_nondim","FOsd2",1533
"4",0.000519129523330546,0.000141805045293398,0.000226710542925009,0.000432866011006907,0.000159009338110493,0.000156946625684559,0.000238820130185127,0.000376505254053661,"calcite_flush_6_nondim","TEsd2",1533
