"","curr_inflow_rate","curr_diffusion_coef","curr_porosity","curr_gypsum_rate_constant","curr_calcite_rate_constant","curr_gypsum_surface_area","curr_calcite_surface_area","dfn_volume","output_var","sobol_type","boot_num"
"1",0.0142482819925373,-0.00595152932949866,0.00402736711389878,-0.00211700033281147,-0.00664194129005863,0.0011535458201295,-0.00344913409773522,-0.0163783897870752,"calcite_flush_5_nondim","FOmean",296
"2",0.0941194347488913,0.00309732179789762,0.00496595797181205,0.0319775788665349,0.0205220429942946,0.00262195694171745,0.00335665330630675,0.0538139919010901,"calcite_flush_5_nondim","TEmean",296
"3",0.998893695038633,0.998483494476251,0.99834942973506,0.998855543465462,0.998745405937288,0.998728176127377,0.998228118142729,0.998963328084929,"calcite_flush_5_nondim","FOsd2",296
"4",0.00120080257998048,0.000297915094351338,0.000256997599713064,0.00121911607003128,0.00118259451327642,0.000505322731373305,0.00050324311687149,0.00128720524638746,"calcite_flush_5_nondim","TEsd2",296
