"","curr_inflow_rate","curr_diffusion_coef","curr_porosity","curr_gypsum_rate_constant","curr_calcite_rate_constant","curr_gypsum_surface_area","curr_calcite_surface_area","dfn_volume","output_var","sobol_type","boot_num"
"1",0.121878138736483,0.00337097655154161,0.00494654479721676,0.0140343374747294,0.0706808202866796,-0.00147033907117644,0.0100187085664162,-0.00365378476363106,"calcite_flush_4_nondim","FOmean",1387
"2",0.155927531764373,0.00476023523824022,0.0049224594577948,0.0275311085918089,0.0845286763991679,0.00388345347135968,0.0104145953412144,0.01933660998955,"calcite_flush_4_nondim","TEmean",1387
"3",0.670065701033342,0.434379766550088,0.105036490123234,0.548920310675999,-1.49847716551764,-1.10175300903481,0.358799390702071,-0.71062198166996,"calcite_flush_4_nondim","FOsd2",1387
"4",1.3943488735123,0.806176576336971,0.706427274735466,1.35878421877483,0.729094478357075,0.559910544189124,1.44402665234144,0.461815584919467,"calcite_flush_4_nondim","TEsd2",1387
