"","curr_inflow_rate","curr_diffusion_coef","curr_porosity","curr_gypsum_rate_constant","curr_calcite_rate_constant","curr_gypsum_surface_area","curr_calcite_surface_area","dfn_volume","output_var","sobol_type","boot_num"
"1",0.00527173895464126,-0.00186273093329876,0.0164627908103458,0.0101385920735603,0.00560526450334167,-0.00688816297479479,0.00012830415642184,0.00130048641875718,"calcite_flush_8_nondim","FOmean",1445
"2",0.0091391251238603,0.0024984944949587,0.024038289330629,0.00688495621462562,0.00286313802322613,0.00222555533270936,0.00284342637131772,0.0103238575019725,"calcite_flush_8_nondim","TEmean",1445
"3",0.999961103067565,0.999974336107225,0.999945674985467,0.999977380101754,0.999952442278855,0.999978387457841,0.999925325501891,0.999936630235806,"calcite_flush_8_nondim","FOsd2",1445
"4",2.10822277899436e-05,5.38382577638513e-05,1.46588742794218e-05,6.80008784945033e-05,2.23568975420573e-05,4.68109564226549e-05,1.14463066020886e-05,3.18772075587976e-05,"calcite_flush_8_nondim","TEsd2",1445
