"","curr_inflow_rate","curr_diffusion_coef","curr_porosity","curr_gypsum_rate_constant","curr_calcite_rate_constant","curr_gypsum_surface_area","curr_calcite_surface_area","dfn_volume","output_var","sobol_type","boot_num"
"1",0.0234121438615361,-0.00272908698487528,-0.00339564050367273,-0.00843113208688615,0.00667776864278182,0.00391937945571058,-0.0151133023166639,0.000263568887561533,"calcite_flush_6_nondim","FOmean",1569
"2",0.0316657556190659,0.00602583088312735,0.00449109830618102,0.0098116608693493,0.00899361680172737,0.00502825077155392,0.00326801408001205,0.0170841892290913,"calcite_flush_6_nondim","TEmean",1569
"3",0.998834356194606,0.998325292297392,0.99821246748096,0.998349352143144,0.99858172846161,0.998460115501501,0.998395882169858,0.998426834389678,"calcite_flush_6_nondim","FOsd2",1569
"4",0.000898534742069779,0.000238341981916153,0.0003986623955843,0.000312924761681467,0.000234724994014534,0.000257837326953548,0.000186440990803729,0.000350164295039258,"calcite_flush_6_nondim","TEsd2",1569
