"","curr_inflow_rate","curr_diffusion_coef","curr_porosity","curr_gypsum_rate_constant","curr_calcite_rate_constant","curr_gypsum_surface_area","curr_calcite_surface_area","dfn_volume","output_var","sobol_type","boot_num"
"1",-0.00998429706780695,-0.00505020666508593,0.0189030102315607,-0.00232387835410494,-0.016903932502951,0.00451365056562177,0.00558415365401565,-0.0108956979317579,"calcite_flush_8_nondim","FOmean",1199
"2",0.0114671556734981,0.00288503185082097,0.0428450504486205,0.00529676054796824,0.00485097826812656,0.00267329731748099,0.00269437547057325,0.0168903290537629,"calcite_flush_8_nondim","TEmean",1199
"3",0.99996362236675,0.999977404691236,0.999970061527037,0.999968733574054,0.999972671770344,0.999961951274859,0.9999739413609,0.999968093699645,"calcite_flush_8_nondim","FOsd2",1199
"4",6.26457319483269e-06,9.79236488817933e-06,2.30180148975004e-06,1.39142751570807e-05,1.53129447454906e-05,2.21373568234663e-05,1.13554258707234e-05,8.63838997687063e-06,"calcite_flush_8_nondim","TEsd2",1199
