"","curr_inflow_rate","curr_diffusion_coef","curr_porosity","curr_gypsum_rate_constant","curr_calcite_rate_constant","curr_gypsum_surface_area","curr_calcite_surface_area","dfn_volume","output_var","sobol_type","boot_num"
"1",0.0885645434905019,-0.00113391997302238,-0.000443863366420592,0.0198329689997018,0.0169319585089376,0.00868801304272809,-0.00972289608093075,0.00501112055778552,"calcite_flush_5_nondim","FOmean",656
"2",0.18352910291058,0.00535418938803222,0.0042667190850599,0.0771474072281348,0.0499631671824782,0.00202676176847555,0.00472442069359204,0.0417615123717756,"calcite_flush_5_nondim","TEmean",656
"3",0.991854301492224,0.992477644680359,0.993089302370036,0.991896332510188,0.990647083757218,0.991810306023496,0.991796898697599,0.991139815029265,"calcite_flush_5_nondim","FOsd2",656
"4",0.00481601527051446,0.00204736068535096,0.00143820965871217,0.00454390493393219,0.00482744958671351,0.00146390561341474,0.000895089222380574,0.00367972097321806,"calcite_flush_5_nondim","TEsd2",656
