"","curr_inflow_rate","curr_diffusion_coef","curr_porosity","curr_gypsum_rate_constant","curr_calcite_rate_constant","curr_gypsum_surface_area","curr_calcite_surface_area","dfn_volume","output_var","sobol_type","boot_num"
"1",0.0087313838085706,0.000971616583204141,0.00726549814633502,0.00361779753550227,0.00928064007230301,-0.00808956582527542,-0.00437279032258806,0.00860439600006659,"calcite_flush_5_nondim","FOmean",1220
"2",0.0734110096698186,0.00354922328053944,0.00401982872831905,0.0350658167070452,0.0136006849771383,0.00338452874583706,0.00329831223203164,0.0476438925202808,"calcite_flush_5_nondim","TEmean",1220
"3",0.998800616237828,0.998669876880087,0.998725192079219,0.998565665142004,0.998702291613988,0.997947592883436,0.998624834809517,0.998780842365015,"calcite_flush_5_nondim","FOsd2",1220
"4",0.000602766627994742,0.000186141077576221,0.000113703794853247,0.000375531975500787,0.000370899612333015,0.000880062058668304,0.000151553344773322,0.000746057507459794,"calcite_flush_5_nondim","TEsd2",1220
