"","curr_inflow_rate","curr_diffusion_coef","curr_porosity","curr_gypsum_rate_constant","curr_calcite_rate_constant","curr_gypsum_surface_area","curr_calcite_surface_area","dfn_volume","output_var","sobol_type","boot_num"
"1",0.0112053362819966,0.00398538235864754,0.027912755893286,0.00283423554398431,-0.00767979730019808,0.00239833000059348,0.00420488740202766,0.0248744579090678,"calcite_flush_9_nondim","FOmean",258
"2",0.0122067707468456,0.00269405944343052,0.0290085523039242,0.00996635824953604,0.00413133154724449,0.00252052146121422,0.00347507485148154,0.0132682415277146,"calcite_flush_9_nondim","TEmean",258
"3",0.999975841462951,0.999958978613157,0.999970751644141,0.999967714735157,0.999971912767461,0.999974302091004,0.999972107626039,0.999973274521152,"calcite_flush_9_nondim","FOsd2",258
"4",1.01712000116678e-05,5.00553972605898e-06,9.46660955088359e-06,1.95427556961884e-05,7.7432020003841e-06,7.89852163206895e-06,5.13574461125441e-06,1.04639672687994e-05,"calcite_flush_9_nondim","TEsd2",258
