"","curr_inflow_rate","curr_diffusion_coef","curr_porosity","curr_gypsum_rate_constant","curr_calcite_rate_constant","curr_gypsum_surface_area","curr_calcite_surface_area","dfn_volume","output_var","sobol_type","boot_num"
"1",-0.0031171713887236,-0.000233239019566519,0.0126222691660695,0.00204481158350875,0.00148783252934778,-0.000135462158730531,0.00155578885414983,-0.0125543528967287,"calcite_flush_8_nondim","FOmean",1619
"2",0.0119295525855955,0.00235861706364137,0.0269861661733422,0.00750457922418896,0.00420813991372801,0.00282032618649367,0.00277793234441167,0.0142400794133731,"calcite_flush_8_nondim","TEmean",1619
"3",0.999978503559583,0.999982137970922,0.999981690217606,0.999969250248268,0.999981116526083,0.999979716011409,0.999977554841853,0.999979120026883,"calcite_flush_8_nondim","FOsd2",1619
"4",1.19203358548724e-05,4.97816318289124e-06,6.08269128994476e-06,1.96030146469943e-05,7.04798914537974e-06,7.30204808277007e-06,5.69791094218014e-06,8.06281816141283e-06,"calcite_flush_8_nondim","TEsd2",1619
