"","curr_inflow_rate","curr_diffusion_coef","curr_porosity","curr_gypsum_rate_constant","curr_calcite_rate_constant","curr_gypsum_surface_area","curr_calcite_surface_area","dfn_volume","output_var","sobol_type","boot_num"
"1",0.0230130695370664,-0.000205925522147365,0.0151903722571834,0.010130431105627,0.00572013479033043,0.00609566840516487,0.00369983823823628,0.0224641794577137,"calcite_flush_7_nondim","FOmean",622
"2",0.0154380759507666,0.00238059698080916,0.0221197098648517,0.00547245154915557,0.00448842153389656,0.00239369908302751,0.00310611027027088,0.0159585018171728,"calcite_flush_7_nondim","TEmean",622
"3",0.999955064853771,0.999973652504124,0.999968420461797,0.999978310700013,0.999974743349837,0.999972347465562,0.999976371335309,0.999942990405785,"calcite_flush_7_nondim","FOsd2",622
"4",1.39375286797989e-05,4.6495891953971e-06,5.48919438428493e-06,1.12487348601218e-05,9.75116482109256e-06,2.96195226593929e-06,1.22387587064247e-05,3.30152484372874e-05,"calcite_flush_7_nondim","TEsd2",622
