"","curr_inflow_rate","curr_diffusion_coef","curr_porosity","curr_gypsum_rate_constant","curr_calcite_rate_constant","curr_gypsum_surface_area","curr_calcite_surface_area","dfn_volume","output_var","sobol_type","boot_num"
"1",0.00891219320575802,0.00501631208363553,0.0131888705855829,-0.0124557507238405,0.0144422091357169,0.0164722125247029,0.00294092376206884,0.0137800506472001,"calcite_flush_6_nondim","FOmean",1491
"2",0.0320424089978051,0.00461313418252079,0.00586950579328779,0.00522048787768636,0.00715313320282786,0.00416790347317031,0.00245903453266147,0.0178588277032845,"calcite_flush_6_nondim","TEmean",1491
"3",0.999122072932855,0.999161554884641,0.998917720370603,0.999017989413496,0.998255488956988,0.999055242047427,0.99899323303412,0.998573456257459,"calcite_flush_6_nondim","FOsd2",1491
"4",0.000602433354126855,0.000197426058133093,0.000213446912826427,0.00046775670281067,0.000841609107545577,0.000187080002967509,0.000259103922196537,0.000738212848728258,"calcite_flush_6_nondim","TEsd2",1491
