"","curr_inflow_rate","curr_diffusion_coef","curr_porosity","curr_gypsum_rate_constant","curr_calcite_rate_constant","curr_gypsum_surface_area","curr_calcite_surface_area","dfn_volume","output_var","sobol_type","boot_num"
"1",0.130326659172931,-0.00422496771197694,0.00573425646114396,0.0878719710677777,-0.00546256527384307,0.00925533253598317,-0.012783911510092,0.00921445683367808,"calcite_flush_5_nondim","FOmean",1010
"2",0.208523934151068,0.00383566688362947,0.00813594841237236,0.101839056959545,0.0390918498370257,0.00436493311543078,0.00706871705778583,0.0301090309812956,"calcite_flush_5_nondim","TEmean",1010
"3",0.996901011036659,0.994769410422029,0.995819666752876,0.995738344318408,0.995086951391736,0.996157508357552,0.996079267052334,0.994319012911228,"calcite_flush_5_nondim","FOsd2",1010
"4",0.00321471757424486,0.000586636983305723,0.00107835454006787,0.00298615428376696,0.00215626115539116,0.00218582922371715,0.00165682244088098,0.00328568611382897,"calcite_flush_5_nondim","TEsd2",1010
