"","curr_inflow_rate","curr_diffusion_coef","curr_porosity","curr_gypsum_rate_constant","curr_calcite_rate_constant","curr_gypsum_surface_area","curr_calcite_surface_area","dfn_volume","output_var","sobol_type","boot_num"
"1",0.132222859243284,-0.000226040249276771,0.0107319994217546,0.0088964471125297,0.0561746083473373,-0.0027048557178056,-0.00116686948070205,0.00848255657010019,"calcite_flush_4_nondim","FOmean",229
"2",0.154938986649147,0.00534282855292341,0.0146172818362027,0.0192907639654481,0.0697290204623097,0.00431026475054601,0.0104452648134568,0.0136420416957706,"calcite_flush_4_nondim","TEmean",229
"3",-12501.9606519395,-85975.4165253673,-26806.1643353147,-489322.174483341,-6464.30388238129,-44989.195125629,-1709993.43697153,-16195.66780745,"calcite_flush_4_nondim","FOsd2",229
"4",27093.0565123932,69289.5437415647,14780.6589181056,418553.718322035,23585.4313013562,72233.6788241182,1631678.29687679,24154.075828968,"calcite_flush_4_nondim","TEsd2",229
