"","curr_inflow_rate","curr_diffusion_coef","curr_porosity","curr_gypsum_rate_constant","curr_calcite_rate_constant","curr_gypsum_surface_area","curr_calcite_surface_area","dfn_volume","output_var","sobol_type","boot_num"
"1",0.0385361555417907,-0.00814641055041022,0.0016354760551459,0.00972711957424604,0.0358362299844008,-0.00857220556163365,0.012216939454553,0.0199227553952343,"calcite_flush_6_nondim","FOmean",15
"2",0.0344089675845312,0.00697130906101809,0.00443933964503374,0.0113150120000599,0.0103480596763356,0.00545590825933027,0.00567878196194638,0.0160727995088595,"calcite_flush_6_nondim","TEmean",15
"3",0.998494847675587,0.997810157171774,0.997752857059473,0.997978045029534,0.99806193438342,0.998015628554659,0.997973883805016,0.998091113878195,"calcite_flush_6_nondim","FOsd2",15
"4",0.0014027539750484,0.000571134602675725,0.000421342382308367,0.000773938915227015,0.000319891471115145,0.000361313078584688,0.000211424944868883,0.000643183182554471,"calcite_flush_6_nondim","TEsd2",15
