"","curr_inflow_rate","curr_diffusion_coef","curr_porosity","curr_gypsum_rate_constant","curr_calcite_rate_constant","curr_gypsum_surface_area","curr_calcite_surface_area","dfn_volume","output_var","sobol_type","boot_num"
"1",0.0100639180973915,-0.00141727596382357,0.0655450186692665,0.00611265195286151,0.00860460590284543,0.010683043314273,0.00280618062741708,0.0195788172376857,"calcite_flush_8_nondim","FOmean",1079
"2",0.0165093335853344,0.00236960407049998,0.0440421929156947,0.0066732301234442,0.00630376049263591,0.00334689286241892,0.00291084540608897,0.0208531289009857,"calcite_flush_8_nondim","TEmean",1079
"3",0.999972182457538,0.999964575875593,0.99997152933491,0.99996424524754,0.999958712301159,0.99996960569602,0.999968608863992,0.999964986501728,"calcite_flush_8_nondim","FOsd2",1079
"4",7.98536049825788e-06,4.22214323703661e-06,7.63997799568266e-06,7.61307917495208e-06,1.72218837755329e-05,3.66801886602294e-06,4.29577755313496e-06,1.15815424802668e-05,"calcite_flush_8_nondim","TEsd2",1079
