"","curr_inflow_rate","curr_diffusion_coef","curr_porosity","curr_gypsum_rate_constant","curr_calcite_rate_constant","curr_gypsum_surface_area","curr_calcite_surface_area","dfn_volume","output_var","sobol_type","boot_num"
"1",-0.0086196270709503,0.000251922128793212,0.00826113200772496,-0.004799966858509,-0.00204165781428475,0.00496241744872933,0.00373278189866401,9.5729031918192e-05,"calcite_flush_9_nondim","FOmean",264
"2",0.0149441346516836,0.00233260647241814,0.032258881957966,0.00649825489881522,0.00545260164579806,0.00198571148026988,0.00327731456166875,0.0185301195371129,"calcite_flush_9_nondim","TEmean",264
"3",0.999938109733129,0.999951221740459,0.999952265197182,0.99997715033915,0.999948845771896,0.999965909631868,0.999947852863193,0.999969295801198,"calcite_flush_9_nondim","FOsd2",264
"4",1.0942318338838e-05,2.12309928575858e-05,1.53425625787027e-05,3.91741344943918e-05,2.40760662479409e-05,1.67077676491191e-05,4.06721179550212e-05,1.87274076217432e-05,"calcite_flush_9_nondim","TEsd2",264
