"","curr_inflow_rate","curr_diffusion_coef","curr_porosity","curr_gypsum_rate_constant","curr_calcite_rate_constant","curr_gypsum_surface_area","curr_calcite_surface_area","dfn_volume","output_var","sobol_type","boot_num"
"1",0.0105396924921234,-0.0067160010712142,0.0357905192389713,0.00639986699259389,0.00632943475157184,-0.00109010159702297,0.00129362975804311,0.0118273827682136,"calcite_flush_9_nondim","FOmean",726
"2",0.0125274585350226,0.00254886537072196,0.0345634617256794,0.00847922516758026,0.00442149729833678,0.00294199159086182,0.00383504644395591,0.0162381998455798,"calcite_flush_9_nondim","TEmean",726
"3",0.999935675156586,0.999963706368944,0.999965286482823,0.999941082007498,0.999959472545381,0.999954859631671,0.999936412433865,0.999961697526076,"calcite_flush_9_nondim","FOsd2",726
"4",1.51126780586275e-05,2.3110467024502e-05,1.8131321822315e-05,2.99140830879837e-05,3.04206469158145e-05,2.34354246696677e-05,1.16379804320453e-05,2.9655520868247e-05,"calcite_flush_9_nondim","TEsd2",726
