"","curr_inflow_rate","curr_diffusion_coef","curr_porosity","curr_gypsum_rate_constant","curr_calcite_rate_constant","curr_gypsum_surface_area","curr_calcite_surface_area","dfn_volume","output_var","sobol_type","boot_num"
"1",0.00789163263468776,0.00770292397096709,0.0378562026302877,0.00338251833988228,0.00906466030336146,-0.0017008314153054,0.00216858946039117,0.0108582879940965,"calcite_flush_9_nondim","FOmean",648
"2",0.00922159260094693,0.0018559144054775,0.0324502181699732,0.00649928921904202,0.00550275966234956,0.00185235731770528,0.00246547991635337,0.0118365875349842,"calcite_flush_9_nondim","TEmean",648
"3",0.999980176256398,0.999977335729191,0.999978360776203,0.999975771947747,0.999982507078777,0.999981107628559,0.999979641554639,0.999979194527721,"calcite_flush_9_nondim","FOsd2",648
"4",7.21274630608613e-06,9.08670606848459e-06,4.74326076185048e-06,5.82182311991038e-06,9.8486758028507e-06,5.19477344555272e-06,4.73246619729944e-06,5.85907151828723e-06,"calcite_flush_9_nondim","TEsd2",648
