"","curr_inflow_rate","curr_diffusion_coef","curr_porosity","curr_gypsum_rate_constant","curr_calcite_rate_constant","curr_gypsum_surface_area","curr_calcite_surface_area","dfn_volume","output_var","sobol_type","boot_num"
"1",0.0167973074716721,0.00189286898477948,0.00400625047035003,-0.00533179507273292,0.012500511241733,0.0047931414751198,-0.0011335577437302,-0.0224558818802298,"calcite_flush_6_nondim","FOmean",1383
"2",0.0394996956347761,0.00591463797053029,0.00646399623868867,0.00894207835885078,0.0148595148218522,0.00537970083183619,0.00241029854756309,0.0177457502427894,"calcite_flush_6_nondim","TEmean",1383
"3",0.999256458034928,0.999215545379247,0.999172510621465,0.999083642784588,0.999266985951058,0.999223677144341,0.999108216465689,0.999147753081401,"calcite_flush_6_nondim","FOsd2",1383
"4",0.000452636820196485,0.000123215529672876,7.7042556266118e-05,0.000417574469057493,0.000145323852608967,8.12195231189677e-05,0.000181807957923625,0.000271358385738615,"calcite_flush_6_nondim","TEsd2",1383
