"","curr_inflow_rate","curr_diffusion_coef","curr_porosity","curr_gypsum_rate_constant","curr_calcite_rate_constant","curr_gypsum_surface_area","curr_calcite_surface_area","dfn_volume","output_var","sobol_type","boot_num"
"1",-0.00671961811810874,-0.010995544464218,0.0196991843791026,-0.00338257557061831,-7.43762889306361e-05,-0.0054813044174221,-0.00528846358165604,-0.0125147861600831,"calcite_flush_9_nondim","FOmean",1638
"2",0.00979563818667026,0.00241515435547048,0.0362497286751979,0.00604977244002667,0.0054607576497164,0.00365058825139446,0.00284911792903094,0.0144395263078142,"calcite_flush_9_nondim","TEmean",1638
"3",0.999965482743877,0.999985510546363,0.999984915247744,0.999985067200211,0.999964370191934,0.999981222872808,0.999983144949563,0.999981297178711,"calcite_flush_9_nondim","FOsd2",1638
"4",8.66067391987272e-06,2.56026842712678e-05,2.38358277782511e-05,1.81190749442807e-05,6.00460329199315e-06,1.27860136760396e-05,1.1729512211191e-05,2.33718527924068e-05,"calcite_flush_9_nondim","TEsd2",1638
