"","curr_inflow_rate","curr_diffusion_coef","curr_porosity","curr_gypsum_rate_constant","curr_calcite_rate_constant","curr_gypsum_surface_area","curr_calcite_surface_area","dfn_volume","output_var","sobol_type","boot_num"
"1",0.0097122825188432,0.00348454584695532,0.000772612938277259,-0.0020370680446462,0.00288737767401589,-0.00277380449769766,-0.00111234905336145,0.00420757388965439,"calcite_flush_7_nondim","FOmean",736
"2",0.0089934248779479,0.00167144335714446,0.0133367553870112,0.00576455073539756,0.00454049758872724,0.00321642556684361,0.00215695006798048,0.0117428837178268,"calcite_flush_7_nondim","TEmean",736
"3",0.999909656927429,0.999898698587833,0.999862323022639,0.999910256043461,0.999899145955201,0.999905810927235,0.999905354108672,0.999902268658047,"calcite_flush_7_nondim","FOsd2",736
"4",1.01670847298074e-05,9.20657112041265e-06,3.65529303019158e-05,1.38389006884727e-05,1.89138585205829e-05,4.13583438404285e-06,6.97732941268015e-06,2.08053796155404e-05,"calcite_flush_7_nondim","TEsd2",736
