"","curr_inflow_rate","curr_diffusion_coef","curr_porosity","curr_gypsum_rate_constant","curr_calcite_rate_constant","curr_gypsum_surface_area","curr_calcite_surface_area","dfn_volume","output_var","sobol_type","boot_num"
"1",-0.00450035640668607,-0.0010517949670729,0.0259623176683201,0.00509254411363843,-0.00064251404287742,0.00659880895846975,0.00174965669839182,0.0148140281172744,"calcite_flush_9_nondim","FOmean",1092
"2",0.0125069470041081,0.00238141569835051,0.0252195214787302,0.0057758597343825,0.00409446703083109,0.00208414588308297,0.0028119193628806,0.0162001919587168,"calcite_flush_9_nondim","TEmean",1092
"3",0.999977172744793,0.999957158518642,0.999963725712722,0.999966225385015,0.999982346846625,0.999976285302199,0.999943943598084,0.999979898968308,"calcite_flush_9_nondim","FOsd2",1092
"4",1.71035079029148e-05,3.55898540883208e-06,4.77162935656541e-06,3.86357532381829e-05,1.97917654711751e-05,2.28027595174484e-05,3.14404014069259e-05,2.78622946316597e-05,"calcite_flush_9_nondim","TEsd2",1092
