"","curr_inflow_rate","curr_diffusion_coef","curr_porosity","curr_gypsum_rate_constant","curr_calcite_rate_constant","curr_gypsum_surface_area","curr_calcite_surface_area","dfn_volume","output_var","sobol_type","boot_num"
"1",0.0332770866855253,0.00316963405233964,0.0156722881037938,-0.000932394526751906,0.00879976204581426,-0.00756488162943849,-0.0213236771088736,0.00535643469100272,"calcite_flush_6_nondim","FOmean",639
"2",0.0405002302887709,0.00336055747188211,0.00449810286726784,0.00736210275236092,0.0101832266113239,0.00373219337233255,0.00559466133755472,0.0151683895841322,"calcite_flush_6_nondim","TEmean",639
"3",0.999344135435573,0.999282473657508,0.999162282528292,0.999156925759578,0.999283389917664,0.998938872360061,0.999272853192739,0.998869561605568,"calcite_flush_6_nondim","FOsd2",639
"4",0.000375833524422986,0.000197312675766761,0.000271990057319274,0.000277543573510263,0.000237783669459518,0.000444659132854838,0.000147592244136547,0.000684302509221155,"calcite_flush_6_nondim","TEsd2",639
