"","curr_inflow_rate","curr_diffusion_coef","curr_porosity","curr_gypsum_rate_constant","curr_calcite_rate_constant","curr_gypsum_surface_area","curr_calcite_surface_area","dfn_volume","output_var","sobol_type","boot_num"
"1",0.0121209254239601,0.000313407300919615,0.0256039918947625,-0.00136709299423943,0.00762653069208719,-0.00192203302310697,0.0041289694928222,0.00673191665469776,"calcite_flush_8_nondim","FOmean",257
"2",0.0109801787592601,0.00244993902130753,0.0312931971073785,0.00597438858366251,0.00391387095406593,0.0020022073414244,0.0030926961146369,0.0159964228024007,"calcite_flush_8_nondim","TEmean",257
"3",0.999973678857887,0.999966177142799,0.999981096153212,0.999980781151196,0.999982759957455,0.99997648300934,0.999979916473001,0.999971336209227,"calcite_flush_8_nondim","FOsd2",257
"4",9.93663437365196e-06,1.34920286497055e-05,6.1417554288032e-06,7.91902503827669e-06,7.16653744835698e-06,6.5917848278474e-06,6.7830354518783e-06,1.37048601376678e-05,"calcite_flush_8_nondim","TEsd2",257
