"","curr_inflow_rate","curr_diffusion_coef","curr_porosity","curr_gypsum_rate_constant","curr_calcite_rate_constant","curr_gypsum_surface_area","curr_calcite_surface_area","dfn_volume","output_var","sobol_type","boot_num"
"1",0.118260329793097,0.00363067199540004,0.00583702574824243,0.0156446261313744,0.0423451151971922,-0.00461104300098931,-0.00303175428037008,0.00281931208597498,"calcite_flush_4_nondim","FOmean",187
"2",0.128175549820417,0.00592708499817973,0.00939457197845421,0.0177658208772549,0.0549003823485601,0.00398314877771599,0.021738490980228,0.0112767215783266,"calcite_flush_4_nondim","TEmean",187
"3",0.131897748566528,0.84696175193482,0.842419295703106,0.837013574001324,0.873994943442606,0.782352649547716,0.83712439078476,0.826836830494051,"calcite_flush_4_nondim","FOsd2",187
"4",0.761289146422372,0.0231545624051381,0.0317839578649244,0.095087552619627,0.051758485473379,0.0332603959430804,0.036660063260091,0.0652995256662314,"calcite_flush_4_nondim","TEsd2",187
