"","curr_inflow_rate","curr_diffusion_coef","curr_porosity","curr_gypsum_rate_constant","curr_calcite_rate_constant","curr_gypsum_surface_area","curr_calcite_surface_area","dfn_volume","output_var","sobol_type","boot_num"
"1",0.0280003405740254,-0.00307215828327,0.0137648806045546,0.00165643569929519,-0.00188240965173609,-0.0174968118691175,-0.00130725822892752,0.0203867606955975,"calcite_flush_7_nondim","FOmean",1108
"2",0.0149621688380713,0.00244493225945888,0.0359259611794755,0.00928167419868171,0.00464517733040699,0.00389293978301112,0.00396980080869102,0.0178406189901609,"calcite_flush_7_nondim","TEmean",1108
"3",0.999940600667848,0.999938832930468,0.999947759642019,0.999919943621939,0.999932637965151,0.999951559218545,0.999941329902327,0.999893274875755,"calcite_flush_7_nondim","FOsd2",1108
"4",2.4054069655798e-05,1.489281075108e-05,1.48086056015017e-05,4.6171228459565e-05,2.72775926120609e-05,1.5746693282236e-05,1.41311925479697e-05,5.09801270250161e-05,"calcite_flush_7_nondim","TEsd2",1108
