"","curr_inflow_rate","curr_diffusion_coef","curr_porosity","curr_gypsum_rate_constant","curr_calcite_rate_constant","curr_gypsum_surface_area","curr_calcite_surface_area","dfn_volume","output_var","sobol_type","boot_num"
"1",0.0182540841476084,0.00324233487628115,0.0207869279416065,0.00731819989494824,-0.00133674297717031,0.000390344647646133,0.000528724900208085,0.00702448660389723,"calcite_flush_7_nondim","FOmean",1690
"2",0.0135735448915223,0.00330127671782693,0.0228830269801981,0.00859601532265717,0.00441618825905511,0.00274765195920104,0.00290073935054863,0.0127196042956778,"calcite_flush_7_nondim","TEmean",1690
"3",0.999958665293026,0.999966303360918,0.999957917530786,0.99996742370547,0.999952886845494,0.999952886954036,0.999964560019908,0.999972035251475,"calcite_flush_7_nondim","FOsd2",1690
"4",2.17180779393551e-05,1.47767548092459e-05,5.15588468676338e-06,1.67068482484352e-05,1.71315117314081e-05,1.37247002284008e-05,1.49766623859805e-05,1.21107053288186e-05,"calcite_flush_7_nondim","TEsd2",1690
