"","curr_inflow_rate","curr_diffusion_coef","curr_porosity","curr_gypsum_rate_constant","curr_calcite_rate_constant","curr_gypsum_surface_area","curr_calcite_surface_area","dfn_volume","output_var","sobol_type","boot_num"
"1",0.00580736974030537,-0.000695101378391826,0.0160255952082117,0.00707251068171452,0.00102084037546376,0.00276120172262151,0.00640050288891399,0.00586763662275764,"calcite_flush_8_nondim","FOmean",827
"2",0.00956133194336075,0.00318968496552639,0.0225465990841427,0.00884586211691772,0.00360494462866211,0.00344158575273677,0.0053080251135869,0.011346319299644,"calcite_flush_8_nondim","TEmean",827
"3",0.999981514424464,0.99998006246461,0.999975963563085,0.99998277055136,0.999985369590645,0.999980692742613,0.999969602950257,0.999978327209441,"calcite_flush_8_nondim","FOsd2",827
"4",3.78888972550088e-06,9.71976692170591e-06,1.30848137046203e-05,8.47464024551027e-06,1.23524035974101e-05,1.06275392781645e-05,1.49400973916304e-05,7.21164937815801e-06,"calcite_flush_8_nondim","TEsd2",827
