"","curr_inflow_rate","curr_diffusion_coef","curr_porosity","curr_gypsum_rate_constant","curr_calcite_rate_constant","curr_gypsum_surface_area","curr_calcite_surface_area","dfn_volume","output_var","sobol_type","boot_num"
"1",0.0111527125298062,0.00114197884469632,0.011917194644212,0.000849698869192986,0.0108455033323704,0.00693500251030002,0.00518497215718417,-0.0119207128863885,"calcite_flush_7_nondim","FOmean",1432
"2",0.0117110480320909,0.00206122822948005,0.0252294334847879,0.00820707285619812,0.00498478290406372,0.00374329938682457,0.0042797770095153,0.0182374401016876,"calcite_flush_7_nondim","TEmean",1432
"3",0.999935780169824,0.999946883724039,0.999898396528376,0.999918943424372,0.999970605740774,0.999966724484701,0.999957303211223,0.99995581183132,"calcite_flush_7_nondim","FOsd2",1432
"4",6.36448927731857e-06,1.90693028218121e-05,1.34284209073943e-05,4.50029533968053e-05,3.87163509454125e-05,2.20014481788798e-05,1.9442461365867e-05,2.28185765370468e-05,"calcite_flush_7_nondim","TEsd2",1432
