"","curr_inflow_rate","curr_diffusion_coef","curr_porosity","curr_gypsum_rate_constant","curr_calcite_rate_constant","curr_gypsum_surface_area","curr_calcite_surface_area","dfn_volume","output_var","sobol_type","boot_num"
"1",0.0110103430244648,0.0123034099367322,0.013370391836811,-9.67392848114713e-05,0.00189161278903515,0.00857411580133814,-0.00201341482776022,-0.0160018240429392,"calcite_flush_7_nondim","FOmean",1588
"2",0.0154070956639196,0.00388112114088391,0.0208722108528819,0.00993191707625017,0.00510258418816388,0.0032200359042473,0.00439603910931526,0.0135551483906471,"calcite_flush_7_nondim","TEmean",1588
"3",0.999968630233636,0.999974551443355,0.999976831012567,0.999976425475701,0.999969149185666,0.999967426075251,0.999974999307135,0.999972460374067,"calcite_flush_7_nondim","FOsd2",1588
"4",1.45741778253846e-05,5.02902817959221e-06,8.44186774476412e-06,1.18993941917464e-05,1.11017770387614e-05,1.17314887463543e-05,9.21534029317004e-06,1.17862968870416e-05,"calcite_flush_7_nondim","TEsd2",1588
