"","curr_inflow_rate","curr_diffusion_coef","curr_porosity","curr_gypsum_rate_constant","curr_calcite_rate_constant","curr_gypsum_surface_area","curr_calcite_surface_area","dfn_volume","output_var","sobol_type","boot_num"
"1",0.00736644437288151,0.00127349123243745,0.0103802963016206,-0.00576838974779678,0.00762420064652941,-0.00130732307813125,0.00307236682903861,0.00435338493188548,"calcite_flush_7_nondim","FOmean",1768
"2",0.00899907024753729,0.00234264253414781,0.0235263280540323,0.0061187934859145,0.00268420463857057,0.00187454157456717,0.0028807185468453,0.0130457621417945,"calcite_flush_7_nondim","TEmean",1768
"3",0.999932488854597,0.999951150431797,0.999933847375552,0.999965880252128,0.999959709389824,0.999951974771788,0.999970678421303,0.9999570799309,"calcite_flush_7_nondim","FOsd2",1768
"4",2.39880324749785e-05,1.23421420913028e-05,3.58346783984488e-05,3.95892920305499e-05,3.23581937574961e-05,1.34492839649056e-05,3.12518404681064e-05,4.2090415780555e-05,"calcite_flush_7_nondim","TEsd2",1768
