"","curr_inflow_rate","curr_diffusion_coef","curr_porosity","curr_gypsum_rate_constant","curr_calcite_rate_constant","curr_gypsum_surface_area","curr_calcite_surface_area","dfn_volume","output_var","sobol_type","boot_num"
"1",-0.00104308287162807,0.00197310744951883,0.0306801162705567,0.0108494201630796,0.0203830862964922,0.0152051600062862,0.0033113080653319,0.00562345510772652,"calcite_flush_8_nondim","FOmean",947
"2",0.0132114044635192,0.00310175761003196,0.032029133120144,0.0108449613246575,0.00661475329606687,0.00339526402533399,0.00264507988357012,0.0144977196106782,"calcite_flush_8_nondim","TEmean",947
"3",0.999929840800739,0.999924503590754,0.999945630772357,0.999941318578334,0.999936765307588,0.999920195442955,0.999928783084376,0.999927039298983,"calcite_flush_8_nondim","FOsd2",947
"4",2.63519878548182e-05,1.92648287593595e-05,1.81692321184282e-05,2.51439174550879e-05,2.16300066002217e-05,1.59507576650973e-05,2.1372430776508e-05,2.31075001365125e-05,"calcite_flush_8_nondim","TEsd2",947
