"","curr_inflow_rate","curr_diffusion_coef","curr_porosity","curr_gypsum_rate_constant","curr_calcite_rate_constant","curr_gypsum_surface_area","curr_calcite_surface_area","dfn_volume","output_var","sobol_type","boot_num"
"1",0.0113585940797816,0.00150262880831303,0.0338430569055399,0.0113351485943483,0.00934874086708576,-0.00385804554971639,-0.00142644170988621,0.00628089045122027,"calcite_flush_8_nondim","FOmean",989
"2",0.010950575073889,0.00265586997583632,0.0311072946117946,0.0100254809611319,0.00580799436466339,0.00295952881737819,0.00332378253535016,0.0151619312108404,"calcite_flush_8_nondim","TEmean",989
"3",0.999922529603124,0.999903748309015,0.9999103511871,0.999899992086259,0.999910760471185,0.999897676227185,0.999890645537362,0.999917555483155,"calcite_flush_8_nondim","FOsd2",989
"4",1.27733482713244e-05,1.18065335142399e-05,2.3305657077621e-05,2.82620610800755e-05,1.74939369120033e-05,2.86661049232688e-05,3.2648888593234e-05,7.04148010233206e-06,"calcite_flush_8_nondim","TEsd2",989
