"","curr_inflow_rate","curr_diffusion_coef","curr_porosity","curr_gypsum_rate_constant","curr_calcite_rate_constant","curr_gypsum_surface_area","curr_calcite_surface_area","dfn_volume","output_var","sobol_type","boot_num"
"1",0.0221162329854787,0.00557688459970265,0.00578056806077444,-0.00466488539875834,0.0198245511449598,-0.0071333098488857,0.00309375154954542,-0.00907782410736157,"calcite_flush_5_nondim","FOmean",1004
"2",0.115104831949906,0.00262099301069863,0.00229548340538518,0.0573644457198911,0.0231143880740412,0.00187924107288208,0.00186196382102702,0.0679720968734302,"calcite_flush_5_nondim","TEmean",1004
"3",0.996918109158829,0.991840500958126,0.994246585058448,0.993081532372464,0.997545394114803,0.993404927381569,0.993437460825028,0.996125499158903,"calcite_flush_5_nondim","FOsd2",1004
"4",0.00513984666311378,0.000895933258198583,0.00027860548979453,0.00191684461448193,0.00414152911150822,0.000373456534544259,0.00088764042680786,0.00609198649965491,"calcite_flush_5_nondim","TEsd2",1004
