"","curr_inflow_rate","curr_diffusion_coef","curr_porosity","curr_gypsum_rate_constant","curr_calcite_rate_constant","curr_gypsum_surface_area","curr_calcite_surface_area","dfn_volume","output_var","sobol_type","boot_num"
"1",0.0911530904386926,-0.00119241240610616,0.00348932525419042,0.017788604217797,-0.00044198682336809,0.0179087705632077,-0.00189021514566682,-0.0128672910706177,"calcite_flush_5_nondim","FOmean",1322
"2",0.145064043847831,0.00512695977999553,0.00590148886607891,0.0691979636731791,0.0424958784810242,0.00364428177362453,0.00439655495514748,0.0275581344067605,"calcite_flush_5_nondim","TEmean",1322
"3",0.997306637153586,0.996689268745636,0.997719108100575,0.9976249569576,0.997625059662435,0.997756662666848,0.99766359152204,0.997143519231608,"calcite_flush_5_nondim","FOsd2",1322
"4",0.000975708105441839,0.00136008687238292,0.000504243825928945,0.00167632001531144,0.00160419278890416,0.000500795219464234,0.000690247018907734,0.00131608306684122,"calcite_flush_5_nondim","TEsd2",1322
