"","curr_inflow_rate","curr_diffusion_coef","curr_porosity","curr_gypsum_rate_constant","curr_calcite_rate_constant","curr_gypsum_surface_area","curr_calcite_surface_area","dfn_volume","output_var","sobol_type","boot_num"
"1",0.0192971468215365,-0.00535322811113438,0.00930154159285049,0.0124595608779803,0.0139974059758424,0.0120662579038601,0.0114202549809009,0.000298466000336766,"calcite_flush_6_nondim","FOmean",1713
"2",0.0351555523816889,0.00357989482516994,0.00395823350974687,0.0118687657562556,0.00911603339916414,0.00565927763349836,0.00379792593306605,0.0187076640964391,"calcite_flush_6_nondim","TEmean",1713
"3",0.999239197794475,0.998959260586682,0.999063207563029,0.999273298460385,0.999030384220571,0.999040369722211,0.999019149130132,0.999087151471855,"calcite_flush_6_nondim","FOsd2",1713
"4",0.000654793818312883,0.000114563202975841,0.000195052665358358,0.000369284968621545,0.000280350824011263,0.000164532304866501,0.000337543934075835,0.000154059006838719,"calcite_flush_6_nondim","TEsd2",1713
