"","curr_inflow_rate","curr_diffusion_coef","curr_porosity","curr_gypsum_rate_constant","curr_calcite_rate_constant","curr_gypsum_surface_area","curr_calcite_surface_area","dfn_volume","output_var","sobol_type","boot_num"
"1",0.00316924800255583,-0.00229616692061959,0.01315172740443,0.00529452341719988,-0.0153142143112791,-0.00801776688091661,-0.00512833890690639,-0.00245893514424423,"calcite_flush_7_nondim","FOmean",880
"2",0.0134393966385361,0.00325200890048303,0.0182847257269397,0.00536937938663495,0.00441995533558231,0.00279824684782725,0.0024332091842949,0.0113377019901679,"calcite_flush_7_nondim","TEmean",880
"3",0.999814325537503,0.999804400640583,0.999811266516226,0.999813055896122,0.999813530646996,0.999811077799498,0.999790690652651,0.999801851092147,"calcite_flush_7_nondim","FOsd2",880
"4",9.92991405331751e-06,5.67647472461946e-06,9.52481482938906e-06,9.53086489604296e-06,1.34656524310396e-05,7.88762520208026e-06,1.89066527107777e-05,2.21389973509186e-05,"calcite_flush_7_nondim","TEsd2",880
