"","curr_inflow_rate","curr_diffusion_coef","curr_porosity","curr_gypsum_rate_constant","curr_calcite_rate_constant","curr_gypsum_surface_area","curr_calcite_surface_area","dfn_volume","output_var","sobol_type","boot_num"
"1",-0.00643862099372516,0.00133841689946311,0.00899866002249116,0.00789823527815318,-0.00757465508311728,-0.00371111633822468,-0.000699543418366644,0.00887530299907911,"calcite_flush_7_nondim","FOmean",1624
"2",0.0177053896375593,0.00244374129241787,0.0223509881877064,0.00722308018721485,0.00436792797835359,0.00317059102494543,0.00216970628290931,0.0152662907319473,"calcite_flush_7_nondim","TEmean",1624
"3",0.999949507751981,0.999962954849328,0.999949729191038,0.999964949181716,0.999961665856299,0.999964756445465,0.999962961619664,0.999915535066709,"calcite_flush_7_nondim","FOsd2",1624
"4",2.29953696024804e-05,1.03968487235631e-05,2.31398244757128e-05,2.96410758425146e-05,3.09671189330905e-05,1.18862439499445e-05,2.80708702129182e-05,5.85160440863527e-05,"calcite_flush_7_nondim","TEsd2",1624
