"","curr_inflow_rate","curr_diffusion_coef","curr_porosity","curr_gypsum_rate_constant","curr_calcite_rate_constant","curr_gypsum_surface_area","curr_calcite_surface_area","dfn_volume","output_var","sobol_type","boot_num"
"1",0.0141115277663683,0.00190046756480584,0.0211939104285987,0.00490685011638103,0.000877784433233457,0.00548228274454798,0.00329149880791722,0.00952299283641621,"calcite_flush_9_nondim","FOmean",672
"2",0.00939923078773409,0.00182748263569508,0.0255274140125971,0.00787438279099625,0.00260148083720663,0.00238422173769868,0.003157260629727,0.0169077928626749,"calcite_flush_9_nondim","TEmean",672
"3",0.999990704659936,0.999990399397029,0.999986002793164,0.999989921284467,0.999987342088207,0.999979974450108,0.999991212417034,0.9999821570976,"calcite_flush_9_nondim","FOsd2",672
"4",4.98074575134538e-06,5.77009239956681e-06,4.93448395782897e-06,1.07508276587149e-05,4.47863422214706e-06,3.46687145808102e-06,9.93574401781239e-06,9.80489463979407e-06,"calcite_flush_9_nondim","TEsd2",672
