"","curr_inflow_rate","curr_diffusion_coef","curr_porosity","curr_gypsum_rate_constant","curr_calcite_rate_constant","curr_gypsum_surface_area","curr_calcite_surface_area","dfn_volume","output_var","sobol_type","boot_num"
"1",0.0249231066485109,-0.00143326904296899,0.0327812609450508,0.001173798559371,-0.00405424203099934,-0.00144673585173924,-1.66497277092151e-05,0.0282807121704919,"calcite_flush_8_nondim","FOmean",953
"2",0.012623829260226,0.00387391010941382,0.0378484323459033,0.00627483435864624,0.00650857876664648,0.00271059595192741,0.00259229608480564,0.017412082470156,"calcite_flush_8_nondim","TEmean",953
"3",0.999981077641263,0.999978204652708,0.999979239764827,0.999975464292286,0.99998111531851,0.999978239234189,0.999978679855293,0.999979658564343,"calcite_flush_8_nondim","FOsd2",953
"4",7.84756045680025e-06,3.41583273057859e-06,6.40400319151126e-06,6.49428738166686e-06,7.03246460292663e-06,4.81942263939027e-06,4.78353036756579e-06,9.24939077412639e-06,"calcite_flush_8_nondim","TEsd2",953
