"","curr_inflow_rate","curr_diffusion_coef","curr_porosity","curr_gypsum_rate_constant","curr_calcite_rate_constant","curr_gypsum_surface_area","curr_calcite_surface_area","dfn_volume","output_var","sobol_type","boot_num"
"1",-0.00671706978759333,-0.0049396539257107,0.00565565794012108,0.00980969846071132,-0.0129819019979672,0.000789092215259418,0.000859071886974,-0.00179988468091453,"calcite_flush_7_nondim","FOmean",598
"2",0.00988171407068326,0.00314070143386033,0.0161442975293313,0.0156325941009343,0.00620246808955889,0.00367094260414015,0.00603336709989312,0.0132477342529851,"calcite_flush_7_nondim","TEmean",598
"3",0.999973155107794,0.999941321511481,0.999970418661922,0.999978785706351,0.99979222521637,0.999939986283838,0.999935778789077,0.9999860939925,"calcite_flush_7_nondim","FOsd2",598
"4",3.45343703095833e-05,3.14022727660323e-05,4.0977458331694e-05,5.88681366053002e-05,8.11753731747837e-05,4.18911189027001e-05,1.82328670414578e-05,7.47889847558948e-05,"calcite_flush_7_nondim","TEsd2",598
