"","curr_inflow_rate","curr_diffusion_coef","curr_porosity","curr_gypsum_rate_constant","curr_calcite_rate_constant","curr_gypsum_surface_area","curr_calcite_surface_area","dfn_volume","output_var","sobol_type","boot_num"
"1",0.147680180643616,0.00600829375478178,0.00935696472652039,0.0275497369641283,0.0473613433399811,0.00110193029545082,-0.00291947675623594,0.00836866213387182,"calcite_flush_4_nondim","FOmean",445
"2",0.156610064727929,0.00882288748489314,0.00797214528855676,0.0364695322502697,0.0778684949089655,0.00577925793553986,0.00652195000215343,0.0174424969147588,"calcite_flush_4_nondim","TEmean",445
"3",-11.3610663370129,-12.9483934841179,-9.97288933076064,-35.8666385389379,-24.0592129184353,-20.5440274018337,-14.6682968043624,-69.4963215119439,"calcite_flush_4_nondim","FOsd2",445
"4",1.34530428824731,2.83273107640888,1.77494216958586,27.1432504981176,8.6961127212561,10.1650359117786,2.15914186198155,54.1726628290252,"calcite_flush_4_nondim","TEsd2",445
