"","curr_inflow_rate","curr_diffusion_coef","curr_porosity","curr_gypsum_rate_constant","curr_calcite_rate_constant","curr_gypsum_surface_area","curr_calcite_surface_area","dfn_volume","output_var","sobol_type","boot_num"
"1",0.00164408058875787,-0.0136429027470828,0.0151660669382946,0.00274247099876198,0.0092672534459067,0.00234775836742232,0.00456158299329168,-0.00598245843215507,"calcite_flush_9_nondim","FOmean",1068
"2",0.0111328644133363,0.00217165542541922,0.0426758736681549,0.00728297221242021,0.00357095615821944,0.00242893441818081,0.0028775524841797,0.0188680405661796,"calcite_flush_9_nondim","TEmean",1068
"3",0.999959874841511,0.999953480343723,0.999958583927631,0.999966272193427,0.99988429408674,0.999950730473669,0.999958749401963,0.999941687769729,"calcite_flush_9_nondim","FOsd2",1068
"4",2.3668300514895e-05,8.40009150607217e-06,1.45486919591827e-05,1.80167491730213e-05,6.00437830445955e-05,6.58770589667286e-06,8.9647900148168e-06,1.95246014387399e-05,"calcite_flush_9_nondim","TEsd2",1068
