"","curr_inflow_rate","curr_diffusion_coef","curr_porosity","curr_gypsum_rate_constant","curr_calcite_rate_constant","curr_gypsum_surface_area","curr_calcite_surface_area","dfn_volume","output_var","sobol_type","boot_num"
"1",0.0300869772976692,0.00741286114418166,-0.00669100815834381,0.0213094734919954,0.0172063061499425,-0.00670806127846909,-0.00114069041199842,-0.00721187887218303,"calcite_flush_6_nondim","FOmean",1071
"2",0.0313572365277175,0.00386454017342366,0.0055394128844785,0.012033117140727,0.0139320127261624,0.00515066528476557,0.0039695218387063,0.0185357557796396,"calcite_flush_6_nondim","TEmean",1071
"3",0.99926754356816,0.998828433209197,0.99883811561715,0.998965013609421,0.99887730144899,0.998990494243451,0.998734495384575,0.99899124650838,"calcite_flush_6_nondim","FOsd2",1071
"4",0.000716281406779776,0.000216757976375504,0.000140314638733726,0.000486965253720516,0.000192192402139268,0.000239350403654866,0.000276279888731102,0.000237996931802244,"calcite_flush_6_nondim","TEsd2",1071
