"","curr_inflow_rate","curr_diffusion_coef","curr_porosity","curr_gypsum_rate_constant","curr_calcite_rate_constant","curr_gypsum_surface_area","curr_calcite_surface_area","dfn_volume","output_var","sobol_type","boot_num"
"1",-0.00792722467660024,-0.00141725398128417,0.00800150031147584,-0.000666250079900507,-0.0155217924046955,-0.003716576317387,0.0107068859426177,0.00254098998177634,"calcite_flush_6_nondim","FOmean",1623
"2",0.0298264227537653,0.00443874431000145,0.00837809737625059,0.0031194631848109,0.00907791663664048,0.00635958442501002,0.00466431608951102,0.0166849482685215,"calcite_flush_6_nondim","TEmean",1623
"3",0.999176219355595,0.99872847022118,0.998791642541906,0.998805833383246,0.998780812821771,0.998834514294874,0.9988747702714,0.998555496726569,"calcite_flush_6_nondim","FOsd2",1623
"4",0.000570075944176826,0.000176098602775337,0.000226321284035804,0.00026386426305008,0.000176017292020002,0.000153496049554643,0.000159086610045436,0.000385317751353113,"calcite_flush_6_nondim","TEsd2",1623
