"","curr_inflow_rate","curr_diffusion_coef","curr_porosity","curr_gypsum_rate_constant","curr_calcite_rate_constant","curr_gypsum_surface_area","curr_calcite_surface_area","dfn_volume","output_var","sobol_type","boot_num"
"1",0.122676508387075,-0.00215028699423958,-0.00374289376926612,0.0171170253775986,0.033315570393026,-0.000440046053245886,0.0171373977911028,0.00843505781706515,"calcite_flush_5_nondim","FOmean",710
"2",0.218219103320018,0.00194783996961091,0.00426111827361582,0.0458802702493941,0.0617245223833305,0.00294103673001556,0.00293916664660052,0.0674919920741743,"calcite_flush_5_nondim","TEmean",710
"3",0.974360051729874,0.994887710386507,0.992709332444442,0.992821840827825,0.994690017175893,0.994976521853792,0.9938082522135,0.992737853531681,"calcite_flush_5_nondim","FOsd2",710
"4",0.0227198840368182,0.00158923851118053,0.000897199815799613,0.00280973740545839,0.00307045658072325,0.00195870767854119,0.00149416778694468,0.00392909549221703,"calcite_flush_5_nondim","TEsd2",710
