"","curr_inflow_rate","curr_diffusion_coef","curr_porosity","curr_gypsum_rate_constant","curr_calcite_rate_constant","curr_gypsum_surface_area","curr_calcite_surface_area","dfn_volume","output_var","sobol_type","boot_num"
"1",0.00601710733597002,0.00465499286729019,0.0220118516735304,-0.00649753287930681,0.00978679280145628,-0.000241699596516501,-0.00782380396204818,-0.00413870004331455,"calcite_flush_7_nondim","FOmean",472
"2",0.0136488231801809,0.0022794571720988,0.0182238414626939,0.00729721602476455,0.00335688309674697,0.00258441261343381,0.0038578998514656,0.0131337351124463,"calcite_flush_7_nondim","TEmean",472
"3",0.999932552079975,0.999966381565839,0.99996881960825,0.999966612369175,0.999959677441545,0.999969822677359,0.999920015760492,0.999967319992426,"calcite_flush_7_nondim","FOsd2",472
"4",2.27282702800779e-05,1.03528462665724e-05,1.21627269669038e-05,1.8938447280378e-05,9.87870185713323e-06,1.39332914649008e-05,6.1718254163162e-05,1.72701570738703e-05,"calcite_flush_7_nondim","TEsd2",472
