"","curr_inflow_rate","curr_diffusion_coef","curr_porosity","curr_gypsum_rate_constant","curr_calcite_rate_constant","curr_gypsum_surface_area","curr_calcite_surface_area","dfn_volume","output_var","sobol_type","boot_num"
"1",0.0273902835924554,-0.00409958442857666,-0.000240811571728237,0.0214751461172249,0.0268367479402101,0.00359300052795582,0.00148243910139945,0.0286195526728738,"calcite_flush_6_nondim","FOmean",1335
"2",0.0425144216714915,0.00528299043286308,0.00695955046970536,0.0127259574130382,0.0106800565529557,0.00355369108365199,0.006036714251552,0.0187710334768155,"calcite_flush_6_nondim","TEmean",1335
"3",0.99926349516897,0.999191274053018,0.999030802159943,0.999219861660485,0.999110488196253,0.999175526228973,0.999223209097059,0.999333038322315,"calcite_flush_6_nondim","FOsd2",1335
"4",0.000624594905500668,0.000166924177451326,0.000178584552388838,0.000324185004565725,0.000148796527075645,0.000152362680323316,0.000262177140406454,0.000338926895606503,"calcite_flush_6_nondim","TEsd2",1335
