"","curr_inflow_rate","curr_diffusion_coef","curr_porosity","curr_gypsum_rate_constant","curr_calcite_rate_constant","curr_gypsum_surface_area","curr_calcite_surface_area","dfn_volume","output_var","sobol_type","boot_num"
"1",0.00526186036102888,-0.000841590988350593,0.0283760462859016,0.00200497881736208,-0.0017937129775449,0.000861032344424856,-0.00240159378419106,0.0199067450499833,"calcite_flush_7_nondim","FOmean",868
"2",0.0131836470282365,0.00257259951687195,0.0196601018572358,0.00901202370254269,0.00309923348619121,0.00310166341746875,0.00431175590876996,0.0153091212335779,"calcite_flush_7_nondim","TEmean",868
"3",0.999975545065993,0.999977869184356,0.99997665006148,0.999977665712073,0.999976940038983,0.999974631498052,0.999970116043764,0.999950724228044,"calcite_flush_7_nondim","FOsd2",868
"4",5.98309832019204e-06,5.96092828476563e-06,7.63471368095075e-06,8.27764874774984e-06,6.75410036524002e-06,6.94390597023175e-06,1.3295394980616e-05,3.33735713560613e-05,"calcite_flush_7_nondim","TEsd2",868
