"","curr_inflow_rate","curr_diffusion_coef","curr_porosity","curr_gypsum_rate_constant","curr_calcite_rate_constant","curr_gypsum_surface_area","curr_calcite_surface_area","dfn_volume","output_var","sobol_type","boot_num"
"1",0.109097997321868,0.000788840781949465,-0.0075853319313574,0.018197897459509,0.0247399152205814,0.011232080688905,-0.00794437825516683,0.00996214740124148,"calcite_flush_4_nondim","FOmean",1585
"2",0.13812995383627,0.00572491159589667,0.00353731779378679,0.0296867977898197,0.0465140473402152,0.00732488191920291,0.0180384137410197,0.0158288887516753,"calcite_flush_4_nondim","TEmean",1585
"3",0.310172421247138,-1.25319999455598,0.0884607253780915,-0.897245733091796,0.172167462820052,-0.202427463826489,-0.0393004087148681,0.441799677260583,"calcite_flush_4_nondim","FOsd2",1585
"4",0.282696664810373,1.3574823777626,0.337815135351078,1.27162699069924,0.132323529274416,0.225314876548728,0.538581141336056,0.158952646680346,"calcite_flush_4_nondim","TEsd2",1585
