"","curr_inflow_rate","curr_diffusion_coef","curr_porosity","curr_gypsum_rate_constant","curr_calcite_rate_constant","curr_gypsum_surface_area","curr_calcite_surface_area","dfn_volume","output_var","sobol_type","boot_num"
"1",0.00909704204367724,0.0112539784930425,0.004975867786116,-0.0139812034964514,-0.0110474434423738,-0.0036357048235813,-0.00133733700932439,0.00704570109301603,"calcite_flush_5_nondim","FOmean",1646
"2",0.181655636591758,0.00238103051949221,0.0037893017376365,0.0619843525151576,0.0505459376293864,0.00196738357281918,0.00196628599669719,0.0455074657721165,"calcite_flush_5_nondim","TEmean",1646
"3",0.98856710478521,0.974873565877147,0.983404138727797,0.980382964214147,0.979844021764091,0.97814716653197,0.978131531282409,0.987678750489419,"calcite_flush_5_nondim","FOsd2",1646
"4",0.0214275810172433,0.00588073553659807,0.010180420409282,0.0192037358690969,0.02157417188494,0.00289819452471051,0.00669872313559449,0.0122733581207113,"calcite_flush_5_nondim","TEsd2",1646
