"","curr_inflow_rate","curr_diffusion_coef","curr_porosity","curr_gypsum_rate_constant","curr_calcite_rate_constant","curr_gypsum_surface_area","curr_calcite_surface_area","dfn_volume","output_var","sobol_type","boot_num"
"1",0.174320638831821,0.0100632908045114,0.00838033824773479,0.0190863329749636,0.0998201212411479,-0.00869602059039921,0.0202154571616942,0.0298596367429473,"calcite_flush_4_nondim","FOmean",673
"2",0.187766137790669,0.0181567046281109,0.0085206804588221,0.0387522669303705,0.111844483850394,0.00501755170366082,0.0233950414705349,0.0246575402718431,"calcite_flush_4_nondim","TEmean",673
"3",-3.70293245293406,0.089472258073908,-8.25801288876579,-13.9008640281017,-1.24601168083874,0.192721954831456,-19.9284837993689,-0.304927457533639,"calcite_flush_4_nondim","FOsd2",673
"4",5.9030502968297,1.58781755656715,5.20622420706951,15.549127946111,3.00605785527486,1.90601187224701,10.4290741689445,1.77198897830859,"calcite_flush_4_nondim","TEsd2",673
