"","curr_inflow_rate","curr_diffusion_coef","curr_porosity","curr_gypsum_rate_constant","curr_calcite_rate_constant","curr_gypsum_surface_area","curr_calcite_surface_area","dfn_volume","output_var","sobol_type","boot_num"
"1",0.0735571418082714,0.00525816824113928,-0.00180649752658004,0.0174178631008469,-0.0222526411795084,0.00422606965118318,0.00835294420407562,0.0176608577980283,"calcite_flush_5_nondim","FOmean",896
"2",0.0867915803419301,0.00164336750274873,0.00500591901014388,0.0264706763869152,0.0361114993196908,0.0020162155397987,0.00346375464838575,0.0603338342466992,"calcite_flush_5_nondim","TEmean",896
"3",0.998914798712695,0.998953946559211,0.998917642927127,0.999048750866775,0.998894486286104,0.998861130290849,0.998854526109417,0.999005310266014,"calcite_flush_5_nondim","FOsd2",896
"4",0.00054021453445484,0.000246288552897009,0.000224094511839989,0.000502280903412577,0.000516021302968297,0.000152992817097755,0.000207547796002671,0.000723951432375942,"calcite_flush_5_nondim","TEsd2",896
