"","curr_inflow_rate","curr_diffusion_coef","curr_porosity","curr_gypsum_rate_constant","curr_calcite_rate_constant","curr_gypsum_surface_area","curr_calcite_surface_area","dfn_volume","output_var","sobol_type","boot_num"
"1",0.0222347231494192,0.00633703419740993,0.0455919425131085,-0.0068464786362174,-0.00417820318805119,0.000116677344927842,0.00302450076381273,-0.000757084566207115,"calcite_flush_9_nondim","FOmean",1728
"2",0.0124409616021517,0.00185909573758755,0.0356656295553457,0.00499264036331493,0.00471866520017534,0.00284062562900104,0.00381761556898189,0.0158321218572832,"calcite_flush_9_nondim","TEmean",1728
"3",0.999964695255932,0.999963668605641,0.999963466458367,0.999964295312556,0.999957380991017,0.999957482909917,0.999967302997464,0.99995388640853,"calcite_flush_9_nondim","FOsd2",1728
"4",9.86970915359718e-06,1.29506547609772e-05,2.20631340853005e-05,1.50473982197057e-05,1.33216792791312e-05,6.08068601073646e-06,2.21279623103493e-05,1.6712214805138e-05,"calcite_flush_9_nondim","TEsd2",1728
