"","curr_inflow_rate","curr_diffusion_coef","curr_porosity","curr_gypsum_rate_constant","curr_calcite_rate_constant","curr_gypsum_surface_area","curr_calcite_surface_area","dfn_volume","output_var","sobol_type","boot_num"
"1",0.00927688263674048,-0.00259041006710855,0.00329036126399573,0.00392443855297407,-0.000205056595554075,0.00199172281228418,-0.00518655760640906,0.00393503712957525,"calcite_flush_8_nondim","FOmean",383
"2",0.00993259648904921,0.00178933764582678,0.0222293823612347,0.00429431529060513,0.00266138589852946,0.00182913897704843,0.00275989459127321,0.00970827552928084,"calcite_flush_8_nondim","TEmean",383
"3",0.999973917806725,0.999972696498256,0.999972598120722,0.999971385416273,0.999970540657096,0.999972731451918,0.999970387989014,0.999969682469705,"calcite_flush_8_nondim","FOsd2",383
"4",4.0540557516185e-06,4.0486624326841e-06,3.00209646982339e-06,3.32343831013186e-06,5.58293168159826e-06,3.22642750041611e-06,4.7666266433279e-06,6.02191632599612e-06,"calcite_flush_8_nondim","TEsd2",383
