"","curr_inflow_rate","curr_diffusion_coef","curr_porosity","curr_gypsum_rate_constant","curr_calcite_rate_constant","curr_gypsum_surface_area","curr_calcite_surface_area","dfn_volume","output_var","sobol_type","boot_num"
"1",0.149046796352145,0.00285887729973082,0.0111263425419792,0.0298783168162186,0.0406824801838363,0.00499309701526954,0.00290562307256832,0.00500058101959318,"calcite_flush_4_nondim","FOmean",1225
"2",0.166186072477939,0.00528085108451303,0.0105624367946318,0.0386892232975319,0.0659851200956761,0.00535244481634336,0.0161208255284793,0.0114927086473892,"calcite_flush_4_nondim","TEmean",1225
"3",0.979577236326882,0.753088877714477,0.966115461201639,0.95156973377087,0.953077040878562,0.977104539574451,0.792036282777301,0.941908564943877,"calcite_flush_4_nondim","FOsd2",1225
"4",0.0286783313070068,0.188032721103884,0.0258414979909466,0.0322395734615242,0.0172288853928333,0.0212266004146834,0.160447448754878,0.0229265838584137,"calcite_flush_4_nondim","TEsd2",1225
