"","curr_inflow_rate","curr_diffusion_coef","curr_porosity","curr_gypsum_rate_constant","curr_calcite_rate_constant","curr_gypsum_surface_area","curr_calcite_surface_area","dfn_volume","output_var","sobol_type","boot_num"
"1",-0.00870400596836657,-0.00424418934199889,-0.00420370690912056,-0.000243720339447562,-0.00846484869786378,-0.00139723089293625,-0.00556999276826923,-0.00228707123627261,"calcite_flush_6_nondim","FOmean",831
"2",0.0440284114182336,0.00374071698626596,0.00351549807655623,0.0105207113222576,0.00953429059678154,0.00450974781585485,0.00400051146527802,0.0192003008354058,"calcite_flush_6_nondim","TEmean",831
"3",0.998874524886627,0.998524798491872,0.998368433489174,0.998638381491193,0.998676413866263,0.998610962175319,0.998467936968656,0.99879741027528,"calcite_flush_6_nondim","FOsd2",831
"4",0.000646194329767729,0.000253142717202799,0.000194282059784084,0.000177317170008591,0.00024147536273531,0.000184887403737777,0.000242162776206438,0.000380191331731718,"calcite_flush_6_nondim","TEsd2",831
