"","curr_inflow_rate","curr_diffusion_coef","curr_porosity","curr_gypsum_rate_constant","curr_calcite_rate_constant","curr_gypsum_surface_area","curr_calcite_surface_area","dfn_volume","output_var","sobol_type","boot_num"
"1",0.000576241948834946,0.0183757654387765,0.0337276137302291,0.0263214121561802,0.0068951259798112,0.00338722100969193,0.0171136248692913,0.0138415610976423,"calcite_flush_8_nondim","FOmean",1745
"2",0.0119932999217927,0.00290180378771088,0.0335116237919284,0.00898789124532356,0.00416086048915655,0.00306067791128351,0.0036326574641996,0.0186322044282632,"calcite_flush_8_nondim","TEmean",1745
"3",0.999970638352987,0.999968684538652,0.999921201752299,0.999917650092018,0.999971165408551,0.999972609451251,0.999955417874874,0.999946710010092,"calcite_flush_8_nondim","FOsd2",1745
"4",9.53094487251111e-06,1.03898821897135e-05,4.522860389326e-05,7.59719670872741e-05,9.63851545253903e-06,8.12766817744607e-06,1.69393820114605e-05,2.41648421069369e-05,"calcite_flush_8_nondim","TEsd2",1745
