"","curr_inflow_rate","curr_diffusion_coef","curr_porosity","curr_gypsum_rate_constant","curr_calcite_rate_constant","curr_gypsum_surface_area","curr_calcite_surface_area","dfn_volume","output_var","sobol_type","boot_num"
"1",0.213418638773513,0.000333548749484869,-0.000524191223866084,0.0402926555780157,0.0639739637336689,-0.00243301837824922,0.0038987130134668,0.000446472300474821,"calcite_flush_4_nondim","FOmean",847
"2",0.249506211547857,0.00522464840557323,0.00694366717928319,0.0321381981211548,0.0774519166221261,0.00634305749175051,0.0119647568297019,0.0273799206131772,"calcite_flush_4_nondim","TEmean",847
"3",0.109800513818326,0.0626570246013481,0.00761450869845548,0.799043553288723,-0.956424109880459,0.543549949855252,0.187743772166777,-0.167455618429699,"calcite_flush_4_nondim","FOsd2",847
"4",0.497551595797877,0.400116908764696,0.537645685747442,0.162576218467821,1.71373073206373,0.110391225722677,0.65556097298149,0.808494094445921,"calcite_flush_4_nondim","TEsd2",847
