"","curr_inflow_rate","curr_diffusion_coef","curr_porosity","curr_gypsum_rate_constant","curr_calcite_rate_constant","curr_gypsum_surface_area","curr_calcite_surface_area","dfn_volume","output_var","sobol_type","boot_num"
"1",0.00799672003675554,-0.00230422442084283,0.0231845702028101,0.00689076599331702,0.0046877305532645,-0.0030742390205021,0.00237695685796488,0.00896087380248306,"calcite_flush_9_nondim","FOmean",426
"2",0.0107501685368147,0.00277599683458622,0.0205062785846893,0.00643676985081633,0.00278318213076288,0.00233784404051589,0.00240620387477989,0.0116517221007975,"calcite_flush_9_nondim","TEmean",426
"3",0.999983681536764,0.999978010508089,0.999980971668766,0.999976742704667,0.999977424721474,0.999981679817198,0.999977880890718,0.999982274202272,"calcite_flush_9_nondim","FOsd2",426
"4",5.10967678240532e-06,3.72559777592458e-06,4.41306567910974e-06,7.28161960839082e-06,1.08854816692095e-05,3.37260756029855e-06,5.34893587895005e-06,7.4357683166769e-06,"calcite_flush_9_nondim","TEsd2",426
