"","curr_inflow_rate","curr_diffusion_coef","curr_porosity","curr_gypsum_rate_constant","curr_calcite_rate_constant","curr_gypsum_surface_area","curr_calcite_surface_area","dfn_volume","output_var","sobol_type","boot_num"
"1",0.0258210922084871,-0.00130502286594627,0.0114171358920373,0.0168660093198266,-0.0114266691293133,0.00018698580655074,-0.000262765819458587,-0.00327495911271156,"calcite_flush_8_nondim","FOmean",245
"2",0.0165614113025861,0.00352367554285636,0.0290638772064789,0.00890591568305756,0.00543252863002525,0.00316335893244793,0.00314385483935812,0.0140033408595265,"calcite_flush_8_nondim","TEmean",245
"3",0.999952553854254,0.999937348110461,0.999955164084174,0.999950584197987,0.999959991754294,0.999957189083143,0.99994495089716,0.999952645270634,"calcite_flush_8_nondim","FOsd2",245
"4",1.39582444981508e-05,1.35837001610079e-05,1.33115171965949e-05,1.13275227459424e-05,1.2589820256073e-05,1.22961344549468e-05,1.00610933337421e-05,8.29329416731136e-06,"calcite_flush_8_nondim","TEsd2",245
