"","curr_inflow_rate","curr_diffusion_coef","curr_porosity","curr_gypsum_rate_constant","curr_calcite_rate_constant","curr_gypsum_surface_area","curr_calcite_surface_area","dfn_volume","output_var","sobol_type","boot_num"
"1",0.0540155425441935,0.00399106817484471,-0.00805753286331143,0.00281793080985663,0.0081456796997809,0.00175477782410823,-0.0100277372804626,0.0302277739273386,"calcite_flush_6_nondim","FOmean",423
"2",0.0313453688332228,0.00581760543455493,0.00352129732914741,0.00770340351926571,0.00906249810492897,0.00524153321854756,0.00510125485903267,0.0170957049634443,"calcite_flush_6_nondim","TEmean",423
"3",0.99930304690158,0.999135185145945,0.998900327703412,0.999234701691236,0.998977128589729,0.999055094526366,0.999061383488059,0.999080137462487,"calcite_flush_6_nondim","FOsd2",423
"4",0.000551604474497906,0.00020861603659043,0.000149889094426729,0.000310175277153332,0.000122713676934988,0.000164108580020321,0.000165108094767764,0.000315532141940088,"calcite_flush_6_nondim","TEsd2",423
