"","curr_inflow_rate","curr_diffusion_coef","curr_porosity","curr_gypsum_rate_constant","curr_calcite_rate_constant","curr_gypsum_surface_area","curr_calcite_surface_area","dfn_volume","output_var","sobol_type","boot_num"
"1",0.0608132761377108,-0.00732917301383318,0.00174124386401717,0.0118544681697508,-0.0274714248962383,-0.000126893751104376,0.00986692363067996,-0.00978394766151997,"calcite_flush_5_nondim","FOmean",1484
"2",0.109425489325672,0.00471448849063146,0.00839300901021282,0.0353229974402815,0.0652743068257955,0.00271268488549571,0.00694829714847692,0.0474321215497687,"calcite_flush_5_nondim","TEmean",1484
"3",0.99882631544014,0.998853585849947,0.998654443184854,0.998562803772875,0.998148428850648,0.998652980927732,0.99846974001441,0.998701145936519,"calcite_flush_5_nondim","FOsd2",1484
"4",0.000696506010156066,0.000372041965672149,0.000247853389845166,0.000815759425319466,0.00101382897675337,0.000179471020232578,0.000318171232038745,0.000963771921677089,"calcite_flush_5_nondim","TEsd2",1484
