"","curr_inflow_rate","curr_diffusion_coef","curr_porosity","curr_gypsum_rate_constant","curr_calcite_rate_constant","curr_gypsum_surface_area","curr_calcite_surface_area","dfn_volume","output_var","sobol_type","boot_num"
"1",0.107087831100202,0.00338371950906803,0.021252765431922,0.0218552263364225,0.0318358950780784,-0.00383169454954904,-0.00425108592648027,-0.0348184605006358,"calcite_flush_5_nondim","FOmean",590
"2",0.124069888343546,0.00555050431607343,0.00770274792988097,0.0547933106215998,0.0279746646872603,0.00492879506041024,0.00533313993936403,0.0417588786891686,"calcite_flush_5_nondim","TEmean",590
"3",0.998500007562172,0.998471702292853,0.998496526032194,0.996114916287912,0.998350769208298,0.998509213159148,0.997692698138458,0.998185774279872,"calcite_flush_5_nondim","FOsd2",590
"4",0.000883188894939083,0.000155514111283857,0.000277223092330998,0.00304826412607044,0.000583013252812292,0.000329220221460932,0.00088005945983723,0.000874546921559035,"calcite_flush_5_nondim","TEsd2",590
