"","curr_inflow_rate","curr_diffusion_coef","curr_porosity","curr_gypsum_rate_constant","curr_calcite_rate_constant","curr_gypsum_surface_area","curr_calcite_surface_area","dfn_volume","output_var","sobol_type","boot_num"
"1",0.184809212102896,0.0010215037571573,0.00741594487026745,0.0313251293057989,0.0549295610747747,-0.00424640007146697,0.00429108051320391,0.0139561047320836,"calcite_flush_4_nondim","FOmean",1111
"2",0.181650988667557,0.00444247338523431,0.00898649908185205,0.0304907238046793,0.0563252989640634,0.00460006494140672,0.00959717514778559,0.0181890397032882,"calcite_flush_4_nondim","TEmean",1111
"3",0.729240859460626,0.691977142391741,0.639480294088816,0.553597893192356,0.560723596175754,0.676738758232287,0.165077600274269,0.742295934866783,"calcite_flush_4_nondim","FOsd2",1111
"4",0.0783679238116158,0.0903259656683296,0.0936949892278623,0.158200002688095,0.156333384707313,0.0392221739852096,0.595252821121028,0.0582658578080356,"calcite_flush_4_nondim","TEsd2",1111
