"","curr_inflow_rate","curr_diffusion_coef","curr_porosity","curr_gypsum_rate_constant","curr_calcite_rate_constant","curr_gypsum_surface_area","curr_calcite_surface_area","dfn_volume","output_var","sobol_type","boot_num"
"1",0.160699996026244,0.00492193760294025,0.0127151989161219,0.0290058385178898,0.0323385806217486,0.00774449639783083,0.0109656193947864,-0.00882341843807719,"calcite_flush_4_nondim","FOmean",1333
"2",0.17880428419094,0.00652112753136322,0.014404589181577,0.032780193102815,0.0594931342349146,0.00406392559020811,0.0313174331251063,0.0187513375520295,"calcite_flush_4_nondim","TEmean",1333
"3",-0.799154349282488,0.882633464720023,0.93326811836126,0.831543255349234,0.901012140927643,0.904835919762663,0.827698717613516,0.905927103969967,"calcite_flush_4_nondim","FOsd2",1333
"4",1.39575458590218,0.0463553566397986,0.062852543539147,0.150247705320826,0.0952270350228173,0.0518515485706544,0.142318521901958,0.0646413624403081,"calcite_flush_4_nondim","TEsd2",1333
