"","curr_inflow_rate","curr_diffusion_coef","curr_porosity","curr_gypsum_rate_constant","curr_calcite_rate_constant","curr_gypsum_surface_area","curr_calcite_surface_area","dfn_volume","output_var","sobol_type","boot_num"
"1",0.0264952904684325,0.012062107834321,-0.0167212108373977,0.020821514314298,0.00836014114626153,-0.00753897139903631,0.00625311628521696,0.0324071976532073,"calcite_flush_6_nondim","FOmean",9
"2",0.0325382369723113,0.00381402519012269,0.00559501457287948,0.0113793408578169,0.00954872796324983,0.00419315599401129,0.00661292715562828,0.0173057727158905,"calcite_flush_6_nondim","TEmean",9
"3",0.999212196567386,0.998972304182242,0.999029233610203,0.999040603673031,0.999089742579633,0.998609758614071,0.998994208449223,0.99924358522917,"calcite_flush_6_nondim","FOsd2",9
"4",0.000492156287688417,0.000134310157376688,0.000230196886395763,0.000358742300964025,0.000217708836040433,0.000278821282911969,0.000143271682419168,0.00038008811436378,"calcite_flush_6_nondim","TEsd2",9
