"","curr_inflow_rate","curr_diffusion_coef","curr_porosity","curr_gypsum_rate_constant","curr_calcite_rate_constant","curr_gypsum_surface_area","curr_calcite_surface_area","dfn_volume","output_var","sobol_type","boot_num"
"1",0.0113906010164585,-0.00701125990360202,0.0262662330262823,0.000588339735562923,-0.00646612091062445,-0.00512516616489596,0.00215249312784811,0.010814868383666,"calcite_flush_7_nondim","FOmean",1144
"2",0.0127737782349353,0.00183871452724552,0.0203805337466092,0.00794014559286956,0.00303394041869243,0.00279188844267651,0.00284050992131961,0.0172285222409302,"calcite_flush_7_nondim","TEmean",1144
"3",0.999964744229008,0.999966232783419,0.999950044746738,0.999899775588281,0.999944995975524,0.999968350304023,0.999970001607938,0.999949393849888,"calcite_flush_7_nondim","FOsd2",1144
"4",4.16166338881244e-05,4.82264999939628e-05,9.90254828640168e-06,1.34457486177374e-05,6.20176104419285e-05,4.37502295201939e-05,4.79133261004074e-05,7.4581385836828e-05,"calcite_flush_7_nondim","TEsd2",1144
