"","curr_inflow_rate","curr_diffusion_coef","curr_porosity","curr_gypsum_rate_constant","curr_calcite_rate_constant","curr_gypsum_surface_area","curr_calcite_surface_area","dfn_volume","output_var","sobol_type","boot_num"
"1",0.00455750919525908,0.007435436068059,-0.0118624425018706,1.56140387675726e-05,0.017687146450068,0.00368203055516086,0.0063876498745727,0.00938318370620411,"calcite_flush_6_nondim","FOmean",1275
"2",0.0349828979680948,0.00347304113307532,0.00345944750405468,0.00527781395418624,0.0124492848849439,0.00425259258434189,0.00387658536523803,0.0182305451366869,"calcite_flush_6_nondim","TEmean",1275
"3",0.999357906884008,0.999060252983612,0.99918684731785,0.999255620237726,0.999133139364538,0.999202411296331,0.999118227612937,0.999203419565745,"calcite_flush_6_nondim","FOsd2",1275
"4",0.000480749305673052,0.000207338487917149,0.000174449683834331,0.000330472039591312,0.000279622913795745,0.000208218444082708,0.000145057859290713,0.000358666861236434,"calcite_flush_6_nondim","TEsd2",1275
