"","curr_inflow_rate","curr_diffusion_coef","curr_porosity","curr_gypsum_rate_constant","curr_calcite_rate_constant","curr_gypsum_surface_area","curr_calcite_surface_area","dfn_volume","output_var","sobol_type","boot_num"
"1",0.00260993082932543,0.00174573212079505,0.0186133813474776,0.00188112326487643,0.00756889347836932,-0.00117192328590506,0.00452314225109506,0.0167608934008775,"calcite_flush_9_nondim","FOmean",978
"2",0.00855513497572291,0.00166527385339418,0.0275893865661586,0.00689445472919389,0.00385425771396303,0.00319410416666473,0.00228505113174724,0.0145066099972311,"calcite_flush_9_nondim","TEmean",978
"3",0.999953611714688,0.999957972901806,0.999964664624422,0.999971727809579,0.999962336587014,0.999965823129179,0.999959713581783,0.999958225316415,"calcite_flush_9_nondim","FOsd2",978
"4",1.05257778517148e-05,1.2023366383325e-05,9.26108787291018e-06,2.1259002356227e-05,2.3913320185117e-05,7.26324062424375e-06,1.22187936559385e-05,2.49424932474575e-05,"calcite_flush_9_nondim","TEsd2",978
