"","curr_inflow_rate","curr_diffusion_coef","curr_porosity","curr_gypsum_rate_constant","curr_calcite_rate_constant","curr_gypsum_surface_area","curr_calcite_surface_area","dfn_volume","output_var","sobol_type","boot_num"
"1",0.0145275093734989,-0.0106660406370138,0.030415829096696,-0.0046117694334561,0.00534917348926183,0.00445917531993923,-0.00122351746919699,0.00198519728633425,"calcite_flush_9_nondim","FOmean",1752
"2",0.0124801752647713,0.00254352243867553,0.026318992756439,0.00660549663654864,0.00380536555935994,0.00339336436026399,0.00402957914272695,0.0101248390387376,"calcite_flush_9_nondim","TEmean",1752
"3",0.999971629554293,0.999973062317394,0.999975147797891,0.999972960256494,0.999970765004771,0.999933779110912,0.999929151962182,0.999965418165151,"calcite_flush_9_nondim","FOsd2",1752
"4",1.57497794779926e-05,7.28334179563999e-06,1.53647779614921e-05,1.56287995366199e-05,8.78236705767061e-06,3.71238595404249e-05,4.39256002394721e-05,2.54995365671608e-05,"calcite_flush_9_nondim","TEsd2",1752
