"","curr_inflow_rate","curr_diffusion_coef","curr_porosity","curr_gypsum_rate_constant","curr_calcite_rate_constant","curr_gypsum_surface_area","curr_calcite_surface_area","dfn_volume","output_var","sobol_type","boot_num"
"1",-0.00239124699005963,-0.00225330425025653,0.0293966687140661,0.0110611917506308,-0.00863359342887534,0.00307468447466472,0.00748733965646043,-0.00729182548063559,"calcite_flush_9_nondim","FOmean",828
"2",0.00970999190062594,0.00226373039855311,0.0288452577091674,0.0083250231689546,0.00351199207824313,0.00275655502573875,0.00393535279521431,0.0108201545457338,"calcite_flush_9_nondim","TEmean",828
"3",0.999952384806713,0.999949732873824,0.999952555773141,0.999952031880309,0.999947593686002,0.999946469419791,0.999950654106373,0.999945190688428,"calcite_flush_9_nondim","FOsd2",828
"4",1.42696353752257e-05,7.08316914045445e-06,7.90301407131092e-06,1.04234916528532e-05,5.43780342009082e-06,4.38279210443036e-06,7.77220776564732e-06,6.0378897632679e-06,"calcite_flush_9_nondim","TEsd2",828
