"","curr_inflow_rate","curr_diffusion_coef","curr_porosity","curr_gypsum_rate_constant","curr_calcite_rate_constant","curr_gypsum_surface_area","curr_calcite_surface_area","dfn_volume","output_var","sobol_type","boot_num"
"1",0.02534308258267,-0.00192682385544342,0.0251634262014528,0.00983057738223127,-0.00233883388505965,-0.00360418877074365,0.00659399299845842,-0.0077276551886009,"calcite_flush_9_nondim","FOmean",1230
"2",0.0140775908134272,0.00280997100685491,0.0317504994619563,0.00540063885045017,0.0047419741472187,0.00268136118688995,0.00286390307190094,0.014589233435828,"calcite_flush_9_nondim","TEmean",1230
"3",0.999947677201224,0.999944147095111,0.999954455648244,0.999956693073503,0.999960926084308,0.999955900687123,0.999958614478514,0.999957063960964,"calcite_flush_9_nondim","FOsd2",1230
"4",1.09338233757091e-05,2.23909371500044e-05,6.56569602777408e-06,2.14242186288293e-05,2.06633152772799e-05,1.33108182373872e-05,1.11502688348365e-05,1.07854748074777e-05,"calcite_flush_9_nondim","TEsd2",1230
