"","curr_inflow_rate","curr_diffusion_coef","curr_porosity","curr_gypsum_rate_constant","curr_calcite_rate_constant","curr_gypsum_surface_area","curr_calcite_surface_area","dfn_volume","output_var","sobol_type","boot_num"
"1",0.0196149003821625,0.00646200565286722,0.0226977958658748,0.00361875715381376,0.00974680645003899,0.00263703925488061,0.00141693036482439,0.00378166990195281,"calcite_flush_9_nondim","FOmean",300
"2",0.00911606625266491,0.00244259318841291,0.0234711506294402,0.00752160162697574,0.00486717253020808,0.00360346141753274,0.00266069676736321,0.0114818824635077,"calcite_flush_9_nondim","TEmean",300
"3",0.999970065002283,0.999976082398933,0.999972328739728,0.99997031571355,0.999980168629761,0.999970689035691,0.999974682389397,0.999972338211813,"calcite_flush_9_nondim","FOsd2",300
"4",9.59650061902052e-06,5.20900375623252e-06,1.20686219030056e-05,1.87181858004868e-05,1.30385349236321e-05,5.92567878555477e-06,4.95225413176538e-06,1.02705385109298e-05,"calcite_flush_9_nondim","TEsd2",300
