"","curr_inflow_rate","curr_diffusion_coef","curr_porosity","curr_gypsum_rate_constant","curr_calcite_rate_constant","curr_gypsum_surface_area","curr_calcite_surface_area","dfn_volume","output_var","sobol_type","boot_num"
"1",0.016599533527506,-0.00109339850712416,0.0243165838432457,0.00405866708645889,0.000331130608777123,-0.00437027849054191,0.000268114331251817,0.00353576064492857,"calcite_flush_9_nondim","FOmean",276
"2",0.0111761793387877,0.00210275818045885,0.0231351037360477,0.00643816995506667,0.00536053503317735,0.00203800900644811,0.00280222013965197,0.010265471886866,"calcite_flush_9_nondim","TEmean",276
"3",0.999985913245246,0.999987323183379,0.999986587055596,0.999985778235337,0.99998628184397,0.999986603645734,0.999982612202784,0.999983878082156,"calcite_flush_9_nondim","FOsd2",276
"4",3.59237475857664e-06,1.75699872859596e-06,3.41543619567527e-06,5.6918620949015e-06,7.72240493976052e-06,2.05511295527293e-06,5.67477202274551e-06,4.2536660755784e-06,"calcite_flush_9_nondim","TEsd2",276
