"","curr_inflow_rate","curr_diffusion_coef","curr_porosity","curr_gypsum_rate_constant","curr_calcite_rate_constant","curr_gypsum_surface_area","curr_calcite_surface_area","dfn_volume","output_var","sobol_type","boot_num"
"1",0.00934814050192941,0.00051102202175414,0.0128748655033496,0.00892662880816055,-9.44968435020959e-05,-0.00032954866512611,-0.00115114511053047,0.00462934938670667,"calcite_flush_9_nondim","FOmean",204
"2",0.0137902222590069,0.00316546200239806,0.0237776767117484,0.00551091524392234,0.0044152924289468,0.00184293847963532,0.00385685098637715,0.012346232389679,"calcite_flush_9_nondim","TEmean",204
"3",0.999919831278586,0.999944938097453,0.999974731682124,0.999970396228172,0.999979884632889,0.999969556018265,0.999944700165745,0.999961387641131,"calcite_flush_9_nondim","FOsd2",204
"4",2.63242503252983e-05,1.33603774140045e-05,9.5715967824426e-06,1.22243119847196e-05,1.43095975672004e-05,2.13277269787561e-05,4.26082761605509e-05,2.28826035652817e-05,"calcite_flush_9_nondim","TEsd2",204
