"","curr_inflow_rate","curr_diffusion_coef","curr_porosity","curr_gypsum_rate_constant","curr_calcite_rate_constant","curr_gypsum_surface_area","curr_calcite_surface_area","dfn_volume","output_var","sobol_type","boot_num"
"1",0.00324114865082506,0.00474355039426909,0.010066251860173,0.0147179668841966,0.00954492424670037,0.00377667200899168,0.000212161171486807,0.0254069750096162,"calcite_flush_7_nondim","FOmean",616
"2",0.0108035145392022,0.00231846877634385,0.0202521663317418,0.0053891969640457,0.00442468576809408,0.0026869338435772,0.00232664743706694,0.0172662844013638,"calcite_flush_7_nondim","TEmean",616
"3",0.999961777659935,0.999958583655509,0.999958995365371,0.999959567450231,0.999964909950903,0.999964432564537,0.999965338632,0.999917261927777,"calcite_flush_7_nondim","FOsd2",616
"4",9.78005705718706e-06,8.70466774119373e-06,8.0427821545478e-06,1.32579028257997e-05,1.10048390487766e-05,3.43865946627873e-06,9.43357271202103e-06,5.91933474096303e-05,"calcite_flush_7_nondim","TEsd2",616
