"","curr_inflow_rate","curr_diffusion_coef","curr_porosity","curr_gypsum_rate_constant","curr_calcite_rate_constant","curr_gypsum_surface_area","curr_calcite_surface_area","dfn_volume","output_var","sobol_type","boot_num"
"1",0.09260758710985,0.00625887045865552,-0.0180297004074626,0.0103312010371314,0.00114401592292064,-0.0029795790703834,0.0119445424875183,-0.0111269223521621,"calcite_flush_5_nondim","FOmean",176
"2",0.166634409779407,0.0035522225127809,0.00504278604231097,0.0655876748115948,0.0385380968399539,0.00324424939781897,0.00781330600476109,0.0212778233228945,"calcite_flush_5_nondim","TEmean",176
"3",0.997833439518868,0.997739686627871,0.996841952228594,0.996254277425132,0.997597141821699,0.997601824740918,0.997482949274825,0.997301793801261,"calcite_flush_5_nondim","FOsd2",176
"4",0.00158631200748091,0.000594193609963301,0.00131936120328706,0.00329281338791584,0.00125915035413801,0.000262136625399027,0.000622247553136891,0.00176123675510641,"calcite_flush_5_nondim","TEsd2",176
