"","curr_inflow_rate","curr_diffusion_coef","curr_porosity","curr_gypsum_rate_constant","curr_calcite_rate_constant","curr_gypsum_surface_area","curr_calcite_surface_area","dfn_volume","output_var","sobol_type","boot_num"
"1",0.0412592446629509,0.000296744606429806,0.00171659294018401,0.0310057130776132,0.00484612520961415,-0.00356883776121159,0.0161004911579255,0.00507206694485191,"calcite_flush_5_nondim","FOmean",1256
"2",0.0853484093804865,0.000484560709272364,0.000578553435522154,0.0247444069154852,0.0019185391271024,0.0134968373310087,0.00887165302403646,0.0357348901326094,"calcite_flush_5_nondim","TEmean",1256
"3",0.999146786741572,0.999346127916699,0.999383710135744,0.999326316638852,0.999206256811624,0.99937621072173,0.999329718935633,0.999174636217751,"calcite_flush_5_nondim","FOsd2",1256
"4",0.000467346225321647,2.98684787820498e-05,3.7863146856565e-05,0.000300961804246438,0.000168068911277852,0.000362098631677816,0.000266223763280958,0.00065831837775832,"calcite_flush_5_nondim","TEsd2",1256
