"","curr_inflow_rate","curr_diffusion_coef","curr_porosity","curr_gypsum_rate_constant","curr_calcite_rate_constant","curr_gypsum_surface_area","curr_calcite_surface_area","dfn_volume","output_var","sobol_type","boot_num"
"1",0.0374523409714857,-0.00209825901433783,0.00322720599268181,-0.0108394432856982,0.00320483966447332,0.00137767759955676,6.65597779013969e-05,0.0169952050503431,"calcite_flush_5_nondim","FOmean",1598
"2",0.0995271075659391,0.00288516264933952,0.00421151347212357,0.0108126196278418,0.0281906974717639,0.00160664736871681,0.00637569296686151,0.0577739120667647,"calcite_flush_5_nondim","TEmean",1598
"3",0.998782800743143,0.998370063303121,0.998721191692741,0.998707453351052,0.999110880976216,0.997397647063233,0.998665412492078,0.997321811472224,"calcite_flush_5_nondim","FOsd2",1598
"4",0.00109275410138928,0.000255618912959951,0.000276749953664393,0.000916795531749592,0.000772606953004064,0.00045713998604679,0.000693736378215273,0.00264800967869222,"calcite_flush_5_nondim","TEsd2",1598
