"","curr_inflow_rate","curr_diffusion_coef","curr_porosity","curr_gypsum_rate_constant","curr_calcite_rate_constant","curr_gypsum_surface_area","curr_calcite_surface_area","dfn_volume","output_var","sobol_type","boot_num"
"1",0.0015599565185724,-0.00153900461360577,0.00702253887543404,0.00891257076334605,-0.00325666254105829,0.000153109468168052,-0.0023024204060056,0.00408816716944374,"calcite_flush_8_nondim","FOmean",149
"2",0.00985297644888585,0.00216391143792112,0.0276813942665506,0.00777069488165917,0.00332305449870288,0.00323930163064555,0.00283599185009729,0.0126316644969849,"calcite_flush_8_nondim","TEmean",149
"3",0.999991141946977,0.999987412522051,0.999985613288127,0.999984551148839,0.999990389517757,0.999990007671934,0.999989558203578,0.99998808676602,"calcite_flush_8_nondim","FOsd2",149
"4",4.62315501867719e-06,6.86096229016759e-06,3.50316347892083e-06,1.29780388024151e-05,7.49722736622433e-06,4.22459987085837e-06,2.4653505356206e-06,4.71032305903955e-06,"calcite_flush_8_nondim","TEsd2",149
