"","curr_inflow_rate","curr_diffusion_coef","curr_porosity","curr_gypsum_rate_constant","curr_calcite_rate_constant","curr_gypsum_surface_area","curr_calcite_surface_area","dfn_volume","output_var","sobol_type","boot_num"
"1",0.0183409055477028,-0.0116173272269704,-0.00122649794801372,0.00634650145460776,-0.00917266699577913,-0.014146621286596,-0.00332540284580394,-0.00196495719357796,"calcite_flush_6_nondim","FOmean",681
"2",0.0389032025102071,0.00630426955863714,0.0100329270932447,0.00922847807510214,0.0102270158930342,0.00595253083381175,0.00383191472240686,0.0165376310936875,"calcite_flush_6_nondim","TEmean",681
"3",0.999344155488699,0.998842360301241,0.998977709333366,0.999079025457434,0.998900952644677,0.998856982345866,0.998824351729536,0.998947780596518,"calcite_flush_6_nondim","FOsd2",681
"4",0.000697421279564592,0.000138480381094995,0.00034764318277166,0.000595090712675483,0.000210659264448694,0.000243141475261369,0.000211016159249769,0.00036524957428584,"calcite_flush_6_nondim","TEsd2",681
