"","curr_inflow_rate","curr_diffusion_coef","curr_porosity","curr_gypsum_rate_constant","curr_calcite_rate_constant","curr_gypsum_surface_area","curr_calcite_surface_area","dfn_volume","output_var","sobol_type","boot_num"
"1",0.00875321150081412,0.011645152245698,0.0122960592287932,-0.00161893676959615,-0.00315998259175953,0.0103375027155056,-0.00755334633852979,0.00502607221509591,"calcite_flush_9_nondim","FOmean",492
"2",0.0114907444163162,0.00252040077057796,0.0328066521295629,0.00820433815878191,0.00467189297116241,0.00318920852813146,0.00372582610489003,0.0145378285708971,"calcite_flush_9_nondim","TEmean",492
"3",0.999960748917638,0.999962584464287,0.9999595454709,0.999959172134209,0.999966098056547,0.999967778516984,0.99995779203813,0.999960922575857,"calcite_flush_9_nondim","FOsd2",492
"4",9.43350874720172e-06,4.5329758667752e-06,1.22479805046884e-05,1.77337015263707e-05,8.4025008597165e-06,4.63144596052179e-06,1.15859853637559e-05,9.20525580077113e-06,"calcite_flush_9_nondim","TEsd2",492
