"","curr_inflow_rate","curr_diffusion_coef","curr_porosity","curr_gypsum_rate_constant","curr_calcite_rate_constant","curr_gypsum_surface_area","curr_calcite_surface_area","dfn_volume","output_var","sobol_type","boot_num"
"1",-0.00130439868851489,-0.00198051795874455,0.0189786892323954,0.00308953844765186,0.0102359225730097,-0.00083721350484743,-0.00100640616174758,-0.00334271551422858,"calcite_flush_7_nondim","FOmean",496
"2",0.00985687177906719,0.00181759601800855,0.0189423673266577,0.00721312687143667,0.00409922353595723,0.00185473872714824,0.00253895795842844,0.0161577288752543,"calcite_flush_7_nondim","TEmean",496
"3",0.999978272976041,0.999981253670438,0.999976006863177,0.999947762382533,0.999973371133377,0.999976835139136,0.999978186848047,0.999940212489114,"calcite_flush_7_nondim","FOsd2",496
"4",9.02656907253785e-06,4.81918760796718e-06,7.78196337684408e-06,4.18218010733747e-05,1.31635398768162e-05,3.8002120775581e-06,9.0977665260984e-06,4.99807422531883e-05,"calcite_flush_7_nondim","TEsd2",496
