"","curr_inflow_rate","curr_diffusion_coef","curr_porosity","curr_gypsum_rate_constant","curr_calcite_rate_constant","curr_gypsum_surface_area","curr_calcite_surface_area","dfn_volume","output_var","sobol_type","boot_num"
"1",0.00238646572233768,-0.0046795981493751,0.0189862156330663,0.0169507378977063,0.00422024385839579,0.00722263311272251,-0.00305694578743857,0.00589573378573079,"calcite_flush_8_nondim","FOmean",1157
"2",0.0147652672455011,0.00328799005507312,0.0371260846488339,0.00581590558098585,0.00405479286343842,0.00331271284337575,0.00252634943040801,0.0198559509117546,"calcite_flush_8_nondim","TEmean",1157
"3",0.999951623069485,0.999924634712784,0.999936548039668,0.999955020292653,0.999909832035002,0.999893113681429,0.999924241146058,0.999927448342819,"calcite_flush_8_nondim","FOsd2",1157
"4",1.8252620425783e-05,1.94320234603133e-05,1.02738601873971e-05,2.50054859075181e-05,4.31035034774633e-05,6.44746099461199e-05,2.87263134787346e-05,3.42617560726317e-05,"calcite_flush_8_nondim","TEsd2",1157
