"","curr_inflow_rate","curr_diffusion_coef","curr_porosity","curr_gypsum_rate_constant","curr_calcite_rate_constant","curr_gypsum_surface_area","curr_calcite_surface_area","dfn_volume","output_var","sobol_type","boot_num"
"1",0.00216914827038396,-0.00511485171581488,0.0227172857341155,0.00785970806821262,0.00722980751743179,-0.00463416480244993,0.0054265683716887,-0.014962705892565,"calcite_flush_8_nondim","FOmean",545
"2",0.0136268957649301,0.00229143327502571,0.0363913500950086,0.00713389267538603,0.00408038382665221,0.00278838051139759,0.00364637523412249,0.0160365052375625,"calcite_flush_8_nondim","TEmean",545
"3",0.999875674934693,0.999868844865377,0.999873845925548,0.999889181538102,0.999866769577313,0.999876205040419,0.999878481150872,0.999878444981328,"calcite_flush_8_nondim","FOsd2",545
"4",1.95350194972279e-05,1.06561437795514e-05,2.59822190076587e-05,2.8556558755433e-05,2.62907598594886e-05,1.02285376402652e-05,1.47757123046091e-05,1.64899343566494e-05,"calcite_flush_8_nondim","TEsd2",545
