"","curr_inflow_rate","curr_diffusion_coef","curr_porosity","curr_gypsum_rate_constant","curr_calcite_rate_constant","curr_gypsum_surface_area","curr_calcite_surface_area","dfn_volume","output_var","sobol_type","boot_num"
"1",-0.00467914924932215,0.000471289551019516,0.0108653899477795,-0.000294713586340743,-0.00765873965986587,-0.00282985898482881,0.00495913439547821,0.00336603363627341,"calcite_flush_7_nondim","FOmean",148
"2",0.0161382763520639,0.00295555403399124,0.0275626662152903,0.00539494936870709,0.00368278000660709,0.00389486414162127,0.00284934880674175,0.0140683002018189,"calcite_flush_7_nondim","TEmean",148
"3",0.999935120212974,0.99994187275501,0.999948346553606,0.99995552503346,0.999942502983242,0.999933938072977,0.999939425528026,0.999914516303143,"calcite_flush_7_nondim","FOsd2",148
"4",1.5108312684409e-05,9.47700737791535e-06,2.68256535063564e-05,3.4403760910314e-05,3.22975005345729e-05,5.00978087289361e-06,1.70108347624372e-05,2.44335777986209e-05,"calcite_flush_7_nondim","TEsd2",148
