"","curr_inflow_rate","curr_diffusion_coef","curr_porosity","curr_gypsum_rate_constant","curr_calcite_rate_constant","curr_gypsum_surface_area","curr_calcite_surface_area","dfn_volume","output_var","sobol_type","boot_num"
"1",0.0154431748915555,0.00820348005045732,-0.000277433695074739,0.0101351262699329,0.0310751551801744,0.00818102204288131,-0.00614707779244067,0.0316381381340441,"calcite_flush_6_nondim","FOmean",75
"2",0.032245698056397,0.00739907507591652,0.00471134209341238,0.00647460962416941,0.0109358584593639,0.00619677570893226,0.00242363105685657,0.0166860337403502,"calcite_flush_6_nondim","TEmean",75
"3",0.998897582857824,0.998748701078376,0.998687242077133,0.998789167213148,0.998862290858731,0.998716124682069,0.998753503768571,0.998791019466041,"calcite_flush_6_nondim","FOsd2",75
"4",0.000665878062866654,0.000124436223514378,0.000253566707363248,0.000368150952883775,0.000294306838412001,0.000201388813188392,0.000195291658906744,0.00043305614838123,"calcite_flush_6_nondim","TEsd2",75
