"","curr_inflow_rate","curr_diffusion_coef","curr_porosity","curr_gypsum_rate_constant","curr_calcite_rate_constant","curr_gypsum_surface_area","curr_calcite_surface_area","dfn_volume","output_var","sobol_type","boot_num"
"1",-0.00742413993310123,0.00354521790720795,0.0277896507090148,0.00249585896987088,0.00640957524836637,-0.00389677013243826,-0.0127452358360263,0.00679520480763472,"calcite_flush_9_nondim","FOmean",1644
"2",0.0131234428671488,0.00288891152930265,0.034252319383492,0.0114986441585023,0.0045502358397894,0.00379955567641146,0.00485642118958037,0.0136531159445886,"calcite_flush_9_nondim","TEmean",1644
"3",0.999959680962942,0.99992131623955,0.999960961856387,0.999940505663496,0.999952921151784,0.999934779457112,0.99994475453397,0.999951155951577,"calcite_flush_9_nondim","FOsd2",1644
"4",1.88138391130839e-05,1.68725364332944e-05,1.87855490325768e-05,5.77501800318131e-05,3.43259778026683e-05,1.02937331538801e-05,1.70260210332492e-05,1.82766300878846e-05,"calcite_flush_9_nondim","TEsd2",1644
