"","curr_inflow_rate","curr_diffusion_coef","curr_porosity","curr_gypsum_rate_constant","curr_calcite_rate_constant","curr_gypsum_surface_area","curr_calcite_surface_area","dfn_volume","output_var","sobol_type","boot_num"
"1",0.00150957755124874,0.00412381422655208,0.0259440904767384,0.014983225607924,-0.000161499571839049,-0.00357838763348219,0.00612809360910646,0.0031458393630908,"calcite_flush_9_nondim","FOmean",1428
"2",0.0170029840425119,0.00226838906397745,0.0269721865623833,0.00821007716942435,0.00546419934139094,0.00321892003449331,0.00489639042330594,0.0146693744329185,"calcite_flush_9_nondim","TEmean",1428
"3",0.999981299725634,0.999980657205409,0.999981525965792,0.999941500733088,0.999983094713008,0.999981448201806,0.999976549840505,0.999969408442909,"calcite_flush_9_nondim","FOsd2",1428
"4",5.6429224553279e-06,3.71467950145584e-06,7.87220258972571e-06,4.53039733291681e-05,7.21570470072536e-06,2.87899325715895e-06,7.74415831516493e-06,1.440714830245e-05,"calcite_flush_9_nondim","TEsd2",1428
