"","curr_inflow_rate","curr_diffusion_coef","curr_porosity","curr_gypsum_rate_constant","curr_calcite_rate_constant","curr_gypsum_surface_area","curr_calcite_surface_area","dfn_volume","output_var","sobol_type","boot_num"
"1",0.152713456647072,0.00902055767159522,0.00404996974017646,0.0169775641078488,0.0386733520537918,-0.00224827801233869,0.013682507508218,0.0227334343812339,"calcite_flush_4_nondim","FOmean",31
"2",0.166287205260641,0.00683072194618373,0.00857752134296962,0.0299981106023494,0.0497470854939147,0.00347900243518945,0.0220891739960091,0.0191805878052729,"calcite_flush_4_nondim","TEmean",31
"3",0.138784192327479,0.170876804833383,0.154762787651468,-0.588533750405065,-0.82293367859113,0.118635342095467,0.186272151162418,0.163645178321145,"calcite_flush_4_nondim","FOsd2",31
"4",0.0447706618085428,0.0521684798781756,0.0411022383422146,0.763154623365453,1.03810539083949,0.0606011022886358,0.0418196848571405,0.0293081030672243,"calcite_flush_4_nondim","TEsd2",31
