"","curr_inflow_rate","curr_diffusion_coef","curr_porosity","curr_gypsum_rate_constant","curr_calcite_rate_constant","curr_gypsum_surface_area","curr_calcite_surface_area","dfn_volume","output_var","sobol_type","boot_num"
"1",0.00893476113375457,-0.00601946112263367,0.0253571269313203,0.00116722673478964,-0.0102475330197827,0.000930386880758331,-0.00134718922850482,0.00453204090949442,"calcite_flush_7_nondim","FOmean",562
"2",0.00922010485479559,0.00275632022769313,0.0294627942506559,0.00468954346077302,0.00398963686618611,0.00300924537099799,0.00264750907569225,0.0129054700812886,"calcite_flush_7_nondim","TEmean",562
"3",0.999959874876419,0.999962664354492,0.99996462611743,0.999963977639857,0.999960755644036,0.999952883803363,0.999966584558434,0.999961269791035,"calcite_flush_7_nondim","FOsd2",562
"4",1.23239670172701e-05,9.67095088694498e-06,1.17018496766619e-05,4.44730824531729e-05,1.32034580720187e-05,6.8455275635857e-06,2.14398984695984e-05,2.35652721865892e-05,"calcite_flush_7_nondim","TEsd2",562
