"","curr_inflow_rate","curr_diffusion_coef","curr_porosity","curr_gypsum_rate_constant","curr_calcite_rate_constant","curr_gypsum_surface_area","curr_calcite_surface_area","dfn_volume","output_var","sobol_type","boot_num"
"1",0.00273156426446287,-0.000188540358734042,0.0215928019256202,0.0157717446595333,0.00134004469131462,-0.00394838447854828,0.00109480444857571,0.00379342125356274,"calcite_flush_8_nondim","FOmean",707
"2",0.00856224554619503,0.00305575527146016,0.030295580345487,0.00744369851670177,0.00284287238821953,0.00259498299742288,0.00316971799030324,0.0116414995132444,"calcite_flush_8_nondim","TEmean",707
"3",0.999974813635425,0.99996801190545,0.999972407583739,0.999979270323765,0.999971833710818,0.999972301943097,0.999969972074287,0.999975732872923,"calcite_flush_8_nondim","FOsd2",707
"4",3.25635446654455e-06,1.50242470850984e-05,6.50299242549835e-06,1.62598910326931e-05,1.42036103829661e-05,8.56984281602168e-06,1.47273834345328e-05,1.19071393124546e-05,"calcite_flush_8_nondim","TEsd2",707
