"","curr_inflow_rate","curr_diffusion_coef","curr_porosity","curr_gypsum_rate_constant","curr_calcite_rate_constant","curr_gypsum_surface_area","curr_calcite_surface_area","dfn_volume","output_var","sobol_type","boot_num"
"1",0.0600160884031328,-0.00509983969112163,0.00207754620159173,0.0364345328244934,0.00866834660472319,0.000173926661548529,0.000439670623031068,0.0260716086540329,"calcite_flush_5_nondim","FOmean",368
"2",0.113300255400507,0.00215554598578665,0.00128700399900938,0.0542651353236755,0.039767147459719,0.00128647639518412,0.00153932481601424,0.0492638824955143,"calcite_flush_5_nondim","TEmean",368
"3",0.995347160575757,0.995592171629551,0.99536668832608,0.99399361309227,0.995635701615365,0.995603264344028,0.993495935556475,0.995676131903979,"calcite_flush_5_nondim","FOsd2",368
"4",0.00283745886659104,0.000851972653931261,0.000317144022913164,0.00355141005948609,0.00189461092434987,0.000722638938298303,0.00289453508552123,0.00267592353214773,"calcite_flush_5_nondim","TEsd2",368
