"","curr_inflow_rate","curr_diffusion_coef","curr_porosity","curr_gypsum_rate_constant","curr_calcite_rate_constant","curr_gypsum_surface_area","curr_calcite_surface_area","dfn_volume","output_var","sobol_type","boot_num"
"1",0.000227217107529702,0.00206179459309916,0.0122997259700414,0.00264323211264456,-0.00515037948557984,-0.00703643049673499,0.00269214074122673,-0.00410143052765707,"calcite_flush_7_nondim","FOmean",910
"2",0.0121131690459664,0.00154595587822294,0.0175542630140526,0.00558959276557121,0.00422120602152088,0.00278938868177846,0.0021018355361924,0.0141908456053303,"calcite_flush_7_nondim","TEmean",910
"3",0.999916776075774,0.999910395304679,0.999914163682443,0.999914411843094,0.999906294692477,0.999919273396829,0.999829542244231,0.999909850790325,"calcite_flush_7_nondim","FOsd2",910
"4",1.36117276064117e-05,8.05272375792814e-06,8.31007500586399e-06,1.35415626943063e-05,1.57724601301468e-05,1.04048353855411e-05,6.17088721422698e-05,2.68734746559969e-05,"calcite_flush_7_nondim","TEsd2",910
