"","curr_inflow_rate","curr_diffusion_coef","curr_porosity","curr_gypsum_rate_constant","curr_calcite_rate_constant","curr_gypsum_surface_area","curr_calcite_surface_area","dfn_volume","output_var","sobol_type","boot_num"
"1",-0.00110149563434263,0.00213745203061072,0.030829696330767,0.0119322865210822,0.000183718030824943,-0.00897650955769197,0.001447095598721,0.00728606457391345,"calcite_flush_8_nondim","FOmean",785
"2",0.0114848010611536,0.00229260096829766,0.0300157189770339,0.00682027277772507,0.00529888778574482,0.00395744128323876,0.00244369437367482,0.015264574015842,"calcite_flush_8_nondim","TEmean",785
"3",0.999964546129902,0.999941729013389,0.999957294836354,0.999971739522333,0.999962142927361,0.999973260304321,0.999969272775343,0.999973004979583,"calcite_flush_8_nondim","FOsd2",785
"4",1.46509130387505e-05,2.83898409805292e-05,1.15746325366055e-05,1.50085182118868e-05,2.82430424190878e-05,5.73445795658793e-06,4.53015775486415e-06,1.15856097332246e-05,"calcite_flush_8_nondim","TEsd2",785
