"","curr_inflow_rate","curr_diffusion_coef","curr_porosity","curr_gypsum_rate_constant","curr_calcite_rate_constant","curr_gypsum_surface_area","curr_calcite_surface_area","dfn_volume","output_var","sobol_type","boot_num"
"1",-0.00270937214215578,0.0102918769559711,0.0109866524034913,-0.00437025593386771,0.00415043635799269,-0.00782853679732542,-0.00147937098078705,-0.00471945303860684,"calcite_flush_8_nondim","FOmean",1769
"2",0.00804546445960153,0.00285335683285884,0.0257251501292228,0.00527555779894415,0.00438375110445471,0.00389841283317894,0.0028432110129817,0.014387474417247,"calcite_flush_8_nondim","TEmean",1769
"3",0.999973821384523,0.999967778048474,0.99997879141006,0.999982057612633,0.999985139413752,0.999981846551103,0.999976830914034,0.999971481640071,"calcite_flush_8_nondim","FOsd2",1769
"4",7.38520956784907e-06,9.45736588974521e-06,6.61093227638559e-06,5.12473129549632e-06,5.23426093499977e-06,2.64179852012667e-06,4.5587995432768e-06,1.36423154627343e-05,"calcite_flush_8_nondim","TEsd2",1769
