"","curr_inflow_rate","curr_diffusion_coef","curr_porosity","curr_gypsum_rate_constant","curr_calcite_rate_constant","curr_gypsum_surface_area","curr_calcite_surface_area","dfn_volume","output_var","sobol_type","boot_num"
"1",-0.00475566444994291,0.00106762460817265,0.00336835184755698,0.001731791693908,-0.00800333828376085,0.00270625883834053,-0.00647785488080172,0.00895229635639611,"calcite_flush_7_nondim","FOmean",334
"2",0.0119026901143938,0.00183110854117163,0.0177574412388336,0.0106832918791356,0.00318041173180798,0.0024812917996478,0.00334027854459782,0.0114721068038441,"calcite_flush_7_nondim","TEmean",334
"3",0.999966500005049,0.999966079663647,0.999966492545891,0.999913787785345,0.999914657118393,0.999964352038917,0.999968570180365,0.999961871341062,"calcite_flush_7_nondim","FOsd2",334
"4",6.39663780663565e-06,3.90212704761448e-06,5.012049648483e-06,7.23132632421275e-05,4.74074696410816e-05,4.96155901897178e-06,5.81732352873429e-06,1.18936775452338e-05,"calcite_flush_7_nondim","TEsd2",334
