"","curr_inflow_rate","curr_diffusion_coef","curr_porosity","curr_gypsum_rate_constant","curr_calcite_rate_constant","curr_gypsum_surface_area","curr_calcite_surface_area","dfn_volume","output_var","sobol_type","boot_num"
"1",0.110333600887071,0.0117427853084005,0.00232267665513508,0.0232951050738058,0.036721541714895,-0.00158785184255564,-0.00527340648745733,-0.00638243787252637,"calcite_flush_4_nondim","FOmean",601
"2",0.125954295194078,0.00598362095237716,0.00896963648655421,0.0204482627272566,0.0541141113280985,0.00237510239693736,0.00958987733263467,0.0163181558028014,"calcite_flush_4_nondim","TEmean",601
"3",-60.5975233647802,-42.2527501463602,-258.802461749366,-234.681164554831,-22.172481842948,-31.7168230575957,-71.3818985358177,-43.347250201438,"calcite_flush_4_nondim","FOsd2",601
"4",50.5320947384219,27.0495420272431,248.653962801492,222.067722821671,4.06137032982953,17.8196462325073,57.3663456919942,13.5310677661854,"calcite_flush_4_nondim","TEsd2",601
