"","curr_inflow_rate","curr_diffusion_coef","curr_porosity","curr_gypsum_rate_constant","curr_calcite_rate_constant","curr_gypsum_surface_area","curr_calcite_surface_area","dfn_volume","output_var","sobol_type","boot_num"
"1",0.0824125996633667,0.00282611400722739,0.0127168550283343,0.0142933936266278,0.00787849280269819,-0.00887687252137229,0.00108388594150472,0.0262971678127888,"calcite_flush_5_nondim","FOmean",974
"2",0.119340319622227,0.00385069920169191,0.00459452998184529,0.0679773921380177,0.0194770468060917,0.00259361481281174,0.00205569812194374,0.0440954344723125,"calcite_flush_5_nondim","TEmean",974
"3",0.997280124019427,0.997355809751121,0.997206782990519,0.997663005509177,0.998140599835718,0.997610911257217,0.957894340695665,0.99664299210168,"calcite_flush_5_nondim","FOsd2",974
"4",0.0024660374711589,0.000324129009039995,0.000603514095755194,0.00169640707096906,0.00166928693897436,0.000753254167388514,0.0353644177085992,0.00239897102656546,"calcite_flush_5_nondim","TEsd2",974
