"","curr_inflow_rate","curr_diffusion_coef","curr_porosity","curr_gypsum_rate_constant","curr_calcite_rate_constant","curr_gypsum_surface_area","curr_calcite_surface_area","dfn_volume","output_var","sobol_type","boot_num"
"1",0.0330089013369104,-0.00613001023227337,-0.00181185205112413,0.0396476322475747,0.010936371625399,-0.00152141710569077,0.00630937826614621,0.00322719461251989,"calcite_flush_5_nondim","FOmean",188
"2",0.101894382677113,0.00622897402015945,0.00496126916258843,0.0397947348500889,0.0151065358284686,0.00667404392945116,0.0050476991093341,0.0306083130551167,"calcite_flush_5_nondim","TEmean",188
"3",0.997649219568034,0.99746530931292,0.996719729082407,0.997258002679996,0.99758633652164,0.995925254177735,0.996980873496468,0.997203421576401,"calcite_flush_5_nondim","FOsd2",188
"4",0.00124504014485697,0.000225292631942912,0.000635003431751085,0.00110439904179376,0.000793572164682383,0.00143615024127903,0.000620150887240518,0.00145858029430495,"calcite_flush_5_nondim","TEsd2",188
