"","curr_inflow_rate","curr_diffusion_coef","curr_porosity","curr_gypsum_rate_constant","curr_calcite_rate_constant","curr_gypsum_surface_area","curr_calcite_surface_area","dfn_volume","output_var","sobol_type","boot_num"
"1",0.00602552835321897,-0.000638310058752518,0.0206358979111221,-0.000593235910519081,0.00590141588954878,-0.000385529742699273,-0.00779082613887378,0.00485127211630065,"calcite_flush_7_nondim","FOmean",688
"2",0.0152367330930768,0.00295595244838968,0.0268435966650004,0.00676266667652376,0.00409755884722573,0.0030847892850635,0.00337258682952972,0.0130597206454429,"calcite_flush_7_nondim","TEmean",688
"3",0.999966011145293,0.999958889957159,0.999962703284807,0.999964324534142,0.99996908994598,0.999971112665854,0.999965447988338,0.999974396833224,"calcite_flush_7_nondim","FOsd2",688
"4",2.1577186343069e-05,1.60442426968841e-05,1.06800985313037e-05,1.73609124269749e-05,1.92698020681109e-05,6.26309270351306e-06,8.64941215066623e-06,1.64700335339858e-05,"calcite_flush_7_nondim","TEsd2",688
