"","curr_inflow_rate","curr_diffusion_coef","curr_porosity","curr_gypsum_rate_constant","curr_calcite_rate_constant","curr_gypsum_surface_area","curr_calcite_surface_area","dfn_volume","output_var","sobol_type","boot_num"
"1",0.00307697835365068,0.00209842102555362,0.0255413683267637,0.0103450207755519,-0.000523913331675418,-0.000364142857770507,-0.00699991120878778,0.0106365467338501,"calcite_flush_7_nondim","FOmean",370
"2",0.0139763393736148,0.00235324427987748,0.0255923412030007,0.00725142736061905,0.00282107344947469,0.00278949996893064,0.00417886016848107,0.0134218319559546,"calcite_flush_7_nondim","TEmean",370
"3",0.999979100954823,0.999981713288216,0.999971931041593,0.999971612803523,0.999984469149063,0.999975468648575,0.999982399557681,0.999984007529591,"calcite_flush_7_nondim","FOsd2",370
"4",5.1226780351638e-06,6.55337852098312e-06,9.01480416481292e-06,2.42630224989819e-05,7.20873393670789e-06,5.21646992403683e-06,7.0275194525515e-06,8.62732296725394e-06,"calcite_flush_7_nondim","TEsd2",370
