"","curr_inflow_rate","curr_diffusion_coef","curr_porosity","curr_gypsum_rate_constant","curr_calcite_rate_constant","curr_gypsum_surface_area","curr_calcite_surface_area","dfn_volume","output_var","sobol_type","boot_num"
"1",0.0120403195957187,0.0026206031867311,0.0044680263493515,-0.00564862128551524,-0.00484440457472124,0.00662529132255651,-0.00287078333326243,0.0101631132345488,"calcite_flush_8_nondim","FOmean",845
"2",0.015745942504421,0.00214990711375858,0.0201104943950489,0.00557083326943237,0.00578533662286434,0.00261666050499743,0.00343754459674951,0.0137683331319015,"calcite_flush_8_nondim","TEmean",845
"3",0.999919840009363,0.999957624147085,0.999963031513018,0.999963757515601,0.999964262601787,0.999959661929355,0.999957768412273,0.999966771701339,"calcite_flush_8_nondim","FOsd2",845
"4",3.4862332561324e-05,1.21205779324653e-05,2.24123647446608e-05,1.64161796762567e-05,1.81010531297672e-05,8.21523101548004e-06,1.79874757821283e-05,1.16415662141316e-05,"calcite_flush_8_nondim","TEsd2",845
