"","curr_inflow_rate","curr_diffusion_coef","curr_porosity","curr_gypsum_rate_constant","curr_calcite_rate_constant","curr_gypsum_surface_area","curr_calcite_surface_area","dfn_volume","output_var","sobol_type","boot_num"
"1",0.115160237844102,0.00146625119637923,-0.00488002603997772,0.0150489767469335,0.0584138744592416,0.00163584662727723,-0.00239073046309966,0.00532317864235354,"calcite_flush_4_nondim","FOmean",745
"2",0.132402583883531,0.00704785072353276,0.00323549420044092,0.0222084625641081,0.0553476424161107,0.00470379016010914,0.00912055976913233,0.0107718239885755,"calcite_flush_4_nondim","TEmean",745
"3",-137089.66745132,-173463.808063106,-395115.074317182,-596225.563489236,-308434.771124052,-63623.7769560035,-417951.806131131,-342806.555853044,"calcite_flush_4_nondim","FOsd2",745
"4",363255.685045926,375158.719106442,441.257427835899,105140.97282027,64186.0325308746,176087.40310872,54836.0992219561,74419.0149125069,"calcite_flush_4_nondim","TEsd2",745
