"","curr_inflow_rate","curr_diffusion_coef","curr_porosity","curr_gypsum_rate_constant","curr_calcite_rate_constant","curr_gypsum_surface_area","curr_calcite_surface_area","dfn_volume","output_var","sobol_type","boot_num"
"1",0.000531796640786459,0.00574254827266506,0.0366419714091257,0.0104251581535834,-0.00830122937943744,0.00393967143891075,-1.58058864116495e-05,0.00260228616048735,"calcite_flush_8_nondim","FOmean",1367
"2",0.012345752242605,0.00292560703357082,0.0308707713249285,0.00634736298661268,0.0045162536249216,0.00337768585191807,0.00291475928779036,0.0155719731099068,"calcite_flush_8_nondim","TEmean",1367
"3",0.999932477507101,0.999931913932834,0.999950957741172,0.999924044533303,0.999946993763905,0.999925965074111,0.999934168243166,0.999941011457525,"calcite_flush_8_nondim","FOsd2",1367
"4",1.79804305314743e-05,2.80688893193383e-05,1.40547119189596e-05,6.25989756596382e-05,2.37574226711793e-05,1.1896817571527e-05,6.0206358738913e-06,2.16384391482716e-05,"calcite_flush_8_nondim","TEsd2",1367
