"","curr_inflow_rate","curr_diffusion_coef","curr_porosity","curr_gypsum_rate_constant","curr_calcite_rate_constant","curr_gypsum_surface_area","curr_calcite_surface_area","dfn_volume","output_var","sobol_type","boot_num"
"1",0.00423267470851986,0.0021583576439449,0.0269068015616047,0.0128911583377192,0.0087717051492449,-0.00282647713208927,0.00141306628287023,0.00930949591149834,"calcite_flush_7_nondim","FOmean",1486
"2",0.0173066875227854,0.00302631740328665,0.0236432940597087,0.00860325894948289,0.0046440995625517,0.00337310898946452,0.00288001550723979,0.0147097508070189,"calcite_flush_7_nondim","TEmean",1486
"3",0.999890644601049,0.999878355595363,0.999877764470577,0.999892137998361,0.999901714532799,0.999873750147394,0.999881344714454,0.999867906333754,"calcite_flush_7_nondim","FOsd2",1486
"4",1.10806592428231e-05,1.66286525315332e-05,2.17467101738554e-05,3.29096250076445e-05,1.79611397091116e-05,1.3523324696704e-05,2.89705811846048e-05,4.66696798476133e-05,"calcite_flush_7_nondim","TEsd2",1486
