"","curr_inflow_rate","curr_diffusion_coef","curr_porosity","curr_gypsum_rate_constant","curr_calcite_rate_constant","curr_gypsum_surface_area","curr_calcite_surface_area","dfn_volume","output_var","sobol_type","boot_num"
"1",-0.00437173784073596,0.00372567172040639,0.00667645954037742,0.0202693906894033,0.00150818751317156,0.000369466444675972,0.00351378726004903,-0.00377994232302771,"calcite_flush_9_nondim","FOmean",1386
"2",0.0134425725651889,0.00249306160381847,0.0346750951699131,0.0101502927976254,0.0053706939318235,0.00293198010589641,0.00340186428402475,0.0169403997087153,"calcite_flush_9_nondim","TEmean",1386
"3",0.999973451912166,0.999973100222486,0.999975526965468,0.999978444052021,0.99992943292023,0.999973943836778,0.999976277050581,0.999980216823976,"calcite_flush_9_nondim","FOsd2",1386
"4",7.91376818862206e-06,3.07784498995204e-06,1.34243679068467e-05,7.7402814905843e-06,5.9945464866896e-05,1.2147050153147e-05,1.08335851165385e-05,1.08722172474342e-05,"calcite_flush_9_nondim","TEsd2",1386
