"","curr_inflow_rate","curr_diffusion_coef","curr_porosity","curr_gypsum_rate_constant","curr_calcite_rate_constant","curr_gypsum_surface_area","curr_calcite_surface_area","dfn_volume","output_var","sobol_type","boot_num"
"1",0.0127885482914405,0.00434299751963186,0.00658542357146074,0.0274159904950169,0.0138654496428753,0.00374197673902589,0.0152479258445661,0.0130059226729361,"calcite_flush_6_nondim","FOmean",819
"2",0.0333769898913247,0.00687863483546095,0.00514697421346944,0.00775562133502847,0.0105261733935816,0.00452323202386089,0.00321610998594328,0.0158107524472575,"calcite_flush_6_nondim","TEmean",819
"3",0.998686712706054,0.998601564132532,0.998710053077336,0.998560864970317,0.998510284958841,0.998320869670374,0.998466679490289,0.998547961702903,"calcite_flush_6_nondim","FOsd2",819
"4",0.000787301802344811,0.00025162506187018,0.000247354350523387,0.000468100937821017,0.00046119166034073,0.000426766321354242,0.000167528307170973,0.000390968881786252,"calcite_flush_6_nondim","TEsd2",819
