"","curr_inflow_rate","curr_diffusion_coef","curr_porosity","curr_gypsum_rate_constant","curr_calcite_rate_constant","curr_gypsum_surface_area","curr_calcite_surface_area","dfn_volume","output_var","sobol_type","boot_num"
"1",0.00764387631897414,-0.00626731631636814,0.0104908288742834,-0.00120531642482831,0.0148085241557639,0.00661585751981115,-0.0236679359913485,0.000534552290610941,"calcite_flush_6_nondim","FOmean",675
"2",0.0331873793452677,0.00575065793353817,0.00496925200376892,0.00808335747865561,0.00975892952426044,0.0036403303521165,0.00397778534726683,0.0159871732359329,"calcite_flush_6_nondim","TEmean",675
"3",0.999111418030688,0.998880042600182,0.998973901046031,0.998948968338763,0.998947259707142,0.998854192329842,0.998820917429184,0.99891003662362,"calcite_flush_6_nondim","FOsd2",675
"4",0.000493214934113734,0.000226761431501875,0.000150810465302502,0.000181807557019128,0.000166781138332686,0.000158374570958111,0.000140375391070641,0.000235089454151678,"calcite_flush_6_nondim","TEsd2",675
