"","curr_inflow_rate","curr_diffusion_coef","curr_porosity","curr_gypsum_rate_constant","curr_calcite_rate_constant","curr_gypsum_surface_area","curr_calcite_surface_area","dfn_volume","output_var","sobol_type","boot_num"
"1",0.132642144097126,-0.0116796783395533,-0.0030551826278779,0.0159524272886136,0.0422899050122627,-0.00430922255717606,-0.00253460714927169,-0.00931437367337391,"calcite_flush_4_nondim","FOmean",1789
"2",0.168990430188266,0.0150003822860146,0.00558058934994886,0.0195516114864817,0.0684011686277868,0.00536202348116259,0.0248067899822602,0.0278583269700178,"calcite_flush_4_nondim","TEmean",1789
"3",-101.544991376118,-601.466770574974,-102.10235018314,-191.041837716057,-104.660330559632,-101.815351333695,-107.468878689606,-104.346361894427,"calcite_flush_4_nondim","FOsd2",1789
"4",733.165304334005,25.1399110861063,696.266979230949,312.010676322646,660.635900318291,703.117408772971,674.403599849338,662.219808534026,"calcite_flush_4_nondim","TEsd2",1789
