"","curr_inflow_rate","curr_diffusion_coef","curr_porosity","curr_gypsum_rate_constant","curr_calcite_rate_constant","curr_gypsum_surface_area","curr_calcite_surface_area","dfn_volume","output_var","sobol_type","boot_num"
"1",0.0796612417984577,0.00879719405980409,0.000596147594573485,0.026360723759513,0.0244023198788177,-0.000380643301427401,-0.00510663180959882,-0.00471543790562002,"calcite_flush_4_nondim","FOmean",907
"2",0.10461643293121,0.00518332364091346,0.00478992139489264,0.0195575591864618,0.0457365898507939,0.00418809747293688,0.00863963170305305,0.0133759086705033,"calcite_flush_4_nondim","TEmean",907
"3",0.839602235791977,0.927550171933364,0.911139716380741,0.904393229594075,0.910385700263601,0.922032435235738,0.924938089882028,0.897665164669832,"calcite_flush_4_nondim","FOsd2",907
"4",0.0798625595794024,0.0307715841635126,0.0367351776763002,0.0606869531832496,0.0599596055172254,0.0768306871041096,0.0508305094585347,0.102962666206169,"calcite_flush_4_nondim","TEsd2",907
