"","curr_inflow_rate","curr_diffusion_coef","curr_porosity","curr_gypsum_rate_constant","curr_calcite_rate_constant","curr_gypsum_surface_area","curr_calcite_surface_area","dfn_volume","output_var","sobol_type","boot_num"
"1",0.109747816236605,0.00205504228949085,0.00903162922449451,0.0203420890850245,0.0350682716134389,0.0043415077953237,0.0116924400155224,-0.00284481820360102,"calcite_flush_4_nondim","FOmean",1291
"2",0.131120019574551,0.00624393967928758,0.00761783044215527,0.0235839878529052,0.0449442940505999,0.00326465304327084,0.0130791533007335,0.0107969380456687,"calcite_flush_4_nondim","TEmean",1291
"3",0.195665409791161,-0.67017186178365,-0.634968576244594,0.433719624477312,-2.13813191055806,-0.262950446291739,-32.1990272491988,-0.0722202344809943,"calcite_flush_4_nondim","FOsd2",1291
"4",1.78586778825255,0.313990298341253,1.84284191727643,1.78436596762812,2.47117321172179,0.612558458631517,33.385932145085,1.60957695399049,"calcite_flush_4_nondim","TEsd2",1291
