"","curr_inflow_rate","curr_diffusion_coef","curr_porosity","curr_gypsum_rate_constant","curr_calcite_rate_constant","curr_gypsum_surface_area","curr_calcite_surface_area","dfn_volume","output_var","sobol_type","boot_num"
"1",0.193781846948896,8.02608551615068e-05,0.0110822983160585,0.00694388283917339,0.0470127249963917,0.00104212763846609,0.012993310197039,0.0186178034394894,"calcite_flush_4_nondim","FOmean",1021
"2",0.223774352434975,0.00726751829217242,0.0112108354260209,0.0243478654717019,0.0738077380664367,0.00649880969888927,0.0131861423878228,0.022433685609427,"calcite_flush_4_nondim","TEmean",1021
"3",-7.16004708358289,-9.92621947709829,-9.53959198054752,-7.89907371901446,-21.3263289908356,-6.46112833002202,-7.13023231799311,-6.42259688576923,"calcite_flush_4_nondim","FOsd2",1021
"4",3.30836242839131,0.320138592620307,0.623304268863267,3.70465594450245,6.0338971658041,3.17356107252114,2.30185776257379,2.23172899342628,"calcite_flush_4_nondim","TEsd2",1021
