"","curr_inflow_rate","curr_diffusion_coef","curr_porosity","curr_gypsum_rate_constant","curr_calcite_rate_constant","curr_gypsum_surface_area","curr_calcite_surface_area","dfn_volume","output_var","sobol_type","boot_num"
"1",0.125139796700292,-0.000947612752993897,0.00696631529928481,0.0230123778404358,0.0575939143536459,0.00242919237385303,0.00310171937526502,-0.0110017624577715,"calcite_flush_4_nondim","FOmean",559
"2",0.138334686381045,0.00419702917373522,0.0200750042007977,0.0351794389803924,0.0607950836586925,0.00660272882637471,0.0154450198837416,0.0184543818738014,"calcite_flush_4_nondim","TEmean",559
"3",0.926174934630979,0.972596059074493,0.902398329826815,0.934704415917508,0.613431456617757,0.976876649986357,0.8751186002518,0.975461100572638,"calcite_flush_4_nondim","FOsd2",559
"4",0.061758945064377,0.0276485347081724,0.0188687932192707,0.0686429936168381,0.327760085641818,0.028977911898094,0.128835364439699,0.0249359925929731,"calcite_flush_4_nondim","TEsd2",559
