"","curr_inflow_rate","curr_diffusion_coef","curr_porosity","curr_gypsum_rate_constant","curr_calcite_rate_constant","curr_gypsum_surface_area","curr_calcite_surface_area","dfn_volume","output_var","sobol_type","boot_num"
"1",0.154069554402959,0.00748563518356778,0.0135182784428836,0.0294471298861502,0.0321263774434566,0.000776375002687867,0.0146037620030235,-0.00735446241576401,"calcite_flush_4_nondim","FOmean",547
"2",0.142896016707933,0.0062512832555879,0.00992296805533373,0.0259576122196152,0.0346345800114992,0.0064326921667349,0.0113036346902586,0.0119950798616666,"calcite_flush_4_nondim","TEmean",547
"3",-16.0899959716855,0.603863763004726,0.666292175024039,-0.682724246513819,-6.74120800858483,-1.41564507212319,-14.6416889738094,0.00135262826163729,"calcite_flush_4_nondim","FOsd2",547
"4",9.09694815690928,0.799998825321883,1.07791440087196,0.11413070436886,7.54922934992333,1.15710018669565,16.9562096397541,0.454872738313094,"calcite_flush_4_nondim","TEsd2",547
