"","curr_inflow_rate","curr_diffusion_coef","curr_porosity","curr_gypsum_rate_constant","curr_calcite_rate_constant","curr_gypsum_surface_area","curr_calcite_surface_area","dfn_volume","output_var","sobol_type","boot_num"
"1",0.0234470371549009,0.00821711334391198,0.0030173401733551,0.0104586768198259,0.00844222966650543,0.00243992514807668,0.00621996909624387,0.0102305981871746,"calcite_flush_6_nondim","FOmean",1239
"2",0.0460383440150188,0.00358078672904579,0.00409560079458865,0.0102108515414974,0.00863814862873211,0.0036110319189635,0.00297646068539033,0.0204615607412206,"calcite_flush_6_nondim","TEmean",1239
"3",0.999119153610752,0.998391519504911,0.998736472976443,0.998580442891991,0.998733297684656,0.998547650379343,0.998685559396261,0.998801122040891,"calcite_flush_6_nondim","FOsd2",1239
"4",0.000936333109120484,0.000204006245433132,0.000231130903062034,0.000589320207913376,0.000334481559341709,0.000236950515344958,0.000256217833519258,0.000606472946511287,"calcite_flush_6_nondim","TEsd2",1239
