"","curr_inflow_rate","curr_diffusion_coef","curr_porosity","curr_gypsum_rate_constant","curr_calcite_rate_constant","curr_gypsum_surface_area","curr_calcite_surface_area","dfn_volume","output_var","sobol_type","boot_num"
"1",0.00594239105257912,0.00104051891291405,0.0118196882769826,0.00226923366905534,-0.00198891388949933,-0.00898016205754673,-0.00326364862354982,-0.00494136689290746,"calcite_flush_8_nondim","FOmean",797
"2",0.00894071562073827,0.00270925661746127,0.0234421739529162,0.00646159977245995,0.00332514274212586,0.003097248434301,0.0036280642778643,0.0153939765682104,"calcite_flush_8_nondim","TEmean",797
"3",0.999969840320577,0.999962399789548,0.99997481837774,0.999967707019438,0.999969172047167,0.999932002400367,0.999978704058971,0.999977504262111,"calcite_flush_8_nondim","FOsd2",797
"4",1.48198272147892e-05,2.11846021898207e-05,1.45056414153999e-05,1.54932293015289e-05,1.81010821407124e-05,3.36319019614573e-05,2.15424538364134e-05,2.80875046227448e-05,"calcite_flush_8_nondim","TEsd2",797
