"","curr_inflow_rate","curr_diffusion_coef","curr_porosity","curr_gypsum_rate_constant","curr_calcite_rate_constant","curr_gypsum_surface_area","curr_calcite_surface_area","dfn_volume","output_var","sobol_type","boot_num"
"1",0.0015058341352088,0.00430287329838048,0.0212614944736185,0.00486425773661755,-0.0014598481330638,0.00590512144320379,0.00682539368931666,-0.00313618525422724,"calcite_flush_9_nondim","FOmean",240
"2",0.010760005874939,0.00274748290258814,0.0345211366547196,0.0110951112277795,0.00538743277783835,0.00358183558582922,0.00373738578545605,0.014232834494368,"calcite_flush_9_nondim","TEmean",240
"3",0.999971289079841,0.999964923219284,0.999968250897266,0.99997113905037,0.999971439489548,0.999968424802378,0.999971852971301,0.999963188932712,"calcite_flush_9_nondim","FOsd2",240
"4",7.3803359884412e-06,7.81993696650906e-06,4.96572974980735e-06,1.26735555481943e-05,4.36419415883314e-06,3.68778752936495e-06,1.05890037712134e-05,1.88461931813626e-05,"calcite_flush_9_nondim","TEsd2",240
