"","curr_inflow_rate","curr_diffusion_coef","curr_porosity","curr_gypsum_rate_constant","curr_calcite_rate_constant","curr_gypsum_surface_area","curr_calcite_surface_area","dfn_volume","output_var","sobol_type","boot_num"
"1",0.134100075717637,-0.00199248177610274,0.00273695503591049,0.0250809369112351,0.0352430171853067,-0.000486102603215992,0.0167892866453131,0.00119574270201043,"calcite_flush_4_nondim","FOmean",1219
"2",0.136726709020881,0.00563562093356472,0.00834781774478551,0.0252014901099741,0.0362682067548277,0.00290274965051053,0.0232184600062328,0.0124021709911833,"calcite_flush_4_nondim","TEmean",1219
"3",-64.4343064023916,-13.3438243270181,-35.6797639129053,-4.84766215641626,0.446002129847121,-9.8837013020501,-142.821736297182,-6.10391240147303,"calcite_flush_4_nondim","FOsd2",1219
"4",6.03357739665429,26.3043169478102,7.34752902576808,67.1137336384868,66.1066266428729,60.944470198394,14.0856924945424,43.2605115769928,"calcite_flush_4_nondim","TEsd2",1219
