"","curr_inflow_rate","curr_diffusion_coef","curr_porosity","curr_gypsum_rate_constant","curr_calcite_rate_constant","curr_gypsum_surface_area","curr_calcite_surface_area","dfn_volume","output_var","sobol_type","boot_num"
"1",-0.0060568297353075,-0.00157164121602735,0.0124021958329701,0.0287874649800317,-0.0105442661629334,0.00927529004306787,-0.00510040817192312,-0.0603422582891882,"calcite_flush_5_nondim","FOmean",302
"2",0.0942554029088277,0.00218419347277566,0.00302803599433349,0.0259593160141441,0.0249536008822996,0.00207680437701552,0.00420710163206906,0.0663784319461048,"calcite_flush_5_nondim","TEmean",302
"3",0.997796989414734,0.996945628487645,0.996335932765963,0.99789669597586,0.994790048981681,0.996675606481616,0.997569512194842,0.997037624242913,"calcite_flush_5_nondim","FOsd2",302
"4",0.00171772568354118,0.000658299052138319,0.000724859438212168,0.00150797182928351,0.00325619377891704,0.000428897291407929,0.00118194587308054,0.00177922452870725,"calcite_flush_5_nondim","TEsd2",302
