"","curr_inflow_rate","curr_diffusion_coef","curr_porosity","curr_gypsum_rate_constant","curr_calcite_rate_constant","curr_gypsum_surface_area","curr_calcite_surface_area","dfn_volume","output_var","sobol_type","boot_num"
"1",0.041720173648425,-0.00384673074073352,-0.0157942674427719,-0.00984436550624404,0.00723392996770196,7.77596465451995e-05,-0.00207248038679482,0.00747863779605204,"calcite_flush_5_nondim","FOmean",596
"2",0.115722852151623,0.0039137850982753,0.0037788596021457,0.0458872594240402,0.020580909543382,0.00393887564288888,0.00417287568057458,0.0447860544762308,"calcite_flush_5_nondim","TEmean",596
"3",0.998926102452161,0.998893437194402,0.998867769246179,0.998913124569427,0.998740267189354,0.998930662602387,0.998104275196466,0.998898555690525,"calcite_flush_5_nondim","FOsd2",596
"4",0.00066118651182856,0.000213108334996592,0.000257384104827834,0.000774051717926423,0.000524537413716352,0.000296738843015519,0.000627093490725889,0.000825899348845273,"calcite_flush_5_nondim","TEsd2",596
