"","curr_inflow_rate","curr_diffusion_coef","curr_porosity","curr_gypsum_rate_constant","curr_calcite_rate_constant","curr_gypsum_surface_area","curr_calcite_surface_area","dfn_volume","output_var","sobol_type","boot_num"
"1",0.0856655822031236,-0.000962903818638406,0.00462006961228691,0.0203051775163639,0.0179270870022289,-0.000182029344977237,0.0066491647724316,-0.00483848302251512,"calcite_flush_4_nondim","FOmean",763
"2",0.090038335200811,0.00413590134427733,0.0060932201133642,0.0205129809847571,0.0228022319893304,0.00536238195298124,0.00586297130616551,0.00853819863553833,"calcite_flush_4_nondim","TEmean",763
"3",0.981684995272559,0.975753536128244,0.971266947225709,0.986960931047467,0.973353770908849,0.969412786160479,0.985145616197294,0.98714118026268,"calcite_flush_4_nondim","FOsd2",763
"4",0.0227150928456107,0.010363164891866,0.0187649201947517,0.0384380724582486,0.0063814870590659,0.014595570692451,0.0213948061281867,0.0385141749495574,"calcite_flush_4_nondim","TEsd2",763
