"","curr_inflow_rate","curr_diffusion_coef","curr_porosity","curr_gypsum_rate_constant","curr_calcite_rate_constant","curr_gypsum_surface_area","curr_calcite_surface_area","dfn_volume","output_var","sobol_type","boot_num"
"1",-0.00427558286128466,-0.00166825534447045,0.0160026572317447,0.00510905101808523,0.00137274560122361,0.00212907301483724,0.00268453373645171,0.0148547974362382,"calcite_flush_8_nondim","FOmean",209
"2",0.0105383481922144,0.00155872310647246,0.0192546992744728,0.00851371220703707,0.00351530776321892,0.0019228071317917,0.00222732979650641,0.0148204338587126,"calcite_flush_8_nondim","TEmean",209
"3",0.999986844131466,0.9999906044473,0.999989111687295,0.999985726935486,0.999987627165875,0.999985411004703,0.999986622870793,0.999988938694418,"calcite_flush_8_nondim","FOsd2",209
"4",4.27743840808038e-06,2.18947400600399e-06,3.41728747810522e-06,7.98203400691178e-06,7.15059461927291e-06,4.82184171583601e-06,3.25976156358861e-06,4.36197364469332e-06,"calcite_flush_8_nondim","TEsd2",209
