"","curr_inflow_rate","curr_diffusion_coef","curr_porosity","curr_gypsum_rate_constant","curr_calcite_rate_constant","curr_gypsum_surface_area","curr_calcite_surface_area","dfn_volume","output_var","sobol_type","boot_num"
"1",0.0045498177404192,0.00642818269544509,0.0243573859725376,0.0126162857015614,0.000979326989660835,0.000143965474923935,0.00601143097279547,0.0252717091173771,"calcite_flush_8_nondim","FOmean",1565
"2",0.0125082444294714,0.00234027401147736,0.0261223108781024,0.0075649086102128,0.00556785661265458,0.00239900893910147,0.00293145887749289,0.0139225664994424,"calcite_flush_8_nondim","TEmean",1565
"3",0.999982332828724,0.999979180916547,0.999970426391546,0.999961618585621,0.999979881539361,0.999975660356499,0.999980150834825,0.999975214082894,"calcite_flush_8_nondim","FOsd2",1565
"4",7.96425118651596e-06,3.94030459017616e-06,8.93922354275724e-06,1.91270078341451e-05,1.03604862653321e-05,5.55485831407485e-06,9.18098210367795e-06,8.64527176284799e-06,"calcite_flush_8_nondim","TEsd2",1565
