"","curr_inflow_rate","curr_diffusion_coef","curr_porosity","curr_gypsum_rate_constant","curr_calcite_rate_constant","curr_gypsum_surface_area","curr_calcite_surface_area","dfn_volume","output_var","sobol_type","boot_num"
"1",-0.00762960401486972,-0.00958459196906058,0.00228917580008631,-0.00182728081440835,0.00173960941055793,-0.000143305178303445,-0.00371011912416276,0.0114948525614298,"calcite_flush_9_nondim","FOmean",1650
"2",0.0115996805513036,0.00245564055984044,0.0256970215064978,0.00590357679838032,0.00406678421761889,0.00221074814056835,0.00338589392331678,0.0115943733716272,"calcite_flush_9_nondim","TEmean",1650
"3",0.999972435360998,0.999948507182067,0.999974814939195,0.999972808909569,0.999973883682983,0.999973407175936,0.999969962743382,0.999970673652156,"calcite_flush_9_nondim","FOsd2",1650
"4",5.39301733122435e-06,2.75384258814139e-05,6.23596198509307e-06,7.16341946636431e-06,7.15630689473037e-06,2.87420944810336e-06,3.91480206311097e-06,6.0214910243601e-06,"calcite_flush_9_nondim","TEsd2",1650
