"","curr_inflow_rate","curr_diffusion_coef","curr_porosity","curr_gypsum_rate_constant","curr_calcite_rate_constant","curr_gypsum_surface_area","curr_calcite_surface_area","dfn_volume","output_var","sobol_type","boot_num"
"1",0.023264473434442,0.00709891340133083,0.0071796275653815,-0.00430430223092714,-0.010044285887993,-0.0103561244968741,0.0241890661362405,-0.000525027807428274,"calcite_flush_6_nondim","FOmean",1155
"2",0.0443586530315524,0.00848551782594383,0.00801131255913324,0.0105265251776622,0.0109924736957546,0.00683277558017532,0.00696448711236307,0.0176004675924343,"calcite_flush_6_nondim","TEmean",1155
"3",0.999030167428401,0.998711084067862,0.998718033424048,0.998747988649745,0.998732291635099,0.998746024018568,0.998813441529648,0.998785101907375,"calcite_flush_6_nondim","FOsd2",1155
"4",0.000722236065792779,0.000183089003124523,0.00020829289207881,0.000255756358966753,0.000184285741994931,0.000200043410878816,0.00020530181703409,0.000361234019109219,"calcite_flush_6_nondim","TEsd2",1155
