"","curr_inflow_rate","curr_diffusion_coef","curr_porosity","curr_gypsum_rate_constant","curr_calcite_rate_constant","curr_gypsum_surface_area","curr_calcite_surface_area","dfn_volume","output_var","sobol_type","boot_num"
"1",0.125225295749631,0.000929333151967711,-0.0019654893797492,0.0265092026284389,0.051567417748978,0.00775088046828207,0.00330515031319488,-0.00283180076526416,"calcite_flush_4_nondim","FOmean",415
"2",0.13190125400981,0.00689885231397594,0.00869265708407708,0.0467582299677153,0.0454885054543946,0.00857645122659308,0.017855654353479,0.0188509183474398,"calcite_flush_4_nondim","TEmean",415
"3",-10.5697447875856,-13.4969346238928,-10.1378722723896,-11.1949767202479,-10.2285909196208,-10.1074719828877,-14.0336143789675,-10.347742088367,"calcite_flush_4_nondim","FOsd2",415
"4",0.336312032129311,3.11468927195688,0.653446568309153,1.60810642299059,0.344299376828672,0.655214054118783,1.50742256100202,0.407865331573318,"calcite_flush_4_nondim","TEsd2",415
