"","curr_inflow_rate","curr_diffusion_coef","curr_porosity","curr_gypsum_rate_constant","curr_calcite_rate_constant","curr_gypsum_surface_area","curr_calcite_surface_area","dfn_volume","output_var","sobol_type","boot_num"
"1",-0.00341322209495297,0.000392207486989022,0.0173302274954111,0.00877778599290488,0.00109358376868249,-0.00115468569041682,-0.00583481996995211,-0.002241902583318,"calcite_flush_8_nondim","FOmean",737
"2",0.00755113397644692,0.00176916631806586,0.0173872871906216,0.00757420376484075,0.00471718456841247,0.00287351437354835,0.00312977108305463,0.0124655383871367,"calcite_flush_8_nondim","TEmean",737
"3",0.99997673361261,0.999982764371442,0.999977694499501,0.999980847645459,0.999977310139162,0.999978960700952,0.999976040557113,0.999980705739975,"calcite_flush_8_nondim","FOsd2",737
"4",5.90700067260167e-06,3.82660491310963e-06,4.80733927623609e-06,8.46335900509028e-06,7.75380878931064e-06,6.20088536446063e-06,9.50727854276744e-06,8.96684165272087e-06,"calcite_flush_8_nondim","TEsd2",737
