"","curr_inflow_rate","curr_diffusion_coef","curr_porosity","curr_gypsum_rate_constant","curr_calcite_rate_constant","curr_gypsum_surface_area","curr_calcite_surface_area","dfn_volume","output_var","sobol_type","boot_num"
"1",0.0207351655893162,0.0174431713891908,0.0534606174683438,0.0102864340481274,0.00545401000547257,0.00140024061588413,0.00708256126802978,0.0187225388134055,"calcite_flush_9_nondim","FOmean",1128
"2",0.0122902792704493,0.00339071795043563,0.0413826130345409,0.00934736222509327,0.006480293367093,0.0030328453702342,0.00345305888811414,0.0158825209738216,"calcite_flush_9_nondim","TEmean",1128
"3",0.999942785894901,0.99995642247371,0.999963487858466,0.999939488671624,0.999956104779448,0.99995907312911,0.999944023109387,0.999952310439103,"calcite_flush_9_nondim","FOsd2",1128
"4",1.78715713697659e-05,7.53673534897458e-06,2.37413246135588e-05,3.6240013812631e-05,2.02349934487549e-05,6.43176850129677e-06,2.16805323505225e-05,1.33619897280613e-05,"calcite_flush_9_nondim","TEsd2",1128
