"","curr_inflow_rate","curr_diffusion_coef","curr_porosity","curr_gypsum_rate_constant","curr_calcite_rate_constant","curr_gypsum_surface_area","curr_calcite_surface_area","dfn_volume","output_var","sobol_type","boot_num"
"1",0.0641205089328447,-0.00270560226928495,0.00630929412148123,0.0324154739938822,-0.0095124598554074,-0.00118293541536966,-0.00411217402471862,-0.047402600775932,"calcite_flush_5_nondim","FOmean",1706
"2",0.138943531210843,0.00190041187913054,0.00219055650457482,0.0512621219773446,0.0282780349414939,0.00222706754774358,0.00581607025236883,0.0830579420713771,"calcite_flush_5_nondim","TEmean",1706
"3",0.995561724924126,0.995955870088686,0.995026009253964,0.99573908108227,0.994933594054915,0.994853074498365,0.995721768768475,0.995537605980054,"calcite_flush_5_nondim","FOsd2",1706
"4",0.00223442134459309,0.000627698466194072,0.00076997915567791,0.00237554983019255,0.00191566508535716,0.00119596136979408,0.00138000917932505,0.00255199817351201,"calcite_flush_5_nondim","TEsd2",1706
