"","curr_inflow_rate","curr_diffusion_coef","curr_porosity","curr_gypsum_rate_constant","curr_calcite_rate_constant","curr_gypsum_surface_area","curr_calcite_surface_area","dfn_volume","output_var","sobol_type","boot_num"
"1",0.00715477211464938,0.000653934775004309,0.0210115527485461,-0.00202153884410954,0.00280975386891476,-0.000271356938151953,0.00208257606472663,-0.000575772797885991,"calcite_flush_8_nondim","FOmean",1679
"2",0.0121580820174521,0.00266227504182037,0.0298416272883939,0.005376550754848,0.00544140958489065,0.00363804320660009,0.0025222810606845,0.0114577879849042,"calcite_flush_8_nondim","TEmean",1679
"3",0.999977937550959,0.999984658910547,0.999967446629337,0.99998675224145,0.999985960981338,0.999987484583247,0.999968551616353,0.99990739187168,"calcite_flush_8_nondim","FOsd2",1679
"4",1.52469326635819e-05,1.06697480250066e-05,2.54310165345622e-05,2.24854881096459e-05,2.62338134796726e-05,1.96678677562273e-05,4.17750784426304e-06,3.46049424897362e-05,"calcite_flush_8_nondim","TEsd2",1679
