"","curr_inflow_rate","curr_diffusion_coef","curr_porosity","curr_gypsum_rate_constant","curr_calcite_rate_constant","curr_gypsum_surface_area","curr_calcite_surface_area","dfn_volume","output_var","sobol_type","boot_num"
"1",0.0158023192829216,-0.00692923479049447,0.0171580077699023,-0.00605177825017895,0.0019806839383534,-0.01039117087034,0.00126332461497754,0.0178029262560302,"calcite_flush_8_nondim","FOmean",143
"2",0.010680704588368,0.0019005107902438,0.0296229917166849,0.00787975644929939,0.00359454592398969,0.00249157461951311,0.00321672380663137,0.0178600022892363,"calcite_flush_8_nondim","TEmean",143
"3",0.999988614994899,0.999987211958464,0.999983235342043,0.999984418403697,0.999982485445933,0.999987518204239,0.999985127302958,0.999987218001637,"calcite_flush_8_nondim","FOsd2",143
"4",5.34711746710028e-06,2.47731568674008e-06,5.56877501246517e-06,8.31686861483326e-06,8.05017364919876e-06,3.28209074035146e-06,4.63895957786248e-06,8.30175985362901e-06,"calcite_flush_8_nondim","TEsd2",143
