"","curr_inflow_rate","curr_diffusion_coef","curr_porosity","curr_gypsum_rate_constant","curr_calcite_rate_constant","curr_gypsum_surface_area","curr_calcite_surface_area","dfn_volume","output_var","sobol_type","boot_num"
"1",-0.00583993786838421,-0.00693078995778001,0.0061336586369578,-0.00611220277364118,-0.00946795442854375,0.00243040778631587,0.000788465696501125,-0.00245125024773863,"calcite_flush_7_nondim","FOmean",1132
"2",0.0131873778206348,0.00260261834772465,0.0200170405684494,0.00645279175735215,0.00361457266893933,0.00288184435362795,0.00247516553977629,0.0133795706475831,"calcite_flush_7_nondim","TEmean",1132
"3",0.999922994904359,0.999935287425207,0.999947955748087,0.999947075394073,0.999951013651533,0.99994656481572,0.999941493332398,0.99994882058762,"calcite_flush_7_nondim","FOsd2",1132
"4",2.16801519097007e-05,1.22241247588404e-05,1.00261796227349e-05,1.35283448302677e-05,1.24466336769492e-05,5.00868905030553e-06,1.34979985995727e-05,9.38595033254436e-06,"calcite_flush_7_nondim","TEsd2",1132
