"","curr_inflow_rate","curr_diffusion_coef","curr_porosity","curr_gypsum_rate_constant","curr_calcite_rate_constant","curr_gypsum_surface_area","curr_calcite_surface_area","dfn_volume","output_var","sobol_type","boot_num"
"1",0.00279768900855448,-0.00413784757828988,0.00423677797542012,0.00875913300748563,-0.0180797101154526,-0.00516575598194776,-0.00250281868488067,-0.00717639583089557,"calcite_flush_8_nondim","FOmean",1685
"2",0.0143119228869327,0.00269535815088903,0.0294831234159919,0.00970787463186752,0.00547501363237626,0.00463543109382562,0.00485517952775217,0.0161236692845723,"calcite_flush_8_nondim","TEmean",1685
"3",0.999936720675035,0.99993231968302,0.99990963367701,0.999930803977091,0.99993303282266,0.999930107603923,0.99994518281538,0.999927690479256,"calcite_flush_8_nondim","FOsd2",1685
"4",8.29575561302269e-06,1.13283495964671e-05,1.02871428215977e-05,1.68273134039793e-05,1.52431842397959e-05,3.90927037635466e-06,9.5379374777192e-06,1.61919500762253e-05,"calcite_flush_8_nondim","TEsd2",1685
