"","curr_inflow_rate","curr_diffusion_coef","curr_porosity","curr_gypsum_rate_constant","curr_calcite_rate_constant","curr_gypsum_surface_area","curr_calcite_surface_area","dfn_volume","output_var","sobol_type","boot_num"
"1",0.13440030538208,-0.00124158562833886,-0.00449087782597576,-0.0217043785601504,-0.0172794732698446,0.0158001161238674,0.000286183834163521,-0.00218482019447809,"calcite_flush_5_nondim","FOmean",560
"2",0.159420466663059,0.00401342762224269,0.00408396604291471,0.0468587140195327,0.0408807081881779,0.00393298788855569,0.00387977577819546,0.0424885104921651,"calcite_flush_5_nondim","TEmean",560
"3",0.991800730312119,0.990911609113305,0.992187253690599,0.992504547574866,0.993059140579022,0.993251324334215,0.992459827707453,0.9927168030917,"calcite_flush_5_nondim","FOsd2",560
"4",0.0042368950596137,0.00322692510862445,0.00164730519540027,0.00441541934239893,0.00260930178288971,0.000926199954364681,0.00173651079562125,0.00295040413168329,"calcite_flush_5_nondim","TEsd2",560
