"","curr_inflow_rate","curr_diffusion_coef","curr_porosity","curr_gypsum_rate_constant","curr_calcite_rate_constant","curr_gypsum_surface_area","curr_calcite_surface_area","dfn_volume","output_var","sobol_type","boot_num"
"1",0.20241502993658,0.00491167451478191,0.000775080170604588,0.043635347502285,0.0369678351406212,0.0132123967836892,0.00769608820214698,0.0131646701200401,"calcite_flush_4_nondim","FOmean",535
"2",0.226138264270739,0.0116300803975639,0.00981740901417252,0.0332724176590483,0.0488004485951429,0.00730284761060608,0.0160094242135205,0.0229699457893791,"calcite_flush_4_nondim","TEmean",535
"3",0.870859825563136,0.936734940423485,0.950660793434393,0.840627429327438,0.945386856610899,0.952745802770294,0.835321790959089,0.952243419290363,"calcite_flush_4_nondim","FOsd2",535
"4",0.0931792314806883,0.0266842616557505,0.0287695210585197,0.139144602474606,0.0129982445851597,0.0294559828683867,0.0383129715391833,0.0260994114506809,"calcite_flush_4_nondim","TEsd2",535
