"","curr_inflow_rate","curr_diffusion_coef","curr_porosity","curr_gypsum_rate_constant","curr_calcite_rate_constant","curr_gypsum_surface_area","curr_calcite_surface_area","dfn_volume","output_var","sobol_type","boot_num"
"1",-0.00117686216922972,-0.00492779935731265,0.005245663377911,-0.000113241268116974,-0.00535714579252475,0.00545603599321328,0.000783829318048303,0.0148418984707571,"calcite_flush_7_nondim","FOmean",220
"2",0.0116430950450387,0.00212441567179713,0.0203311100258394,0.00543450020627247,0.00348195933808167,0.00242892668203166,0.00271192540567548,0.0198674179635337,"calcite_flush_7_nondim","TEmean",220
"3",0.999893825818916,0.999920632868866,0.999948209824423,0.999950204411382,0.999926079932337,0.999948966149575,0.999939968224757,0.999933272852533,"calcite_flush_7_nondim","FOsd2",220
"4",5.01532925913097e-05,2.44783680663235e-05,1.44564767998726e-05,3.91964405794477e-05,3.23553467486403e-05,1.74651503645743e-05,2.39801405300129e-05,3.56510262937684e-05,"calcite_flush_7_nondim","TEsd2",220
