"","curr_inflow_rate","curr_diffusion_coef","curr_porosity","curr_gypsum_rate_constant","curr_calcite_rate_constant","curr_gypsum_surface_area","curr_calcite_surface_area","dfn_volume","output_var","sobol_type","boot_num"
"1",0.00605392811415135,-0.00143658513515291,0.0120185252632105,-0.00163541141059388,-0.00919408477431385,0.000638708966096434,0.000339622047944709,-0.00175236064216546,"calcite_flush_7_nondim","FOmean",922
"2",0.0167180531622083,0.00301880349698854,0.0247736242759761,0.00786158694896103,0.00559229383691073,0.00459021126087555,0.00386252165252776,0.0147297266302276,"calcite_flush_7_nondim","TEmean",922
"3",0.999951499031151,0.99993471258015,0.999951189255754,0.999955212712254,0.999944580449701,0.999948244970568,0.999942853049239,0.999934983418503,"calcite_flush_7_nondim","FOsd2",922
"4",1.21891617791654e-05,1.85632416188238e-05,9.41213235498834e-06,1.60154999178209e-05,1.41604851545402e-05,6.45655963257816e-06,1.61459695648165e-05,1.99513366060948e-05,"calcite_flush_7_nondim","TEsd2",922
