"","curr_inflow_rate","curr_diffusion_coef","curr_porosity","curr_gypsum_rate_constant","curr_calcite_rate_constant","curr_gypsum_surface_area","curr_calcite_surface_area","dfn_volume","output_var","sobol_type","boot_num"
"1",0.128061251223832,0.00692255038852394,0.00590902529399466,0.0177533857854196,0.0484618233284882,0.00103972316015742,0.00927368681558232,0.00606368150469378,"calcite_flush_4_nondim","FOmean",1303
"2",0.161768783332376,0.00722039226633035,0.00781720065819166,0.0215027882555545,0.070587407384469,0.00334769682677172,0.0198808648956501,0.0158063439858213,"calcite_flush_4_nondim","TEmean",1303
"3",0.900568920560998,0.978880962677048,0.969748332576434,0.874396655913029,0.934209690258438,0.860814618105557,0.83571357625198,0.865666374421075,"calcite_flush_4_nondim","FOsd2",1303
"4",0.0154677933658376,0.124484039409964,0.0926734166495475,0.219177645014399,0.0562633225488284,0.0505045366720889,0.179920365876388,0.0182325390901052,"calcite_flush_4_nondim","TEsd2",1303
