"","curr_inflow_rate","curr_diffusion_coef","curr_porosity","curr_gypsum_rate_constant","curr_calcite_rate_constant","curr_gypsum_surface_area","curr_calcite_surface_area","dfn_volume","output_var","sobol_type","boot_num"
"1",0.0121426766299295,0.00072709607592742,-0.00289290397934533,0.00789890955586549,-0.00641924157306496,0.00130755750382788,0.00718494604405795,0.00437316606068686,"calcite_flush_8_nondim","FOmean",1295
"2",0.0159413682240428,0.00287207224049599,0.026057183958245,0.0111021419325675,0.00560398166143443,0.00359278779494106,0.00436824377206025,0.0161742442305616,"calcite_flush_8_nondim","TEmean",1295
"3",0.99998061534749,0.999972366981827,0.999976730090837,0.999980579613696,0.99996947326429,0.99997828261343,0.999967236694418,0.999976843331534,"calcite_flush_8_nondim","FOsd2",1295
"4",1.54769292435216e-05,1.05886584857096e-05,1.49285620492701e-05,1.4372133502351e-05,1.30358237948736e-05,1.39541238890766e-05,1.92673033023515e-05,1.6689746466231e-05,"calcite_flush_8_nondim","TEsd2",1295
