"","curr_inflow_rate","curr_diffusion_coef","curr_porosity","curr_gypsum_rate_constant","curr_calcite_rate_constant","curr_gypsum_surface_area","curr_calcite_surface_area","dfn_volume","output_var","sobol_type","boot_num"
"1",0.181631426350892,-0.00196182713036999,0.00160580494872441,0.0246854080081827,0.0539072030546891,-0.00582733333345311,0.0106173483493631,0.0152269107116204,"calcite_flush_4_nondim","FOmean",667
"2",0.190276760790327,0.00623647743035436,0.00779005220571866,0.0232343333867549,0.0644888300587541,0.00239616106806977,0.0122797737193109,0.0184763583947406,"calcite_flush_4_nondim","TEmean",667
"3",0.334281928745226,0.624845186095992,0.62463267726375,0.613333510602198,0.726613075678921,0.784756709192405,0.716296361551482,0.449830577201641,"calcite_flush_4_nondim","FOsd2",667
"4",0.7177233263751,0.0984521039810932,0.0479930882855777,0.105853820012402,0.0603000955436142,0.175263395330132,0.209995760066915,0.492734202988337,"calcite_flush_4_nondim","TEsd2",667
