"","curr_inflow_rate","curr_diffusion_coef","curr_porosity","curr_gypsum_rate_constant","curr_calcite_rate_constant","curr_gypsum_surface_area","curr_calcite_surface_area","dfn_volume","output_var","sobol_type","boot_num"
"1",0.124934255445656,0.00742581412433343,0.00141387400574609,0.0337962545124053,0.0232729965766884,0.00696805359395039,0.0125400938001808,0.0013904634144784,"calcite_flush_4_nondim","FOmean",655
"2",0.136728349222202,0.00876257776167455,0.00687904306993159,0.0312168291218524,0.0317175669951437,0.00623593950488213,0.0120634370974927,0.0117946310906178,"calcite_flush_4_nondim","TEmean",655
"3",0.996778393693712,0.997525479923538,0.996023065726545,0.996966190066017,0.997345015128386,0.995181161114171,0.996922044386425,0.99716505218221,"calcite_flush_4_nondim","FOsd2",655
"4",0.00111229798186864,0.000147644271383628,0.00178611886197045,0.000426385619348539,0.000687693708099247,0.00247780939926946,0.000955322883675419,0.000785659421052921,"calcite_flush_4_nondim","TEsd2",655
