"","curr_inflow_rate","curr_diffusion_coef","curr_porosity","curr_gypsum_rate_constant","curr_calcite_rate_constant","curr_gypsum_surface_area","curr_calcite_surface_area","dfn_volume","output_var","sobol_type","boot_num"
"1",0.00497130553540055,0.0041244831740369,0.0170441265986041,0.0108156978438484,-0.00491105158791553,0.00753673411074355,-0.0034710930945454,-0.00145331223434618,"calcite_flush_7_nondim","FOmean",1282
"2",0.0115214008719038,0.00283168311666472,0.0257332985746439,0.00969296214683644,0.00373855672607826,0.00258519470381843,0.00340393608545349,0.0124484803986425,"calcite_flush_7_nondim","TEmean",1282
"3",0.999956636990364,0.999951395141911,0.99995804989725,0.999951655382949,0.999947962570386,0.99995620574802,0.999970155745665,0.999940098258063,"calcite_flush_7_nondim","FOsd2",1282
"4",9.77056785205023e-06,1.18440955751907e-05,3.74518463108109e-06,3.18313474027763e-05,2.71614272705255e-05,3.79896743017816e-06,2.18098243090033e-05,5.48218759964628e-05,"calcite_flush_7_nondim","TEsd2",1282
