"","curr_inflow_rate","curr_diffusion_coef","curr_porosity","curr_gypsum_rate_constant","curr_calcite_rate_constant","curr_gypsum_surface_area","curr_calcite_surface_area","dfn_volume","output_var","sobol_type","boot_num"
"1",0.0501061811091546,0.0102398611223488,-0.00877163164156689,0.00959108102706567,0.0266221668283416,-0.00847478488281446,-0.0072913401447045,0.0111269040974687,"calcite_flush_6_nondim","FOmean",483
"2",0.0535701207244773,0.00574642505446973,0.00482281889426952,0.00736474366209356,0.0120324227509759,0.00670741394485977,0.00424034252733976,0.0197208479229197,"calcite_flush_6_nondim","TEmean",483
"3",0.999063118117215,0.998761353361159,0.998584448504332,0.998755852244646,0.998664123619745,0.998696711517321,0.998644331519351,0.998446122750632,"calcite_flush_6_nondim","FOsd2",483
"4",0.000745550007606962,0.000252649281549415,0.000262573695599657,0.000435267559045333,0.000361291873957235,0.000206961074370542,0.000162707680577731,0.00051585666331863,"calcite_flush_6_nondim","TEsd2",483
