"","curr_inflow_rate","curr_diffusion_coef","curr_porosity","curr_gypsum_rate_constant","curr_calcite_rate_constant","curr_gypsum_surface_area","curr_calcite_surface_area","dfn_volume","output_var","sobol_type","boot_num"
"1",0.0589902448430276,0.00216320429306117,-0.00123300483996232,0.0300002059681163,0.00306274127875377,0.0108241295096831,0.0127088038847189,0.0170044995675718,"calcite_flush_5_nondim","FOmean",1676
"2",0.100344849203669,0.00285440812662137,0.00345909575397587,0.0317439420496351,0.0315482582505181,0.00429273749481082,0.00273315168021554,0.0548213761764758,"calcite_flush_5_nondim","TEmean",1676
"3",0.998015104165009,0.998032484090225,0.997983625545182,0.998046827335208,0.998097863897715,0.997943582048479,0.997915650422006,0.997872448676865,"calcite_flush_5_nondim","FOsd2",1676
"4",0.000481069421843567,0.000142277359848997,0.000255252401870911,0.000515796514114238,0.000268413739950435,0.000195871913097313,0.000327506051366714,0.00059549327278281,"calcite_flush_5_nondim","TEsd2",1676
