"","curr_inflow_rate","curr_diffusion_coef","curr_porosity","curr_gypsum_rate_constant","curr_calcite_rate_constant","curr_gypsum_surface_area","curr_calcite_surface_area","dfn_volume","output_var","sobol_type","boot_num"
"1",0.00140942595279179,0.00937470068735386,0.0205623967191277,0.00624472094162207,0.0197490113591236,-0.0158762837028471,-0.00239779246718747,0.00467116311918768,"calcite_flush_8_nondim","FOmean",1787
"2",0.0112277490051648,0.00279202718580227,0.0360516652475117,0.00576598715142664,0.00376499083292009,0.00299815578041478,0.00283957955635571,0.016856575910998,"calcite_flush_8_nondim","TEmean",1787
"3",0.999964063743953,0.999959989740086,0.999968808826486,0.999972711570847,0.999967260931692,0.999966124400561,0.999967189257256,0.999961622544228,"calcite_flush_8_nondim","FOsd2",1787
"4",1.12880959342556e-05,9.81847888774348e-06,1.20485850021727e-05,9.48377001133961e-06,1.48551176957354e-05,5.9966990837003e-06,7.04698465424983e-06,1.1763272487799e-05,"calcite_flush_8_nondim","TEsd2",1787
