"","curr_inflow_rate","curr_diffusion_coef","curr_porosity","curr_gypsum_rate_constant","curr_calcite_rate_constant","curr_gypsum_surface_area","curr_calcite_surface_area","dfn_volume","output_var","sobol_type","boot_num"
"1",0.0158648189068224,0.00364708233573397,0.0413597806678562,0.000978918002141264,0.00618884849032767,0.00619231123442182,0.00813521436499511,0.00610792860703184,"calcite_flush_9_nondim","FOmean",1116
"2",0.01118619154789,0.00244710905442689,0.0477338624609559,0.00456579686473057,0.00385924432803048,0.00352829177843238,0.00304227178341901,0.0150968610080486,"calcite_flush_9_nondim","TEmean",1116
"3",0.999954598050997,0.999965195195804,0.999955222823081,0.999925976246932,0.999952056072012,0.999952653847622,0.99994293614893,0.999953012775426,"calcite_flush_9_nondim","FOsd2",1116
"4",2.18672845667127e-05,2.19861090131809e-05,2.54831984830328e-05,2.02586344727224e-05,2.15307110690295e-05,6.89759138719586e-06,1.89192401514323e-05,1.18478205669854e-05,"calcite_flush_9_nondim","TEsd2",1116
