"","curr_inflow_rate","curr_diffusion_coef","curr_porosity","curr_gypsum_rate_constant","curr_calcite_rate_constant","curr_gypsum_surface_area","curr_calcite_surface_area","dfn_volume","output_var","sobol_type","boot_num"
"1",0.0143879569249587,0.00371757455730019,0.0112234278514416,-0.000801302413270012,0.0212180489207163,0.00742297892608291,-0.000544055809162181,0.0139198975634286,"calcite_flush_6_nondim","FOmean",1665
"2",0.0298795027025777,0.00335127213915726,0.0047618887996009,0.0085391817381314,0.00807618830261211,0.00281310927718346,0.00324315717474911,0.0191999396907855,"calcite_flush_6_nondim","TEmean",1665
"3",0.9983100574868,0.998192667055445,0.997886290897028,0.998144589903978,0.998285113037471,0.998112427111335,0.998306038886999,0.998192310800251,"calcite_flush_6_nondim","FOsd2",1665
"4",0.00117308985526873,0.000282969086754893,0.000347899269645442,0.000519023341859827,0.000334413860664977,0.000367408313479596,0.000462405791164815,0.000798185131656606,"calcite_flush_6_nondim","TEsd2",1665
