"","curr_inflow_rate","curr_diffusion_coef","curr_porosity","curr_gypsum_rate_constant","curr_calcite_rate_constant","curr_gypsum_surface_area","curr_calcite_surface_area","dfn_volume","output_var","sobol_type","boot_num"
"1",0.0151846136106666,-0.001061763036832,0.0149321270326341,0.00225894154937847,-0.00228493718167656,0.000690474569184289,0.00338092019912229,0.0135073637246253,"calcite_flush_8_nondim","FOmean",491
"2",0.012850247247845,0.00269582218307984,0.0157814766639666,0.00897311267863585,0.00407370121423511,0.00211350859954192,0.0031332774205259,0.0125059383894984,"calcite_flush_8_nondim","TEmean",491
"3",0.999982499215545,0.999982346125904,0.999983711224402,0.999981482226014,0.999983934465014,0.999985216896383,0.999982919848667,0.999982184730604,"calcite_flush_8_nondim","FOsd2",491
"4",4.026345615769e-06,2.33364891344137e-06,3.5997558941283e-06,7.92797412380914e-06,4.39435501581648e-06,2.5210438502294e-06,2.97730324508444e-06,5.3483140940646e-06,"calcite_flush_8_nondim","TEsd2",491
