"","curr_inflow_rate","curr_diffusion_coef","curr_porosity","curr_gypsum_rate_constant","curr_calcite_rate_constant","curr_gypsum_surface_area","curr_calcite_surface_area","dfn_volume","output_var","sobol_type","boot_num"
"1",0.00492664475123698,-0.00288661614616986,0.0319546820715378,-0.0037424690320847,0.00777779759182644,-0.00257648640134864,-0.00153132453942842,0.00605670335092363,"calcite_flush_9_nondim","FOmean",1566
"2",0.011397371383037,0.00226204576005455,0.0259765931642493,0.00721886171533237,0.00360419273525877,0.00270516535989925,0.00312730858163073,0.0161599426381301,"calcite_flush_9_nondim","TEmean",1566
"3",0.999972307005659,0.999977767594804,0.999975721165536,0.999979616380374,0.999983712718233,0.999977936003755,0.999925683039267,0.999979172712434,"calcite_flush_9_nondim","FOsd2",1566
"4",9.22950882431912e-06,4.20487508343949e-06,4.40888903276423e-06,5.30120856385331e-06,5.65636263643213e-06,4.29437083738152e-06,5.91224702688348e-05,5.651045860789e-06,"calcite_flush_9_nondim","TEsd2",1566
