"","curr_inflow_rate","curr_diffusion_coef","curr_porosity","curr_gypsum_rate_constant","curr_calcite_rate_constant","curr_gypsum_surface_area","curr_calcite_surface_area","dfn_volume","output_var","sobol_type","boot_num"
"1",0.110723564342965,0.0100699135386592,-0.00319296931326572,0.0281735112885943,-0.00719498308084791,-0.00524898753911864,-0.00529740458308132,0.0276037636260264,"calcite_flush_5_nondim","FOmean",80
"2",0.104487540924325,0.0014169500651884,0.00224005339809424,0.0320649821903393,0.0329937996356864,0.0027235563001727,0.00225249222437224,0.0643103234352291,"calcite_flush_5_nondim","TEmean",80
"3",0.996572956352542,0.996898001711113,0.997356007971628,0.996959750686546,0.996532440641777,0.997810379013722,0.997482803082063,0.997111985978828,"calcite_flush_5_nondim","FOsd2",80
"4",0.00167684726349916,0.00113583350014713,0.000273797551946994,0.00124925468248389,0.00191152067153603,0.000433028817810484,0.000513495393997164,0.00191357882048415,"calcite_flush_5_nondim","TEsd2",80
