"","curr_inflow_rate","curr_diffusion_coef","curr_porosity","curr_gypsum_rate_constant","curr_calcite_rate_constant","curr_gypsum_surface_area","curr_calcite_surface_area","dfn_volume","output_var","sobol_type","boot_num"
"1",0.00303099858649175,0.00404197778692836,0.0157393281838238,0.0120220488202162,0.0117318708265642,0.0066447543105382,0.00238990775696588,0.00587223019369828,"calcite_flush_9_nondim","FOmean",1188
"2",0.0110249106334924,0.00212054376569281,0.0219709051630827,0.00949758526968668,0.00466480686004217,0.00357631002252999,0.0036027452899375,0.0110618042975502,"calcite_flush_9_nondim","TEmean",1188
"3",0.999967532141848,0.999964932554421,0.999968510419796,0.999966736269579,0.999970470706319,0.999960185457976,0.999965638225715,0.999965573630925,"calcite_flush_9_nondim","FOsd2",1188
"4",5.11374944801955e-06,4.49096743189085e-06,7.77564909378711e-06,7.31540302817874e-06,8.15965749140138e-06,8.29766290037357e-06,4.02495517737572e-06,7.33460525286783e-06,"calcite_flush_9_nondim","TEsd2",1188
