"","curr_inflow_rate","curr_diffusion_coef","curr_porosity","curr_gypsum_rate_constant","curr_calcite_rate_constant","curr_gypsum_surface_area","curr_calcite_surface_area","dfn_volume","output_var","sobol_type","boot_num"
"1",0.116494625549939,0.00415436978169387,0.0085603385808685,0.0108362612983484,0.0343845638648332,0.00385760384525913,0.00144674402265902,0.00210965635457649,"calcite_flush_4_nondim","FOmean",1555
"2",0.110597270334215,0.00774115476132896,0.00935728029955296,0.0107343680831143,0.0366029450171634,0.00515620940748844,0.0088944721613572,0.00960483530007757,"calcite_flush_4_nondim","TEmean",1555
"3",0.948799742899096,0.924514940677434,0.94902071264393,0.940533348757031,0.944750380987375,0.932092017210339,0.951635784506481,0.908771416637973,"calcite_flush_4_nondim","FOsd2",1555
"4",0.00683746794080201,0.0194807170192326,0.00246894430589596,0.0145733018079442,0.0112791139366919,0.0157006618786561,0.00296298524815241,0.0399814501689468,"calcite_flush_4_nondim","TEsd2",1555
