"","curr_inflow_rate","curr_diffusion_coef","curr_porosity","curr_gypsum_rate_constant","curr_calcite_rate_constant","curr_gypsum_surface_area","curr_calcite_surface_area","dfn_volume","output_var","sobol_type","boot_num"
"1",0.0124079582010543,-0.00316395853799046,0.0128780745620658,0.00310184520983372,-0.00433714322597345,-0.00037275383214367,0.007840808181278,0.00459191139641005,"calcite_flush_8_nondim","FOmean",1637
"2",0.00987700229912517,0.00177633397381543,0.0246487803917771,0.00704885286588165,0.00445323409962442,0.00258131167804625,0.00414062105959056,0.0122106901276846,"calcite_flush_8_nondim","TEmean",1637
"3",0.999970920212123,0.999970957887794,0.999973275452583,0.999989323876182,0.99998492450935,0.999977636532539,0.99998082433006,0.999982800882211,"calcite_flush_8_nondim","FOsd2",1637
"4",5.08205222887623e-06,3.69063088062407e-06,1.00928851843651e-05,1.87966226269271e-05,1.24031096981473e-05,5.1664251895144e-06,1.61988747023067e-05,1.67176197504653e-05,"calcite_flush_8_nondim","TEsd2",1637
