"","curr_inflow_rate","curr_diffusion_coef","curr_porosity","curr_gypsum_rate_constant","curr_calcite_rate_constant","curr_gypsum_surface_area","curr_calcite_surface_area","dfn_volume","output_var","sobol_type","boot_num"
"1",0.0205132878208189,-0.00177348836395822,0.00407129113232765,0.013501320983329,0.00340942036444943,-0.000391726091678528,-0.00393792234929694,0.00451248127769987,"calcite_flush_7_nondim","FOmean",550
"2",0.0147846522919483,0.00286798970196533,0.0152116348965173,0.00798354522285438,0.00503895081889282,0.00278930031141313,0.00386889783398297,0.0138067973640973,"calcite_flush_7_nondim","TEmean",550
"3",0.999977786223874,0.999966499983406,0.999969842810846,0.999976271243463,0.999960709684829,0.999944029087474,0.999972565215993,0.999974814630154,"calcite_flush_7_nondim","FOsd2",550
"4",1.01822890335852e-05,7.96878049550291e-06,6.07146491157802e-06,2.09275562190504e-05,1.66919752152303e-05,1.36518941073179e-05,2.43633422240749e-05,2.29743274168443e-05,"calcite_flush_7_nondim","TEsd2",550
