"","curr_inflow_rate","curr_diffusion_coef","curr_porosity","curr_gypsum_rate_constant","curr_calcite_rate_constant","curr_gypsum_surface_area","curr_calcite_surface_area","dfn_volume","output_var","sobol_type","boot_num"
"1",0.152298295732203,0.00205252346906358,0.00595930269472929,0.0520379503550361,0.0742229521210474,0.00546464327022535,0.0136140055261356,0.0101153107343805,"calcite_flush_4_nondim","FOmean",1711
"2",0.171988557602923,0.00338005223190383,0.00803115334663152,0.050743623124804,0.0788836877249927,0.00584434307022191,0.0137779149590602,0.0144944938754699,"calcite_flush_4_nondim","TEmean",1711
"3",-49.3507363185098,-31.2077507350055,-44.4853184396998,-4.81888327920401,-2.66427940183707,-41.3336005578161,-1.13314655839505,-3.63376347986818,"calcite_flush_4_nondim","FOsd2",1711
"4",65.9818375461983,52.905239679183,4.0859955517958,49.1978480118757,49.8341978153286,4.13366461117827,46.9148011047134,41.5894775656758,"calcite_flush_4_nondim","TEsd2",1711
