"","curr_inflow_rate","curr_diffusion_coef","curr_porosity","curr_gypsum_rate_constant","curr_calcite_rate_constant","curr_gypsum_surface_area","curr_calcite_surface_area","dfn_volume","output_var","sobol_type","boot_num"
"1",0.00156814613104443,0.00448654478168889,0.00206405507901677,0.00840001502077911,-0.000664697911211796,0.000905725912028039,-0.00669022408192417,0.0126431798788736,"calcite_flush_7_nondim","FOmean",1792
"2",0.0118528255231784,0.00264402532556624,0.0213570770873835,0.00593365434331689,0.00200661060611216,0.00238457710647293,0.00322198494184549,0.0142800681466967,"calcite_flush_7_nondim","TEmean",1792
"3",0.999970601349076,0.999968613596678,0.999972453076284,0.999984152650862,0.99997222846656,0.999983527062084,0.999985547410953,0.999985235392576,"calcite_flush_7_nondim","FOsd2",1792
"4",1.35589005385656e-05,2.07290871559745e-05,1.00984960027681e-05,6.13141994119993e-06,1.58210650974075e-05,4.10178695255281e-06,5.85058301239141e-06,6.00387160204829e-06,"calcite_flush_7_nondim","TEsd2",1792
