"","curr_inflow_rate","curr_diffusion_coef","curr_porosity","curr_gypsum_rate_constant","curr_calcite_rate_constant","curr_gypsum_surface_area","curr_calcite_surface_area","dfn_volume","output_var","sobol_type","boot_num"
"1",-0.00102382367129466,0.000358327152075611,0.0198573434992989,-0.0018281552249484,-0.000346810228932827,-0.00829965473525881,-0.0107528833601626,0.0116059587069056,"calcite_flush_9_nondim","FOmean",1560
"2",0.0143156907740507,0.00290029330586048,0.0445232144358934,0.00361081115338237,0.00615158963011392,0.00405285120162341,0.00240086308572355,0.0229522304949881,"calcite_flush_9_nondim","TEmean",1560
"3",0.999976801001567,0.999976341719547,0.99997676325936,0.999974005759789,0.999979359904004,0.999977756201127,0.999972791343951,0.99996070687192,"calcite_flush_9_nondim","FOsd2",1560
"4",1.17563664183547e-05,2.83750409739017e-06,2.83417504060587e-06,5.42848982284687e-06,9.30423682852149e-06,5.89039538479114e-06,7.94660472745924e-06,2.16090657258433e-05,"calcite_flush_9_nondim","TEsd2",1560
