"","curr_inflow_rate","curr_diffusion_coef","curr_porosity","curr_gypsum_rate_constant","curr_calcite_rate_constant","curr_gypsum_surface_area","curr_calcite_surface_area","dfn_volume","output_var","sobol_type","boot_num"
"1",0.0193203374962869,0.00747664095571821,0.00350205715727584,-0.00232499905484745,0.0244351064471745,0.0101081594197716,0.0093933001161938,-0.00766505917888583,"calcite_flush_6_nondim","FOmean",561
"2",0.0309484064314564,0.00561743688608982,0.00376197518156844,0.00906806386161449,0.0130366379820756,0.00692957614921086,0.00431665402249997,0.0156811877766487,"calcite_flush_6_nondim","TEmean",561
"3",0.999330611103286,0.999084447197554,0.998942894734566,0.999005333354867,0.99899572139899,0.998873607393408,0.998952468518378,0.998990225072278,"calcite_flush_6_nondim","FOsd2",561
"4",0.000494774227524039,0.000103482712842688,0.000129854604750256,0.000143698021628568,0.000109410411030206,0.000239071439182457,0.000154345171881645,0.00023054882284892,"calcite_flush_6_nondim","TEsd2",561
