"","curr_inflow_rate","curr_diffusion_coef","curr_porosity","curr_gypsum_rate_constant","curr_calcite_rate_constant","curr_gypsum_surface_area","curr_calcite_surface_area","dfn_volume","output_var","sobol_type","boot_num"
"1",-0.00485009171935264,0.000527778905254328,0.0407731209211219,0.00465582861752822,-0.00696990281574167,0.0041528590063727,-0.00649118040924279,0.0143735970741874,"calcite_flush_7_nondim","FOmean",1138
"2",0.011712212680756,0.00371416901775214,0.0290959175743509,0.012660026040707,0.00593743644571742,0.00409289828795315,0.00532411128986654,0.0154398859246015,"calcite_flush_7_nondim","TEmean",1138
"3",0.999926401281672,0.999939522195582,0.999917290024726,0.999948264060093,0.999945256523072,0.99993512750245,0.999943462605072,0.999943779328806,"calcite_flush_7_nondim","FOsd2",1138
"4",3.15667832741241e-05,1.89453869462079e-05,3.3351564839174e-05,2.95751084025801e-05,1.92963702121352e-05,1.39929335991651e-05,1.24522738826849e-05,1.84083465466261e-05,"calcite_flush_7_nondim","TEsd2",1138
