"","curr_inflow_rate","curr_diffusion_coef","curr_porosity","curr_gypsum_rate_constant","curr_calcite_rate_constant","curr_gypsum_surface_area","curr_calcite_surface_area","dfn_volume","output_var","sobol_type","boot_num"
"1",-0.00208941726341532,-0.000509089257970509,0.0114145498550128,0.00187054125096331,0.000463611850200836,0.0006964363723518,-0.0055690183038326,-0.000743330806526802,"calcite_flush_7_nondim","FOmean",82
"2",0.0148206866395913,0.0030118943833155,0.0187082597438227,0.0130459427877542,0.0049431472768124,0.00265119154900422,0.00315054150442962,0.0184484302645008,"calcite_flush_7_nondim","TEmean",82
"3",0.999944957792739,0.999927903541295,0.999946940415837,0.999966946006228,0.999965996874936,0.999950614859976,0.999913188289857,0.999965145837888,"calcite_flush_7_nondim","FOsd2",82
"4",1.384929011637e-05,3.91970798521434e-05,1.73425103764621e-05,4.10078357502942e-05,2.97256758716662e-05,1.32026208581269e-05,3.32275482989975e-05,3.02612793230564e-05,"calcite_flush_7_nondim","TEsd2",82
