"","curr_inflow_rate","curr_diffusion_coef","curr_porosity","curr_gypsum_rate_constant","curr_calcite_rate_constant","curr_gypsum_surface_area","curr_calcite_surface_area","dfn_volume","output_var","sobol_type","boot_num"
"1",0.0361167729274624,0.018669066020763,-0.00266273589324529,0.0125377245934541,0.00313733772844235,0.00548141754554451,0.0205208549543222,0.0141378924822985,"calcite_flush_6_nondim","FOmean",363
"2",0.040251822993376,0.00356090342381326,0.00675960013282656,0.0075871545846078,0.0124623036437696,0.00329623194238595,0.00482671895580799,0.0190345475386238,"calcite_flush_6_nondim","TEmean",363
"3",0.999084469528708,0.999019105983055,0.999006348045552,0.998812158309394,0.999122676011255,0.999023158544802,0.998678311952584,0.999110109938325,"calcite_flush_6_nondim","FOsd2",363
"4",0.000925376042383056,0.000168325332204846,0.000226118295025769,0.000385897063825872,0.000193636255481323,0.000208442024086966,0.000489745272863661,0.00044608523813595,"calcite_flush_6_nondim","TEsd2",363
