"","curr_inflow_rate","curr_diffusion_coef","curr_porosity","curr_gypsum_rate_constant","curr_calcite_rate_constant","curr_gypsum_surface_area","curr_calcite_surface_area","dfn_volume","output_var","sobol_type","boot_num"
"1",0.122662836628097,0.00182974224971765,-0.00227790926648327,0.0183071261687824,0.0509094820679465,0.0035725624821489,0.0107699050073866,0.0041106184255409,"calcite_flush_4_nondim","FOmean",1135
"2",0.125665616217564,0.00660981893899458,0.0065664630837722,0.0201388408743006,0.0426119845664823,0.00729791426447446,0.0100750045438258,0.0141685326689389,"calcite_flush_4_nondim","TEmean",1135
"3",0.901278685790581,0.898481348145618,0.906597097324155,0.649626571819755,0.805924617922193,0.890305471341254,0.903324405065536,0.883488132263421,"calcite_flush_4_nondim","FOsd2",1135
"4",0.0363664077214923,0.0247560196081852,0.0170578099841622,0.267417530442381,0.102676472610297,0.0113237786638735,0.0315431392223028,0.00647723679543528,"calcite_flush_4_nondim","TEsd2",1135
