"","curr_inflow_rate","curr_diffusion_coef","curr_porosity","curr_gypsum_rate_constant","curr_calcite_rate_constant","curr_gypsum_surface_area","curr_calcite_surface_area","dfn_volume","output_var","sobol_type","boot_num"
"1",0.00107865209706092,0.00422903185837647,0.0206752957588775,0.00436905052290278,0.00225601255110837,0.0122113748546899,0.00521335062359353,-0.0111190774956718,"calcite_flush_7_nondim","FOmean",1198
"2",0.0158480867059779,0.00246429733617513,0.0237213501550304,0.00687770193325535,0.00585657186575902,0.00302291630476285,0.00290502632398451,0.0123991328720484,"calcite_flush_7_nondim","TEmean",1198
"3",0.999933254705152,0.99992027826135,0.999938291550267,0.999960741765483,0.999932504970172,0.999948965764168,0.999947087001151,0.999955909830748,"calcite_flush_7_nondim","FOsd2",1198
"4",3.19912803913376e-05,3.88775458093828e-05,8.84257180740938e-06,3.50349646658947e-05,2.98236816753801e-05,2.13890927544506e-05,1.62322636105644e-05,1.87003529351316e-05,"calcite_flush_7_nondim","TEsd2",1198
