"","curr_inflow_rate","curr_diffusion_coef","curr_porosity","curr_gypsum_rate_constant","curr_calcite_rate_constant","curr_gypsum_surface_area","curr_calcite_surface_area","dfn_volume","output_var","sobol_type","boot_num"
"1",0.00968109154152277,-0.00429225123797691,0.0176707478835634,0.00746722758444521,0.00197603203538853,-0.00316906193074075,-0.00126687113598124,0.0020601486515462,"calcite_flush_8_nondim","FOmean",203
"2",0.0104929637478699,0.00260432794663657,0.0215863490799608,0.00472981742432444,0.00355363452087282,0.0021305270046678,0.00296500301687723,0.0117641562046552,"calcite_flush_8_nondim","TEmean",203
"3",0.999950814070306,0.99995566567611,0.999972636237176,0.999967410497632,0.999975072040134,0.999966207319882,0.999972335615511,0.999971390933045,"calcite_flush_8_nondim","FOsd2",203
"4",2.20643254047941e-05,1.55755975556036e-05,3.31358199951121e-06,1.20069824467824e-05,7.55111306426324e-06,5.82378499838646e-06,6.57654303528968e-06,7.52415477160813e-06,"calcite_flush_8_nondim","TEsd2",203
