"","curr_inflow_rate","curr_diffusion_coef","curr_porosity","curr_gypsum_rate_constant","curr_calcite_rate_constant","curr_gypsum_surface_area","curr_calcite_surface_area","dfn_volume","output_var","sobol_type","boot_num"
"1",0.0899227187273191,0.00293282343689598,0.000347712546618565,0.0313929368359888,0.0363245604410042,0.0102975978366537,-0.00856248458037212,0.0409536004032778,"calcite_flush_5_nondim","FOmean",1496
"2",0.117664311463761,0.00310603108787482,0.00407047923806043,0.0456862520672798,0.034164524214192,0.00279153477708365,0.00351929671658249,0.06232844950746,"calcite_flush_5_nondim","TEmean",1496
"3",0.993987648109515,0.994038457242053,0.993839846622811,0.993882885073136,0.994770294787494,0.993877195644975,0.993684608833768,0.993971532702241,"calcite_flush_5_nondim","FOsd2",1496
"4",0.00251443880608753,0.000657397532191148,0.000857836189572814,0.00249087862815454,0.00174342831370717,0.00163374800382428,0.00110415158628203,0.0012174804581247,"calcite_flush_5_nondim","TEsd2",1496
