"","curr_inflow_rate","curr_diffusion_coef","curr_porosity","curr_gypsum_rate_constant","curr_calcite_rate_constant","curr_gypsum_surface_area","curr_calcite_surface_area","dfn_volume","output_var","sobol_type","boot_num"
"1",0.0790206325182453,0.00692768656179416,0.00112425901586226,0.0370147973293453,0.0295686012981001,-0.00288084231480198,-0.00423620935526253,0.0117237380039269,"calcite_flush_4_nondim","FOmean",1687
"2",0.106672328764615,0.00726233337147239,0.00957692277762832,0.0303616160480387,0.0411965550073895,0.00435828736537216,0.0119725726310112,0.0128779072249891,"calcite_flush_4_nondim","TEmean",1687
"3",0.939215182798904,0.906028444395435,0.534391935720717,0.851643788034462,0.919845901866962,0.914957215673607,0.633821873092655,0.893251992428199,"calcite_flush_4_nondim","FOsd2",1687
"4",0.0683332158064057,0.074639945347978,0.394686786584824,0.0607509697419521,0.0935581461068101,0.0563244028565965,0.277861508697089,0.0304373551012758,"calcite_flush_4_nondim","TEsd2",1687
