"","curr_inflow_rate","curr_diffusion_coef","curr_porosity","curr_gypsum_rate_constant","curr_calcite_rate_constant","curr_gypsum_surface_area","curr_calcite_surface_area","dfn_volume","output_var","sobol_type","boot_num"
"1",0.0644101563684265,0.00785858649734887,0.00708931462657728,0.010689991443562,0.00755780236245253,0.0145929483059979,0.00227368097104919,0.0245351586737636,"calcite_flush_6_nondim","FOmean",1233
"2",0.0492895777527456,0.00588568453317317,0.00647672503198201,0.00711924127809272,0.0124229194376919,0.00747326226448422,0.00400377652578834,0.0192245300218345,"calcite_flush_6_nondim","TEmean",1233
"3",0.999352273127062,0.999199814486612,0.999183831420187,0.999303212498242,0.999239736833971,0.999230712696472,0.999221502893317,0.999276904421157,"calcite_flush_6_nondim","FOsd2",1233
"4",0.000298520719543266,0.000122134588479227,0.000122659397537601,0.000183921409717791,0.00015283578404953,0.000126437147250527,0.000104181261959203,0.000327159735985921,"calcite_flush_6_nondim","TEsd2",1233
