"","curr_inflow_rate","curr_diffusion_coef","curr_porosity","curr_gypsum_rate_constant","curr_calcite_rate_constant","curr_gypsum_surface_area","curr_calcite_surface_area","dfn_volume","output_var","sobol_type","boot_num"
"1",-0.0238546497584386,-0.00719128789293793,0.0167583672567719,-0.000153635645775552,-0.0050265833670404,0.000457082563916541,-0.013772417756794,-0.00599987087089911,"calcite_flush_9_nondim","FOmean",594
"2",0.0109507775086927,0.00175999871500618,0.0284920415765427,0.00433080901009529,0.00382013065265745,0.00203160620996375,0.00179169629305478,0.0136573565658448,"calcite_flush_9_nondim","TEmean",594
"3",0.99997435695864,0.999930098866281,0.999975058548969,0.999975461455944,0.999922517643779,0.999959109846944,0.999960099498974,0.999980839469778,"calcite_flush_9_nondim","FOsd2",594
"4",3.80027173165611e-05,9.8732533269898e-06,1.95639808495325e-05,5.38000920178178e-05,1.59261810471164e-05,5.96292170125046e-05,5.74970383453234e-05,4.5027698273049e-05,"calcite_flush_9_nondim","TEsd2",594
