"","curr_inflow_rate","curr_diffusion_coef","curr_porosity","curr_gypsum_rate_constant","curr_calcite_rate_constant","curr_gypsum_surface_area","curr_calcite_surface_area","dfn_volume","output_var","sobol_type","boot_num"
"1",0.0125373909759581,0.00565707916444479,0.0250350850168827,0.00228314884966968,0.0109312709718928,1.78961756445255e-05,-0.0132094344523434,0.0239323145365894,"calcite_flush_8_nondim","FOmean",413
"2",0.0164617716404366,0.00222891585274748,0.0399693866160501,0.00516974480091217,0.0069334552984077,0.00340450127828289,0.00374654178693349,0.0175787312931525,"calcite_flush_8_nondim","TEmean",413
"3",0.999938954511831,0.999896150737108,0.999917052000607,0.999931823892836,0.99993168635728,0.999935739677541,0.999926429994256,0.999873329113153,"calcite_flush_8_nondim","FOsd2",413
"4",1.89661177642864e-05,2.62351793362636e-05,2.83990659013319e-05,3.23287096886518e-05,2.42336657733489e-05,1.43408341912205e-05,1.49972858432449e-05,0.000111801574529095,"calcite_flush_8_nondim","TEsd2",413
