"","curr_inflow_rate","curr_diffusion_coef","curr_porosity","curr_gypsum_rate_constant","curr_calcite_rate_constant","curr_gypsum_surface_area","curr_calcite_surface_area","dfn_volume","output_var","sobol_type","boot_num"
"1",0.107927702664394,-0.000615267496494014,-0.00357544160778363,0.0638450963409573,-0.0122429899967701,0.00427104049050873,-0.00868279818760949,0.0411805369662326,"calcite_flush_5_nondim","FOmean",1094
"2",0.145305622504546,0.00281250395985178,0.00445758490127252,0.0810785966985283,0.0228069529546117,0.00466571139851565,0.00436853250586015,0.0417106203795973,"calcite_flush_5_nondim","TEmean",1094
"3",0.984048860958224,0.984942797303466,0.987019790335025,0.986817556859931,0.987965610450255,0.986011943992815,0.988981029214636,0.988782770375115,"calcite_flush_5_nondim","FOsd2",1094
"4",0.0158341063719583,0.00522325094938733,0.00150876697090014,0.0102541387445998,0.010356551966168,0.00237861283101658,0.00232636327773713,0.00809309408765726,"calcite_flush_5_nondim","TEsd2",1094
