"","curr_inflow_rate","curr_diffusion_coef","curr_porosity","curr_gypsum_rate_constant","curr_calcite_rate_constant","curr_gypsum_surface_area","curr_calcite_surface_area","dfn_volume","output_var","sobol_type","boot_num"
"1",-0.00450134886518496,0.000641901060331812,0.0134088932523355,0.0108351149256182,0.00125491336227966,-0.00208245557968207,-0.00257488952659266,0.011588203054155,"calcite_flush_7_nondim","FOmean",1420
"2",0.00994619574852369,0.00122886306713194,0.0172056655669059,0.0080801763399189,0.00354993611262684,0.00289568818349195,0.00315939227971474,0.012829368590834,"calcite_flush_7_nondim","TEmean",1420
"3",0.999951907050044,0.99994767770603,0.999956468923302,0.999956509129987,0.999956399063591,0.999957493954536,0.99995889350072,0.999951986584774,"calcite_flush_7_nondim","FOsd2",1420
"4",8.84792088126432e-06,4.37069174344895e-06,5.6426971996373e-06,1.43496934019308e-05,5.36305247526982e-06,3.92517828625207e-06,5.24987271478637e-06,1.15130621697696e-05,"calcite_flush_7_nondim","TEsd2",1420
