"","curr_inflow_rate","curr_diffusion_coef","curr_porosity","curr_gypsum_rate_constant","curr_calcite_rate_constant","curr_gypsum_surface_area","curr_calcite_surface_area","dfn_volume","output_var","sobol_type","boot_num"
"1",-0.000715292219366047,0.00107354279164951,0.0274917891416682,0.000161015046514304,-0.00646272364927297,-0.0041327561268314,-0.000583334588629569,0.0125260880421211,"calcite_flush_8_nondim","FOmean",89
"2",0.0121490194633938,0.00225782968676312,0.0306186307820183,0.00671214917015519,0.00499700007678882,0.00220949942317118,0.00266499691591867,0.0152052570779414,"calcite_flush_8_nondim","TEmean",89
"3",0.999985282862907,0.999980076299223,0.999980640780622,0.999986578130272,0.999963791766501,0.999979680427044,0.999886876200523,0.999982537905811,"calcite_flush_8_nondim","FOsd2",89
"4",6.28293839861718e-06,6.84607033329482e-06,7.56283815020952e-06,1.36756515316471e-05,2.23407824608457e-05,6.60872655021282e-06,9.46772202414655e-05,6.49644815961816e-06,"calcite_flush_8_nondim","TEsd2",89
