"","curr_inflow_rate","curr_diffusion_coef","curr_porosity","curr_gypsum_rate_constant","curr_calcite_rate_constant","curr_gypsum_surface_area","curr_calcite_surface_area","dfn_volume","output_var","sobol_type","boot_num"
"1",0.00694385869257221,0.000816719641239434,0.026035300741706,0.00114638088325548,-0.00468921047770629,-0.00138417494237681,0.00163098293020507,0.00793799160349795,"calcite_flush_7_nondim","FOmean",1000
"2",0.0148362158517055,0.00283398567825903,0.0205827204282214,0.00912308164102283,0.00458123747758741,0.00261637612786032,0.00247254675852292,0.011992979046931,"calcite_flush_7_nondim","TEmean",1000
"3",0.999959501481852,0.999938651889512,0.999954971226777,0.999946501316959,0.999957969243182,0.999950548817167,0.999959286395381,0.99995991184316,"calcite_flush_7_nondim","FOsd2",1000
"4",2.01152960584751e-05,2.84093771267016e-05,2.4381889636861e-05,1.53294167552391e-05,1.60051865115057e-05,1.01150412826503e-05,1.2837722207657e-05,2.49886311296346e-05,"calcite_flush_7_nondim","TEsd2",1000
