"","curr_inflow_rate","curr_diffusion_coef","curr_porosity","curr_gypsum_rate_constant","curr_calcite_rate_constant","curr_gypsum_surface_area","curr_calcite_surface_area","dfn_volume","output_var","sobol_type","boot_num"
"1",0.0665244460755919,0.00198515703972968,-0.00022306022284098,0.0158823050961822,0.01816195535298,-0.00396572863500988,-0.00346226086019268,-0.00197691260448392,"calcite_flush_4_nondim","FOmean",7
"2",0.0849649773923548,0.00270747139469665,0.00543003007140924,0.0224437786007551,0.0410858351138175,0.00522534084530721,0.00817453899556412,0.009087527866885,"calcite_flush_4_nondim","TEmean",7
"3",-0.637330919497069,0.0356275244540976,0.680500758941125,-3.41419034047978,-108.697566767907,-3.19982566763065,0.463336476513101,-10.9138239657575,"calcite_flush_4_nondim","FOsd2",7
"4",5.43552089534293,1.6529692252271,3.36345697179742,0.430487367339741,112.564072022226,0.882529717156714,2.21824822925305,7.49304907748657,"calcite_flush_4_nondim","TEsd2",7
