"","curr_inflow_rate","curr_diffusion_coef","curr_porosity","curr_gypsum_rate_constant","curr_calcite_rate_constant","curr_gypsum_surface_area","curr_calcite_surface_area","dfn_volume","output_var","sobol_type","boot_num"
"1",0.16123207733629,-0.000650668059302649,0.0113723527329944,0.0319646059177001,0.0707361931095387,0.00553135132285139,0.00636384202101884,0.00711364161872512,"calcite_flush_4_nondim","FOmean",463
"2",0.176840512043304,0.00409565925874684,0.00886423876402565,0.0352736477168443,0.0777774614536082,0.00491290944827993,0.00789241170970876,0.0170295742371649,"calcite_flush_4_nondim","TEmean",463
"3",0.986793821344609,0.99873831980717,0.998857791673443,0.997594214007433,0.998574317512688,0.996667862531477,0.999094413372102,0.998394324997403,"calcite_flush_4_nondim","FOsd2",463
"4",0.0125622670415539,0.000452390907993964,0.000455198610691993,0.00162652667865887,0.000580567891884345,0.00217456104692377,0.000538649758728169,0.000771210962748422,"calcite_flush_4_nondim","TEsd2",463
