"","curr_inflow_rate","curr_diffusion_coef","curr_porosity","curr_gypsum_rate_constant","curr_calcite_rate_constant","curr_gypsum_surface_area","curr_calcite_surface_area","dfn_volume","output_var","sobol_type","boot_num"
"1",-0.0062478196685938,0.000783849308845923,0.021250198023644,-0.000478934447169381,-0.0106166300385077,-0.0060420733693425,-1.15886688827798e-05,0.0026734822890913,"calcite_flush_8_nondim","FOmean",287
"2",0.00924448506556635,0.00212972427316855,0.0235982581411922,0.00647508000210487,0.00428036287731508,0.00262431303158736,0.00188744625509614,0.013353830709241,"calcite_flush_8_nondim","TEmean",287
"3",0.999980829836759,0.999969267471793,0.999975070455843,0.999982502629217,0.999966134623053,0.999982854748086,0.999982471998212,0.999979354416842,"calcite_flush_8_nondim","FOsd2",287
"4",1.01538054019876e-05,5.90228168769863e-06,6.86757837128795e-06,1.40130469738103e-05,1.35663926204257e-05,7.59979783175817e-06,7.90975361438435e-06,6.64772689136515e-06,"calcite_flush_8_nondim","TEsd2",287
