"","curr_inflow_rate","curr_diffusion_coef","curr_porosity","curr_gypsum_rate_constant","curr_calcite_rate_constant","curr_gypsum_surface_area","curr_calcite_surface_area","dfn_volume","output_var","sobol_type","boot_num"
"1",0.0917738952184383,0.0128596641622131,0.00764431896586618,0.0281762285325799,0.0454906479546437,0.0129994169407882,0.0174456100115877,0.0388573869856727,"calcite_flush_5_nondim","FOmean",278
"2",0.105768558780781,0.00515783158029235,0.0029533127416482,0.0487701125195639,0.0325102846642074,0.0028843853024667,0.0105921776926798,0.070852571567824,"calcite_flush_5_nondim","TEmean",278
"3",0.998542387756323,0.998760444142245,0.998631754789197,0.99870587856001,0.998949690357861,0.998649049915462,0.998433158107493,0.998900820132893,"calcite_flush_5_nondim","FOsd2",278
"4",0.00118103776833196,0.00027456735198422,0.000340458952220746,0.000778324577448301,0.000513918586198347,0.000189661859047586,0.00055249946066321,0.000825305814969764,"calcite_flush_5_nondim","TEsd2",278
