"","curr_inflow_rate","curr_diffusion_coef","curr_porosity","curr_gypsum_rate_constant","curr_calcite_rate_constant","curr_gypsum_surface_area","curr_calcite_surface_area","dfn_volume","output_var","sobol_type","boot_num"
"1",0.0125678159353161,0.00820131610537861,-0.00497191752915568,0.00302435948986274,4.95841547966207e-05,-0.000288442695217025,0.0107990768183899,-0.00109307144733244,"calcite_flush_6_nondim","FOmean",213
"2",0.0351190955208409,0.00569333534031638,0.00694131610071367,0.00338702679389539,0.0151705713697673,0.00334307891498412,0.00386623374366117,0.020970813533772,"calcite_flush_6_nondim","TEmean",213
"3",0.999384078075586,0.999272280322141,0.999240595877989,0.999234156408016,0.99935696143033,0.999136270768944,0.999153585136196,0.998788370430835,"calcite_flush_6_nondim","FOsd2",213
"4",0.000439733669175882,0.000137069347596931,0.000161154158490611,0.000176976490139647,0.00022618917311079,0.000297218272350817,0.000182744727717297,0.000583062989981163,"calcite_flush_6_nondim","TEsd2",213
