"","curr_inflow_rate","curr_diffusion_coef","curr_porosity","curr_gypsum_rate_constant","curr_calcite_rate_constant","curr_gypsum_surface_area","curr_calcite_surface_area","dfn_volume","output_var","sobol_type","boot_num"
"1",0.0404256109277664,-0.00225123296718285,0.00415934782796222,0.0162629851502953,-0.00688692352431674,-0.00619851398950599,0.00189190115394612,-0.0369267125969687,"calcite_flush_5_nondim","FOmean",614
"2",0.131019530989035,0.00392073344373925,0.00407552630395259,0.0488512583756008,0.0298008753054705,0.0030526799661124,0.00545307184198107,0.0394733370508652,"calcite_flush_5_nondim","TEmean",614
"3",0.996992516722085,0.997060135856368,0.99664343533615,0.996465008777401,0.996986407619531,0.996615475755508,0.997111312342574,0.996738788397384,"calcite_flush_5_nondim","FOsd2",614
"4",0.00219731338826653,0.000440015017490393,0.000832749282014594,0.00215229665652877,0.00166770120084257,0.000696148220088302,0.000490840406908618,0.00131933737109316,"calcite_flush_5_nondim","TEsd2",614
