"","curr_inflow_rate","curr_diffusion_coef","curr_porosity","curr_gypsum_rate_constant","curr_calcite_rate_constant","curr_gypsum_surface_area","curr_calcite_surface_area","dfn_volume","output_var","sobol_type","boot_num"
"1",0.0178258482555635,0.00176734585685907,-0.00709604034560976,0.00371430359968473,0.0249292997979705,0.00744643897399161,-0.0110894716532509,0.0205320207383234,"calcite_flush_6_nondim","FOmean",1737
"2",0.0424767960268662,0.0035414765294626,0.00561188562684137,0.0118220517976674,0.014288090550569,0.00598810390399701,0.00472475996682025,0.0212648069513438,"calcite_flush_6_nondim","TEmean",1737
"3",0.999062061250278,0.998543337571976,0.998612288628986,0.998246077085158,0.998544999421903,0.99793357175837,0.998577349720862,0.998927362287903,"calcite_flush_6_nondim","FOsd2",1737
"4",0.000780623907402003,0.000315771387542128,0.000141719885194223,0.000598931818394613,0.000477886829135347,0.000882635374457949,0.000307640664700732,0.000514381110097939,"calcite_flush_6_nondim","TEsd2",1737
