"","curr_inflow_rate","curr_diffusion_coef","curr_porosity","curr_gypsum_rate_constant","curr_calcite_rate_constant","curr_gypsum_surface_area","curr_calcite_surface_area","dfn_volume","output_var","sobol_type","boot_num"
"1",0.0148063448808549,-0.00847542391845659,0.0209151778756113,-0.00135789730858595,0.00209775027843028,-0.00321254963433551,-0.00369115566490244,-0.00183238811803092,"calcite_flush_9_nondim","FOmean",1506
"2",0.0130441452831978,0.00269616384677624,0.0361479701953699,0.00658385900343003,0.00549226993632079,0.00320826606759211,0.00240235948788418,0.017388402978101,"calcite_flush_9_nondim","TEmean",1506
"3",0.999982820889646,0.999974311134685,0.99997699468495,0.999980866406357,0.999981056280868,0.999982145162253,0.999983641910342,0.999988869948864,"calcite_flush_9_nondim","FOsd2",1506
"4",1.30882571831898e-05,5.48262388848051e-06,5.71992851477895e-06,8.47008558849616e-06,1.11300306005928e-05,1.58372032631058e-05,6.94000949190287e-06,1.48429524038071e-05,"calcite_flush_9_nondim","TEsd2",1506
