"","curr_inflow_rate","curr_diffusion_coef","curr_porosity","curr_gypsum_rate_constant","curr_calcite_rate_constant","curr_gypsum_surface_area","curr_calcite_surface_area","dfn_volume","output_var","sobol_type","boot_num"
"1",0.0032310923979929,0.000909196430301253,0.0424279508591941,0.0152731414733187,-0.00368147707016297,-0.000226042849649157,0.00272230989912614,0.0105433994714182,"calcite_flush_7_nondim","FOmean",340
"2",0.0127326211579698,0.00362532240381114,0.0332521163439798,0.0121014581147435,0.0031477413225149,0.00367476883720295,0.00478447654854364,0.0155238114165243,"calcite_flush_7_nondim","TEmean",340
"3",0.999881375910253,0.999888137382837,0.99987911374344,0.999885000340712,0.999879747423972,0.999877298372031,0.999874165504754,0.999878457974236,"calcite_flush_7_nondim","FOsd2",340
"4",1.09839949088149e-05,1.09930405635511e-05,2.61689455126644e-05,3.50926267199814e-05,1.95534361289074e-05,2.81515343637849e-05,5.30432383071932e-05,2.76399591843276e-05,"calcite_flush_7_nondim","TEsd2",340
