"","curr_inflow_rate","curr_diffusion_coef","curr_porosity","curr_gypsum_rate_constant","curr_calcite_rate_constant","curr_gypsum_surface_area","curr_calcite_surface_area","dfn_volume","output_var","sobol_type","boot_num"
"1",0.00212349742319465,-0.00139967489340753,0.00250467607822517,-0.0056255218490935,-0.00287242702267752,-0.00125267296208099,-0.00428313519375153,0.00683964825614528,"calcite_flush_7_nondim","FOmean",754
"2",0.0129576435044808,0.00353126635603177,0.0179144660092663,0.00689394003324596,0.00471700254973024,0.00310436526359187,0.00411368151832889,0.0148525524885462,"calcite_flush_7_nondim","TEmean",754
"3",0.999939212851915,0.999930579544528,0.9999209577809,0.9999400371994,0.999919951839888,0.999936275122836,0.999911775766293,0.999939520603347,"calcite_flush_7_nondim","FOsd2",754
"4",1.70664926193461e-05,1.79357783106112e-05,1.46799872250847e-05,2.55573332507825e-05,3.20804734465864e-05,1.17148677617138e-05,2.32237595737865e-05,1.66687459211167e-05,"calcite_flush_7_nondim","TEsd2",754
