"","curr_inflow_rate","curr_diffusion_coef","curr_porosity","curr_gypsum_rate_constant","curr_calcite_rate_constant","curr_gypsum_surface_area","curr_calcite_surface_area","dfn_volume","output_var","sobol_type","boot_num"
"1",0.0149318175623947,-0.00162649495183992,0.0189177799995774,0.00531199241817715,0.00557274099822906,-0.00353235228568048,-0.000268540971199825,-0.010794631892311,"calcite_flush_9_nondim","FOmean",420
"2",0.0102249555789381,0.00270181023667108,0.0220440663859769,0.00658617251815778,0.00565031660429163,0.00188029797972821,0.00174961488330223,0.0145053466547908,"calcite_flush_9_nondim","TEmean",420
"3",0.99995501543888,0.999973325753202,0.999965891305811,0.999972644995878,0.999975439191495,0.999966468766478,0.999975475272747,0.999941907261344,"calcite_flush_9_nondim","FOsd2",420
"4",6.5065548976072e-06,8.8828655885092e-06,1.65456404911162e-05,1.04982539105662e-05,1.54583566896581e-05,1.40783096290571e-05,7.82700793929816e-06,4.7853385873076e-05,"calcite_flush_9_nondim","TEsd2",420
