"","curr_inflow_rate","curr_diffusion_coef","curr_porosity","curr_gypsum_rate_constant","curr_calcite_rate_constant","curr_gypsum_surface_area","curr_calcite_surface_area","dfn_volume","output_var","sobol_type","boot_num"
"1",0.325368189558171,0.00535728400630371,0.0976368293659128,0.0553499229781935,0.11765093712379,0.00132577860683042,0.00422976964275357,0.0275883129698603,"calcite_flush_1","FOmean",1353
"2",0.705182126892784,0.385641832786043,0.431250828095608,0.493815815335508,0.297236410761086,0.261278825729322,0.305514049508311,0.27191057128115,"calcite_flush_1","TEmean",1353
"3",1,1,1,1,1,1,1,1,"calcite_flush_1","FOsd2",1353
"4",5.46633949872111e-27,6.36305305071913e-27,6.35783516559297e-27,4.00485673481092e-27,7.91548125957308e-27,4.14733883058603e-27,5.64372398209656e-27,3.70419504920181e-27,"calcite_flush_1","TEsd2",1353
