"","curr_inflow_rate","curr_diffusion_coef","curr_porosity","curr_gypsum_rate_constant","curr_calcite_rate_constant","curr_gypsum_surface_area","curr_calcite_surface_area","dfn_volume","output_var","sobol_type","boot_num"
"1",0.896044828945819,0.0171755365032803,0.0291590851511152,0.0632749090684962,0.0447095475994854,-0.0112550099833332,0.0296909269816174,-0.0200970709485368,"calcite_flush_1","FOmean",261
"2",1.265614081091,0.16710222623215,0.129559335474983,0.271538183569472,0.116363201362348,0.175110944821113,0.241096256978311,0.201240520154386,"calcite_flush_1","TEmean",261
"3",1,1,1,1,1,1,1,1,"calcite_flush_1","FOsd2",261
"4",2.65743389688974e-34,2.62436879461143e-34,2.39981073430456e-34,1.73424187996279e-34,2.77294574714793e-34,1.09082038345304e-34,1.78684562142937e-34,2.55376903380882e-34,"calcite_flush_1","TEsd2",261
