"","curr_inflow_rate","curr_diffusion_coef","curr_porosity","curr_gypsum_rate_constant","curr_calcite_rate_constant","curr_gypsum_surface_area","curr_calcite_surface_area","dfn_volume","output_var","sobol_type","boot_num"
"1",0.0920258617147537,-0.000689151304851174,-0.00679365746334308,0.00563896429033662,0.000192238722857642,-0.000228345193693189,-0.0054785092679198,-0.00652824863943805,"calcite_flush_5","FOmean",1539
"2",0.126756528288432,0.00491263156933293,0.00894885060943186,0.00423412353871958,0.00771761345896532,0.00349960027891196,0.00463004080182625,0.0311436622512502,"calcite_flush_5","TEmean",1539
"3",0.999452943099994,0.999389683214411,0.998957222430223,0.999387014027049,0.999016525030001,0.999159865291103,0.999177630953835,0.999439527733816,"calcite_flush_5","FOsd2",1539
"4",0.000264011580692593,0.000214004447605779,0.000361863740509729,0.000228895698199054,0.000333486873503813,0.000166202327132054,0.00040410839367702,0.000283865409879113,"calcite_flush_5","TEsd2",1539
