"","curr_inflow_rate","curr_diffusion_coef","curr_porosity","curr_gypsum_rate_constant","curr_calcite_rate_constant","curr_gypsum_surface_area","curr_calcite_surface_area","dfn_volume","output_var","sobol_type","boot_num"
"1",0.102352680524429,-0.00618586689639936,-0.00659394074203374,0.00469109914279355,0.0108506167404261,0.0019450780676295,-0.00496725113447399,0.00956503539420589,"calcite_flush_5","FOmean",34
"2",0.122250909316407,0.0056329281200871,0.00564066455704364,0.00483094359617749,0.007939661744547,0.00297532641578931,0.0048782460626928,0.0314862068556359,"calcite_flush_5","TEmean",34
"3",0.999565726290284,0.99958323669405,0.999593637559613,0.999575863208539,0.999566863898913,0.999538839813159,0.999436156209399,0.999561419496992,"calcite_flush_5","FOsd2",34
"4",9.63018519806792e-05,0.000116589095344898,0.00020694840647149,0.000178264225521563,0.000116276023753206,0.000118018391925957,0.000156085290594903,0.000141509015450136,"calcite_flush_5","TEsd2",34
