"","curr_inflow_rate","curr_diffusion_coef","curr_porosity","curr_gypsum_rate_constant","curr_calcite_rate_constant","curr_gypsum_surface_area","curr_calcite_surface_area","dfn_volume","output_var","sobol_type","boot_num"
"1",0.0983849128949013,-0.00146533843363681,0.00740656596921382,0.0137683024145928,-0.0111763796310725,0.00277725517463907,0.0162891128869963,-0.00303909552669071,"calcite_flush_5","FOmean",1763
"2",0.143134516415884,0.00686887393831563,0.0110957816544802,0.00972005719149314,0.00651300310621487,0.00519715182535122,0.00491554508131222,0.0266217006207199,"calcite_flush_5","TEmean",1763
"3",0.999604965648802,0.999591902724438,0.999614723028033,0.999645337623621,0.99949745278421,0.999423518789885,0.999603374710874,0.999597642119074,"calcite_flush_5","FOsd2",1763
"4",0.000119652862886553,7.81845841621649e-05,9.53495411585722e-05,0.000149039586662352,0.000119470078707654,0.000104301180485045,0.000100681581123062,0.000122053736666177,"calcite_flush_5","TEsd2",1763
