"","curr_inflow_rate","curr_diffusion_coef","curr_porosity","curr_gypsum_rate_constant","curr_calcite_rate_constant","curr_gypsum_surface_area","curr_calcite_surface_area","dfn_volume","output_var","sobol_type","boot_num"
"1",0.294551512686755,0.0322258006667958,0.00692171570865869,0.224123336201773,0.0031259664605235,0.040480670416095,0.0487810775418556,0.0863518861642497,"calcite_flush_1","FOmean",513
"2",0.719154984705369,0.230861520403382,0.164808104856448,0.50515688455589,0.253076698735132,0.203978376912893,0.260735364344766,0.235276993127168,"calcite_flush_1","TEmean",513
"3",1,1,1,1,1,1,1,1,"calcite_flush_1","FOsd2",513
"4",6.85873833486676e-34,4.58352296122846e-34,5.14481842135455e-34,6.52121687169839e-34,5.63679396364553e-34,4.85486391462887e-34,5.73775560323142e-34,5.86350412845171e-34,"calcite_flush_1","TEsd2",513
