"","curr_inflow_rate","curr_diffusion_coef","curr_porosity","curr_gypsum_rate_constant","curr_calcite_rate_constant","curr_gypsum_surface_area","curr_calcite_surface_area","dfn_volume","output_var","sobol_type","boot_num"
"1",0.0277006838951346,2.72825409971575e-05,0.0101842861419871,-0.000171062462121442,-0.00204510978412772,-0.00329930236960008,0.00137746935833931,0.0134239450402307,"calcite_flush_6","FOmean",987
"2",0.0457127706828375,0.00375096852729571,0.0136784369902533,0.00622879389193202,0.00335643883257934,0.00372816757320716,0.00282509026425753,0.0194469304187597,"calcite_flush_6","TEmean",987
"3",0.999918705483952,0.999928914600898,0.999903782047334,0.999932122338968,0.999934369620271,0.999922902622394,0.999914529804292,0.999901745632905,"calcite_flush_6","FOsd2",987
"4",3.12324948955667e-05,8.35321647978451e-06,2.84143978131041e-05,2.04891831687894e-05,1.87231210069224e-05,7.42131373343252e-06,1.64586230992796e-05,3.70043001011304e-05,"calcite_flush_6","TEsd2",987
