"","curr_inflow_rate","curr_diffusion_coef","curr_porosity","curr_gypsum_rate_constant","curr_calcite_rate_constant","curr_gypsum_surface_area","curr_calcite_surface_area","dfn_volume","output_var","sobol_type","boot_num"
"1",0.0277490181383836,0.00670267447292528,0.0156820493571275,0.00514110671225364,-0.000947060080780439,0.00441583328368896,0.00977722853114236,0.00254056373617291,"calcite_flush_6","FOmean",1631
"2",0.0428144300960555,0.00397226396815825,0.0161314201659134,0.00532450409254308,0.00531202325438956,0.00292162365164513,0.00268537398996728,0.0200430554588652,"calcite_flush_6","TEmean",1631
"3",0.999959982354999,0.999938108013717,0.99995831383964,0.999946524737488,0.999951743063568,0.99992660017862,0.999932131602111,0.999923648646748,"calcite_flush_6","FOsd2",1631
"4",2.96136416599626e-05,2.8513796966871e-05,2.82058839070672e-05,2.41707470083495e-05,4.21189382672351e-05,4.21674747252313e-05,1.25409135257256e-05,1.9897840975869e-05,"calcite_flush_6","TEsd2",1631
