"","curr_inflow_rate","curr_diffusion_coef","curr_porosity","curr_gypsum_rate_constant","curr_calcite_rate_constant","curr_gypsum_surface_area","curr_calcite_surface_area","dfn_volume","output_var","sobol_type","boot_num"
"1",1.43746302385712,0.103219276335641,0.0580929843955509,-0.009714630987274,0.156225661465372,0.188481239697444,0.268702874247027,0.381900010891061,"calcite_flush_1","FOmean",849
"2",2.37733210904455,0.439908422375116,0.525201651749262,0.671646719200053,0.274594680895663,0.440631114438035,0.800711378126744,0.766946541031582,"calcite_flush_1","TEmean",849
"3",1,1,1,1,1,1,1,1,"calcite_flush_1","FOsd2",849
"4",7.89681153248326e-35,6.52440680088495e-35,5.31045002231295e-35,6.87075332032261e-35,5.8774692378175e-35,7.08460949575938e-35,5.5648792170992e-35,1.11048162305558e-34,"calcite_flush_1","TEsd2",849
