"","curr_inflow_rate","curr_diffusion_coef","curr_porosity","curr_gypsum_rate_constant","curr_calcite_rate_constant","curr_gypsum_surface_area","curr_calcite_surface_area","dfn_volume","output_var","sobol_type","boot_num"
"1",0.120892529519627,-8.66094050251456e-05,0.00487148423324936,0.00129435610781445,0.00277116934792437,-0.000799831914884569,0.00195447200991909,0.0368449937939783,"calcite_flush_5","FOmean",48
"2",0.146339490970391,0.00378017766267433,0.0100642516343874,0.00364107716676881,0.00574111988610485,0.00397683671684555,0.00449078541688521,0.0321900111524201,"calcite_flush_5","TEmean",48
"3",0.999072933148886,0.999220357732167,0.999108223573731,0.998687635277906,0.999141749922252,0.999026157599695,0.999131294136259,0.99925853590362,"calcite_flush_5","FOsd2",48
"4",0.000397852202646789,0.000304160740810473,0.000336852063627874,0.000809187751349984,0.000354112751875823,0.000140192242322829,0.000325938152313633,0.000195663833251088,"calcite_flush_5","TEsd2",48
