"","curr_inflow_rate","curr_diffusion_coef","curr_porosity","curr_gypsum_rate_constant","curr_calcite_rate_constant","curr_gypsum_surface_area","curr_calcite_surface_area","dfn_volume","output_var","sobol_type","boot_num"
"1",0.351336867791724,-0.0192152301970948,0.0616811366717934,0.0107397779797949,0.0381333001298968,0.00315418209371757,-0.0224828883561527,0.0708295666943089,"calcite_flush_0","FOmean",1184
"2",0.798313275016073,0.23344004377039,0.175584238963986,0.293234038849202,0.268119109313065,0.212799318835795,0.300945454666275,0.322606539782083,"calcite_flush_0","TEmean",1184
"3",1,1,1,1,1,1,1,1,"calcite_flush_0","FOsd2",1184
"4",1.5649230921973e-44,2.7487453754289e-44,2.15959929131909e-44,2.2814532857138e-44,2.60903614596181e-44,2.55823155505344e-44,2.00394552489143e-44,1.72992920231333e-43,"calcite_flush_0","TEsd2",1184
