"","curr_inflow_rate","curr_diffusion_coef","curr_porosity","curr_gypsum_rate_constant","curr_calcite_rate_constant","curr_gypsum_surface_area","curr_calcite_surface_area","dfn_volume","output_var","sobol_type","boot_num"
"1",0.0497376048491805,0.002693336940017,0.00797633616575264,-0.00649029580623997,0.00459927157968357,0.00196327499868975,-0.00516272804516679,0.0082378312679961,"calcite_flush_6","FOmean",315
"2",0.0597915878098753,0.00364426896528595,0.0156040783395322,0.00471082710374339,0.00398997634113814,0.00313826716274174,0.00303644174971346,0.0231220789743825,"calcite_flush_6","TEmean",315
"3",0.999870382628712,0.99988123481927,0.999873026155522,0.999874088351491,0.999864961382905,0.999867655165398,0.999854321456085,0.999868164081282,"calcite_flush_6","FOsd2",315
"4",4.52466899955065e-05,2.55283057546897e-05,3.40318827567366e-05,6.503420699312e-05,6.62983923708722e-05,3.84949879726508e-05,4.44199050061684e-05,2.92709125664184e-05,"calcite_flush_6","TEsd2",315
