"","curr_inflow_rate","curr_diffusion_coef","curr_porosity","curr_gypsum_rate_constant","curr_calcite_rate_constant","curr_gypsum_surface_area","curr_calcite_surface_area","dfn_volume","output_var","sobol_type","boot_num"
"1",0.358875177377564,0.000184408223051923,-0.000266460333554581,0.00811088098411405,0.0197140496317004,0.0058555225779239,0.0117039178500142,3.32153417698398e-05,"calcite_flush_3","FOmean",1915
"2",0.385973817322781,0.00518303800569219,0.00420858554718901,0.0162378261788869,0.0294003130051903,0.00507028101551585,0.0146872116901783,0.0118794081559069,"calcite_flush_3","TEmean",1915
"3",0.400275169233472,0.45503117945263,-0.431129130937956,0.229016333297145,0.366449888762573,0.356446386505046,0.278089337005858,-0.136288670415217,"calcite_flush_3","FOsd2",1915
"4",1.00182328232415,0.956450079335143,0.0434760933701326,0.231340011375058,0.439139622844812,0.442988706478372,1.14106697468362,0.0662884683318125,"calcite_flush_3","TEsd2",1915
