"","curr_inflow_rate","curr_diffusion_coef","curr_porosity","curr_gypsum_rate_constant","curr_calcite_rate_constant","curr_gypsum_surface_area","curr_calcite_surface_area","dfn_volume","output_var","sobol_type","boot_num"
"1",0.115012565979621,-0.00211932992103246,0.00230738536137466,-0.00225470422337401,-0.00296970144090701,-0.0034125338061021,-0.00695741349839221,-0.00439278668448109,"calcite_flush_4","FOmean",1685
"2",0.151123541337548,0.00512559450391258,0.00577831673462563,0.00605392539177807,0.00937334700445957,0.00378587724935028,0.0078159151610801,0.0330835941364559,"calcite_flush_4","TEmean",1685
"3",0.99969139276204,0.999661525870437,0.999709041636771,0.999704446237707,0.999696625049967,0.999663665822038,0.999701694376053,0.999645543578453,"calcite_flush_4","FOsd2",1685
"4",0.000133224738921731,0.000144185296443774,8.7757824396886e-05,9.89410798807122e-05,0.000134293749897647,9.6977831814242e-05,8.79746327365828e-05,0.00014122639890777,"calcite_flush_4","TEsd2",1685
