"","curr_inflow_rate","curr_diffusion_coef","curr_porosity","curr_gypsum_rate_constant","curr_calcite_rate_constant","curr_gypsum_surface_area","curr_calcite_surface_area","dfn_volume","output_var","sobol_type","boot_num"
"1",1.51497835836685,-0.0661966856055776,-0.00348807026707811,0.0644911711374115,0.142641203763317,-0.0168538867512349,-0.0324645759737611,0.21291070476492,"calcite_flush_0","FOmean",1331
"2",2.78866181875186,0.334597603596936,0.592578356416488,0.476599711425306,0.875204341834847,0.576297525903086,0.371937116975848,0.553684680541115,"calcite_flush_0","TEmean",1331
"3",1,1,1,1,1,1,1,1,"calcite_flush_0","FOsd2",1331
"4",6.57652487510887e-25,3.9081118704544e-25,4.7962379600163e-25,2.69362189099296e-25,5.08698462313336e-25,3.19631221828026e-25,3.38806966995536e-25,3.34371691618382e-25,"calcite_flush_0","TEsd2",1331
