"","curr_inflow_rate","curr_diffusion_coef","curr_porosity","curr_gypsum_rate_constant","curr_calcite_rate_constant","curr_gypsum_surface_area","curr_calcite_surface_area","dfn_volume","output_var","sobol_type","boot_num"
"1",0.0691510266247885,0.00150742474222987,0.00192241345033224,0.00334405967719888,0.00155629069985881,0.00119046349406689,0.00494177151495027,0.00620579398090793,"calcite_flush_2","FOmean",2096
"2",0.0819224116306448,0.00528958957735672,0.00365389972113625,0.0115278735909167,0.00267604833313764,0.00166003389496466,0.012480358498115,0.011791210751329,"calcite_flush_2","TEmean",2096
"3",0.888655296332323,0.218430446000013,0.788786116465388,0.733424065815319,0.757616958892098,0.862189203036989,0.0669178244323816,0.381859102516151,"calcite_flush_2","FOsd2",2096
"4",0.281960903734531,0.640123942786973,0.0684884862000024,0.167905150442319,0.215357604442228,0.180475318163811,0.701839279979602,0.161846882315515,"calcite_flush_2","TEsd2",2096
