"","curr_inflow_rate","curr_diffusion_coef","curr_porosity","curr_gypsum_rate_constant","curr_calcite_rate_constant","curr_gypsum_surface_area","curr_calcite_surface_area","dfn_volume","output_var","sobol_type","boot_num"
"1",0.0573570042062056,0.000686843630422117,0.000533733043948542,0.00305491694351731,0.00646798920040773,0.000804208459058718,-0.000650514172422475,-0.00105206007410094,"calcite_flush_2","FOmean",1403
"2",0.0630551106358283,0.00142165056260701,0.00073151674992313,0.0036006538051099,0.00831484184828257,0.00243627651298813,0.00322673722656171,0.00238439410296783,"calcite_flush_2","TEmean",1403
"3",-534.227575439133,-437.325987540295,-898.561041807262,-100530.072087953,-863.998746033441,-4425.18154117298,-1420.9643030928,-546.354024163715,"calcite_flush_2","FOsd2",1403
"4",446.759161424683,102.166058998043,296.126554818102,100082.223319301,354.308273490953,5094.77564928922,1003.90718655567,181.601446800881,"calcite_flush_2","TEsd2",1403
