"","curr_inflow_rate","curr_diffusion_coef","curr_porosity","curr_gypsum_rate_constant","curr_calcite_rate_constant","curr_gypsum_surface_area","curr_calcite_surface_area","dfn_volume","output_var","sobol_type","boot_num"
"1",0.11038171697594,-0.00407785596519055,0.000887327045018519,7.65015710520894e-05,-0.00150070242284144,0.000582963177870916,0.00594031762914814,-0.00413159169345652,"calcite_flush_4","FOmean",922
"2",0.150498510259104,0.00528042150652177,0.00414591710585698,0.00582592053549617,0.0102792319812947,0.00457353874947615,0.00732812562518653,0.0318883435424515,"calcite_flush_4","TEmean",922
"3",0.999563209491113,0.999502883124253,0.999625969137387,0.999601986669746,0.999551576846902,0.999495013627236,0.999484513871357,0.999612008559105,"calcite_flush_4","FOsd2",922
"4",0.000216537546730472,0.000140155200014286,0.000171451956764184,0.000144223503959591,0.000122221158410065,0.000178192337336253,6.86191041297159e-05,0.000252180548825979,"calcite_flush_4","TEsd2",922
