"","curr_inflow_rate","curr_diffusion_coef","curr_porosity","curr_gypsum_rate_constant","curr_calcite_rate_constant","curr_gypsum_surface_area","curr_calcite_surface_area","dfn_volume","output_var","sobol_type","boot_num"
"1",0.231815733948422,0.00137635785774594,0.000385378922120463,-0.00410512633307889,0.00399348079471807,0.00293064428560366,0.00620646384172794,0.0121928724482927,"calcite_flush_3","FOmean",1103
"2",0.260801075143378,0.0031763662126173,0.00232893909656674,0.00418649339769621,0.015988109456211,0.00440279672692172,0.00977959333430179,0.0198119139280114,"calcite_flush_3","TEmean",1103
"3",0.696706623963319,0.852459631662416,0.929415761450424,0.686237933920387,0.92802895223079,0.861039867662318,0.894474944374757,0.888264339464626,"calcite_flush_3","FOsd2",1103
"4",0.0541598933383381,0.17067461585603,0.0862320811275205,0.0683598384449329,0.113826924383775,0.0405396757100708,0.11370362095404,0.0683206794788074,"calcite_flush_3","TEsd2",1103
