"","curr_inflow_rate","curr_diffusion_coef","curr_porosity","curr_gypsum_rate_constant","curr_calcite_rate_constant","curr_gypsum_surface_area","curr_calcite_surface_area","dfn_volume","output_var","sobol_type","boot_num"
"1",0.0545468100786361,-0.00108171116439499,-0.000690950708350913,0.00351177008753353,0.00841678380737531,-6.30535453183397e-05,-0.000286780888461963,7.31680145027679e-05,"calcite_flush_2","FOmean",164
"2",0.0652343074463922,0.00157232267665522,0.000975927302689206,0.00553773382791055,0.0140846322821064,0.00126868375713989,0.00438509228439025,0.00623190549338963,"calcite_flush_2","TEmean",164
"3",0.922738868230026,0.944025618491933,0.913526536336062,0.883859445772201,0.92348955041764,0.903290294863403,0.932458793526373,0.910801583277383,"calcite_flush_2","FOsd2",164
"4",0.0821685600819109,0.0275487400036135,0.0210160942095726,0.0395218546353919,0.0287223514467527,0.0339354691092668,0.0455660288645678,0.0398292754503461,"calcite_flush_2","TEsd2",164
