"","curr_inflow_rate","curr_diffusion_coef","curr_porosity","curr_gypsum_rate_constant","curr_calcite_rate_constant","curr_gypsum_surface_area","curr_calcite_surface_area","dfn_volume","output_var","sobol_type","boot_num"
"1",0.30674056412743,-0.000811205897307654,0.00659394676751069,-0.00488754055059741,0.0223556064454076,5.59761889643534e-06,-0.00130605900072656,-0.00228871655774923,"calcite_flush_3","FOmean",1537
"2",0.332046128064279,0.00407097536042465,0.00577815821234441,0.0066450108543503,0.0350326528515903,0.00481580200949589,0.0116421024580791,0.0133926614134238,"calcite_flush_3","TEmean",1537
"3",-0.0487590818983881,-0.0433994722390005,-0.165093620743665,-0.382006271925137,-0.0154454696165374,-0.22484435155883,-0.952572908108293,-0.00616221869278832,"calcite_flush_3","FOsd2",1537
"4",0.0605557142740358,0.0469415237509336,0.0180778547245682,0.0786083623697371,0.159907328984317,0.105843759406395,1.12973484323057,0.119017666865742,"calcite_flush_3","TEsd2",1537
