"","curr_inflow_rate","curr_diffusion_coef","curr_porosity","curr_gypsum_rate_constant","curr_calcite_rate_constant","curr_gypsum_surface_area","curr_calcite_surface_area","dfn_volume","output_var","sobol_type","boot_num"
"1",0.100889755748486,0.0122197619243936,0.000189262268880847,0.000176513384596606,0.00388948190102341,-0.00398747396437875,0.000671301586898853,-0.00246381996130059,"calcite_flush_4","FOmean",964
"2",0.140980464000031,0.00701406167042476,0.00539145060383233,0.0051443769828538,0.00979906833553079,0.0044229994471275,0.00700698372756252,0.0283548264249504,"calcite_flush_4","TEmean",964
"3",0.999495650888471,0.999487688659929,0.99951413296512,0.999501432297445,0.999508028394693,0.999439528168388,0.999481243581558,0.999477572969388,"calcite_flush_4","FOsd2",964
"4",0.000106462383510465,4.65859349535554e-05,9.80515569297812e-05,7.93459981488681e-05,7.04570036089239e-05,7.26086658135225e-05,4.11102879995668e-05,0.000194288592272054,"calcite_flush_4","TEsd2",964
