"","curr_inflow_rate","curr_diffusion_coef","curr_porosity","curr_gypsum_rate_constant","curr_calcite_rate_constant","curr_gypsum_surface_area","curr_calcite_surface_area","dfn_volume","output_var","sobol_type","boot_num"
"1",1.26379955284701,-0.0115537884715573,-0.0594511375882853,0.0745730181643641,0.0987413483375643,0.0578833235791267,-0.020627282126083,-0.0329240188158325,"calcite_flush_1","FOmean",1416
"2",1.88221563378389,0.44764801947466,0.283487502330546,0.313335907960084,0.404063413829199,0.623803621958157,0.300867394034501,0.313475548359081,"calcite_flush_1","TEmean",1416
"3",1,1,1,1,1,1,1,1,"calcite_flush_1","FOsd2",1416
"4",1.07463274861529e-30,1.05789320670839e-30,8.67444587101529e-31,1.25768004062437e-30,1.06937764408142e-30,1.34277390582442e-30,6.61860591036661e-31,7.79805600325835e-31,"calcite_flush_1","TEsd2",1416
