"","curr_inflow_rate","curr_diffusion_coef","curr_porosity","curr_gypsum_rate_constant","curr_calcite_rate_constant","curr_gypsum_surface_area","curr_calcite_surface_area","dfn_volume","output_var","sobol_type","boot_num"
"1",0.0846290886612854,-0.000796161458667592,0.00324995647325029,-0.00498327429396588,0.0038261348510027,-0.00640084530699364,0.00155316492913095,-0.0123872610541863,"calcite_flush_5","FOmean",1455
"2",0.121984270897524,0.00628549533172319,0.0105218543153268,0.00526238216106067,0.00764110785416108,0.0041210442655411,0.00453370384794922,0.028364812190529,"calcite_flush_5","TEmean",1455
"3",0.999502253330908,0.999575168948726,0.999556754090398,0.999570607261905,0.999551035600175,0.999482945490773,0.999490907138959,0.99943990093298,"calcite_flush_5","FOsd2",1455
"4",0.00012597871445955,8.26551636044992e-05,0.000238729056620133,0.000109240900473122,0.000156867038631483,9.31265376687404e-05,6.06748856697716e-05,0.000137326833477977,"calcite_flush_5","TEsd2",1455
