"","curr_inflow_rate","curr_diffusion_coef","curr_porosity","curr_gypsum_rate_constant","curr_calcite_rate_constant","curr_gypsum_surface_area","curr_calcite_surface_area","dfn_volume","output_var","sobol_type","boot_num"
"1",0.118387050455073,0.00207931453404565,-0.000573803100740429,-0.00159808174178905,0.00123055427041301,0.00256497418836148,0.00700462176613212,0.00755971968023491,"calcite_flush_4","FOmean",628
"2",0.147427046266475,0.00615770139464115,0.00468110743053901,0.00553621921830821,0.00827577858582301,0.00467219101095807,0.00605048411101554,0.0318839778063178,"calcite_flush_4","TEmean",628
"3",0.999750510004027,0.999756389960771,0.999729549863249,0.999752374942332,0.999768582970211,0.999723567366292,0.999737965460978,0.999760182663785,"calcite_flush_4","FOsd2",628
"4",9.49533210785674e-05,6.84155968996637e-05,9.32426638521212e-05,7.5134847530627e-05,4.8682517199058e-05,5.89656641314529e-05,4.51890461325657e-05,6.82834276843733e-05,"calcite_flush_4","TEsd2",628
