"","curr_inflow_rate","curr_diffusion_coef","curr_porosity","curr_gypsum_rate_constant","curr_calcite_rate_constant","curr_gypsum_surface_area","curr_calcite_surface_area","dfn_volume","output_var","sobol_type","boot_num"
"1",0.120672690974621,0.00173227023611087,0.00120733362732255,0.00659030777689207,-0.0013113208354465,0.000995012603560897,0.00203864732625096,-0.00132413827078839,"calcite_flush_1","FOmean",1430
"2",0.150628740401863,0.0222171829889509,0.00671310684493039,0.0205697848964966,0.0116027888433895,0.0069119867306211,0.0129572372382135,0.0120176628144086,"calcite_flush_1","TEmean",1430
"3",0.96754022134142,0.916566242582254,0.953279280557587,0.625081426133406,0.962954049862875,0.956150203002005,0.945432520274714,0.953812360038496,"calcite_flush_1","FOsd2",1430
"4",0.0206232171864827,0.0239722055262771,0.0128838298661515,0.254765149419165,0.00955291339678436,0.0265431928189595,0.00646574073334938,0.0250711961233237,"calcite_flush_1","TEsd2",1430
