"","curr_inflow_rate","curr_diffusion_coef","curr_porosity","curr_gypsum_rate_constant","curr_calcite_rate_constant","curr_gypsum_surface_area","curr_calcite_surface_area","dfn_volume","output_var","sobol_type","boot_num"
"1",0.315546167017061,0.00017815305007791,-0.0014083724362718,0.0016697958979113,0.0205856218816738,0.000828941967379633,0.008575987098328,0.00794681221371318,"calcite_flush_3","FOmean",627
"2",0.354178856323287,0.00330233747058779,0.00305514435571878,0.0088723014925344,0.0311516894720485,0.0030538468539774,0.0164688505706329,0.017880936585051,"calcite_flush_3","TEmean",627
"3",0.920741229414542,0.931749855792793,0.817092487788895,0.931203188837687,0.928365367475887,0.85247463148898,0.936879088013411,0.93596302984792,"calcite_flush_3","FOsd2",627
"4",0.0456435339511483,0.00689560471021715,0.111196962325044,0.0423968362919619,0.0131665294425283,0.0816205848560936,0.0123386218564718,0.0204597080925785,"calcite_flush_3","TEsd2",627
