"","curr_inflow_rate","curr_diffusion_coef","curr_porosity","curr_gypsum_rate_constant","curr_calcite_rate_constant","curr_gypsum_surface_area","curr_calcite_surface_area","dfn_volume","output_var","sobol_type","boot_num"
"1",0.1227719523534,0.000679946275647095,0.00104115218911131,0.00137513866150786,0.00251801234785729,-0.000167259602105716,0.0033587773774631,0.00447813229999352,"calcite_flush_2","FOmean",402
"2",0.137780332355212,0.00250285583305091,0.00240922508171265,0.00573434368541536,0.0101046739768041,0.00295645581799891,0.00760289943627766,0.00920896502617517,"calcite_flush_2","TEmean",402
"3",0.582213085145272,0.786497234754897,0.50562224188975,0.728151459425119,0.846644901489252,0.483397231045859,0.560041125999195,0.377049754145168,"calcite_flush_2","FOsd2",402
"4",0.560214731585184,0.542975959862701,0.206010592242203,0.61187876857332,0.713214194863578,0.0978125832975327,0.568146762019212,0.154478597571815,"calcite_flush_2","TEsd2",402
