"","curr_inflow_rate","curr_diffusion_coef","curr_porosity","curr_gypsum_rate_constant","curr_calcite_rate_constant","curr_gypsum_surface_area","curr_calcite_surface_area","dfn_volume","output_var","sobol_type","boot_num"
"1",0.0639478210718682,-0.0043222536258927,-0.00939382656314776,0.00853906857267081,-0.0096171466050374,0.00420493150955673,-0.00331009055216838,-0.00578218655792997,"calcite_flush_5","FOmean",594
"2",0.107853969455766,0.00483046514988378,0.00726384432023949,0.00456076084538002,0.00583796865419131,0.00359833296673133,0.00521923499803296,0.0335488585067339,"calcite_flush_5","TEmean",594
"3",0.999421419357858,0.997782870518062,0.999024976143565,0.999350957515142,0.999446233568678,0.999452382473213,0.999494640452787,0.999451105082351,"calcite_flush_5","FOsd2",594
"4",0.000188335405425585,0.00146796496203165,0.000848654971419311,0.000266124230518425,0.000158728586310304,0.00015225716958435,0.000164860857446226,0.000154368792766474,"calcite_flush_5","TEsd2",594
