"","curr_inflow_rate","curr_diffusion_coef","curr_porosity","curr_gypsum_rate_constant","curr_calcite_rate_constant","curr_gypsum_surface_area","curr_calcite_surface_area","dfn_volume","output_var","sobol_type","boot_num"
"1",0.114643436720824,0.008263089543106,0.00262664779173939,-0.00649067662283497,-0.00270217929928417,-0.00170941742277609,0.00694812368449782,-0.0160309429463402,"calcite_flush_5","FOmean",545
"2",0.143735585398342,0.00589967203391049,0.0125583796442987,0.00383190600791761,0.00567946271936424,0.00277913596492605,0.00561801167413961,0.032754932860875,"calcite_flush_5","TEmean",545
"3",0.999504608600329,0.999470254188332,0.999657952516804,0.998998469470451,0.998929917819817,0.99949135040537,0.999491716371314,0.999529148768522,"calcite_flush_5","FOsd2",545
"4",9.06371044772727e-05,0.000206995428932502,0.000344952847452153,0.000573718567082929,0.000296781081118179,8.81146664914201e-05,0.000368727323439264,0.000254423103360262,"calcite_flush_5","TEsd2",545
