"","curr_inflow_rate","curr_diffusion_coef","curr_porosity","curr_gypsum_rate_constant","curr_calcite_rate_constant","curr_gypsum_surface_area","curr_calcite_surface_area","dfn_volume","output_var","sobol_type","boot_num"
"1",1.83498641818441,-0.0815990791338232,0.0602740970351327,0.0945145645459382,0.297262243031867,-0.0354603456192293,0.0864064935574175,0.279840573766256,"calcite_flush_1","FOmean",947
"2",3.16394845977203,0.269161105681257,0.375627289500993,0.507017151760131,0.476261093039113,0.36317975497971,0.493482867847555,0.684530041966776,"calcite_flush_1","TEmean",947
"3",1,1,1,1,1,1,1,1,"calcite_flush_1","FOsd2",947
"4",1.47410177062507e-26,1.0983807302093e-26,9.97398935419512e-27,6.9120487391071e-27,8.91197490999033e-27,5.98766266556221e-27,7.12634796136391e-27,8.4766594349546e-27,"calcite_flush_1","TEsd2",947
