"","curr_inflow_rate","curr_diffusion_coef","curr_porosity","curr_gypsum_rate_constant","curr_calcite_rate_constant","curr_gypsum_surface_area","curr_calcite_surface_area","dfn_volume","output_var","sobol_type","boot_num"
"1",0.406280195402426,0.0508835796822365,0.123019191909109,0.040234744363842,0.0720780379701084,0.134388206521404,-0.00399392614999622,0.0501397735172899,"calcite_flush_0","FOmean",1163
"2",1.38769863329022,0.427648108272198,0.425754426271153,0.409595098505458,0.434224041610323,0.230232590807208,0.322884353565678,0.401925124573939,"calcite_flush_0","TEmean",1163
"3",1,1,1,1,1,1,1,1,"calcite_flush_0","FOsd2",1163
"4",9.59093592411785e-26,5.48890561482228e-26,7.16154879008674e-26,6.51273538416756e-26,6.67763695993778e-26,4.56961012443265e-26,3.71702995510957e-26,9.12844956980706e-26,"calcite_flush_0","TEsd2",1163
