"","curr_inflow_rate","curr_diffusion_coef","curr_porosity","curr_gypsum_rate_constant","curr_calcite_rate_constant","curr_gypsum_surface_area","curr_calcite_surface_area","dfn_volume","output_var","sobol_type","boot_num"
"1",0.0822732711971274,0.0014070588844378,-0.000161829666359707,0.00154346390489839,0.00410748051374834,0.000579964405324568,0.000932432196021396,0.000376833555720052,"calcite_flush_2","FOmean",1424
"2",0.0921409818544157,0.00264595157520794,0.00144207226597304,0.00471093833231066,0.00813120929119861,0.00163079834627891,0.00246826825705303,0.00338399272338616,"calcite_flush_2","TEmean",1424
"3",-0.383539450542943,-2.64249274137549,-2.19652610915506,-5.04631960305501,-2.88263839857635,-1.49124945840492,-1.14180123489273,-2.43765372221024,"calcite_flush_2","FOsd2",1424
"4",0.294831990931969,1.53651524588732,1.36165312065777,3.72680937991044,1.35250870362837,0.400131490709652,0.258684796937737,1.18283745670319,"calcite_flush_2","TEsd2",1424
