"","curr_inflow_rate","curr_diffusion_coef","curr_porosity","curr_gypsum_rate_constant","curr_calcite_rate_constant","curr_gypsum_surface_area","curr_calcite_surface_area","dfn_volume","output_var","sobol_type","boot_num"
"1",0.133696859286147,-0.000499375995776225,-0.0010125622688233,0.0114192538087969,0.00818561710182644,-0.00187673141075317,0.0165172546344141,-9.91850572405626e-05,"calcite_flush_2","FOmean",640
"2",0.153449989564412,0.00403309454741784,0.00385703957460772,0.021291181751147,0.0150613878825984,0.00266434003804887,0.0284720733352569,0.00702924842352786,"calcite_flush_2","TEmean",640
"3",-61068.3895065981,-21610.9781001377,-22262.8557487629,-39592.340779866,-47885.9146389665,-72457.0768500795,-29687.8694047342,-24639.465356072,"calcite_flush_2","FOsd2",640
"4",60561.4578605093,21976.4725939129,22441.948572282,2019.78613356943,1582.56391672683,24144.9870859809,23687.6734627561,17128.662711811,"calcite_flush_2","TEsd2",640
