"","curr_inflow_rate","curr_diffusion_coef","curr_porosity","curr_gypsum_rate_constant","curr_calcite_rate_constant","curr_gypsum_surface_area","curr_calcite_surface_area","dfn_volume","output_var","sobol_type","boot_num"
"1",0.0840173138989217,0.000975312012617633,-0.000675624546523791,0.00777295354631059,-0.00482122264531939,-0.00707018296849547,-0.00409948585426277,0.0182018600111527,"calcite_flush_5","FOmean",468
"2",0.129963513306518,0.00409698806036311,0.00911674801319316,0.00651788752127256,0.00839706532791607,0.00363585472502506,0.00511266918895625,0.0281430932354876,"calcite_flush_5","TEmean",468
"3",0.999505316941675,0.999522701440577,0.999538844899861,0.999445141978517,0.999518222793694,0.999448853844734,0.999491283688373,0.999517186981377,"calcite_flush_5","FOsd2",468
"4",8.84133284435137e-05,9.58599187829963e-05,0.000235917520320553,0.000121601733707243,0.000107715073061403,7.91869773442852e-05,7.11812647256363e-05,6.53163772007487e-05,"calcite_flush_5","TEsd2",468
