"","curr_inflow_rate","curr_diffusion_coef","curr_porosity","curr_gypsum_rate_constant","curr_calcite_rate_constant","curr_gypsum_surface_area","curr_calcite_surface_area","dfn_volume","output_var","sobol_type","boot_num"
"1",0.0411005728757186,0.00245974720322441,0.0176361590389481,0.00769706914614643,0.00436798895897807,0.0041122658676268,-0.00336445752976516,0.0165286506547746,"calcite_flush_6","FOmean",1407
"2",0.0502985741760763,0.0034201429084627,0.0177642650693178,0.00664010796856054,0.00427206527102874,0.00324847858164449,0.00356829832887533,0.0225450235746237,"calcite_flush_6","TEmean",1407
"3",0.999874956689478,0.999859656901773,0.999865023572638,0.999862416192405,0.999859384980169,0.999860439374853,0.999825107740368,0.99985344585191,"calcite_flush_6","FOsd2",1407
"4",5.82203521781676e-05,2.28910543805065e-05,5.04566009580724e-05,6.19920431153578e-05,5.01111503934998e-05,4.89623303276266e-05,6.48482334149938e-05,7.30764476144279e-05,"calcite_flush_6","TEsd2",1407
