"","curr_inflow_rate","curr_diffusion_coef","curr_porosity","curr_gypsum_rate_constant","curr_calcite_rate_constant","curr_gypsum_surface_area","curr_calcite_surface_area","dfn_volume","output_var","sobol_type","boot_num"
"1",0.516683007620831,0.0168338569874924,0.0375088324563314,0.0283242617800916,0.203233538756727,-0.0434714042777511,0.0679071722662099,0.067233471199832,"calcite_flush_0","FOmean",1590
"2",1.29205231501848,0.450007898770714,0.260510585812517,0.402897411040605,0.490871063011226,0.270287297216726,0.357740140781461,0.226601006667912,"calcite_flush_0","TEmean",1590
"3",1,1,1,1,1,1,1,1,"calcite_flush_0","FOsd2",1590
"4",3.80325696912543e-25,3.61927471655333e-25,2.68393160849974e-25,3.72271570744782e-25,7.48272716088139e-25,3.70502890042618e-25,2.50585501444976e-25,2.8533739998286e-25,"calcite_flush_0","TEsd2",1590
