"","curr_inflow_rate","curr_diffusion_coef","curr_porosity","curr_gypsum_rate_constant","curr_calcite_rate_constant","curr_gypsum_surface_area","curr_calcite_surface_area","dfn_volume","output_var","sobol_type","boot_num"
"1",0.67913335763199,0.00609824230343494,-0.0167144671275293,0.260678382461069,-0.0176140133750718,0.0285005315203453,0.144368035821103,0.00632656702237937,"calcite_flush_1","FOmean",653
"2",1.35824817607381,0.56642436014704,0.441189621288717,0.833990866172017,0.642749237847002,0.376957997573704,0.635122811862234,0.53726377139828,"calcite_flush_1","TEmean",653
"3",1,1,1,1,1,1,1,1,"calcite_flush_1","FOsd2",653
"4",4.02542065345541e-25,5.87346310064057e-25,1.85153332713387e-25,2.72184453461093e-25,4.31195680313487e-25,1.99107677992208e-25,1.49392297410285e-25,1.81807740423383e-25,"calcite_flush_1","TEsd2",653
