"","curr_inflow_rate","curr_diffusion_coef","curr_porosity","curr_gypsum_rate_constant","curr_calcite_rate_constant","curr_gypsum_surface_area","curr_calcite_surface_area","dfn_volume","output_var","sobol_type","boot_num"
"1",0.0777677003606383,-0.00137969721980222,0.00156042789908204,-0.00152336243133434,-0.00291724161045083,0.00153068590678158,-0.0114598911586102,0.0224545884652897,"calcite_flush_5","FOmean",881
"2",0.108313247695437,0.00412825063578027,0.00978251392259808,0.00515600630800668,0.00512345030989151,0.00383043105008736,0.00463715154792829,0.0296601902396294,"calcite_flush_5","TEmean",881
"3",0.999161675928188,0.9991144940793,0.999126166556699,0.999094431742753,0.998914618803069,0.999122117424263,0.998046796423532,0.999113590734363,"calcite_flush_5","FOsd2",881
"4",9.61257061729403e-05,8.31634326227844e-05,0.00020418940018435,0.000118155880006385,0.000304776947549484,5.98183536351087e-05,0.00132711112802235,0.000141762304186919,"calcite_flush_5","TEsd2",881
