"","curr_inflow_rate","curr_diffusion_coef","curr_porosity","curr_gypsum_rate_constant","curr_calcite_rate_constant","curr_gypsum_surface_area","curr_calcite_surface_area","dfn_volume","output_var","sobol_type","boot_num"
"1",0.088523134601918,0.00143097202265033,0.0109174309540454,0.0152892297300327,-0.00374114176803683,0.0048995521944436,0.000582753708231071,0.00481763904953637,"calcite_flush_5","FOmean",370
"2",0.129715527376142,0.005437644766837,0.0105723280166978,0.00453574124714798,0.00649182930182466,0.00365274968444362,0.00354264614680113,0.0294286013196733,"calcite_flush_5","TEmean",370
"3",0.999571953002667,0.999620671513329,0.999736572538786,0.999650378136559,0.999608081990278,0.999650375706827,0.999597712301375,0.999613149027413,"calcite_flush_5","FOsd2",370
"4",0.000114290585691548,4.8181849864934e-05,0.000149196936960933,0.000123649953339153,0.00010323232072398,5.71991155524464e-05,8.02899108620503e-05,7.97300471503108e-05,"calcite_flush_5","TEsd2",370
