"","curr_inflow_rate","curr_diffusion_coef","curr_porosity","curr_gypsum_rate_constant","curr_calcite_rate_constant","curr_gypsum_surface_area","curr_calcite_surface_area","dfn_volume","output_var","sobol_type","boot_num"
"1",1.09452236624486,0.295576369476649,-0.0179689358769708,0.102821417750331,0.0516256476251815,0.0258197494974989,0.00971292664327539,0.12211453459957,"calcite_flush_0","FOmean",463
"2",1.6185158160423,0.691982604581901,0.450175229691336,0.528578376420292,0.240403804187006,0.17761939711369,0.260147228634945,0.480119306725577,"calcite_flush_0","TEmean",463
"3",1,1,1,1,1,1,1,1,"calcite_flush_0","FOsd2",463
"4",3.59609040292871e-26,3.27610789059556e-26,5.93079879100267e-27,3.99026415050406e-27,4.20882988912181e-27,4.73194257366022e-27,9.08765734656961e-27,2.1740373680011e-26,"calcite_flush_0","TEsd2",463
