"","curr_inflow_rate","curr_diffusion_coef","curr_porosity","curr_gypsum_rate_constant","curr_calcite_rate_constant","curr_gypsum_surface_area","curr_calcite_surface_area","dfn_volume","output_var","sobol_type","boot_num"
"1",0.391626986824074,-0.000962809353137249,0.00683188173051448,0.0158776758878701,-0.010129115371239,-0.0075922695224263,0.00535038692187698,0.00254157319636076,"calcite_flush_1","FOmean",1969
"2",0.512258725025077,0.0355716553638112,0.0499004516445334,0.077511473329455,0.107533875503659,0.0469422068089163,0.108504082307933,0.0313597750844871,"calcite_flush_1","TEmean",1969
"3",-0.112497437474936,-3.07012170211255,-0.3476786462793,0.216628200927673,-4.82775577660712,0.500848428560881,0.322654398818035,-61.3835880752018,"calcite_flush_1","FOsd2",1969
"4",0.962180745682667,1.92150208026599,1.37420383434352,0.739329239963013,4.30551277935466,0.323980543398012,0.0468846865699931,61.9728556814897,"calcite_flush_1","TEsd2",1969
