"","curr_inflow_rate","curr_diffusion_coef","curr_porosity","curr_gypsum_rate_constant","curr_calcite_rate_constant","curr_gypsum_surface_area","curr_calcite_surface_area","dfn_volume","output_var","sobol_type","boot_num"
"1",0.579746646213124,0.132933817008085,0.0527595444801085,0.439002138326406,0.0373592470237651,0.200861462129945,0.0925923759151865,0.263775200283596,"calcite_flush_0","FOmean",1919
"2",1.57631386827882,0.853976690190292,0.786376776174553,1.21931787642577,0.627428503540555,0.896674204182423,0.454769235652979,0.757645358243073,"calcite_flush_0","TEmean",1919
"3",1,1,1,1,1,1,1,1,"calcite_flush_0","FOsd2",1919
"4",1.53285650335038e-24,5.9789067540603e-25,7.1500962063639e-25,5.3347426894439e-25,8.3523278939084e-25,9.39984217693107e-25,3.35178838979764e-25,6.75816185888314e-25,"calcite_flush_0","TEsd2",1919
