"","curr_inflow_rate","curr_diffusion_coef","curr_porosity","curr_gypsum_rate_constant","curr_calcite_rate_constant","curr_gypsum_surface_area","curr_calcite_surface_area","dfn_volume","output_var","sobol_type","boot_num"
"1",0.526406739356749,0.00298396094568408,-0.0279962693279472,0.0777578302540196,0.114839040787903,0.0193450588426626,0.026013627701602,-0.0379928550038308,"calcite_flush_1","FOmean",506
"2",1.00371542049437,0.152779195737443,0.266733215480949,0.280910599184057,0.220862289961033,0.324062867872833,0.30986067253495,0.157299008886847,"calcite_flush_1","TEmean",506
"3",1,1,1,1,1,1,1,1,"calcite_flush_1","FOsd2",506
"4",2.49191482503349e-26,2.13352802400772e-26,1.33162816677158e-26,1.85371589928509e-26,1.10774050563988e-26,1.27665483858001e-26,1.64104819033349e-26,1.74747981855737e-26,"calcite_flush_1","TEsd2",506
