"","curr_inflow_rate","curr_diffusion_coef","curr_porosity","curr_gypsum_rate_constant","curr_calcite_rate_constant","curr_gypsum_surface_area","curr_calcite_surface_area","dfn_volume","output_var","sobol_type","boot_num"
"1",0.353028148191061,-0.0143508342332818,0.0111653115410384,0.0419231932252957,0.112347702103593,-0.0154974923339383,0.0629462641951228,0.0202308323170057,"calcite_flush_0","FOmean",1506
"2",0.782189659537029,0.13657804699409,0.148588869065434,0.210839244933944,0.246283371951088,0.0972541613917453,0.269809007318864,0.126414809146921,"calcite_flush_0","TEmean",1506
"3",1,1,1,1,1,1,1,1,"calcite_flush_0","FOsd2",1506
"4",1.53660402605906e-28,1.11517511087245e-28,1.71723473961798e-28,1.46059457581599e-28,1.57506934134171e-28,2.07675861292375e-28,1.35360937989992e-28,1.35274474785798e-28,"calcite_flush_0","TEsd2",1506
