"","curr_inflow_rate","curr_diffusion_coef","curr_porosity","curr_gypsum_rate_constant","curr_calcite_rate_constant","curr_gypsum_surface_area","curr_calcite_surface_area","dfn_volume","output_var","sobol_type","boot_num"
"1",0.090790612776607,0.00278080276791001,-0.00512652038802557,0.00254825758470681,0.00153146745246343,0.0010368516892562,-0.000216231143143027,0.0231220676342397,"calcite_flush_5","FOmean",307
"2",0.127484231526851,0.00511282516673774,0.00874278465185024,0.00631345045163485,0.00493449153391744,0.00284234861436048,0.00571989258300735,0.029608934650464,"calcite_flush_5","TEmean",307
"3",0.99951458663543,0.999417169249713,0.999575490061355,0.999421619812643,0.999413862795238,0.999472480160971,0.999462190720691,0.999438866028425,"calcite_flush_5","FOsd2",307
"4",0.000100040774048511,8.85240276412196e-05,0.000269092913668169,0.000155982739884825,0.000124038655926804,7.80132191608605e-05,9.60296801534697e-05,7.23097534384238e-05,"calcite_flush_5","TEsd2",307
