"","curr_inflow_rate","curr_diffusion_coef","curr_porosity","curr_gypsum_rate_constant","curr_calcite_rate_constant","curr_gypsum_surface_area","curr_calcite_surface_area","dfn_volume","output_var","sobol_type","boot_num"
"1",0.0638858501534573,-0.00455975812432463,-0.00046495600524081,-0.00377421043355667,-0.00684823653192618,-0.00313406304125749,-0.00635545182097109,0.0104758920482399,"calcite_flush_5","FOmean",1014
"2",0.0980485948779101,0.00535094894231309,0.00586914809716593,0.00689936465863143,0.00546807793545415,0.00319619676497042,0.00355042242806618,0.033501500177065,"calcite_flush_5","TEmean",1014
"3",0.999628366724911,0.999608732957503,0.999612440217654,0.999652289344444,0.999618954705507,0.999626873163941,0.999623784803709,0.999548133080206,"calcite_flush_5","FOsd2",1014
"4",0.000140430774062403,9.60669073465694e-05,0.000119538074919169,0.000113712550829986,0.000128280107657541,6.44027504282515e-05,6.51489756141694e-05,0.000153183824390161,"calcite_flush_5","TEsd2",1014
