"","curr_inflow_rate","curr_diffusion_coef","curr_porosity","curr_gypsum_rate_constant","curr_calcite_rate_constant","curr_gypsum_surface_area","curr_calcite_surface_area","dfn_volume","output_var","sobol_type","boot_num"
"1",0.0268298343774564,-0.000768595995516406,0.0107033123355354,0.00473312758894629,0.00445784722041536,0.00612562366844363,0.000989662273974152,0.00109042364935482,"calcite_flush_6","FOmean",861
"2",0.0414122422820479,0.00341335130255461,0.0132036830382939,0.00695353936690257,0.00395288766069327,0.00231024306832401,0.00274029366660512,0.0159025980639913,"calcite_flush_6","TEmean",861
"3",0.99997432086608,0.999965769622248,0.999975931736092,0.999967439567728,0.999974053985381,0.999966952808606,0.99996101380795,0.999972011791134,"calcite_flush_6","FOsd2",861
"4",1.65829314682787e-05,9.44331017154037e-06,7.7829810774536e-06,1.33945279782527e-05,1.05440239282989e-05,7.75168375039103e-06,1.14800459922821e-05,7.51272115284417e-06,"calcite_flush_6","TEsd2",861
