"","curr_inflow_rate","curr_diffusion_coef","curr_porosity","curr_gypsum_rate_constant","curr_calcite_rate_constant","curr_gypsum_surface_area","curr_calcite_surface_area","dfn_volume","output_var","sobol_type","boot_num"
"1",0.565961039571267,0.00257970874069247,-0.0565384483238833,0.0139159529794676,0.0212235013664309,-0.0902048558920849,-0.0120585206270498,0.0891862236988557,"calcite_flush_0","FOmean",1261
"2",1.40624273012312,0.473407203541187,0.340869193914685,0.719036387548326,0.378645773755718,0.498078772640862,0.18202224004152,0.426548501124861,"calcite_flush_0","TEmean",1261
"3",1,1,1,1,1,1,1,1,"calcite_flush_0","FOsd2",1261
"4",2.72554722370583e-27,1.71404044110868e-27,5.46199750780515e-27,3.58749676289397e-27,5.13221430704625e-27,3.04213202127234e-27,2.08086338742911e-27,5.7538229328863e-27,"calcite_flush_0","TEsd2",1261
