"","curr_inflow_rate","curr_diffusion_coef","curr_porosity","curr_gypsum_rate_constant","curr_calcite_rate_constant","curr_gypsum_surface_area","curr_calcite_surface_area","dfn_volume","output_var","sobol_type","boot_num"
"1",0.128855829056657,-0.00609992016877604,-0.00329169087962104,0.000523818628939381,0.00451588563139041,0.00245522682726135,-0.00313844007238314,0.00538460667933263,"calcite_flush_4","FOmean",103
"2",0.162955174631711,0.00413700220159785,0.00472842116628976,0.00457196409452162,0.0086242801413175,0.00406392330062421,0.00527184414902333,0.0313997651884563,"calcite_flush_4","TEmean",103
"3",0.999725572136007,0.99967489928517,0.99968537035432,0.999723584164886,0.999725197768876,0.999730220747506,0.999722593421348,0.999732598396521,"calcite_flush_4","FOsd2",103
"4",0.000156850714032106,8.02942036157566e-05,0.000176841837519483,5.59882182471711e-05,8.09630066333935e-05,4.62284237926119e-05,4.16378580040791e-05,7.98725083701427e-05,"calcite_flush_4","TEsd2",103
