"","curr_inflow_rate","curr_diffusion_coef","curr_porosity","curr_gypsum_rate_constant","curr_calcite_rate_constant","curr_gypsum_surface_area","curr_calcite_surface_area","dfn_volume","output_var","sobol_type","boot_num"
"1",0.0954748129478785,-0.00103882815019514,0.00014796384366934,0.00407071751331252,0.000437867373004249,0.000173209331537036,0.00664522850019842,-0.00148965784288505,"calcite_flush_2","FOmean",1361
"2",0.10510205587387,0.00443505921970503,0.00102664921247844,0.00891418888198258,0.00471561188484973,0.00150168320332912,0.00672486221396874,0.00481600632913054,"calcite_flush_2","TEmean",1361
"3",-245069.841719027,-76657.447898935,-27742.1975649985,-20254.8483329261,-52048.6856057974,-32560.8312348288,-40505.988449685,-26564.9103796393,"calcite_flush_2","FOsd2",1361
"4",198273.978051476,31460.9154189803,8232.53392689689,5875.24913079404,41446.6114267051,8375.5778938642,24169.3712439349,9043.54533035586,"calcite_flush_2","TEsd2",1361
