"","curr_inflow_rate","curr_diffusion_coef","curr_porosity","curr_gypsum_rate_constant","curr_calcite_rate_constant","curr_gypsum_surface_area","curr_calcite_surface_area","dfn_volume","output_var","sobol_type","boot_num"
"1",0.0249518828392725,0.00151447769571519,0.0148714518348627,0.00615672909647085,0.00395961174599319,0.00153624783601201,6.88725627087419e-05,0.00304806397965443,"calcite_flush_6","FOmean",693
"2",0.0473776278347915,0.00270083210895738,0.0134042837981997,0.00291906313787528,0.0030165784247632,0.0029225443062245,0.00360325300978997,0.0223317588114382,"calcite_flush_6","TEmean",693
"3",0.999921727203473,0.999913043253316,0.999933620973387,0.99992257243815,0.999932937201616,0.999927263830159,0.999930611420217,0.999901745322974,"calcite_flush_6","FOsd2",693
"4",1.86139470306998e-05,1.86648544038612e-05,1.26158264540852e-05,2.54040309773628e-05,1.64449676314808e-05,7.31558586792109e-06,1.38597548675856e-05,5.01329476964545e-05,"calcite_flush_6","TEsd2",693
