"","curr_inflow_rate","curr_diffusion_coef","curr_porosity","curr_gypsum_rate_constant","curr_calcite_rate_constant","curr_gypsum_surface_area","curr_calcite_surface_area","dfn_volume","output_var","sobol_type","boot_num"
"1",1.35416055451593,0.0381056530329963,0.0654497022959968,-0.00512616766426061,0.440132123906775,0.0498423641742773,-0.131946269007645,0.123977742730536,"calcite_flush_0","FOmean",1023
"2",2.194273922565,0.46784774292161,0.749663215663815,0.664405918052232,0.696965971211778,0.743944490579569,0.433027043689467,0.764659966289587,"calcite_flush_0","TEmean",1023
"3",1,1,1,1,1,1,1,1,"calcite_flush_0","FOsd2",1023
"4",1.84756215494699e-27,5.855470027427e-28,7.1540829010728e-28,6.84419516416401e-28,4.78825373427753e-28,6.44165119677205e-28,5.19850128915412e-28,6.79038684735458e-28,"calcite_flush_0","TEsd2",1023
