"","curr_inflow_rate","curr_diffusion_coef","curr_porosity","curr_gypsum_rate_constant","curr_calcite_rate_constant","curr_gypsum_surface_area","curr_calcite_surface_area","dfn_volume","output_var","sobol_type","boot_num"
"1",0.0762868576015471,0.00135926698796757,0.00374928188774869,0.00686842941472635,-0.00123613916170758,-0.00312324054054225,-0.000699466027572231,0.015845221048479,"calcite_flush_5","FOmean",1665
"2",0.107194591880492,0.00380396171252004,0.00602234575517442,0.00583630754828471,0.0050575789146472,0.00308215478225181,0.00379718312055233,0.0336406161307541,"calcite_flush_5","TEmean",1665
"3",0.999611542619646,0.999483573120924,0.99964390433122,0.999520588781112,0.999599225830897,0.999587849773781,0.999534780577892,0.999608527179429,"calcite_flush_5","FOsd2",1665
"4",0.000108420406789653,0.000162146365316633,0.000179657369572698,0.000182493432499645,8.97244848555079e-05,8.95960510373195e-05,0.000114372806348605,0.000118726973485527,"calcite_flush_5","TEsd2",1665
