"","curr_inflow_rate","curr_diffusion_coef","curr_porosity","curr_gypsum_rate_constant","curr_calcite_rate_constant","curr_gypsum_surface_area","curr_calcite_surface_area","dfn_volume","output_var","sobol_type","boot_num"
"1",0.113179831211626,0.00407158979638443,0.00117999205374509,-0.00483521435533912,0.00158820615546435,-0.00159468093892343,0.00404623409386777,0.00443031842208377,"calcite_flush_4","FOmean",999
"2",0.161228947946596,0.00826429084179336,0.00502657101795603,0.00629332598742976,0.0111121933085107,0.00459988326691234,0.00815583313936864,0.04034685961983,"calcite_flush_4","TEmean",999
"3",0.99967191897148,0.999712269200168,0.999673256241327,0.999738718614154,0.999683201095689,0.999708701014574,0.999731617917204,0.999749624418459,"calcite_flush_4","FOsd2",999
"4",0.000181402277185408,6.81116120826728e-05,7.88975908230467e-05,6.472509046734e-05,5.71798134402222e-05,5.38619326691417e-05,6.05797584783345e-05,9.97544135716792e-05,"calcite_flush_4","TEsd2",999
