"","curr_inflow_rate","curr_diffusion_coef","curr_porosity","curr_gypsum_rate_constant","curr_calcite_rate_constant","curr_gypsum_surface_area","curr_calcite_surface_area","dfn_volume","output_var","sobol_type","boot_num"
"1",0.288929915517276,0.00192926867122289,0.00290483287781003,0.0129954125092829,0.0204138106720043,0.00530250027965991,0.00309226877917631,0.000617145740153315,"calcite_flush_3","FOmean",1677
"2",0.315333954745678,0.0053777593336563,0.00410176256315494,0.0145271857518017,0.0291093312352496,0.00452236353771938,0.00530037149988711,0.010424048387425,"calcite_flush_3","TEmean",1677
"3",0.878457881988594,0.892516376984746,-0.0766512496021805,0.869532808275216,0.856167176431373,0.895048021580087,0.866910377401986,0.921529218379299,"calcite_flush_3","FOsd2",1677
"4",0.0395017196631262,0.0622017275933638,0.843611381804288,0.0836907055202441,0.0801823144918336,0.0187453257615048,0.0611610958223208,0.0726459394126497,"calcite_flush_3","TEsd2",1677
