"","curr_inflow_rate","curr_diffusion_coef","curr_porosity","curr_gypsum_rate_constant","curr_calcite_rate_constant","curr_gypsum_surface_area","curr_calcite_surface_area","dfn_volume","output_var","sobol_type","boot_num"
"1",0.0326830151323639,0.00191025739356555,0.0227095118471942,0.00554808824549343,0.0100390535529543,0.00143659319720761,0.00424868000588427,0.00481591303468241,"calcite_flush_6","FOmean",511
"2",0.0433313763140711,0.00446431861250915,0.0192251401206005,0.00507282580993545,0.00359017007743435,0.00288486918242372,0.00230901208059969,0.0154443086641238,"calcite_flush_6","TEmean",511
"3",0.99991205618704,0.999938503450628,0.999928832460217,0.999940798743001,0.999936865000177,0.999927662012888,0.999903308214794,0.999933630316813,"calcite_flush_6","FOsd2",511
"4",2.60390651603048e-05,3.81626046490092e-05,4.93799814935763e-05,5.70667841279861e-05,5.26686878568088e-05,4.8540686058545e-05,2.26596441953331e-05,3.89550275545732e-05,"calcite_flush_6","TEsd2",511
