"","curr_inflow_rate","curr_diffusion_coef","curr_porosity","curr_gypsum_rate_constant","curr_calcite_rate_constant","curr_gypsum_surface_area","curr_calcite_surface_area","dfn_volume","output_var","sobol_type","boot_num"
"1",0.341094322442992,0.00113432650539731,-0.00135809757977438,0.00228226143645634,0.0268095850494589,0.00429031949258093,0.0065002612363806,-0.00428592131541612,"calcite_flush_3","FOmean",74
"2",0.377680079460401,0.00367185245570636,0.00292179365975457,0.0059756967414045,0.0394489789548161,0.00486709319925033,0.012193511696199,0.0154293067160176,"calcite_flush_3","TEmean",74
"3",-0.135060962985702,0.436718428983871,0.723005979318825,0.691282035608902,0.601321696392161,0.694664967559266,0.673668209607694,0.312960295308401,"calcite_flush_3","FOsd2",74
"4",0.736016453692346,0.193865027324363,0.0678421848770888,0.236664482097896,0.129982140286279,0.150774392857155,0.216003362693353,0.276637255588652,"calcite_flush_3","TEsd2",74
