"","curr_inflow_rate","curr_diffusion_coef","curr_porosity","curr_gypsum_rate_constant","curr_calcite_rate_constant","curr_gypsum_surface_area","curr_calcite_surface_area","dfn_volume","output_var","sobol_type","boot_num"
"1",0.0916857063170548,-0.00406370923826656,0.00476618618388349,0.00466001512229983,0.00610237860497626,-0.00421476192747584,0.000658816109572303,0.001372884616323,"calcite_flush_4","FOmean",1979
"2",0.131998437356023,0.0080045083795306,0.0051949557654545,0.0045930267246084,0.0109913912197048,0.00404948527183584,0.00509972748330028,0.038311020709507,"calcite_flush_4","TEmean",1979
"3",0.999639604081865,0.999645767267761,0.999665755978448,0.999613040693818,0.999577534342596,0.999668971918412,0.999666427369663,0.999654686437155,"calcite_flush_4","FOsd2",1979
"4",0.000156289859712766,5.96512110568409e-05,0.000162444027373785,8.17464208794296e-05,0.000120098658163807,7.09342384107963e-05,0.000107734889676916,0.000104905828077506,"calcite_flush_4","TEsd2",1979
