"","curr_inflow_rate","curr_diffusion_coef","curr_porosity","curr_gypsum_rate_constant","curr_calcite_rate_constant","curr_gypsum_surface_area","curr_calcite_surface_area","dfn_volume","output_var","sobol_type","boot_num"
"1",0.971996148875305,0.169956588660437,0.113612040052159,0.0996737479188559,0.0181144552213289,0.0617837890988089,0.00249753602947584,0.00447003180002145,"calcite_flush_1","FOmean",1409
"2",1.87741743043432,0.445943833915336,0.341853159804193,0.589660808375789,0.317210852489904,0.338021890192573,0.441094410393498,0.390259166872348,"calcite_flush_1","TEmean",1409
"3",1,1,1,1,1,1,1,1,"calcite_flush_1","FOsd2",1409
"4",3.44510995634221e-26,1.68857920178007e-26,6.94114521882723e-27,1.05926564399891e-26,6.25128910321402e-27,5.31330632233722e-27,1.10247067171032e-26,1.64891527745098e-26,"calcite_flush_1","TEsd2",1409
