"","curr_inflow_rate","curr_diffusion_coef","curr_porosity","curr_gypsum_rate_constant","curr_calcite_rate_constant","curr_gypsum_surface_area","curr_calcite_surface_area","dfn_volume","output_var","sobol_type","boot_num"
"1",0.320667933809108,-0.000761140000133414,5.38699888140351e-05,0.0127500320082708,0.0254876270438315,-0.00240008014177955,-0.00161116680839286,0.00152231616834225,"calcite_flush_3","FOmean",1768
"2",0.359253783874652,0.00339539998440516,0.00448272527988278,0.011088171496745,0.0226990762149068,0.00341146677216511,0.00888953207364303,0.0170356060229749,"calcite_flush_3","TEmean",1768
"3",-4.84166345529437,-5.06095961268794,-3.88181154595732,-4.20456774119806,-601.474994166099,-9.29733641019805,-4.19520239375692,-3.89375602104644,"calcite_flush_3","FOsd2",1768
"4",23.8515460284708,20.9419877736403,30.2477880145764,24.9541143407587,358.425159165655,10.6126519570437,30.6673120101996,28.8598495825065,"calcite_flush_3","TEsd2",1768
