"","curr_inflow_rate","curr_diffusion_coef","curr_porosity","curr_gypsum_rate_constant","curr_calcite_rate_constant","curr_gypsum_surface_area","curr_calcite_surface_area","dfn_volume","output_var","sobol_type","boot_num"
"1",1.13837238987254,0.0945456857465609,0.0814209457264491,0.116694453966235,0.19036585951137,0.0584735856870951,0.0284289212297474,0.212171366080426,"calcite_flush_1","FOmean",716
"2",1.87893313118511,0.455998311423766,0.407220677694826,0.586325887234065,0.383243680423317,0.506050014070948,0.355032818435077,0.548371563496214,"calcite_flush_1","TEmean",716
"3",1,1,1,1,1,1,1,1,"calcite_flush_1","FOsd2",716
"4",4.84173501727892e-24,3.52756543134316e-24,3.46340504696792e-24,4.18247562772629e-24,2.40155378615835e-24,3.20927270453096e-24,5.14396932293909e-24,3.8766839057045e-24,"calcite_flush_1","TEsd2",716
