"","curr_inflow_rate","curr_diffusion_coef","curr_porosity","curr_gypsum_rate_constant","curr_calcite_rate_constant","curr_gypsum_surface_area","curr_calcite_surface_area","dfn_volume","output_var","sobol_type","boot_num"
"1",0.0410804370546139,0.00487373410115023,0.0132995802001833,0.00525425996466887,-0.0141700170212799,-0.000870005886104989,0.00592208571372648,0.0104559668978489,"calcite_flush_6","FOmean",777
"2",0.0473583320618911,0.00268096343780269,0.0206344933022839,0.0050508441337789,0.00400049228355591,0.00294028339584241,0.00331130215830992,0.0172577622919595,"calcite_flush_6","TEmean",777
"3",0.999951937096678,0.99993835438061,0.99993583790805,0.999927718667218,0.999938337168747,0.999941576000382,0.999935905408194,0.999938965675671,"calcite_flush_6","FOsd2",777
"4",2.67580182183798e-05,1.26954308498273e-05,1.32567968561337e-05,1.19555070018412e-05,1.70254047985691e-05,1.13369040197674e-05,9.67915586322171e-06,2.46901118853748e-05,"calcite_flush_6","TEsd2",777
