"","curr_inflow_rate","curr_diffusion_coef","curr_porosity","curr_gypsum_rate_constant","curr_calcite_rate_constant","curr_gypsum_surface_area","curr_calcite_surface_area","dfn_volume","output_var","sobol_type","boot_num"
"1",0.235759991336647,0.00261002878408458,0.00201328748164357,0.00258279073954367,0.0113568134773419,0.00320019567282344,0.00216982261142722,0.000397618626524502,"calcite_flush_3","FOmean",53
"2",0.261096455236889,0.00360894042565257,0.0026366639835291,0.00330174897790109,0.0298184787933493,0.00269718253097956,0.0062017786941096,0.0109988492965613,"calcite_flush_3","TEmean",53
"3",0.902395677239898,0.971749357313828,0.959925276576707,0.961659572722275,0.965866246722416,0.973165110301806,0.956965710073448,0.972519259077245,"calcite_flush_3","FOsd2",53
"4",0.0581028913296799,0.0168436325174225,0.0149417951014659,0.0127550768907213,0.0157345214391083,0.0106927375104724,0.0163045724842869,0.0233622101477561,"calcite_flush_3","TEsd2",53
