"","curr_inflow_rate","curr_diffusion_coef","curr_porosity","curr_gypsum_rate_constant","curr_calcite_rate_constant","curr_gypsum_surface_area","curr_calcite_surface_area","dfn_volume","output_var","sobol_type","boot_num"
"1",0.103866687824187,-0.00200890547040663,-0.000139694669257289,0.000853724090446797,0.00442020172096467,0.00158530630312997,0.00350708959252813,-0.00416940924207466,"calcite_flush_4","FOmean",936
"2",0.138881598412528,0.00546992176588722,0.00517103030268083,0.00554683652396359,0.00964560927546719,0.00341267600392745,0.00619252352485085,0.0244343666167918,"calcite_flush_4","TEmean",936
"3",0.999587370449199,0.999541515782502,0.999600622493789,0.99961691322692,0.999540567772059,0.999564348878438,0.999504586726139,0.999625861357427,"calcite_flush_4","FOsd2",936
"4",0.000253583863199293,0.000168199675045551,0.00025914402790403,0.00010869667722905,7.79296081791245e-05,0.000130174213897981,0.000157880143179168,0.000146410129106933,"calcite_flush_4","TEsd2",936
