"","curr_inflow_rate","curr_diffusion_coef","curr_porosity","curr_gypsum_rate_constant","curr_calcite_rate_constant","curr_gypsum_surface_area","curr_calcite_surface_area","dfn_volume","output_var","sobol_type","boot_num"
"1",0.0308993116091054,0.00252442540350224,0.0186713240452062,0.00647724350719219,-0.00165152772395179,-0.000170291719492179,-0.000378634808563688,-0.00285570998722989,"calcite_flush_6","FOmean",455
"2",0.0484489264013021,0.00381863435649006,0.0134334221649395,0.0040117296083657,0.00370504727642704,0.00233919988058121,0.00271669048548324,0.0180505682795226,"calcite_flush_6","TEmean",455
"3",0.999910706437449,0.999916364128738,0.999913518177894,0.999935458721464,0.999908472568665,0.999906539304105,0.999902763574272,0.99991560502271,"calcite_flush_6","FOsd2",455
"4",2.45442939908778e-05,1.26612661562499e-05,1.98762969509664e-05,4.11311303718765e-05,3.47557685426978e-05,1.98880422962264e-05,2.50493313443196e-05,2.25930096934027e-05,"calcite_flush_6","TEsd2",455
