"","curr_inflow_rate","curr_diffusion_coef","curr_porosity","curr_gypsum_rate_constant","curr_calcite_rate_constant","curr_gypsum_surface_area","curr_calcite_surface_area","dfn_volume","output_var","sobol_type","boot_num"
"1",0.343917978357333,0.00392961353794678,0.00442003078606339,0.000544332841675129,0.0224801296223361,0.000890731577764585,-0.00182192064976626,0.0166370365563996,"calcite_flush_3","FOmean",389
"2",0.35107871142176,0.0100157258921042,0.00411388290337899,0.00412415054909415,0.0252776937249336,0.00460690605621852,0.00988621484587245,0.0180084640573905,"calcite_flush_3","TEmean",389
"3",0.122280568450926,0.52672321831316,0.694787446897479,0.670520477839801,0.68908180881343,0.613128384893338,0.687397507549468,0.633349845516174,"calcite_flush_3","FOsd2",389
"4",0.63178559909588,0.216349344321909,0.0710096271404748,0.0806113134117175,0.0420233086827859,0.0626656756263748,0.0974122747533,0.193547022624621,"calcite_flush_3","TEsd2",389
