"","curr_inflow_rate","curr_diffusion_coef","curr_porosity","curr_gypsum_rate_constant","curr_calcite_rate_constant","curr_gypsum_surface_area","curr_calcite_surface_area","dfn_volume","output_var","sobol_type","boot_num"
"1",0.107541181529931,0.00136711189638009,0.00229716909769085,0.000955437405470864,0.00220211785512985,0.00050046442805981,-0.000204663662200745,0.0106484522692493,"calcite_flush_4","FOmean",5
"2",0.147238868131564,0.0048454922925203,0.00521645086303936,0.00706926194415262,0.0102107086913781,0.00372727891701195,0.00617846913174556,0.0284092820141834,"calcite_flush_4","TEmean",5
"3",0.999691525187114,0.999481367862227,0.999598575108017,0.999434290015359,0.999604279446265,0.999541234273896,0.999591303725591,0.999583450904255,"calcite_flush_4","FOsd2",5
"4",0.000192757550387186,0.000128315742483917,0.000112422396883944,0.000118868881385686,0.000115757855848259,0.000108278557459323,5.94954093835332e-05,0.000165444881859706,"calcite_flush_4","TEsd2",5
