"","curr_inflow_rate","curr_diffusion_coef","curr_porosity","curr_gypsum_rate_constant","curr_calcite_rate_constant","curr_gypsum_surface_area","curr_calcite_surface_area","dfn_volume","output_var","sobol_type","boot_num"
"1",1.08399460072978,0.0180337521933326,-0.0225086321475229,0.0490427276717389,0.188654671732041,-0.0372227904360445,0.110250721715041,-0.0486158343699807,"calcite_flush_0","FOmean",134
"2",1.69921412656296,0.181502376575425,0.314159608800505,0.330684131077147,0.446792421283265,0.263726903373818,0.239811527757845,0.338057190000928,"calcite_flush_0","TEmean",134
"3",1,1,1,1,1,1,1,1,"calcite_flush_0","FOsd2",134
"4",4.90698705808361e-27,4.25948968438384e-27,5.54176762080406e-27,6.11627865996862e-27,4.76690500701142e-27,5.98003197346994e-27,6.11164572700626e-27,5.55409365510151e-27,"calcite_flush_0","TEsd2",134
