"","curr_inflow_rate","curr_diffusion_coef","curr_porosity","curr_gypsum_rate_constant","curr_calcite_rate_constant","curr_gypsum_surface_area","curr_calcite_surface_area","dfn_volume","output_var","sobol_type","boot_num"
"1",0.275416061827147,0.0066185827622332,0.0023690255550645,-0.000559440895316237,0.0216783600776308,-0.000387282619845493,0.00109688581747494,0.0116306782145448,"calcite_flush_3","FOmean",1411
"2",0.317529534653979,0.00469438336770072,0.00188739317900724,0.00288862535991114,0.0284758519914798,0.00289818056167178,0.00942537518481261,0.0222943508467031,"calcite_flush_3","TEmean",1411
"3",0.902711632815121,0.734734453476456,0.87481525955507,0.856979599789631,0.893936661132353,0.831088876672146,0.887897172842581,0.539816082158956,"calcite_flush_3","FOsd2",1411
"4",0.0579112244178183,0.217525983264247,0.0521800368132175,0.0584993889090711,0.0209100620236698,0.0730073400935443,0.0338465630855036,0.378716891743453,"calcite_flush_3","TEsd2",1411
