"","curr_inflow_rate","curr_diffusion_coef","curr_porosity","curr_gypsum_rate_constant","curr_calcite_rate_constant","curr_gypsum_surface_area","curr_calcite_surface_area","dfn_volume","output_var","sobol_type","boot_num"
"1",0.0152976018697039,0.00453336373261421,-0.00205882235694045,0.00838245382943895,0.000515657470828964,0.00509200349155747,-0.00331686150200934,-0.012211871839198,"calcite_flush_6","FOmean",1974
"2",0.0306922445032874,0.00336478273201634,0.0127566772454248,0.00515887781585819,0.00388362825939454,0.00301480699217395,0.00326261303114395,0.0235514824880473,"calcite_flush_6","TEmean",1974
"3",0.999924612518598,0.99994325193499,0.999940457592585,0.999926164896352,0.999937495620538,0.999939653143514,0.999908039791943,0.999928010297044,"calcite_flush_6","FOsd2",1974
"4",4.24691990023239e-05,1.08405760595279e-05,1.37737256370283e-05,2.20572989494701e-05,4.07660715647258e-05,1.1454628030448e-05,3.49953214751758e-05,3.68760849613991e-05,"calcite_flush_6","TEsd2",1974
