"","curr_inflow_rate","curr_diffusion_coef","curr_porosity","curr_gypsum_rate_constant","curr_calcite_rate_constant","curr_gypsum_surface_area","curr_calcite_surface_area","dfn_volume","output_var","sobol_type","boot_num"
"1",0.330222073654316,-0.00714291505077293,0.00464478695200563,0.00534592285669862,0.0121005526037274,0.00278829298102415,0.00442373196136786,-0.00651600847448414,"calcite_flush_3","FOmean",1866
"2",0.357277592686687,0.00429695722032648,0.00550012825861637,0.00654676764717418,0.0251894285340078,0.00445212926770047,0.00964029039781474,0.0122194041836955,"calcite_flush_3","TEmean",1866
"3",-5.42089377257246,-7.66335262829119,-9.55145435640647,-7.41766581063251,-7.10289898878424,-5.21249169627296,-3.3880224532501,-6.51090342807015,"calcite_flush_3","FOsd2",1866
"4",24.8384046228247,20.5090920104456,17.8067750099397,13.0893868376656,21.1685382743374,24.4718300623434,18.7619643723686,15.0982741550014,"calcite_flush_3","TEsd2",1866
