"","curr_inflow_rate","curr_diffusion_coef","curr_porosity","curr_gypsum_rate_constant","curr_calcite_rate_constant","curr_gypsum_surface_area","curr_calcite_surface_area","dfn_volume","output_var","sobol_type","boot_num"
"1",0.110150310623792,-0.00193041416140805,0.00360775295041955,0.000140335552554468,-0.00121616684301568,0.0045745956241641,-0.00207175014403396,-0.00706528971244502,"calcite_flush_5","FOmean",237
"2",0.135837335226086,0.00597172973545575,0.0103746639763468,0.00431909821669503,0.00459802083529167,0.00402065287390786,0.00373646853964124,0.0292654449494588,"calcite_flush_5","TEmean",237
"3",0.99963227125296,0.999634363368266,0.999652267128891,0.999631932112509,0.999598917518707,0.999654428946714,0.99962387226539,0.999655060389743,"calcite_flush_5","FOsd2",237
"4",7.23633873203097e-05,9.00683205058051e-05,0.000234662921403494,4.97201670436329e-05,0.000118352355073252,8.40361235336567e-05,9.14940039679959e-05,9.66881563765179e-05,"calcite_flush_5","TEsd2",237
