"","curr_inflow_rate","curr_diffusion_coef","curr_porosity","curr_gypsum_rate_constant","curr_calcite_rate_constant","curr_gypsum_surface_area","curr_calcite_surface_area","dfn_volume","output_var","sobol_type","boot_num"
"1",0.613080287333745,0.0070735392202374,0.0552111980759769,-0.00745814329759748,0.0660191588778398,0.037025152646795,0.078326074453453,0.0861032191725529,"calcite_flush_1","FOmean",1892
"2",1.37353464318902,0.374878939999298,0.320019053655554,0.310260979420639,0.259607803109298,0.311609933896599,0.336630131936515,0.371653063982953,"calcite_flush_1","TEmean",1892
"3",1,1,1,1,1,1,1,1,"calcite_flush_1","FOsd2",1892
"4",3.5127769954055e-27,1.45357275149153e-27,1.58203180269936e-27,2.43789557258097e-27,1.76976233958785e-27,2.58110187957649e-27,3.93507449970739e-27,3.4519424063451e-27,"calcite_flush_1","TEsd2",1892
