"","curr_inflow_rate","curr_diffusion_coef","curr_porosity","curr_gypsum_rate_constant","curr_calcite_rate_constant","curr_gypsum_surface_area","curr_calcite_surface_area","dfn_volume","output_var","sobol_type","boot_num"
"1",0.0967765731465625,-0.00282405295071676,0.0101592978429821,0.00551686849336482,0.00353002909858233,0.00390569148212208,-0.00473059888587786,0.0153569751695719,"calcite_flush_5","FOmean",1063
"2",0.105397931668607,0.00479848957636939,0.00645305935557344,0.00823350219807051,0.00624962338480687,0.00428790737214697,0.00492725219863965,0.0246423039924996,"calcite_flush_5","TEmean",1063
"3",0.99957514195858,0.999482537977827,0.999533253937127,0.999552708239818,0.999498465795067,0.99951986794086,0.999411790182261,0.999502820271356,"calcite_flush_5","FOsd2",1063
"4",0.000135559149782285,0.00010125287787056,0.000337449182652937,0.00014390620126894,0.000113681752461647,7.17854952105336e-05,0.000155111637039155,9.03034843887463e-05,"calcite_flush_5","TEsd2",1063
