"","curr_inflow_rate","curr_diffusion_coef","curr_porosity","curr_gypsum_rate_constant","curr_calcite_rate_constant","curr_gypsum_surface_area","curr_calcite_surface_area","dfn_volume","output_var","sobol_type","boot_num"
"1",0.0683089608249081,-0.00132939824414202,-0.000580676854048663,0.000446372437599766,0.000221875951427911,-0.000439813312372153,0.00175944705907375,0.00208172311627955,"calcite_flush_2","FOmean",395
"2",0.0794267943844588,0.00262497320803278,0.00147922135431042,0.00463011359626405,0.00416339797001925,0.00118311699337337,0.00366766603307381,0.00765554857391423,"calcite_flush_2","TEmean",395
"3",0.822184488887873,0.680589895262791,0.771911274875039,0.764391702642081,0.785259794446499,0.707673424488827,0.803165513679268,0.436139922063945,"calcite_flush_2","FOsd2",395
"4",0.0533522539515909,0.104972091095247,0.022648895476144,0.087460863350988,0.0502104729645173,0.0279884173399803,0.0375191281796578,0.361494200185368,"calcite_flush_2","TEsd2",395
