"","curr_inflow_rate","curr_diffusion_coef","curr_porosity","curr_gypsum_rate_constant","curr_calcite_rate_constant","curr_gypsum_surface_area","curr_calcite_surface_area","dfn_volume","output_var","sobol_type","boot_num"
"1",0.156107982411497,0.00438805472911709,0.00287197590825937,0.0118818752610634,0.0192000459332277,0.00575113006189759,0.0171992669449656,0.00234037288387654,"calcite_flush_0","FOmean",911
"2",0.218153853432915,0.0107068327941826,0.0153753924011662,0.0270234648343798,0.0354946530524617,0.0182837908494426,0.0479128730248674,0.0117194086385381,"calcite_flush_0","TEmean",911
"3",-8.46477995176863,-2.57977340963413,-7.0052549586286,-11.5890968211432,-1.02656780239393,-1.01586168190717,-4.23695859241922,-38.8643997381206,"calcite_flush_0","FOsd2",911
"4",3.83460667914044,0.602275181928684,1.39099460266066,2.88714048178673,3.1508562947418,1.35351881053857,0.658011521481814,21.0004986932923,"calcite_flush_0","TEsd2",911
