"","curr_inflow_rate","curr_diffusion_coef","curr_porosity","curr_gypsum_rate_constant","curr_calcite_rate_constant","curr_gypsum_surface_area","curr_calcite_surface_area","dfn_volume","output_var","sobol_type","boot_num"
"1",1.55856352117852,0.165138272347629,0.228406664401635,0.216802403124259,0.038626599774872,-0.0676147086548124,0.13758276667404,-0.00817916908704955,"calcite_flush_0","FOmean",547
"2",2.44934579540007,0.520012490565486,0.570779399222874,0.632783092881666,0.391168601109392,0.665038263287877,0.471108598128547,0.533674499144769,"calcite_flush_0","TEmean",547
"3",1,1,1,1,1,1,1,1,"calcite_flush_0","FOsd2",547
"4",2.08847868378775e-28,1.18955268084855e-28,1.38658451208296e-28,1.23115948052329e-28,7.10154702369065e-29,7.92054716171756e-29,6.92381788233338e-29,1.14971927201427e-28,"calcite_flush_0","TEsd2",547
