"","curr_inflow_rate","curr_diffusion_coef","curr_porosity","curr_gypsum_rate_constant","curr_calcite_rate_constant","curr_gypsum_surface_area","curr_calcite_surface_area","dfn_volume","output_var","sobol_type","boot_num"
"1",0.104533874762618,0.00183013374800106,0.000529286058786744,-0.00110549426889723,0.00184289915928554,0.000570197888810206,0.00594173295827175,-0.010375883463393,"calcite_flush_5","FOmean",377
"2",0.144431481458219,0.00377497195464409,0.00826341356059805,0.0044892195676094,0.005772552630457,0.00520392498261955,0.00700659328942154,0.0252816969534021,"calcite_flush_5","TEmean",377
"3",0.999642794131861,0.999702332906692,0.999735461245637,0.999731481751523,0.999713969456754,0.999636609450149,0.999698230057171,0.999706358177231,"calcite_flush_5","FOsd2",377
"4",8.14514933130519e-05,5.39177297913945e-05,0.000115535179583455,0.000157532786696137,0.000119790729974817,8.19136438720587e-05,7.1432969382178e-05,0.000106162066137185,"calcite_flush_5","TEsd2",377
