"","curr_inflow_rate","curr_diffusion_coef","curr_porosity","curr_gypsum_rate_constant","curr_calcite_rate_constant","curr_gypsum_surface_area","curr_calcite_surface_area","dfn_volume","output_var","sobol_type","boot_num"
"1",1.11789317037892,0.0539773894325328,0.0675382903533154,0.153748692066662,0.00615970992951635,0.0452104600337538,0.0773479644882121,0.118940568630738,"calcite_flush_1","FOmean",268
"2",1.74047151570846,0.199167371156573,0.266937404021357,0.388567019763491,0.171812925160476,0.182806657098713,0.510671048153592,0.375459260085214,"calcite_flush_1","TEmean",268
"3",1,1,1,1,1,1,1,1,"calcite_flush_1","FOsd2",268
"4",6.61369919295579e-28,5.00851175955239e-28,8.17643416678808e-28,5.87883965822185e-28,1.04349532650409e-27,6.49920899817934e-28,6.19358407497367e-28,5.93812676050899e-28,"calcite_flush_1","TEsd2",268
