"","curr_inflow_rate","curr_diffusion_coef","curr_porosity","curr_gypsum_rate_constant","curr_calcite_rate_constant","curr_gypsum_surface_area","curr_calcite_surface_area","dfn_volume","output_var","sobol_type","boot_num"
"1",0.302398296578203,0.00470738646935239,0.00406627520455502,-0.000876900316805497,0.0185733866386125,-0.00142257050629308,0.000508549189456559,0.00158890663724054,"calcite_flush_3","FOmean",949
"2",0.324078636120669,0.00491705321485327,0.00563014526331909,0.00566994773236992,0.0233288478632645,0.0028193784808866,0.00554945241350453,0.0113664029007122,"calcite_flush_3","TEmean",949
"3",0.249828540868107,0.195744489641699,0.211434971623157,-0.473566958223049,0.195724838611008,-0.147664512660185,0.228970194750504,0.220659852482464,"calcite_flush_3","FOsd2",949
"4",0.0768048907268599,0.115276508960886,0.0578316026686602,0.780924280487619,0.0646457702912109,0.240164245286391,0.0711882472297243,0.0953485518481878,"calcite_flush_3","TEsd2",949
