"","curr_inflow_rate","curr_diffusion_coef","curr_porosity","curr_gypsum_rate_constant","curr_calcite_rate_constant","curr_gypsum_surface_area","curr_calcite_surface_area","dfn_volume","output_var","sobol_type","boot_num"
"1",0.442878538248013,-0.0649831297424478,-0.0591879548813009,0.155842717070829,-0.0592286792767188,0.0064994684118169,-0.0213900644491219,-0.0494706061525556,"calcite_flush_0","FOmean",1632
"2",1.35088130880031,0.440575913607717,0.348529281452197,0.757041917704879,0.580321836475042,0.474494378585591,0.290406591825479,0.442310690377373,"calcite_flush_0","TEmean",1632
"3",1,1,1,1,1,1,1,1,"calcite_flush_0","FOsd2",1632
"4",2.66042294645226e-24,1.61681497493717e-24,1.40982648785547e-24,1.40722913736663e-24,1.01202189013477e-24,1.68253704991055e-24,1.08293252959129e-24,7.76278344951086e-25,"calcite_flush_0","TEsd2",1632
