"","curr_inflow_rate","curr_diffusion_coef","curr_porosity","curr_gypsum_rate_constant","curr_calcite_rate_constant","curr_gypsum_surface_area","curr_calcite_surface_area","dfn_volume","output_var","sobol_type","boot_num"
"1",0.0198943252920679,8.42726585636986e-06,0.0172032191135534,0.00237118163302461,0.00906969192774873,0.00339203753181337,0.00349777625701089,0.0116339868177097,"calcite_flush_6","FOmean",1834
"2",0.0339548311008029,0.00313705472109698,0.0137921140073394,0.00806348991381205,0.00332563025908538,0.00253869958159997,0.00236801480079538,0.0198761975317878,"calcite_flush_6","TEmean",1834
"3",0.999920149200544,0.999938569940726,0.999950520540027,0.999941383089028,0.999893731969335,0.999937975677917,0.999940307142778,0.999930352216372,"calcite_flush_6","FOsd2",1834
"4",2.20310637964038e-05,7.22291068523038e-06,2.42488719837046e-05,2.83941091609654e-05,5.89346714400689e-05,1.88815573298107e-05,2.93024233841345e-05,2.23969328500041e-05,"calcite_flush_6","TEsd2",1834
