"","curr_inflow_rate","curr_diffusion_coef","curr_porosity","curr_gypsum_rate_constant","curr_calcite_rate_constant","curr_gypsum_surface_area","curr_calcite_surface_area","dfn_volume","output_var","sobol_type","boot_num"
"1",0.445859648900622,-0.0328657220197234,0.06477460562238,0.16626121960902,0.0469698786448721,0.0836644539332936,0.142998266351534,0.152803308418806,"calcite_flush_0","FOmean",596
"2",1.45605794321823,0.256095321278464,0.358213499420326,0.859181085358656,0.32793188656225,0.347242068378085,0.645682216110108,0.398994190003734,"calcite_flush_0","TEmean",596
"3",1,1,1,1,1,1,1,1,"calcite_flush_0","FOsd2",596
"4",2.5239118836071e-27,1.75237140670797e-27,1.60949642699188e-27,1.0211621790642e-27,1.20545226716721e-27,1.95232979099024e-27,1.19274843109055e-27,1.51205627671995e-27,"calcite_flush_0","TEsd2",596
