"","curr_inflow_rate","curr_diffusion_coef","curr_porosity","curr_gypsum_rate_constant","curr_calcite_rate_constant","curr_gypsum_surface_area","curr_calcite_surface_area","dfn_volume","output_var","sobol_type","boot_num"
"1",0.0460227420326571,-0.00300175727118122,0.0213885326532313,-0.00121607895141611,0.00128208947042905,-0.000965098741281519,-0.000593844256930284,0.0110915722122306,"calcite_flush_6","FOmean",49
"2",0.0546241738312193,0.00372533500069349,0.0158175521452043,0.00607678276193073,0.00330217967066173,0.00272150577504304,0.00346450593405749,0.0220290852907266,"calcite_flush_6","TEmean",49
"3",0.999944296487339,0.999917219768799,0.999948898293385,0.999923065767156,0.999947821956915,0.999946665107973,0.999943343654608,0.999947759888941,"calcite_flush_6","FOsd2",49
"4",1.49642213900321e-05,2.97317001393879e-05,1.50715153356888e-05,4.55785898428168e-05,1.09524473048782e-05,9.31204153078801e-06,1.11732062014368e-05,1.19921406650817e-05,"calcite_flush_6","TEsd2",49
