"","curr_inflow_rate","curr_diffusion_coef","curr_porosity","curr_gypsum_rate_constant","curr_calcite_rate_constant","curr_gypsum_surface_area","curr_calcite_surface_area","dfn_volume","output_var","sobol_type","boot_num"
"1",0.0937010476418352,0.000429702241634311,-0.000767867488919779,-0.000931224295029648,0.00238953891315294,-0.000825272314713804,-0.00024705946136159,0.00841953706788079,"calcite_flush_4","FOmean",1797
"2",0.141660926996136,0.00413428856536307,0.00335676228743271,0.00427364655446258,0.00786280454461056,0.00342501924567631,0.0033959842900871,0.0376248753553901,"calcite_flush_4","TEmean",1797
"3",0.999644830920194,0.999553749881305,0.999687741534061,0.999570137837045,0.999578768990529,0.999591902580379,0.999598669349663,0.999578802752301,"calcite_flush_4","FOsd2",1797
"4",0.000225070918036669,7.97927114132711e-05,0.000208529931899732,7.26621812848965e-05,0.000108519571217318,6.56420601108642e-05,8.19411446481468e-05,0.000144297442388063,"calcite_flush_4","TEsd2",1797
