"","curr_inflow_rate","curr_diffusion_coef","curr_porosity","curr_gypsum_rate_constant","curr_calcite_rate_constant","curr_gypsum_surface_area","curr_calcite_surface_area","dfn_volume","output_var","sobol_type","boot_num"
"1",0.632497084264134,0.236595176076136,0.0610073166963351,0.117450339377818,-0.0721373338845209,0.00624669862002357,-0.0766486531520534,-0.0174883413398501,"calcite_flush_1","FOmean",1087
"2",1.8298087550064,1.35736371537852,0.587228516614112,0.768329200169219,0.494881895541677,0.480192438208092,0.543415243789258,0.603747233913962,"calcite_flush_1","TEmean",1087
"3",1,1,1,1,1,1,1,1,"calcite_flush_1","FOsd2",1087
"4",4.65428032328462e-25,3.8888915625948e-25,4.10823723993989e-25,3.01789281935392e-25,4.03638639676309e-25,7.43111156052313e-25,1.384857834479e-25,2.654624992891e-25,"calcite_flush_1","TEsd2",1087
