"","curr_inflow_rate","curr_diffusion_coef","curr_porosity","curr_gypsum_rate_constant","curr_calcite_rate_constant","curr_gypsum_surface_area","curr_calcite_surface_area","dfn_volume","output_var","sobol_type","boot_num"
"1",0.607794287027888,-0.0134494491681771,0.039393870050487,-0.073445939326244,-0.0927971047164024,0.0281878783035429,0.0950660928582122,-0.0900085825086839,"calcite_flush_1","FOmean",86
"2",1.94350602148971,0.486527821999534,0.468713301266973,0.377518317847213,0.687518296598234,0.550737360868107,0.429984415456857,0.548974316304038,"calcite_flush_1","TEmean",86
"3",1,1,1,1,1,1,1,1,"calcite_flush_1","FOsd2",86
"4",7.3953830130318e-24,5.15407039604709e-24,4.46439479567943e-24,4.52142106670614e-24,6.09200211644468e-24,6.11544309529733e-24,2.92488495323331e-24,5.08700633131298e-24,"calcite_flush_1","TEsd2",86
