"","curr_inflow_rate","curr_diffusion_coef","curr_porosity","curr_gypsum_rate_constant","curr_calcite_rate_constant","curr_gypsum_surface_area","curr_calcite_surface_area","dfn_volume","output_var","sobol_type","boot_num"
"1",0.242613364802499,0.00128512978118824,0.00752512147714275,0.00321275561995609,0.0175962607375617,0.00271259137779734,0.0141926212933151,-0.00491632177993419,"calcite_flush_3","FOmean",207
"2",0.26952390261174,0.00469682178321027,0.00446007545957736,0.00584086201310683,0.0282237998223769,0.00327693918466672,0.0150300724143916,0.0137887585860825,"calcite_flush_3","TEmean",207
"3",0.692675990466995,0.743107087025784,0.731573132075541,0.508914614505411,0.585067253440657,0.773047504320218,0.798351649080904,0.477607575481796,"calcite_flush_3","FOsd2",207
"4",0.157602535636256,0.183052524651485,0.0692101945146668,0.459992574059008,0.17601406342269,0.1561570895654,0.123841148375236,0.193923048185571,"calcite_flush_3","TEsd2",207
