"","curr_inflow_rate","curr_diffusion_coef","curr_porosity","curr_gypsum_rate_constant","curr_calcite_rate_constant","curr_gypsum_surface_area","curr_calcite_surface_area","dfn_volume","output_var","sobol_type","boot_num"
"1",0.318334251060513,0.000458823012609358,0.000845958306940417,0.00636468609982813,0.0230264947741424,0.00141165942022019,-0.0017907244049329,0.00609087069000409,"calcite_flush_3","FOmean",725
"2",0.332588075770629,0.00520921824555189,0.00324202034506232,0.00489504497785621,0.0248594411377193,0.0028402549118236,0.00990957692265276,0.0135305166156347,"calcite_flush_3","TEmean",725
"3",-0.829050128899256,-2.48901298732219,-0.321731154646172,-0.303248645755607,-0.142733092542444,-3.29477938963351,-0.490960002750271,0.192266128683583,"calcite_flush_3","FOsd2",725
"4",1.43131058009925,1.73470462106799,0.24414782811188,0.687407041587129,0.0618002680562178,1.85304679354096,1.07589725828629,0.324206597968604,"calcite_flush_3","TEsd2",725
