"","curr_inflow_rate","curr_diffusion_coef","curr_porosity","curr_gypsum_rate_constant","curr_calcite_rate_constant","curr_gypsum_surface_area","curr_calcite_surface_area","dfn_volume","output_var","sobol_type","boot_num"
"1",0.086569782513919,0.00707563556712558,-0.00812120741967209,0.00928563785655782,0.005012198725684,-0.000199994352360797,-0.00169392721866194,-0.00592312406982102,"calcite_flush_5","FOmean",986
"2",0.116206457850207,0.00638872988570766,0.0090277682293553,0.0064471354481752,0.00752006057903342,0.00424161059453031,0.00442471126822828,0.0298875757328827,"calcite_flush_5","TEmean",986
"3",0.99956327211509,0.999527483089926,0.999667700716265,0.999558362948494,0.999551215059736,0.999510967297318,0.999522799636653,0.999529611330254,"calcite_flush_5","FOsd2",986
"4",0.000107446720819237,6.70184159761632e-05,0.000204647721617263,8.12916503747678e-05,0.000130041955971131,6.62494293538012e-05,7.2629608959292e-05,6.34609458487151e-05,"calcite_flush_5","TEsd2",986
