"","curr_inflow_rate","curr_diffusion_coef","curr_porosity","curr_gypsum_rate_constant","curr_calcite_rate_constant","curr_gypsum_surface_area","curr_calcite_surface_area","dfn_volume","output_var","sobol_type","boot_num"
"1",0.601586196062486,0.0356726578690053,0.222792934670515,0.00890631996475253,0.0443098920874878,0.0569589647041388,0.0162065160178572,-0.0631024334103851,"calcite_flush_1","FOmean",401
"2",1.46509644820803,0.479030509792108,0.680447361325438,0.695608919262748,0.376620322601584,0.378523205999118,0.351929292297149,0.39798193385052,"calcite_flush_1","TEmean",401
"3",1,1,1,1,1,1,1,1,"calcite_flush_1","FOsd2",401
"4",4.45937285406212e-25,5.83948596410307e-25,3.72009882691876e-25,4.65231380041999e-25,3.35497417791964e-25,2.16852016061341e-25,3.89050477934898e-25,3.76060180802077e-25,"calcite_flush_1","TEsd2",401
