"","curr_inflow_rate","curr_diffusion_coef","curr_porosity","curr_gypsum_rate_constant","curr_calcite_rate_constant","curr_gypsum_surface_area","curr_calcite_surface_area","dfn_volume","output_var","sobol_type","boot_num"
"1",0.0251309556836531,-0.00166209958153108,0.0113244087506603,0.00531785317528474,-0.00814845222699134,-0.0030741523435435,0.000897412983420425,0.0083263645178291,"calcite_flush_6","FOmean",2079
"2",0.0477952743412627,0.00238880649902978,0.013471187408965,0.00562498399707298,0.00408400627345347,0.00319224109375898,0.00321895969086586,0.0191335977574566,"calcite_flush_6","TEmean",2079
"3",0.999926616115651,0.999917681764454,0.999914310580399,0.999913998798332,0.999935342673903,0.999931693602788,0.999835089096295,0.999930709250191,"calcite_flush_6","FOsd2",2079
"4",3.42347163474957e-05,2.12047339912232e-05,2.30131649114105e-05,4.88770831353599e-05,4.08093348854864e-05,1.83151691924565e-05,0.000120954463021591,2.69190956731971e-05,"calcite_flush_6","TEsd2",2079
