"","curr_inflow_rate","curr_diffusion_coef","curr_porosity","curr_gypsum_rate_constant","curr_calcite_rate_constant","curr_gypsum_surface_area","curr_calcite_surface_area","dfn_volume","output_var","sobol_type","boot_num"
"1",0.120373799990629,-0.00150092639220896,0.00342675105231752,-0.00387908115122024,-0.00990306173516151,-0.00315675929346725,-0.00627631520330037,-0.00195675883557854,"calcite_flush_5","FOmean",356
"2",0.133899129126413,0.00604638950391941,0.00908173649266116,0.00536722400535329,0.00885354053864539,0.00443330543665251,0.00583719448292819,0.0288696171808758,"calcite_flush_5","TEmean",356
"3",0.999683264594227,0.999565275005192,0.999712272663921,0.999595298013726,0.999620915078023,0.99922081681477,0.999219749939175,0.999656716278764,"calcite_flush_5","FOsd2",356
"4",0.000435904447791194,0.000572808974675474,0.000616934174839949,0.000538770310993166,0.000479509251089002,0.000162065976424109,6.63843354461836e-05,0.000527351499099802,"calcite_flush_5","TEsd2",356
