"","curr_inflow_rate","curr_diffusion_coef","curr_porosity","curr_gypsum_rate_constant","curr_calcite_rate_constant","curr_gypsum_surface_area","curr_calcite_surface_area","dfn_volume","output_var","sobol_type","boot_num"
"1",0.0672564098093499,0.00213787033914843,0.000558248524547679,0.00536228261760319,0.00144782081043856,3.25180449921367e-05,-5.722036016076e-05,2.19667167612134e-05,"calcite_flush_2","FOmean",1032
"2",0.0741339832528026,0.00380521519173018,0.000874292800291963,0.00977929211738915,0.00382938432432332,0.000625777758327616,0.00189431188601745,0.00503415825501194,"calcite_flush_2","TEmean",1032
"3",0.339005666966606,0.562544370157482,0.395550543973417,0.321448078093528,0.56091027106995,0.361368959825089,0.616543464150244,0.378036969108342,"calcite_flush_2","FOsd2",1032
"4",0.270784906250725,0.0885262751669775,0.157528155900116,0.0824317941232891,0.201354786764969,0.4349066035322,0.292324912366686,0.0570938341786963,"calcite_flush_2","TEsd2",1032
