"","curr_inflow_rate","curr_diffusion_coef","curr_porosity","curr_gypsum_rate_constant","curr_calcite_rate_constant","curr_gypsum_surface_area","curr_calcite_surface_area","dfn_volume","output_var","sobol_type","boot_num"
"1",0.388339170021064,0.0859741496303019,0.076657034157232,0.159116338306624,-0.0201813611600006,0.069578884305729,0.175498956586292,0.0696043306321555,"calcite_flush_1","FOmean",1423
"2",1.18069562634629,0.475102408402205,0.476317375420213,0.796816172414875,0.39304646448286,0.365779462329044,0.465135753405057,0.478366996683716,"calcite_flush_1","TEmean",1423
"3",1,1,1,1,1,1,1,1,"calcite_flush_1","FOsd2",1423
"4",1.05641572064777e-24,8.40426589165607e-25,8.94760674003926e-25,3.59112177635979e-25,5.32567944187038e-25,1.02363609609388e-24,2.98302326080787e-25,3.9812442828785e-25,"calcite_flush_1","TEsd2",1423
