"","curr_inflow_rate","curr_diffusion_coef","curr_porosity","curr_gypsum_rate_constant","curr_calcite_rate_constant","curr_gypsum_surface_area","curr_calcite_surface_area","dfn_volume","output_var","sobol_type","boot_num"
"1",1.37840583118315,-0.0162437000181508,0.042886789216977,0.130380121564528,0.215524857207232,0.0130755391820223,0.083568964946415,0.021436434066352,"calcite_flush_0","FOmean",337
"2",2.43018181495608,0.76680204877085,0.630719177311618,1.28435298837228,0.611542937004731,0.544808802785547,0.338392428450267,0.422175279622276,"calcite_flush_0","TEmean",337
"3",1,1,1,1,1,1,1,1,"calcite_flush_0","FOsd2",337
"4",1.0955161622753e-24,1.0050125297986e-24,6.98001793478893e-25,7.16367868661654e-25,7.40460389330696e-25,7.49101576881574e-25,2.68928758213006e-25,5.65950933323958e-25,"calcite_flush_0","TEsd2",337
