"","curr_inflow_rate","curr_diffusion_coef","curr_porosity","curr_gypsum_rate_constant","curr_calcite_rate_constant","curr_gypsum_surface_area","curr_calcite_surface_area","dfn_volume","output_var","sobol_type","boot_num"
"1",1.42076599920796,0.0205653761463406,0.0891583015689592,0.284315763246839,0.0295741673966787,0.0244536382402311,0.318922108307447,0.0673013577082769,"calcite_flush_1","FOmean",723
"2",2.3560280384333,0.254310099636986,0.25198062919752,0.945591674850393,0.291238093835635,0.201241547475915,0.801875379936725,0.451509626223197,"calcite_flush_1","TEmean",723
"3",1,1,1,1,1,1,1,1,"calcite_flush_1","FOsd2",723
"4",1.61837489961994e-43,2.15157011381685e-43,7.31269669794389e-44,2.87038396035246e-43,2.78190151410658e-43,1.38980680461625e-43,1.50007857168225e-43,2.38617797267522e-42,"calcite_flush_1","TEsd2",723
