"","curr_inflow_rate","curr_diffusion_coef","curr_porosity","curr_gypsum_rate_constant","curr_calcite_rate_constant","curr_gypsum_surface_area","curr_calcite_surface_area","dfn_volume","output_var","sobol_type","boot_num"
"1",0.833987353874739,0.222305538835747,0.0806925276518946,0.133756713029478,0.0857755077586809,0.0322895432487294,0.194117198106255,0.0428604751386554,"calcite_flush_0","FOmean",981
"2",1.78899310127921,0.612100396721702,0.335133511514673,0.600384448675399,0.678373144563083,0.397888543558689,0.658499610076302,0.336873710977565,"calcite_flush_0","TEmean",981
"3",1,1,1,1,1,1,1,1,"calcite_flush_0","FOsd2",981
"4",2.09135263548985e-45,2.37708419601518e-45,2.02617579175677e-45,1.71671475757075e-45,3.94582109324961e-45,2.07475997451794e-45,1.39377052752132e-45,1.77316441899739e-44,"calcite_flush_0","TEsd2",981
