"","curr_inflow_rate","curr_diffusion_coef","curr_porosity","curr_gypsum_rate_constant","curr_calcite_rate_constant","curr_gypsum_surface_area","curr_calcite_surface_area","dfn_volume","output_var","sobol_type","boot_num"
"1",1.36066126322458,0.38296864742355,0.0663305000315838,-0.137678337151048,0.0269705306600669,0.197801117421947,0.162044662526152,0.0576229816871328,"calcite_flush_1","FOmean",1661
"2",2.39234372258361,1.19607658131306,0.448314270560197,0.976227706255118,0.555612995637406,0.888673406870515,0.480066010626225,1.08189698704271,"calcite_flush_1","TEmean",1661
"3",1,1,1,1,1,1,1,1,"calcite_flush_1","FOsd2",1661
"4",4.03455280412876e-25,5.42646234112602e-25,1.46986927588446e-25,2.18282023685725e-25,2.78023661762913e-25,2.47689164098768e-25,2.92002115505025e-25,3.93378518117305e-25,"calcite_flush_1","TEsd2",1661
