"","curr_inflow_rate","curr_diffusion_coef","curr_porosity","curr_gypsum_rate_constant","curr_calcite_rate_constant","curr_gypsum_surface_area","curr_calcite_surface_area","dfn_volume","output_var","sobol_type","boot_num"
"1",0.11981629155751,0.00466578152553564,-0.000819053369310164,0.00526965092837426,0.0042303737295454,0.001136479168907,0.00203863012874648,-0.000643886561586305,"calcite_flush_2","FOmean",136
"2",0.126867038139457,0.00563504254463987,0.00271504105325766,0.00567283264463714,0.0101417577362835,0.00368962648928449,0.00799339472679123,0.0094486496898436,"calcite_flush_2","TEmean",136
"3",-1254.01428276576,-670.090745383891,-133.894690628372,-145.518137151637,-124.506371501394,-159.083306646068,-336.078875472771,-86.0324458689647,"calcite_flush_2","FOsd2",136
"4",1059.55454421128,571.837537506403,7.83823050848682,48.2890010013996,82.0901494247299,107.085562156668,121.498321624123,43.7093520150086,"calcite_flush_2","TEsd2",136
