"","curr_inflow_rate","curr_diffusion_coef","curr_porosity","curr_gypsum_rate_constant","curr_calcite_rate_constant","curr_gypsum_surface_area","curr_calcite_surface_area","dfn_volume","output_var","sobol_type","boot_num"
"1",0.623913705934047,0.0701931070228386,0.0440480631564383,0.00626318212628911,0.0680640115550645,0.129486449216961,0.0207286414808944,-0.0447360483822467,"calcite_flush_1","FOmean",520
"2",1.22177035035534,0.212432883790024,0.234303495602855,0.379334918630537,0.299750449805626,0.322624050127024,0.414382031972858,0.203344883295745,"calcite_flush_1","TEmean",520
"3",1,1,1,1,1,1,1,1,"calcite_flush_1","FOsd2",520
"4",2.26313270631431e-27,2.95498728526259e-27,1.63547700407713e-27,1.18163444095944e-27,2.18499126158178e-27,2.52138020330697e-27,2.02411584470321e-27,1.89505399113142e-27,"calcite_flush_1","TEsd2",520
