"","curr_inflow_rate","curr_diffusion_coef","curr_porosity","curr_gypsum_rate_constant","curr_calcite_rate_constant","curr_gypsum_surface_area","curr_calcite_surface_area","dfn_volume","output_var","sobol_type","boot_num"
"1",1.09787887254703,0.0110672035547091,0.00775568626380301,0.00588310307969697,0.0820087182920466,0.0671554592141233,0.037275640697802,0.0528902198764046,"calcite_flush_1","FOmean",1815
"2",1.68673194613177,0.257123979170556,0.287103289510513,0.426043242984024,0.222272180008083,0.326007683761548,0.308787522356187,0.425124940262498,"calcite_flush_1","TEmean",1815
"3",1,1,1,1,1,1,1,1,"calcite_flush_1","FOsd2",1815
"4",5.97890899839545e-27,4.64395147620059e-27,1.97783245275965e-27,2.46300996271541e-27,3.66845836385402e-27,3.12727666699331e-27,3.42545783382275e-27,3.64494755016844e-27,"calcite_flush_1","TEsd2",1815
