"","curr_inflow_rate","curr_diffusion_coef","curr_porosity","curr_gypsum_rate_constant","curr_calcite_rate_constant","curr_gypsum_surface_area","curr_calcite_surface_area","dfn_volume","output_var","sobol_type","boot_num"
"1",0.0356909612797326,0.000565307985706864,-0.00240720264530128,0.00432259140811601,-0.00342608071252097,-0.0028428157368884,0.00165111260001846,0.0172263828902351,"calcite_flush_6","FOmean",1239
"2",0.0493332111849736,0.00442884188750423,0.0162219370044329,0.00945270493335291,0.00424212699723974,0.00263071023832113,0.00283605006803435,0.0184747954206879,"calcite_flush_6","TEmean",1239
"3",0.99994955049676,0.999919700121817,0.999910395877803,0.999917913098784,0.999924316314579,0.999912271832159,0.999891774089822,0.999898899409968,"calcite_flush_6","FOsd2",1239
"4",4.52825605846615e-05,2.23513897708971e-05,2.62752274346801e-05,3.36202455958776e-05,2.53265982197283e-05,1.25331497912374e-05,3.13937782834624e-05,3.80560677390065e-05,"calcite_flush_6","TEsd2",1239
