"","curr_inflow_rate","curr_diffusion_coef","curr_porosity","curr_gypsum_rate_constant","curr_calcite_rate_constant","curr_gypsum_surface_area","curr_calcite_surface_area","dfn_volume","output_var","sobol_type","boot_num"
"1",0.968593786005732,-0.125693005910125,0.095415873513644,0.157688474755339,-0.0383431694226996,0.0197401198783229,0.0916510487770211,0.0272360675577205,"calcite_flush_1","FOmean",1332
"2",1.5312526211512,0.305947402226608,0.437392117687631,0.379969275903574,0.325654738506896,0.452098587785922,0.54683438194637,0.202706601008548,"calcite_flush_1","TEmean",1332
"3",1,1,1,1,1,1,1,1,"calcite_flush_1","FOsd2",1332
"4",2.83509007850563e-27,1.71530998589024e-27,1.96298727318156e-27,3.19192087460728e-27,1.39240971376141e-27,2.56254208346922e-27,1.27963107718107e-27,1.25914638782533e-27,"calcite_flush_1","TEsd2",1332
