"","curr_inflow_rate","curr_diffusion_coef","curr_porosity","curr_gypsum_rate_constant","curr_calcite_rate_constant","curr_gypsum_surface_area","curr_calcite_surface_area","dfn_volume","output_var","sobol_type","boot_num"
"1",0.101418445679236,-0.00108551660455738,0.00498019366219067,0.00333700649187355,-0.000940579348012179,0.00115099120545824,0.000721418972952561,0.00475416391259979,"calcite_flush_4","FOmean",1762
"2",0.139571050305177,0.00421378701795841,0.00515184908179925,0.00632486212109219,0.00734443525724423,0.0038320035775779,0.00578732703701599,0.037827437751511,"calcite_flush_4","TEmean",1762
"3",0.999658368698437,0.999710005782047,0.999657548081597,0.999622711943056,0.99970099096282,0.999684444556552,0.999679708930333,0.999689782763954,"calcite_flush_4","FOsd2",1762
"4",0.000155963937661589,5.76150453648307e-05,0.000102115788850136,0.000104179177249884,5.24306067477789e-05,4.86402534775896e-05,4.25959705817027e-05,0.000106510020241909,"calcite_flush_4","TEsd2",1762
