"","curr_inflow_rate","curr_diffusion_coef","curr_porosity","curr_gypsum_rate_constant","curr_calcite_rate_constant","curr_gypsum_surface_area","curr_calcite_surface_area","dfn_volume","output_var","sobol_type","boot_num"
"1",0.0774993049684056,-0.00240600005459039,0.001798959236231,0.000584082867076193,-0.0046204135309034,-0.00384268322873756,-0.00505343235021494,-0.0160683071130484,"calcite_flush_5","FOmean",1805
"2",0.114435332089243,0.00489588027613775,0.00716807367060756,0.00509933380534305,0.00818128047846406,0.00297355701454483,0.00510373088996373,0.0278396677244377,"calcite_flush_5","TEmean",1805
"3",0.99943654025597,0.99953707193237,0.999576384203315,0.999516560273409,0.999481545715793,0.999186477267163,0.999471363114981,0.999518077555363,"calcite_flush_5","FOsd2",1805
"4",0.000117986422667111,0.000152334036254211,0.0002395706071714,0.000236254324399278,0.00016669991274234,0.000171661873322138,0.000127704063096739,0.000170912462140852,"calcite_flush_5","TEsd2",1805
