"","curr_inflow_rate","curr_diffusion_coef","curr_porosity","curr_gypsum_rate_constant","curr_calcite_rate_constant","curr_gypsum_surface_area","curr_calcite_surface_area","dfn_volume","output_var","sobol_type","boot_num"
"1",0.0146012627023368,-0.00173202944573912,0.00520088951540615,0.00553455333221733,0.00276266183702286,-0.000348319501774897,0.00332686639037255,0.0185301053840787,"calcite_flush_6","FOmean",616
"2",0.0366368379127244,0.00346618438327123,0.0150048576874243,0.00521110581822827,0.0037578060831625,0.00251051508226221,0.00322039395581535,0.0232422888130067,"calcite_flush_6","TEmean",616
"3",0.999939497657364,0.999947329880828,0.999939733196863,0.999934005924828,0.99993204591473,0.999943023059773,0.999942238972905,0.999447180343741,"calcite_flush_6","FOsd2",616
"4",2.54298448143425e-05,1.01705179936706e-05,1.81120096292869e-05,3.10028095752833e-05,2.77127606660627e-05,1.28324601631811e-05,1.20243020657065e-05,0.000505504191411345,"calcite_flush_6","TEsd2",616
