"","curr_inflow_rate","curr_diffusion_coef","curr_porosity","curr_gypsum_rate_constant","curr_calcite_rate_constant","curr_gypsum_surface_area","curr_calcite_surface_area","dfn_volume","output_var","sobol_type","boot_num"
"1",0.849760566485928,0.0508474134621216,0.0947069440289314,-0.0203255127833699,-0.0240131659116197,-0.0488802559054587,0.00385650212850863,0.0126217871230865,"calcite_flush_0","FOmean",1464
"2",1.40907131708942,0.418941822287667,0.222549986491208,0.174443474964618,0.153530450942959,0.279491762119499,0.174295862911379,0.272111953469175,"calcite_flush_0","TEmean",1464
"3",1,1,1,1,1,1,1,1,"calcite_flush_0","FOsd2",1464
"4",6.40607692804952e-28,3.58858531140075e-28,7.26619277619136e-28,6.34887802043024e-28,6.92365659945e-28,3.7845762116005e-28,6.16660202495545e-28,4.4788774259201e-28,"calcite_flush_0","TEsd2",1464
