"","curr_inflow_rate","curr_diffusion_coef","curr_porosity","curr_gypsum_rate_constant","curr_calcite_rate_constant","curr_gypsum_surface_area","curr_calcite_surface_area","dfn_volume","output_var","sobol_type","boot_num"
"1",2.42531473229102,0.316631937616845,0.0868198362380538,0.226128447498433,0.0143296003516357,0.0604776339980581,0.0594950931307898,0.0944916194703913,"calcite_flush_1","FOmean",282
"2",3.30334073669623,0.917481445073627,0.698791098479608,0.84174164775665,0.419123715141971,0.513585199904371,0.469960608622498,0.735972216330874,"calcite_flush_1","TEmean",282
"3",1,1,1,1,1,1,1,1,"calcite_flush_1","FOsd2",282
"4",1.36391598081928e-26,9.27076901707096e-27,3.70531075076802e-27,6.49279184326035e-27,5.731571646756e-27,5.62501070698862e-27,3.99131268020132e-27,4.68361471372978e-27,"calcite_flush_1","TEsd2",282
