"","curr_inflow_rate","curr_diffusion_coef","curr_porosity","curr_gypsum_rate_constant","curr_calcite_rate_constant","curr_gypsum_surface_area","curr_calcite_surface_area","dfn_volume","output_var","sobol_type","boot_num"
"1",-0.00149786372939246,-0.00147237031900678,-0.0022807846075735,0.00105507610139634,-0.00238682388553932,0.00138750835318577,-0.000685626743002524,0.0062855271133735,"calcite_flush_6","FOmean",1575
"2",0.0425990326436886,0.00276817916804125,0.0139904871179242,0.00354007348204479,0.0029233064060889,0.00223572557068316,0.00218740599420612,0.0191064112014342,"calcite_flush_6","TEmean",1575
"3",0.999943919333468,0.999954588519226,0.99995414495951,0.999946112723886,0.999958348725932,0.99993948521227,0.999942833374062,0.999959303089345,"calcite_flush_6","FOsd2",1575
"4",1.55574505767887e-05,9.34466519048904e-06,1.84089533723237e-05,1.66985816701955e-05,1.53315883491322e-05,1.77190357737701e-05,1.43229053059459e-05,2.75014999313117e-05,"calcite_flush_6","TEsd2",1575
