"","curr_inflow_rate","curr_diffusion_coef","curr_porosity","curr_gypsum_rate_constant","curr_calcite_rate_constant","curr_gypsum_surface_area","curr_calcite_surface_area","dfn_volume","output_var","sobol_type","boot_num"
"1",0.52355502226027,0.0331262815949631,0.0213893584354646,0.11503966633915,0.0861347907335965,-0.0142182986150043,0.0517220715534103,-0.0163864612193157,"calcite_flush_1","FOmean",156
"2",1.20440710153505,0.159221848365356,0.416964699442622,0.823030268076143,0.313991922319811,0.249683246769021,0.272070142551648,0.298684013682073,"calcite_flush_1","TEmean",156
"3",1,1,1,1,1,1,1,1,"calcite_flush_1","FOsd2",156
"4",2.11345008581414e-45,3.08638215536209e-45,1.32092396335139e-45,2.09934140335518e-45,3.05616781049125e-45,1.8164212731419e-45,1.87109766785668e-45,1.66489325986918e-44,"calcite_flush_1","TEsd2",156
