"","curr_inflow_rate","curr_diffusion_coef","curr_porosity","curr_gypsum_rate_constant","curr_calcite_rate_constant","curr_gypsum_surface_area","curr_calcite_surface_area","dfn_volume","output_var","sobol_type","boot_num"
"1",0.0824306392130726,-0.000438048576405157,0.00230992113911993,0.0025364072103927,0.006803624814055,0.00131263865303811,0.0057154189492806,-0.00123832844242247,"calcite_flush_2","FOmean",689
"2",0.0951621949110461,0.00584304926192058,0.00250737594851937,0.00570468285355668,0.00876163481650723,0.0039647340223754,0.00960266203973548,0.00691553466679696,"calcite_flush_2","TEmean",689
"3",0.923964014594726,0.352069848702443,0.791744275294393,-0.366246638882899,0.902851241879068,0.858130215139759,0.595551748697083,0.496850079226468,"calcite_flush_2","FOsd2",689
"4",0.924669394692673,0.205328017547148,0.584338650775375,0.042321274288936,1.11352194478863,0.965436707921807,0.398192975010009,0.267378116042084,"calcite_flush_2","TEsd2",689
