"","curr_inflow_rate","curr_diffusion_coef","curr_porosity","curr_gypsum_rate_constant","curr_calcite_rate_constant","curr_gypsum_surface_area","curr_calcite_surface_area","dfn_volume","output_var","sobol_type","boot_num"
"1",0.0884283913408552,0.00188396244560513,-0.000682944579857037,0.00334726620670383,0.00301663586627356,-0.00131930403559591,-0.000922340438863118,0.00195080171847085,"calcite_flush_2","FOmean",1578
"2",0.106942663196822,0.00367440171443987,0.00291651496393879,0.011217155479062,0.00491016477700455,0.00431588250578872,0.00834914641992156,0.0144861005521727,"calcite_flush_2","TEmean",1578
"3",-76.9881583390513,-408.043816237946,-13.9710989591498,-40.8783718848358,-58.3464522029013,-28.5568703481456,-16.7536617402435,-16.9122220964535,"calcite_flush_2","FOsd2",1578
"4",61.4010102347865,381.319951399706,2.79892623063235,31.6520277009847,41.1347588444748,13.9649556434829,7.69285139020502,2.38931781677457,"calcite_flush_2","TEsd2",1578
