"","curr_inflow_rate","curr_diffusion_coef","curr_porosity","curr_gypsum_rate_constant","curr_calcite_rate_constant","curr_gypsum_surface_area","curr_calcite_surface_area","dfn_volume","output_var","sobol_type","boot_num"
"1",1.07784252113882,0.0510481115934345,0.145300444224346,-0.0750975135388868,0.0395081290137924,0.0694135047138543,0.0209910422405945,0.04102891343554,"calcite_flush_1","FOmean",2011
"2",1.68694118289524,0.215626587810317,0.41996276561459,0.438297376576466,0.263633743767704,0.270890538058323,0.204893320220883,0.350928060592216,"calcite_flush_1","TEmean",2011
"3",1,1,1,1,1,1,1,1,"calcite_flush_1","FOsd2",2011
"4",6.36648840516876e-33,7.61443276297362e-33,6.18105973104719e-33,9.12672028444982e-33,2.68737729384284e-32,1.31970056900016e-32,1.19590665083746e-32,1.11295631023492e-32,"calcite_flush_1","TEsd2",2011
