"","curr_inflow_rate","curr_diffusion_coef","curr_porosity","curr_gypsum_rate_constant","curr_calcite_rate_constant","curr_gypsum_surface_area","curr_calcite_surface_area","dfn_volume","output_var","sobol_type","boot_num"
"1",0.0734761327983108,0.000774601144810146,0.000199727506520022,0.0071369386155221,0.00437917324094272,0.00122102691226606,0.00248725556648302,0.000205520613222912,"calcite_flush_2","FOmean",1438
"2",0.0954717442056344,0.00241973108072384,0.00398970905855096,0.0109145844173009,0.0108471034445075,0.00139689916696285,0.0104087042422708,0.00656079579687914,"calcite_flush_2","TEmean",1438
"3",-3.61766734405517,-3.74288143870153,-3.27445188761283,-5.95652924400345,-3.7834699993706,-3.98993562901796,-3.12576873890465,-4.466759161022,"calcite_flush_2","FOsd2",1438
"4",1.36136176101478,0.264298700820127,0.442583681712857,1.30078251665397,0.278366137163424,0.155766939915455,0.671904729504366,0.366371615281905,"calcite_flush_2","TEsd2",1438
