"","curr_inflow_rate","curr_diffusion_coef","curr_porosity","curr_gypsum_rate_constant","curr_calcite_rate_constant","curr_gypsum_surface_area","curr_calcite_surface_area","dfn_volume","output_var","sobol_type","boot_num"
"1",1.54695438016104,-0.0299082056006557,-0.0682724777286988,0.0260638141629113,0.314047445341666,0.110992604032552,0.13721704192495,0.0702301741622287,"calcite_flush_0","FOmean",1975
"2",2.50624277306832,0.323260946596814,0.410382421100925,0.387260639148744,0.537081508331193,0.688090882448368,0.325679995112893,0.276695424237838,"calcite_flush_0","TEmean",1975
"3",1,1,1,1,1,1,1,1,"calcite_flush_0","FOsd2",1975
"4",6.66462648375937e-45,1.1577315166055e-44,6.78890769537469e-45,1.23052768102627e-44,9.47392461915121e-45,1.09230507961058e-44,6.18568379031705e-45,7.37891584913451e-44,"calcite_flush_0","TEsd2",1975
