"","curr_inflow_rate","curr_diffusion_coef","curr_porosity","curr_gypsum_rate_constant","curr_calcite_rate_constant","curr_gypsum_surface_area","curr_calcite_surface_area","dfn_volume","output_var","sobol_type","boot_num"
"1",0.063369900670576,0.0100774351215212,0.00180012299226197,0.00682829091630411,0.00279530816587696,0.00350003374898645,0.00578118122770291,0.0170259022977797,"calcite_flush_5","FOmean",20
"2",0.123118910706542,0.00444008964073781,0.00814586883726671,0.00381660241874561,0.00612892979758357,0.0040887211854788,0.00678998894857705,0.0333896915236032,"calcite_flush_5","TEmean",20
"3",0.999582559007968,0.999539125468033,0.999591813995899,0.999600683228666,0.999562452406453,0.999548571215658,0.99949513087373,0.999524105596639,"calcite_flush_5","FOsd2",20
"4",0.000159086837323268,7.38290243453666e-05,0.000184531025367253,0.000177189530559495,0.000130137234680236,7.03916506355861e-05,0.000169782969224358,0.000193648649114381,"calcite_flush_5","TEsd2",20
