"","curr_inflow_rate","curr_diffusion_coef","curr_porosity","curr_gypsum_rate_constant","curr_calcite_rate_constant","curr_gypsum_surface_area","curr_calcite_surface_area","dfn_volume","output_var","sobol_type","boot_num"
"1",0.0755206777878737,-0.000862511142194165,0.00141315477217101,0.00563883754037354,0.00396658045946059,-0.000867128343175426,0.00423473210433138,-0.00116978874987527,"calcite_flush_2","FOmean",213
"2",0.0884323061735792,0.00208599652545217,0.00211203481197296,0.00574471706188115,0.00855862071211179,0.00279640540843979,0.00669546438372413,0.00598352018831519,"calcite_flush_2","TEmean",213
"3",-5.62059973647023,-0.901204706567983,-3.12910748283308,-1.27674389706805,-1.27922245312542,-5.77948547099351,-1.02654236876399,-1.03910006656122,"calcite_flush_2","FOsd2",213
"4",6.10165371551688,0.255118759681626,1.55831909317236,0.176705983140181,0.440981819585306,4.97463002033353,0.561496383516958,0.193297650234263,"calcite_flush_2","TEsd2",213
