"","curr_inflow_rate","curr_diffusion_coef","curr_porosity","curr_gypsum_rate_constant","curr_calcite_rate_constant","curr_gypsum_surface_area","curr_calcite_surface_area","dfn_volume","output_var","sobol_type","boot_num"
"1",0.0343012330586707,0.0016088894524396,0.00534149874164695,-0.000769543721453092,0.00648907680237613,-0.00630034479152547,-0.00341102960432616,0.00668597678586496,"calcite_flush_6","FOmean",1736
"2",0.0449173997836382,0.00283184421146149,0.0183980704148418,0.00621610333216463,0.00377005413085748,0.00363769273950974,0.00302398899906161,0.0181520418359051,"calcite_flush_6","TEmean",1736
"3",0.999933961496636,0.999818231355282,0.999920521958157,0.999902798942965,0.999888761236485,0.99987423182009,0.999904128680247,0.999894052189547,"calcite_flush_6","FOsd2",1736
"4",4.49186304635894e-05,5.33417456015911e-05,3.28792840478362e-05,3.19141694536028e-05,5.15335671195963e-05,1.69332277232569e-05,3.36314210442597e-05,5.2433691239266e-05,"calcite_flush_6","TEsd2",1736
