"","curr_inflow_rate","curr_diffusion_coef","curr_porosity","curr_gypsum_rate_constant","curr_calcite_rate_constant","curr_gypsum_surface_area","curr_calcite_surface_area","dfn_volume","output_var","sobol_type","boot_num"
"1",0.0858906132762411,0.00236944918554275,-0.0012455709067294,0.00229078602542406,0.0139157827358801,-0.000226685230886524,0.0023698700869206,0.00853208252078535,"calcite_flush_5","FOmean",867
"2",0.111965275420118,0.00376599735624699,0.0124274783304455,0.00386494733264305,0.006578354228505,0.00347410172474412,0.00399709642454812,0.0259758364929573,"calcite_flush_5","TEmean",867
"3",0.999575605285428,0.999593585221062,0.999666629616685,0.999595760488997,0.999631503362866,0.9995774410049,0.999602129764635,0.999539965915717,"calcite_flush_5","FOsd2",867
"4",0.000115693781843619,7.70920330616224e-05,0.000172607922971505,0.000118495404828517,0.000164715543785039,6.70431543873487e-05,8.04134654622257e-05,0.000172934979513092,"calcite_flush_5","TEsd2",867
