"","curr_inflow_rate","curr_diffusion_coef","curr_porosity","curr_gypsum_rate_constant","curr_calcite_rate_constant","curr_gypsum_surface_area","curr_calcite_surface_area","dfn_volume","output_var","sobol_type","boot_num"
"1",1.45147607786226,0.125932256056278,0.0310811233973531,0.193716528493425,0.101550844080552,0.0684609426394381,0.167482349017249,0.309097269817583,"calcite_flush_0","FOmean",1968
"2",2.51688976064985,0.265673818196542,0.212414591740637,0.850557920442371,0.433151658199059,0.185172237947019,0.840062759162482,0.682295478090617,"calcite_flush_0","TEmean",1968
"3",1,1,1,1,1,1,1,1,"calcite_flush_0","FOsd2",1968
"4",4.9980274318602e-27,2.64556493843286e-27,1.67057122038863e-27,3.66425096674295e-27,3.19974056981919e-27,2.20423676524248e-27,1.73877844308773e-27,2.7847394032172e-27,"calcite_flush_0","TEsd2",1968
