"","curr_inflow_rate","curr_diffusion_coef","curr_porosity","curr_gypsum_rate_constant","curr_calcite_rate_constant","curr_gypsum_surface_area","curr_calcite_surface_area","dfn_volume","output_var","sobol_type","boot_num"
"1",0.235937358983658,-0.00154107516646839,0.00592012479996597,0.00221434348825439,0.0172930454316998,-0.001271222236954,-0.00125292302241868,-0.00562629525720575,"calcite_flush_3","FOmean",410
"2",0.260707193403467,0.00278892333642491,0.0032741300853601,0.00517011510798446,0.0230785098490076,0.00227175623487648,0.00508833106103286,0.0182044563663372,"calcite_flush_3","TEmean",410
"3",-0.50072727697584,-0.703642414996769,-0.964519124222833,-1.56803178113861,-1.14638986974437,-0.746955006346767,-0.984827725781253,-2.02392565741105,"calcite_flush_3","FOsd2",410
"4",1.84589069530214,1.62903247752016,1.7325899376912,1.1287044707239,1.45626309761054,1.33678382221009,2.19812744129505,1.83078114520186,"calcite_flush_3","TEsd2",410
