"","curr_inflow_rate","curr_diffusion_coef","curr_porosity","curr_gypsum_rate_constant","curr_calcite_rate_constant","curr_gypsum_surface_area","curr_calcite_surface_area","dfn_volume","output_var","sobol_type","boot_num"
"1",0.0798284282097985,-0.00270083351356068,-0.00430097962158648,-0.00301207098258056,-0.00399403624704076,-0.00280494451632947,0.000242373639051715,0.0119501681304362,"calcite_flush_5","FOmean",678
"2",0.104914187430619,0.00320820342722458,0.008244815450769,0.00484794879692366,0.00599059796209563,0.00314704191674178,0.00567112376022062,0.030369925519734,"calcite_flush_5","TEmean",678
"3",0.999444519918228,0.999371536110413,0.99948623436111,0.999420754961615,0.9993766584534,0.999391975148006,0.999323739121825,0.998686051287933,"calcite_flush_5","FOsd2",678
"4",0.00011870116673394,0.000109215813219826,0.000223545587616398,0.000215696504121562,0.000149926968293281,0.000131452274231173,0.000206209866308702,0.000637731280996812,"calcite_flush_5","TEsd2",678
