"","curr_inflow_rate","curr_diffusion_coef","curr_porosity","curr_gypsum_rate_constant","curr_calcite_rate_constant","curr_gypsum_surface_area","curr_calcite_surface_area","dfn_volume","output_var","sobol_type","boot_num"
"1",1.28313761275396,0.0618089407197419,0.0846433876918116,0.363676257537391,0.067452427943864,-0.0198695780306632,0.13264574139005,0.158223648909671,"calcite_flush_0","FOmean",1660
"2",2.18860637258098,0.297201434473686,0.354512835505579,0.665658228472664,0.296663502534819,0.243502897652029,0.79492352975288,0.524351849823551,"calcite_flush_0","TEmean",1660
"3",1,1,1,1,1,1,1,1,"calcite_flush_0","FOsd2",1660
"4",1.20422062984311e-26,6.46876803001873e-27,2.71363442538604e-27,2.83710281740236e-27,2.10502326557983e-27,2.62589233945141e-27,4.49823980347407e-27,3.62392238890027e-27,"calcite_flush_0","TEsd2",1660
