"","curr_inflow_rate","curr_diffusion_coef","curr_porosity","curr_gypsum_rate_constant","curr_calcite_rate_constant","curr_gypsum_surface_area","curr_calcite_surface_area","dfn_volume","output_var","sobol_type","boot_num"
"1",0.0787886520785805,0.00463786639609513,-0.00208947071106976,0.00215033080785107,0.00163470722127937,-0.00304735951099993,0.00447611795102855,-0.00142374540266378,"calcite_flush_5","FOmean",1938
"2",0.128744727648777,0.00449221314372253,0.011655988911473,0.00419541431984513,0.00590851525049244,0.003962337696299,0.00586588142204032,0.0313453712112359,"calcite_flush_5","TEmean",1938
"3",0.99973508942187,0.999704748787457,0.999761536392734,0.999725691803419,0.99974045748719,0.999659434604009,0.999732383745798,0.999707153306377,"calcite_flush_5","FOsd2",1938
"4",6.6228956605702e-05,6.69488353535859e-05,0.000112155850579451,8.31359595764752e-05,8.2685809836405e-05,0.000116937059001311,5.17655538410561e-05,7.66514693526335e-05,"calcite_flush_5","TEsd2",1938
