"","curr_inflow_rate","curr_diffusion_coef","curr_porosity","curr_gypsum_rate_constant","curr_calcite_rate_constant","curr_gypsum_surface_area","curr_calcite_surface_area","dfn_volume","output_var","sobol_type","boot_num"
"1",0.106598310832274,0.00539033999046283,0.00431188747633585,0.0100644215397581,0.00498728129785884,0.00196280000225397,0.00193620738273481,0.00310390384898932,"calcite_flush_2","FOmean",2047
"2",0.120709538113444,0.00860127790865845,0.00596350161603206,0.0111069747037267,0.00654416861015365,0.00439423120402406,0.00466786929039884,0.00588514646793747,"calcite_flush_2","TEmean",2047
"3",0.953739162808049,0.889233885956697,0.934817069639815,0.93229801394073,0.932283055979061,0.964614189192682,0.958374169838012,0.930896246850016,"calcite_flush_2","FOsd2",2047
"4",0.077313165291629,0.0253580210892547,0.0566815950540603,0.0505988985279908,0.0584224042683128,0.0588843088003515,0.0387848188601187,0.00610257608079696,"calcite_flush_2","TEsd2",2047
