"","curr_inflow_rate","curr_diffusion_coef","curr_porosity","curr_gypsum_rate_constant","curr_calcite_rate_constant","curr_gypsum_surface_area","curr_calcite_surface_area","dfn_volume","output_var","sobol_type","boot_num"
"1",0.38562064098503,-0.0308086616815724,0.106827684102356,0.12997848927356,0.0769474568662227,0.0312288059141154,0.0337361350791184,0.00853038138594923,"calcite_flush_1","FOmean",135
"2",1.03826045308613,0.218623929498261,0.459541320900185,0.390432732844709,0.347330206483115,0.289021852032593,0.349670731028168,0.372695148244494,"calcite_flush_1","TEmean",135
"3",1,1,1,1,1,1,1,1,"calcite_flush_1","FOsd2",135
"4",3.37024210644587e-26,3.12401606373297e-26,1.66776148012016e-26,1.72173981703821e-26,1.8597368927924e-26,1.07422601095026e-26,3.07871791142075e-26,2.18739426265952e-26,"calcite_flush_1","TEsd2",135
