"","curr_inflow_rate","curr_diffusion_coef","curr_porosity","curr_gypsum_rate_constant","curr_calcite_rate_constant","curr_gypsum_surface_area","curr_calcite_surface_area","dfn_volume","output_var","sobol_type","boot_num"
"1",0.0473320495729241,0.0043699591945127,0.000240072966061599,0.00207670257744117,0.00515184386173684,-0.00100201635142257,-0.000687299208662435,-0.0086199044202956,"calcite_flush_5","FOmean",622
"2",0.097272938284921,0.00390511358017272,0.00977093347745558,0.00749357435114463,0.00590895924444449,0.00348469580206622,0.00370783275695808,0.0294289047127856,"calcite_flush_5","TEmean",622
"3",0.99927318405391,0.999181330102769,0.99932859226771,0.999386732205366,0.999318950683487,0.999335564535531,0.999326193761396,0.999264530564518,"calcite_flush_5","FOsd2",622
"4",0.00023276492924851,0.000260805286465582,0.00024806101363464,0.000229986266849271,0.000141819766335627,5.72004447731482e-05,0.000125873426641318,0.000191061922720375,"calcite_flush_5","TEsd2",622
