"","curr_inflow_rate","curr_diffusion_coef","curr_porosity","curr_gypsum_rate_constant","curr_calcite_rate_constant","curr_gypsum_surface_area","curr_calcite_surface_area","dfn_volume","output_var","sobol_type","boot_num"
"1",0.106261540216901,0.00654727187917198,-0.00285410926627728,0.000321564138514475,0.00240286176339509,-0.00344835845153505,0.000659014067996182,-0.000745412748620139,"calcite_flush_4","FOmean",1755
"2",0.152253598596741,0.00772464920084662,0.00612880602422762,0.00593384406593291,0.0111570029958443,0.00406252578901277,0.00697276325622337,0.0303109083927085,"calcite_flush_4","TEmean",1755
"3",0.999702929968681,0.999661600255491,0.999704135162006,0.999700329325956,0.999649528713391,0.999686002450092,0.999665749619721,0.999679829034236,"calcite_flush_4","FOsd2",1755
"4",0.000123972306802373,8.32978502172519e-05,0.000133299590696348,5.04630589896732e-05,0.000123505045675896,6.94868503284878e-05,8.51085227830532e-05,0.000114890982042867,"calcite_flush_4","TEsd2",1755
