"","curr_inflow_rate","curr_diffusion_coef","curr_porosity","curr_gypsum_rate_constant","curr_calcite_rate_constant","curr_gypsum_surface_area","curr_calcite_surface_area","dfn_volume","output_var","sobol_type","boot_num"
"1",0.0369128804573666,-0.00580053656765414,0.000678720774814753,-0.000156068870214745,-0.00487580853806791,0.00601106699071007,-0.0077575533123431,0.0110372850217989,"calcite_flush_6","FOmean",1967
"2",0.0467318500854013,0.00407422119287933,0.0147257126515293,0.00451656454158988,0.00521248217086023,0.00288627670651999,0.00356961920982484,0.018395390536548,"calcite_flush_6","TEmean",1967
"3",0.999828566049714,0.999788545916576,0.999817653598531,0.999851851036537,0.999868686162604,0.999841496953855,0.999853394767672,0.999852158929014,"calcite_flush_6","FOsd2",1967
"4",6.17586999971646e-05,5.39582400702513e-05,6.10078194844023e-05,0.000129622327248258,3.64196357943553e-05,5.10290800145421e-05,2.96716741446642e-05,6.1415269781606e-05,"calcite_flush_6","TEsd2",1967
