"","curr_inflow_rate","curr_diffusion_coef","curr_porosity","curr_gypsum_rate_constant","curr_calcite_rate_constant","curr_gypsum_surface_area","curr_calcite_surface_area","dfn_volume","output_var","sobol_type","boot_num"
"1",0.126158069709738,0.000888874910785438,0.00359501683024085,-0.00412298984474737,0.00395082934271789,-0.00200950588013268,0.000684365213933184,0.00317591815397339,"calcite_flush_4","FOmean",1678
"2",0.13691339356766,0.00470531379653694,0.00494023462899592,0.00504630392467328,0.00721383915299912,0.00361184927908311,0.00875279515393181,0.0342692723943964,"calcite_flush_4","TEmean",1678
"3",0.999711861562143,0.9997524144587,0.999762680685424,0.999713432605528,0.999735906634619,0.999621272190201,0.999681763427448,0.99969619754509,"calcite_flush_4","FOsd2",1678
"4",8.58336310320551e-05,7.27172635674166e-05,0.000105955691319913,7.5826742346816e-05,4.32990228416175e-05,9.1691116817586e-05,0.000104803259446431,0.000113692383544669,"calcite_flush_4","TEsd2",1678
