"","curr_inflow_rate","curr_diffusion_coef","curr_porosity","curr_gypsum_rate_constant","curr_calcite_rate_constant","curr_gypsum_surface_area","curr_calcite_surface_area","dfn_volume","output_var","sobol_type","boot_num"
"1",0.4185666254075,-0.0108086226389063,-0.0409012245850602,0.0545842804913716,-0.00291543261571808,0.0381912812785577,-0.0332195574345902,-0.00281896172241554,"calcite_flush_1","FOmean",779
"2",0.716968139834379,0.20730286180869,0.138651758094019,0.277483396642246,0.137502738662902,0.110339780832866,0.15878360065501,0.141350034379212,"calcite_flush_1","TEmean",779
"3",1,1,1,1,1,1,1,1,"calcite_flush_1","FOsd2",779
"4",1.30706527721085e-44,1.65509519312183e-44,7.54524023544422e-45,1.03034039694499e-44,1.45432227565692e-44,1.54101723353209e-44,1.01337485296767e-44,1.1443172243378e-43,"calcite_flush_1","TEsd2",779
