"","curr_inflow_rate","curr_diffusion_coef","curr_porosity","curr_gypsum_rate_constant","curr_calcite_rate_constant","curr_gypsum_surface_area","curr_calcite_surface_area","dfn_volume","output_var","sobol_type","boot_num"
"1",0.976110330884764,0.0764445461353767,0.0855997353355524,0.207932439170493,0.00521034696193073,-0.0485362549300036,0.378284827763957,0.329824175760013,"calcite_flush_0","FOmean",2073
"2",1.68793128703759,0.852242670524459,0.536047412149116,0.746361194224092,0.515258348305241,0.464353494160993,0.480289795300124,0.688363703126413,"calcite_flush_0","TEmean",2073
"3",1,1,1,1,1,1,1,1,"calcite_flush_0","FOsd2",2073
"4",4.73165132596368e-25,4.46610624040302e-25,3.59857600382205e-25,3.68618319601595e-25,5.82018993258056e-25,4.38147429203112e-25,2.62068787432879e-25,2.21169680907666e-25,"calcite_flush_0","TEsd2",2073
