"","curr_inflow_rate","curr_diffusion_coef","curr_porosity","curr_gypsum_rate_constant","curr_calcite_rate_constant","curr_gypsum_surface_area","curr_calcite_surface_area","dfn_volume","output_var","sobol_type","boot_num"
"1",0.0243475385274311,0.00570209426883561,0.0141094267106175,0.004350416001824,-0.00293435808815682,-0.000442444266174537,-0.000455710325380888,0.00693237577709705,"calcite_flush_6","FOmean",1848
"2",0.0372997858711349,0.00267348656154447,0.0167930791291638,0.00377430511456846,0.00273746935611023,0.00288832157998057,0.00255513319288069,0.0168348586383352,"calcite_flush_6","TEmean",1848
"3",0.999973256162789,0.999950201515844,0.99993949362954,0.99995622846586,0.999945898449891,0.999958491306516,0.999944741350376,0.999963987727975,"calcite_flush_6","FOsd2",1848
"4",2.53682883443148e-05,1.69292671967995e-05,1.36953019476926e-05,2.78338921765832e-05,3.44471850873703e-05,1.09735141545625e-05,1.03240307916203e-05,2.22767434928514e-05,"calcite_flush_6","TEsd2",1848
