"","curr_inflow_rate","curr_diffusion_coef","curr_porosity","curr_gypsum_rate_constant","curr_calcite_rate_constant","curr_gypsum_surface_area","curr_calcite_surface_area","dfn_volume","output_var","sobol_type","boot_num"
"1",0.0739912287218393,-0.00406152083413544,0.00269557003949068,0.000580364916848862,0.000539391122203712,0.00187191166784031,-0.00563081232477386,-0.00139204229936234,"calcite_flush_5","FOmean",1091
"2",0.102256899738118,0.00502946521324955,0.00950870945939341,0.00490051398273862,0.00490722744037093,0.0027338436045765,0.00451987797961372,0.03033252985379,"calcite_flush_5","TEmean",1091
"3",0.999521037937706,0.999522648846446,0.999548280203835,0.999573613368508,0.999501638769655,0.999512641000151,0.999538280388921,0.999482804253422,"calcite_flush_5","FOsd2",1091
"4",0.000116232646871983,7.4705298090457e-05,0.00016710690939238,0.00023737209696389,0.00015064294102537,8.24308718573946e-05,9.04621901412611e-05,0.000181533131307063,"calcite_flush_5","TEsd2",1091
