"","curr_inflow_rate","curr_diffusion_coef","curr_porosity","curr_gypsum_rate_constant","curr_calcite_rate_constant","curr_gypsum_surface_area","curr_calcite_surface_area","dfn_volume","output_var","sobol_type","boot_num"
"1",0.0318715210530533,0.00637143273882864,0.00390790124387564,-0.000700237346984212,0.000854434709082742,0.00152028990049723,-0.00323017764219378,0.0147893985683736,"calcite_flush_6","FOmean",945
"2",0.0552303600351549,0.00420028165016721,0.0146323402712929,0.00757413638416205,0.00499823655528164,0.0041464392364732,0.00398239268191403,0.0215495768022547,"calcite_flush_6","TEmean",945
"3",0.999894332083337,0.999924219516741,0.999898522622139,0.999929067279634,0.999898361549527,0.999925598279758,0.999908237385741,0.999936518686433,"calcite_flush_6","FOsd2",945
"4",2.1948062030693e-05,2.67664311669871e-05,1.49967036089551e-05,4.09457699366804e-05,4.54581965242276e-05,2.10518987194146e-05,2.72297692068485e-05,4.93773245253262e-05,"calcite_flush_6","TEsd2",945
