"","curr_inflow_rate","curr_diffusion_coef","curr_porosity","curr_gypsum_rate_constant","curr_calcite_rate_constant","curr_gypsum_surface_area","curr_calcite_surface_area","dfn_volume","output_var","sobol_type","boot_num"
"1",0.261561543306763,1.45136440741626e-05,0.00204030294242149,0.000765783817024745,0.020651147852986,0.000424412188566941,0.00549554563896311,-0.00159614183310663,"calcite_flush_3","FOmean",25
"2",0.313032337326792,0.00693601874758219,0.00224574967285818,0.00474801221166726,0.0257937127247042,0.00428886166064178,0.0141198450170965,0.0254965930677299,"calcite_flush_3","TEmean",25
"3",-0.510012189367651,-4.62100283286453,-0.94641762875935,-4.59527916525949,-0.59353095140912,-6.41098344728272,-1.74453947403556,-0.393747163646646,"calcite_flush_3","FOsd2",25
"4",4.31799466569848,1.09504475544038,2.80628797806757,9.20702773232345,3.94963041193629,0.985652902086126,1.71900772113732,5.00389490815056,"calcite_flush_3","TEsd2",25
