"","curr_inflow_rate","curr_diffusion_coef","curr_porosity","curr_gypsum_rate_constant","curr_calcite_rate_constant","curr_gypsum_surface_area","curr_calcite_surface_area","dfn_volume","output_var","sobol_type","boot_num"
"1",0.0734093406575975,-0.00043197078641963,0.00160848246068923,-0.000639195820567949,-0.00406515841558143,0.00649486836603834,-0.00403415883392797,0.010347716592168,"calcite_flush_5","FOmean",811
"2",0.103559603465651,0.00393472863378897,0.00566137961413645,0.00339636964649002,0.0044573611347504,0.00332439617261165,0.00372900283227146,0.0387177516930901,"calcite_flush_5","TEmean",811
"3",0.999643093179703,0.999630664312957,0.999634101983479,0.999650212517292,0.999601219185402,0.999548667093738,0.999609719514925,0.999552352706462,"calcite_flush_5","FOsd2",811
"4",8.30809045198417e-05,6.83934064553994e-05,0.00013276168326714,0.000105463033475544,9.35008952232522e-05,0.000173431331737274,9.61001261655501e-05,0.000145644205197628,"calcite_flush_5","TEsd2",811
