"","curr_inflow_rate","curr_diffusion_coef","curr_porosity","curr_gypsum_rate_constant","curr_calcite_rate_constant","curr_gypsum_surface_area","curr_calcite_surface_area","dfn_volume","output_var","sobol_type","boot_num"
"1",1.54876404124901,0.14162114828897,-0.103655198515219,0.135759366188868,0.085730533756632,-0.046055559484678,0.00220862589186256,-0.100686587340329,"calcite_flush_1","FOmean",1108
"2",2.67187677697317,0.548390625440616,0.38215631870034,0.70149291909795,0.37325261072694,0.415821016588133,0.33254530350827,0.525594823710192,"calcite_flush_1","TEmean",1108
"3",1,1,1,1,1,1,1,1,"calcite_flush_1","FOsd2",1108
"4",2.74119984174947e-44,3.90284761647726e-44,2.45516168154873e-44,4.67892457048394e-44,5.4523931177563e-44,3.71913187912125e-44,2.31405020137255e-44,2.49753084970735e-43,"calcite_flush_1","TEsd2",1108
