"","curr_inflow_rate","curr_diffusion_coef","curr_porosity","curr_gypsum_rate_constant","curr_calcite_rate_constant","curr_gypsum_surface_area","curr_calcite_surface_area","dfn_volume","output_var","sobol_type","boot_num"
"1",0.12875613194064,-0.000304364764062808,0.00181958058619043,0.00211170564460549,0.00662559314647682,-0.0012809598263278,0.00258397084802188,0.00470281508789495,"calcite_flush_2","FOmean",563
"2",0.138677894136873,0.00443256872067547,0.00467948153836627,0.0109198898140985,0.0106492231566737,0.00334252680191131,0.0081795734325567,0.00985631219014021,"calcite_flush_2","TEmean",563
"3",-2098152.23077457,-4153494.11670618,-2093824.24038668,-2144156.60616284,-2082078.47682469,-2718556.31136506,-3609179.56047141,-62795752.7778996,"calcite_flush_2","FOsd2",563
"4",10853742.5214169,3554212.62215946,10906964.9983645,10810293.9565144,10378824.2339311,11168520.3986981,4328993.93457602,28030252.2576532,"calcite_flush_2","TEsd2",563
