"","curr_inflow_rate","curr_diffusion_coef","curr_porosity","curr_gypsum_rate_constant","curr_calcite_rate_constant","curr_gypsum_surface_area","curr_calcite_surface_area","dfn_volume","output_var","sobol_type","boot_num"
"1",0.0434594035095293,0.00161742157225019,0.0286767644408292,0.00354028631520396,0.00429193311133359,-0.00157688782600776,-0.00265941242784215,0.0201586805821181,"calcite_flush_6","FOmean",252
"2",0.0434932849405747,0.00283354714484338,0.0221308549253979,0.00326984528290941,0.00355642960748568,0.00249387540256121,0.00299485197408384,0.0168425125345016,"calcite_flush_6","TEmean",252
"3",0.99989892477324,0.999881657046317,0.99983724918014,0.9998831196099,0.999869966546237,0.999884385828758,0.999889542488871,0.999880119920978,"calcite_flush_6","FOsd2",252
"4",2.35666792236705e-05,1.97610114299313e-05,5.95651586223499e-05,3.85699491583703e-05,4.52179602856834e-05,1.96185742654807e-05,2.3105863976396e-05,3.55236821689767e-05,"calcite_flush_6","TEsd2",252
