"","curr_inflow_rate","curr_diffusion_coef","curr_porosity","curr_gypsum_rate_constant","curr_calcite_rate_constant","curr_gypsum_surface_area","curr_calcite_surface_area","dfn_volume","output_var","sobol_type","boot_num"
"1",0.255824402420736,-0.00336925717875551,0.00286935676579637,0.000483313628074151,0.00493952541901096,-0.00158188107065569,-0.00548779488162977,-0.00244695458354212,"calcite_flush_3","FOmean",333
"2",0.277724153400708,0.00451910752644778,0.00525899466066684,0.00371112331873697,0.0192415838364115,0.00598045347010488,0.00957360558702868,0.0185204424920596,"calcite_flush_3","TEmean",333
"3",-3.23585934995365,-3.20060558754556,-3.22250589795407,-3.21142500034333,-3.35594298884832,-3.23893962263628,-3.22152826930911,-3.2279318311043,"calcite_flush_3","FOsd2",333
"4",0.0406377767947773,0.0220725728347224,0.00898158098308597,0.00877356268789589,0.144847284865655,0.0213741925227133,0.0100691612926558,0.0378761374984623,"calcite_flush_3","TEsd2",333
