"","curr_inflow_rate","curr_diffusion_coef","curr_porosity","curr_gypsum_rate_constant","curr_calcite_rate_constant","curr_gypsum_surface_area","curr_calcite_surface_area","dfn_volume","output_var","sobol_type","boot_num"
"1",0.073819970806817,-0.00134177623065794,0.0076694263214977,0.00280254012492452,0.00300130150440521,0.0015711687238099,0.00327347654039958,-0.0183666278294197,"calcite_flush_5","FOmean",776
"2",0.122404605117665,0.0048412223491007,0.00727867906892988,0.00436144954685733,0.0075013710360946,0.00255729391099095,0.00456317746510569,0.0312683031505205,"calcite_flush_5","TEmean",776
"3",0.999484247712927,0.999517683851718,0.999507465238028,0.999537864518059,0.999410244019825,0.99948384589295,0.999437105857248,0.999504858869369,"calcite_flush_5","FOsd2",776
"4",0.00011594359216207,0.000139714246625896,0.000219690359452809,0.000142700086109162,0.000234129111008071,9.61525870527046e-05,0.000162839259446925,0.000155139392283671,"calcite_flush_5","TEsd2",776
