"","curr_inflow_rate","curr_diffusion_coef","curr_porosity","curr_gypsum_rate_constant","curr_calcite_rate_constant","curr_gypsum_surface_area","curr_calcite_surface_area","dfn_volume","output_var","sobol_type","boot_num"
"1",0.0698824316814769,-9.0310270611953e-05,-0.000125886690533667,0.00389557406776187,0.0019842160678352,0.000126786042389427,0.00331612307325237,0.00456226137932235,"calcite_flush_2","FOmean",864
"2",0.0795260081026485,0.00137443026061056,0.00247203930942055,0.00727221457508342,0.00598918996267422,0.00158206764624977,0.00366933611904638,0.00681774637823415,"calcite_flush_2","TEmean",864
"3",0.655649022437471,0.64687118111663,-0.219432331764053,0.6437919210783,0.552242068931478,0.62923645376995,0.602592784598017,0.660476350805521,"calcite_flush_2","FOsd2",864
"4",0.0992480503797158,0.0781746028921692,0.560932183116342,0.0547191796092342,0.16500993360369,0.058928478738394,0.0222850552385821,0.0555457330319287,"calcite_flush_2","TEsd2",864
