"","curr_inflow_rate","curr_diffusion_coef","curr_porosity","curr_gypsum_rate_constant","curr_calcite_rate_constant","curr_gypsum_surface_area","curr_calcite_surface_area","dfn_volume","output_var","sobol_type","boot_num"
"1",0.0791179947053645,0.000637404728642766,-0.000682141742602411,0.00354880805830943,0.00645337621776732,0.00134235283301275,0.00679746105822129,0.000448160055935492,"calcite_flush_2","FOmean",1494
"2",0.0942382530397031,0.00451613875564937,0.0023719750625202,0.00646086788385925,0.0113074563432149,0.0023813372227575,0.0128149039165472,0.00853874169126593,"calcite_flush_2","TEmean",1494
"3",-168.040146712406,-173.65843563334,-174.859687216315,-182.503972929684,-176.769835833211,-176.568629738317,-170.3651992778,-171.117477069899,"calcite_flush_2","FOsd2",1494
"4",13.5207515913243,11.0936463018611,2.10128410837569,5.42197724516843,12.317364868444,0.756774902243561,6.683959563203,7.25491119956532,"calcite_flush_2","TEsd2",1494
