"","curr_inflow_rate","curr_diffusion_coef","curr_porosity","curr_gypsum_rate_constant","curr_calcite_rate_constant","curr_gypsum_surface_area","curr_calcite_surface_area","dfn_volume","output_var","sobol_type","boot_num"
"1",0.104978948478679,0.00170571482108896,0.00241446099339224,-0.000513784185937465,0.00247766110374331,-0.00347063460931995,0.00014554693186788,-0.00769214775451475,"calcite_flush_4","FOmean",1475
"2",0.152870183633206,0.00554129144341236,0.00602958512806252,0.00487019804320263,0.00975110218272103,0.00328988748064991,0.00648916437367963,0.0291716781036749,"calcite_flush_4","TEmean",1475
"3",0.999478354791241,0.999521297788343,0.999655449434386,0.999611200354197,0.999605371025415,0.999652549836987,0.999618024669356,0.999657840752818,"calcite_flush_4","FOsd2",1475
"4",0.000187607183602585,8.73540794823343e-05,0.000199644157579369,4.94342301123323e-05,0.000135602400933498,5.37739741674445e-05,7.05293592038031e-05,0.000138728404265411,"calcite_flush_4","TEsd2",1475
