"","curr_inflow_rate","curr_diffusion_coef","curr_porosity","curr_gypsum_rate_constant","curr_calcite_rate_constant","curr_gypsum_surface_area","curr_calcite_surface_area","dfn_volume","output_var","sobol_type","boot_num"
"1",0.103919245035534,-0.000379413731032211,-0.0040604901144136,-0.00335584384792895,0.00936984677053306,0.000933904385166788,0.00459692019041786,-0.00174110707044171,"calcite_flush_4","FOmean",1776
"2",0.161163522991338,0.00412444754417656,0.00483936413368314,0.00454590885084922,0.0117248801095267,0.00385494087674218,0.00621070128143846,0.0280554632034508,"calcite_flush_4","TEmean",1776
"3",0.999723717089238,0.999667586425601,0.999742725806522,0.999674711511657,0.999720724526888,0.999678914774144,0.999686678068601,0.999714153364596,"calcite_flush_4","FOsd2",1776
"4",0.000156136722324678,6.86274071761867e-05,7.1035967550337e-05,6.41927162238051e-05,7.08195204292194e-05,4.02336051655677e-05,6.50757284552067e-05,9.62133924571886e-05,"calcite_flush_4","TEsd2",1776
