"","curr_inflow_rate","curr_diffusion_coef","curr_porosity","curr_gypsum_rate_constant","curr_calcite_rate_constant","curr_gypsum_surface_area","curr_calcite_surface_area","dfn_volume","output_var","sobol_type","boot_num"
"1",0.108774449732519,0.00217621108718049,0.000907277084020549,0.00510027586911488,0.00567174163169612,-0.0043504746733602,0.00114133541113995,0.00582414299638829,"calcite_flush_4","FOmean",1965
"2",0.149276640063574,0.00597837180461913,0.00460708672803153,0.00610048425118837,0.0132697208685043,0.00400962604637864,0.00646090681622323,0.0354760377585951,"calcite_flush_4","TEmean",1965
"3",0.999545500676587,0.999451538364705,0.999573705289648,0.999483465067735,0.999441468721888,0.999498107788545,0.999460160980197,0.999566303690464,"calcite_flush_4","FOsd2",1965
"4",0.000162395761036189,7.07547933330884e-05,0.000223876951795496,0.000106800966651911,0.000131478924780843,0.000218239407722999,9.8722658998441e-05,0.000149235225675745,"calcite_flush_4","TEsd2",1965
