"","curr_inflow_rate","curr_diffusion_coef","curr_porosity","curr_gypsum_rate_constant","curr_calcite_rate_constant","curr_gypsum_surface_area","curr_calcite_surface_area","dfn_volume","output_var","sobol_type","boot_num"
"1",0.316962297399378,0.00564656024706267,0.00180873025624601,0.00800454356920743,0.0136696026347354,0.00577146285468128,0.00420960710221998,-0.00108807517129289,"calcite_flush_3","FOmean",256
"2",0.339018823253319,0.00660649592577676,0.00265523961856402,0.00861659915744656,0.0129312797341523,0.00242867820906798,0.00928777812437143,0.016213737666714,"calcite_flush_3","TEmean",256
"3",0.763045721833552,0.602654741601452,0.626104587243442,0.605383347248842,0.598281497653759,0.194270855921581,0.64493065062895,0.647159725207388,"calcite_flush_3","FOsd2",256
"4",0.30169306830194,0.196309355857945,0.0710540047982779,0.235470363361208,0.154534079945717,0.485104831807568,0.293658377527993,0.255094093114052,"calcite_flush_3","TEsd2",256
