"","curr_inflow_rate","curr_diffusion_coef","curr_porosity","curr_gypsum_rate_constant","curr_calcite_rate_constant","curr_gypsum_surface_area","curr_calcite_surface_area","dfn_volume","output_var","sobol_type","boot_num"
"1",0.628979595519762,0.106923993075819,0.0743144936702125,0.131594484993682,0.0670443361660012,0.0439626186258764,0.00380536396846369,0.0295571816928468,"calcite_flush_1","FOmean",1535
"2",1.05526383442837,0.331823381545707,0.353202622381243,0.542625520351716,0.203590462058497,0.19957008704744,0.274961170244734,0.239568091393997,"calcite_flush_1","TEmean",1535
"3",1,1,1,1,1,1,1,1,"calcite_flush_1","FOsd2",1535
"4",2.65312170504275e-44,2.66639797142304e-44,1.88111902258602e-44,2.59062749317787e-44,3.26148493802341e-44,1.30479514405133e-44,1.83196920550284e-44,1.93390289047212e-43,"calcite_flush_1","TEsd2",1535
