"","curr_inflow_rate","curr_diffusion_coef","curr_porosity","curr_gypsum_rate_constant","curr_calcite_rate_constant","curr_gypsum_surface_area","curr_calcite_surface_area","dfn_volume","output_var","sobol_type","boot_num"
"1",0.027653920934762,-0.00501022034185961,0.00686907111036035,-0.000108054354531231,-0.00930119403311666,-0.00720907100278719,0.00559823126846542,-0.000635228568791681,"calcite_flush_6","FOmean",567
"2",0.0451836786772238,0.00296089339847155,0.014550932442425,0.00721884876578166,0.00476509705249033,0.00338687415583112,0.00244964897608314,0.0161895729701486,"calcite_flush_6","TEmean",567
"3",0.999948451539942,0.999937735588197,0.999898413384001,0.999935977164638,0.999943025165453,0.999938546111402,0.99989510532132,0.99991322143381,"calcite_flush_6","FOsd2",567
"4",5.25086367771154e-05,2.30078793944252e-05,1.59720348006377e-05,7.44297728988157e-05,5.14591871025713e-05,3.83063845675301e-05,1.65316910895446e-05,2.51661336220591e-05,"calcite_flush_6","TEsd2",567
