"","curr_inflow_rate","curr_diffusion_coef","curr_porosity","curr_gypsum_rate_constant","curr_calcite_rate_constant","curr_gypsum_surface_area","curr_calcite_surface_area","dfn_volume","output_var","sobol_type","boot_num"
"1",0.597382493273503,0.0671437759874647,0.0504825236442724,0.14610396910432,0.0201267010368561,0.0361973910617881,0.280462263524448,0.116433025521598,"calcite_flush_1","FOmean",2088
"2",1.35054317159053,0.194691261251992,0.222700073418128,0.971511778486866,0.127497964573312,0.193974625756513,1.06553514546695,0.481461724568862,"calcite_flush_1","TEmean",2088
"3",1,1,1,1,1,1,1,1,"calcite_flush_1","FOsd2",2088
"4",1.00739475341705e-26,1.21674446037534e-26,6.84780517414613e-27,5.86123754039857e-27,9.06016766674871e-27,1.22689380875566e-26,6.725402732912e-27,1.67381316661686e-26,"calcite_flush_1","TEsd2",2088
