"","curr_inflow_rate","curr_diffusion_coef","curr_porosity","curr_gypsum_rate_constant","curr_calcite_rate_constant","curr_gypsum_surface_area","curr_calcite_surface_area","dfn_volume","output_var","sobol_type","boot_num"
"1",0.135122000473441,0.0068705746145831,0.0053417886162433,0.0150743935055145,0.0174979160823724,0.00142906928594023,0.00636678735980001,0.00206293998553073,"calcite_flush_0","FOmean",302
"2",0.208050062923635,0.00985441333993871,0.019423588512191,0.0238055709103685,0.0476710692385026,0.00891390289937459,0.0577794015470029,0.00801359334295269,"calcite_flush_0","TEmean",302
"3",0.969601468277417,0.996399746988852,0.996317774966217,0.994554170566608,0.994381587907653,0.972904477172125,0.997701275061487,0.943778840023493,"calcite_flush_0","FOsd2",302
"4",0.0354334596873132,0.00516833838485268,0.00353315580844811,0.00405335497774037,0.00795064468076104,0.0189130482964814,0.00463190618287643,0.0439910129328551,"calcite_flush_0","TEsd2",302
