"","curr_inflow_rate","curr_diffusion_coef","curr_porosity","curr_gypsum_rate_constant","curr_calcite_rate_constant","curr_gypsum_surface_area","curr_calcite_surface_area","dfn_volume","output_var","sobol_type","boot_num"
"1",0.295677100671732,0.00039575383731011,-0.00220702570508782,0.00027014541407961,0.00279491435515924,-0.00149636754883664,0.00581273165255626,0.00173145141357677,"calcite_flush_3","FOmean",655
"2",0.318708108610639,0.00445164203440106,0.00373235373205289,0.0107628747809949,0.00816811316872013,0.00253011265274728,0.0107663258645837,0.012357463840297,"calcite_flush_3","TEmean",655
"3",0.641572554129058,-1.03469159132699,0.564570091977405,0.459213261580796,0.130807265425715,0.630175806965285,-10.2281308047972,-0.386748608936122,"calcite_flush_3","FOsd2",655
"4",0.1884014450308,1.11442031186536,0.0658469421319543,0.113520812013486,0.311456586965561,0.117041320337556,10.7454463228647,1.10480120076478,"calcite_flush_3","TEsd2",655
