"","curr_inflow_rate","curr_diffusion_coef","curr_porosity","curr_gypsum_rate_constant","curr_calcite_rate_constant","curr_gypsum_surface_area","curr_calcite_surface_area","dfn_volume","output_var","sobol_type","boot_num"
"1",0.107357211110292,0.00268945203838278,-0.00276659959655762,-0.000783945456521125,-0.00163225514333237,-2.32930223075722e-05,-0.00102243862783382,0.00203852879782656,"calcite_flush_4","FOmean",894
"2",0.151873972273818,0.00379866041763678,0.00434344841537072,0.00419670050732923,0.0111428438877236,0.00430090874706244,0.00565762366536561,0.028187460731974,"calcite_flush_4","TEmean",894
"3",0.999667373777629,0.999709114689484,0.999721495013861,0.999688922934157,0.99970827406868,0.999688214483501,0.999694806590663,0.999720422413355,"calcite_flush_4","FOsd2",894
"4",0.00012009822065536,4.99961493776509e-05,9.45161034140547e-05,6.16771440266192e-05,4.13960314433743e-05,5.38894930728596e-05,5.65905238974009e-05,9.42206361696609e-05,"calcite_flush_4","TEsd2",894
