"","curr_inflow_rate","curr_diffusion_coef","curr_porosity","curr_gypsum_rate_constant","curr_calcite_rate_constant","curr_gypsum_surface_area","curr_calcite_surface_area","dfn_volume","output_var","sobol_type","boot_num"
"1",0.173948950942657,-0.00662782678576147,0.00734865154062477,0.0335159007090384,0.03633702091129,-0.00348539103345422,0.00986596825926857,0.0166809721405295,"calcite_flush_0","FOmean",1688
"2",0.259551971073087,0.0236287167396111,0.0355876998730333,0.0962528765857987,0.122474229368497,0.0238844237668865,0.0718741776089703,0.024398335645721,"calcite_flush_0","TEmean",1688
"3",0.241371247942941,0.48047358315862,0.429106835741227,0.321439857757425,0.45245514963076,0.427811259562112,0.304416189823304,0.183514605679009,"calcite_flush_0","FOsd2",1688
"4",0.255028955658067,0.0886027784209965,0.038536114498664,0.0716440450021397,0.106832055634314,0.101350146668477,0.0835754438328233,0.266058077135839,"calcite_flush_0","TEsd2",1688
