"","curr_inflow_rate","curr_diffusion_coef","curr_porosity","curr_gypsum_rate_constant","curr_calcite_rate_constant","curr_gypsum_surface_area","curr_calcite_surface_area","dfn_volume","output_var","sobol_type","boot_num"
"1",0.265901582434402,-0.00579265407167642,0.00341453644592241,0.0128011258686571,0.0120842169363587,3.53082172006272e-05,0.00441738328453316,0.00328824601661463,"calcite_flush_3","FOmean",88
"2",0.28633401393875,0.00373127114938198,0.00602562172132926,0.012119752980036,0.0231703694766931,0.00226066228977155,0.00685995845906593,0.012161487844354,"calcite_flush_3","TEmean",88
"3",-28.5573162745609,-9.04292165108132,-9.13171493889237,-5.6466901926878,-14.0803762730034,-5.9784290303838,-4.45626826096514,-5.03211186970795,"calcite_flush_3","FOsd2",88
"4",10.6333049707609,1.6756412237619,0.734073027012994,5.8235378509853,1.9255397935599,1.8392048275905,5.85596932977213,2.7956179178247,"calcite_flush_3","TEsd2",88
