"","curr_inflow_rate","curr_diffusion_coef","curr_porosity","curr_gypsum_rate_constant","curr_calcite_rate_constant","curr_gypsum_surface_area","curr_calcite_surface_area","dfn_volume","output_var","sobol_type","boot_num"
"1",0.249628811583641,0.000546015025340889,-0.00215039809993697,-0.000847227018102996,0.0380062526012477,0.00531406586185292,0.0133166201830579,0.0100799973688596,"calcite_flush_3","FOmean",249
"2",0.316186922202377,0.00405925586439596,0.00476255589972095,0.00339669899412388,0.0317545180895848,0.00391014519925772,0.0250002092611647,0.0181912544875069,"calcite_flush_3","TEmean",249
"3",0.876149250398378,0.632082511750707,0.913494029476117,0.872100585087368,0.894297258957444,0.904991803387667,0.943436481003121,0.908400066495021,"calcite_flush_3","FOsd2",249
"4",0.0917017067052625,0.279577895564001,0.0362547755689765,0.101297901082426,0.0369933717471325,0.0438282430760867,0.0636184957524352,0.0948295483865567,"calcite_flush_3","TEsd2",249
