"","curr_inflow_rate","curr_diffusion_coef","curr_porosity","curr_gypsum_rate_constant","curr_calcite_rate_constant","curr_gypsum_surface_area","curr_calcite_surface_area","dfn_volume","output_var","sobol_type","boot_num"
"1",0.0756766405742877,0.000213287015186787,-0.00166180987334919,-0.00376789556556558,0.00374966730929946,0.00603421833854572,-0.00144579835732152,-0.0100087235613297,"calcite_flush_4","FOmean",1111
"2",0.121550537436905,0.00365478187849741,0.00317544777732751,0.00347090049769821,0.00938008546667727,0.00403319978666473,0.00610112403449494,0.0369744540099512,"calcite_flush_4","TEmean",1111
"3",0.999743906403737,0.999759234704229,0.999725707658317,0.999704725665045,0.999749307233511,0.999679532579336,0.999717847614008,0.999735404029019,"calcite_flush_4","FOsd2",1111
"4",0.00010185932962657,3.78585346860045e-05,0.000131060337201117,6.60180747356435e-05,5.49504602980872e-05,9.17425210296843e-05,4.59487532114947e-05,0.000109318549158361,"calcite_flush_4","TEsd2",1111
