"","curr_inflow_rate","curr_diffusion_coef","curr_porosity","curr_gypsum_rate_constant","curr_calcite_rate_constant","curr_gypsum_surface_area","curr_calcite_surface_area","dfn_volume","output_var","sobol_type","boot_num"
"1",0.0982233900392519,0.00172024242942985,0.00343442019131306,-0.00019423174353346,0.00138076567372964,-0.00439363520215425,0.00388079611639368,-0.0101654732345693,"calcite_flush_5","FOmean",1840
"2",0.120421740024215,0.00470675163549531,0.00897109105075939,0.00463641219052316,0.00654649019887168,0.00331754534807517,0.00510112409171707,0.0299057089352341,"calcite_flush_5","TEmean",1840
"3",0.999237374584151,0.999311181774417,0.999406983818325,0.999056459770006,0.999237648202757,0.999299856191249,0.999163677848365,0.999235869850641,"calcite_flush_5","FOsd2",1840
"4",0.000206061672575789,0.000157721935072644,0.000206645687665845,0.000288299592815332,0.000269557952613187,0.000165798502893239,0.00022923815824871,0.000137101969347783,"calcite_flush_5","TEsd2",1840
