"","curr_inflow_rate","curr_diffusion_coef","curr_porosity","curr_gypsum_rate_constant","curr_calcite_rate_constant","curr_gypsum_surface_area","curr_calcite_surface_area","dfn_volume","output_var","sobol_type","boot_num"
"1",0.112211971649573,0.000523785401919451,-0.000868382603488572,-0.000688051262910565,0.00634079460914717,0.00142279805346929,0.00475258596363649,0.000258324173370876,"calcite_flush_2","FOmean",822
"2",0.134159820958459,0.00256305662719555,0.00246286707094852,0.00447157251852831,0.0115102098562291,0.00100460350800217,0.00661409353944438,0.0098523332107241,"calcite_flush_2","TEmean",822
"3",-251.353586097679,-194.471369056343,-260.019909104931,-113.48152811543,-611.66369086376,-351.276204305518,-694.214348805099,-272.124974147158,"calcite_flush_2","FOsd2",822
"4",1242.99520687561,827.309401982548,920.948757043018,843.573294796906,467.444830750596,830.693892749817,562.674100532339,968.524592853962,"calcite_flush_2","TEsd2",822
