"","curr_inflow_rate","curr_diffusion_coef","curr_porosity","curr_gypsum_rate_constant","curr_calcite_rate_constant","curr_gypsum_surface_area","curr_calcite_surface_area","dfn_volume","output_var","sobol_type","boot_num"
"1",0.107020500691401,-0.00206828218690354,0.00041493395105311,-0.000928808243020693,0.00179284669497999,-0.00638250945870639,-0.000492085492247595,0.00856380274855126,"calcite_flush_4","FOmean",411
"2",0.138500117273172,0.00435743396488541,0.00536514825211125,0.00650415405841714,0.0116351877074718,0.00363830669163222,0.00637747399425553,0.0319962571088249,"calcite_flush_4","TEmean",411
"3",0.999510928501082,0.999492954321859,0.999580909523908,0.999586162501301,0.999514385604116,0.99945259143104,0.999438973509723,0.999627227153848,"calcite_flush_4","FOsd2",411
"4",0.000229817746212921,6.01613030554186e-05,0.000226357574704185,0.00011593365034182,7.93147103240057e-05,0.000104108750812319,0.000123147663471934,0.000188991960584629,"calcite_flush_4","TEsd2",411
