"","curr_inflow_rate","curr_diffusion_coef","curr_porosity","curr_gypsum_rate_constant","curr_calcite_rate_constant","curr_gypsum_surface_area","curr_calcite_surface_area","dfn_volume","output_var","sobol_type","boot_num"
"1",0.115119246148417,0.00441198860653097,0.00909535068599299,-0.00010269779455209,-0.000692967252976037,-0.000387660202725339,-0.00329840535733264,-0.00258178315834903,"calcite_flush_5","FOmean",636
"2",0.127366371878929,0.00477719392915974,0.00640756563132757,0.00455894418190808,0.00519423704505949,0.00223389379183819,0.00447291662482811,0.0328341891272215,"calcite_flush_5","TEmean",636
"3",0.999117437815659,0.999053555192025,0.999191693328641,0.999163044873872,0.999171395306423,0.999091525523918,0.999171954114968,0.999163463092496,"calcite_flush_5","FOsd2",636
"4",0.000138340316303542,0.000186576940775483,0.000428832363836116,0.0001293089730396,0.000186805527995793,0.000282680665794493,0.000144148622577895,0.000211931485315201,"calcite_flush_5","TEsd2",636
