"","curr_inflow_rate","curr_diffusion_coef","curr_porosity","curr_gypsum_rate_constant","curr_calcite_rate_constant","curr_gypsum_surface_area","curr_calcite_surface_area","dfn_volume","output_var","sobol_type","boot_num"
"1",0.0402112781732197,0.00166846696981081,0.0129068216137671,0.00432245227692115,0.00394480705224802,-0.00251341031780846,-0.00419545380601749,-0.00661608175892957,"calcite_flush_6","FOmean",1813
"2",0.038733700459888,0.00378063483012791,0.016610294235455,0.00556349782088241,0.00338532039308585,0.00223972835456804,0.00277986205882246,0.0151701612743353,"calcite_flush_6","TEmean",1813
"3",0.999952396992866,0.999959117673484,0.999956935735458,0.999956506969795,0.999958896501661,0.999930543386183,0.99994288555872,0.999956938684383,"calcite_flush_6","FOsd2",1813
"4",2.19387839720597e-05,9.4263378053845e-06,1.09968005276606e-05,3.62607036865784e-05,2.95761755226463e-05,1.38747991381875e-05,1.15142425567163e-05,1.36195265772494e-05,"calcite_flush_6","TEsd2",1813
