"","curr_inflow_rate","curr_diffusion_coef","curr_porosity","curr_gypsum_rate_constant","curr_calcite_rate_constant","curr_gypsum_surface_area","curr_calcite_surface_area","dfn_volume","output_var","sobol_type","boot_num"
"1",0.784510796045641,-0.0549530923692288,-0.00798970181355074,0.105722752536772,-0.0232570832916832,-0.00797953020314297,0.0680337176054169,-0.0177497204911215,"calcite_flush_1","FOmean",884
"2",1.33210770250075,0.152069111954767,0.139517699717872,0.468621384605996,0.182501514124549,0.249791134325885,0.382785744850091,0.188700589445708,"calcite_flush_1","TEmean",884
"3",1,1,1,1,1,1,1,1,"calcite_flush_1","FOsd2",884
"4",2.88806311438044e-44,3.80005099486616e-44,2.58101445052693e-44,4.36601787370256e-44,5.83428391158358e-44,3.16828843060743e-44,2.38977041414438e-44,2.51397424053258e-43,"calcite_flush_1","TEsd2",884
