"","curr_inflow_rate","curr_diffusion_coef","curr_porosity","curr_gypsum_rate_constant","curr_calcite_rate_constant","curr_gypsum_surface_area","curr_calcite_surface_area","dfn_volume","output_var","sobol_type","boot_num"
"1",0.0978397652520538,0.00458671837924201,-0.00208204410942625,0.00828508476787251,0.00329714828781305,0.00149463236809679,0.00226966291532156,0.00112923246000593,"calcite_flush_2","FOmean",1368
"2",0.106762044624241,0.0104786167009774,0.00178541062208694,0.011564351457395,0.00760705845544688,0.00270956913023594,0.00682414711947141,0.0052566383313351,"calcite_flush_2","TEmean",1368
"3",0.698354723684531,0.740575609735922,0.588628299844165,0.738938480975676,0.748307957436422,0.716683864165322,0.738830856965601,0.637942649350637,"calcite_flush_2","FOsd2",1368
"4",0.0990674172742481,0.0300557626603014,0.162669296364073,0.0367019177388649,0.0274672494142828,0.012789643939206,0.037766907801995,0.0751874257243388,"calcite_flush_2","TEsd2",1368
