"","curr_inflow_rate","curr_diffusion_coef","curr_porosity","curr_gypsum_rate_constant","curr_calcite_rate_constant","curr_gypsum_surface_area","curr_calcite_surface_area","dfn_volume","output_var","sobol_type","boot_num"
"1",0.0361504831096026,-0.00526857725751635,0.00765674556520427,0.00122662664656054,-0.00221770637361649,0.000135549825716226,0.00545726150903897,0.0116043308285349,"calcite_flush_6","FOmean",112
"2",0.042689714125774,0.00395040791533186,0.0162505394651121,0.00674800923462447,0.00270743507800578,0.00302139806949661,0.00379302563922839,0.0173868422908693,"calcite_flush_6","TEmean",112
"3",0.999929612371485,0.999926919109817,0.999932430123013,0.999920868461239,0.999943907525084,0.999927146897197,0.999951093411902,0.999946986575847,"calcite_flush_6","FOsd2",112
"4",2.14622574893295e-05,1.43136781876746e-05,1.56995445157136e-05,5.23802532106567e-05,2.9740146105025e-05,1.37539303962193e-05,3.33457447510267e-05,3.84449564590018e-05,"calcite_flush_6","TEsd2",112
