"","curr_inflow_rate","curr_diffusion_coef","curr_porosity","curr_gypsum_rate_constant","curr_calcite_rate_constant","curr_gypsum_surface_area","curr_calcite_surface_area","dfn_volume","output_var","sobol_type","boot_num"
"1",1.22274260836584,0.0509350794471944,-0.0602894554001249,0.0278546157006589,0.0519667359211806,-0.0944593414409408,0.0890675220980881,-0.0542262354027239,"calcite_flush_0","FOmean",365
"2",2.16170588121985,0.385827483316446,0.459558787411242,0.684901739941805,0.42326947700359,0.510870795892193,0.408829862546437,0.356106166414647,"calcite_flush_0","TEmean",365
"3",1,1,1,1,1,1,1,1,"calcite_flush_0","FOsd2",365
"4",1.50504274498842e-30,1.06048292897234e-30,1.00459037012007e-30,5.45720660802685e-31,6.9683842594155e-31,7.92376360197721e-31,5.8725553091836e-31,6.5928250178617e-31,"calcite_flush_0","TEsd2",365
