"","curr_inflow_rate","curr_diffusion_coef","curr_porosity","curr_gypsum_rate_constant","curr_calcite_rate_constant","curr_gypsum_surface_area","curr_calcite_surface_area","dfn_volume","output_var","sobol_type","boot_num"
"1",0.850952920544094,-0.00995979791624003,0.0589024626057411,-0.00608817294128774,0.0169275673580786,-0.0375161118159169,0.0565176995374078,0.0640250864702557,"calcite_flush_0","FOmean",183
"2",1.78303587041775,0.335154241673631,1.02883818801817,0.817254755305813,0.587537132739393,0.449032776606951,0.535819990777203,0.691602308281025,"calcite_flush_0","TEmean",183
"3",1,1,1,1,1,1,1,1,"calcite_flush_0","FOsd2",183
"4",2.64476021080961e-27,1.63980986429832e-27,1.0661047502229e-27,1.74552356250188e-27,9.9733356244873e-28,1.6482260212975e-27,1.30843260781998e-27,1.10882884917151e-27,"calcite_flush_0","TEsd2",183
