"","curr_inflow_rate","curr_diffusion_coef","curr_porosity","curr_gypsum_rate_constant","curr_calcite_rate_constant","curr_gypsum_surface_area","curr_calcite_surface_area","dfn_volume","output_var","sobol_type","boot_num"
"1",0.26171598116967,0.000307605540941723,0.00112539529338099,0.00148194981016034,0.00897300626292129,0.000714876226549298,0.00201581666249976,0.00403248908403078,"calcite_flush_3","FOmean",2027
"2",0.285503032662487,0.00417303946497384,0.00219086512776279,0.00279165324271562,0.0175130725860191,0.00344839970341707,0.0179925843271293,0.0146429378279672,"calcite_flush_3","TEmean",2027
"3",-194.883193674383,-183.497244382092,-214.384808807586,-212.37682740073,-331.876582211912,-177.694732372931,-253.343789242111,-210.508070665431,"calcite_flush_3","FOsd2",2027
"4",5.36360044549692,14.5199997126468,56.0314776469784,14.3942193696936,154.398938749658,18.4767228235325,97.9135914126692,19.0911786266297,"calcite_flush_3","TEsd2",2027
