"","curr_inflow_rate","curr_diffusion_coef","curr_porosity","curr_gypsum_rate_constant","curr_calcite_rate_constant","curr_gypsum_surface_area","curr_calcite_surface_area","dfn_volume","output_var","sobol_type","boot_num"
"1",0.121507511007013,0.008221630140739,-0.00295206311630507,-0.000974235970638317,0.00741902482478004,-0.000759981275626812,0.00327145484354501,-0.00526068830509994,"calcite_flush_5","FOmean",461
"2",0.144578079250775,0.00545864434881143,0.00720781043039884,0.00454146037327202,0.00651205164075239,0.0036477442913364,0.00566633909488873,0.0294909752950585,"calcite_flush_5","TEmean",461
"3",0.99958369559351,0.999470686015158,0.999716122709276,0.999491663455924,0.999539156368249,0.999589884427181,0.999602936228593,0.999580032789215,"calcite_flush_5","FOsd2",461
"4",8.12895120954782e-05,0.000209158871305417,0.000209261756512844,0.000284805096530639,0.000198757658645141,0.000155625464647011,0.000159075796238441,0.00016660566901266,"calcite_flush_5","TEsd2",461
