"","curr_inflow_rate","curr_diffusion_coef","curr_porosity","curr_gypsum_rate_constant","curr_calcite_rate_constant","curr_gypsum_surface_area","curr_calcite_surface_area","dfn_volume","output_var","sobol_type","boot_num"
"1",0.0826660272820463,-0.00756830435363236,0.00719776560272716,-0.00280603097822389,-0.0012736072762437,0.00298480583447743,0.00345193436575904,-0.0137637007389204,"calcite_flush_5","FOmean",2078
"2",0.145409292287285,0.00509519742406657,0.0134790292707374,0.00374767821572603,0.00647250932276279,0.00381376559065976,0.00469518698555294,0.0295664339198131,"calcite_flush_5","TEmean",2078
"3",0.999540467170135,0.999582750534834,0.999519731352632,0.999563869565633,0.99957305903675,0.999588666948841,0.999553365904458,0.999583188428736,"calcite_flush_5","FOsd2",2078
"4",0.000127576804989033,8.24342337859492e-05,0.000306465168153006,6.25541155343936e-05,9.8775356852303e-05,4.67433106067824e-05,9.43368925411895e-05,6.3340511347029e-05,"calcite_flush_5","TEsd2",2078
