"","curr_inflow_rate","curr_diffusion_coef","curr_porosity","curr_gypsum_rate_constant","curr_calcite_rate_constant","curr_gypsum_surface_area","curr_calcite_surface_area","dfn_volume","output_var","sobol_type","boot_num"
"1",0.107187194456246,0.00251608486513013,0.00386641824019245,0.00877456214602996,0.0190833315833475,-0.00576938946375849,0.00353944047066742,0.00716212870488235,"calcite_flush_5","FOmean",1413
"2",0.11936419911574,0.00361152830951055,0.00804969429104185,0.00485512215175239,0.00565914775426547,0.00418638473695341,0.00380818073744257,0.0286849377633321,"calcite_flush_5","TEmean",1413
"3",0.999615853661394,0.999639260713417,0.999580150933514,0.999658356728877,0.999635210226269,0.999640188574098,0.999623206924888,0.999595031660349,"calcite_flush_5","FOsd2",1413
"4",0.00012088178718455,0.000128897834436025,0.00016018306421855,0.000136122848585778,0.000114132338591706,0.00016028981121109,6.79108322149078e-05,0.000124318283552852,"calcite_flush_5","TEsd2",1413
