"","curr_inflow_rate","curr_diffusion_coef","curr_porosity","curr_gypsum_rate_constant","curr_calcite_rate_constant","curr_gypsum_surface_area","curr_calcite_surface_area","dfn_volume","output_var","sobol_type","boot_num"
"1",0.873095904901572,-0.0133049098508189,-0.0216303974336131,-0.00121685860009504,0.0910912008659406,-0.0353868289938865,0.0308157756197173,-0.00965843678853561,"calcite_flush_0","FOmean",645
"2",1.18635373721926,0.195269913819894,0.213193718318442,0.164439949015122,0.319686969661532,0.211668377683808,0.144110698109225,0.21506711505018,"calcite_flush_0","TEmean",645
"3",1,1,1,1,1,1,1,1,"calcite_flush_0","FOsd2",645
"4",1.31680271238513e-44,1.43887772383476e-44,1.09110898085718e-44,1.42078196851038e-44,1.74757616935542e-44,1.89445848152408e-44,1.1855741931802e-44,1.36281459410612e-43,"calcite_flush_0","TEsd2",645
