"","curr_inflow_rate","curr_diffusion_coef","curr_porosity","curr_gypsum_rate_constant","curr_calcite_rate_constant","curr_gypsum_surface_area","curr_calcite_surface_area","dfn_volume","output_var","sobol_type","boot_num"
"1",0.143016561231137,0.00113898917798149,0.000379073759701382,0.000901415491426893,0.00375657190736445,-0.00118867653672229,0.00113361858230294,-0.00395471206036428,"calcite_flush_4","FOmean",341
"2",0.163040666840799,0.00392269722762601,0.00421674444612635,0.00500758616747934,0.00770981488217515,0.00407478296170972,0.00557024156351425,0.030116445428611,"calcite_flush_4","TEmean",341
"3",0.999610603671219,0.999632908294088,0.999654674243527,0.999640104984603,0.999647080772082,0.999581094351735,0.999648836922189,0.999669348564913,"calcite_flush_4","FOsd2",341
"4",0.000103188877599894,0.000139597763898664,0.000144245760043454,8.99279283814189e-05,0.000116115707079365,0.000129696487429159,9.65978711987602e-05,0.000108149496875392,"calcite_flush_4","TEsd2",341
