"","curr_inflow_rate","curr_diffusion_coef","curr_porosity","curr_gypsum_rate_constant","curr_calcite_rate_constant","curr_gypsum_surface_area","curr_calcite_surface_area","dfn_volume","output_var","sobol_type","boot_num"
"1",0.512615056232828,0.0155184903000166,0.0142811775884394,-0.00280994549875791,-0.0589061458901121,0.0666861633048829,-0.00774677205933251,0.0578897017346387,"calcite_flush_1","FOmean",639
"2",1.20641976924129,0.434641627963081,0.211991548349765,0.651387397838619,0.404840415218118,0.322434624999478,0.290411342228062,0.359950792439036,"calcite_flush_1","TEmean",639
"3",1,1,1,1,1,1,1,1,"calcite_flush_1","FOsd2",639
"4",7.60858277222613e-25,6.10791420371953e-25,4.72431378283399e-25,5.14802203527045e-25,5.40152339270756e-25,5.17750571625038e-25,2.35675801080516e-25,2.12643247623778e-25,"calcite_flush_1","TEsd2",639
