"","curr_inflow_rate","curr_diffusion_coef","curr_porosity","curr_gypsum_rate_constant","curr_calcite_rate_constant","curr_gypsum_surface_area","curr_calcite_surface_area","dfn_volume","output_var","sobol_type","boot_num"
"1",0.0886043900118488,0.00817587691950694,0.00664738404185272,0.0021133820737435,0.00487893240158639,0.00954693655726858,-0.00253233046938372,-0.00310118570321047,"calcite_flush_5","FOmean",1910
"2",0.106498625995734,0.00425316676547887,0.00937139465936928,0.00512468435746348,0.00514040669297102,0.00325358607614047,0.00316689287285029,0.0368246774963861,"calcite_flush_5","TEmean",1910
"3",0.999581898158493,0.999540801328102,0.999488658401447,0.999561140113698,0.999504628523608,0.999547741795898,0.999477074925076,0.999407647783996,"calcite_flush_5","FOsd2",1910
"4",0.000118042406903281,7.75746896082222e-05,0.000193558429118335,0.000117865345883513,9.32656337443308e-05,6.18693699813024e-05,0.000121072457246463,0.000164428773582741,"calcite_flush_5","TEsd2",1910
