"","curr_inflow_rate","curr_diffusion_coef","curr_porosity","curr_gypsum_rate_constant","curr_calcite_rate_constant","curr_gypsum_surface_area","curr_calcite_surface_area","dfn_volume","output_var","sobol_type","boot_num"
"1",0.113278660022344,-0.000880929298547962,-0.00137465785303256,-0.00352330155799972,-0.000325740167596962,0.000686373821229271,0.00398611413687939,-0.00137235481854424,"calcite_flush_4","FOmean",1643
"2",0.142481951796993,0.00457080762985356,0.00511053741387872,0.0040784518344827,0.00957862481031783,0.00308853435565539,0.00804815242614373,0.0303390268608119,"calcite_flush_4","TEmean",1643
"3",0.999702397819122,0.999603199797593,0.999472084435941,0.999677846060075,0.999461316455829,0.99960335308346,0.999098858094123,0.999670344997247,"calcite_flush_4","FOsd2",1643
"4",0.000160292738355929,0.000194442500493469,0.000192574333392163,0.000162580855317025,0.00014993962940211,0.000130000485519643,0.000495234655482754,0.000164594201836345,"calcite_flush_4","TEsd2",1643
