"","curr_inflow_rate","curr_diffusion_coef","curr_porosity","curr_gypsum_rate_constant","curr_calcite_rate_constant","curr_gypsum_surface_area","curr_calcite_surface_area","dfn_volume","output_var","sobol_type","boot_num"
"1",1.04113771272153,0.127617921450893,-0.0325316207133573,0.00446215849456878,0.0978164933471154,-0.00418666772708676,-0.00395205189546193,0.0614624125208666,"calcite_flush_1","FOmean",1787
"2",2.01042893698282,0.315420006399969,0.389464540215346,0.406477068317889,0.291342754781242,0.398634194015735,0.304093141115348,0.485628753097865,"calcite_flush_1","TEmean",1787
"3",1,1,1,1,1,1,1,1,"calcite_flush_1","FOsd2",1787
"4",4.08987921347944e-27,2.80819954005047e-27,2.20916387041801e-27,3.95598019808581e-27,2.60985670791647e-27,3.69084525283647e-27,1.39416015183643e-27,2.56849052224386e-27,"calcite_flush_1","TEsd2",1787
