"","curr_inflow_rate","curr_diffusion_coef","curr_porosity","curr_gypsum_rate_constant","curr_calcite_rate_constant","curr_gypsum_surface_area","curr_calcite_surface_area","dfn_volume","output_var","sobol_type","boot_num"
"1",2.57981168671055,-0.00578881385505136,0.143226793188305,-0.0602970229103801,0.315299840185262,0.159887317473391,-0.0199465745853749,-0.00516529305341723,"calcite_flush_1","FOmean",1780
"2",3.2874181431804,0.463853109872195,0.474537900922159,0.457582083714761,0.651755524885753,0.533044851612287,0.412486504229302,0.600146941009772,"calcite_flush_1","TEmean",1780
"3",1,1,1,1,1,1,1,1,"calcite_flush_1","FOsd2",1780
"4",2.42003056802966e-30,5.14930762071636e-31,5.4188606092022e-31,1.01717306866822e-30,5.07168405436546e-31,5.68170152176881e-31,7.46917135045366e-31,6.67866094841234e-31,"calcite_flush_1","TEsd2",1780
