"","curr_inflow_rate","curr_diffusion_coef","curr_porosity","curr_gypsum_rate_constant","curr_calcite_rate_constant","curr_gypsum_surface_area","curr_calcite_surface_area","dfn_volume","output_var","sobol_type","boot_num"
"1",0.30469715273066,-0.00549469153459046,0.00325289060186754,0.00826807452584776,0.00841115333805069,0.00144499648064488,0.00582467475601943,-0.0061891892596226,"calcite_flush_3","FOmean",774
"2",0.332769208533685,0.00608127637378368,0.00702466587590392,0.00912936979984543,0.014847529912399,0.00285132057621403,0.00872000111481873,0.0184949792481648,"calcite_flush_3","TEmean",774
"3",-1.1870942740022,-1.98824407450144,-1.22942681921716,-56.6677423114915,-4.68702813922829,-1.2895841115186,-1.19791519272128,-1.23787647668927,"calcite_flush_3","FOsd2",774
"4",0.205966693486461,0.807026717650812,0.109641307923323,55.4949909820812,3.02593991074049,0.177279477654452,0.209233939207927,0.214799983308632,"calcite_flush_3","TEsd2",774
