"","curr_inflow_rate","curr_diffusion_coef","curr_porosity","curr_gypsum_rate_constant","curr_calcite_rate_constant","curr_gypsum_surface_area","curr_calcite_surface_area","dfn_volume","output_var","sobol_type","boot_num"
"1",0.941693131295616,0.065842803063166,0.00315824307179748,-0.0563705534411795,0.0909471826857792,0.0202081534732327,0.00119759017129529,-0.00555536850690506,"calcite_flush_1","FOmean",1675
"2",1.38960181772379,0.262162074468352,0.186725786638126,0.449160405689449,0.402235434148258,0.422206694142908,0.185202947674737,0.242900960957311,"calcite_flush_1","TEmean",1675
"3",1,1,1,1,1,1,1,1,"calcite_flush_1","FOsd2",1675
"4",3.57027703064324e-27,3.66751427056715e-27,7.68081321282772e-27,6.0728897786859e-27,3.79043485828442e-27,6.07677094061548e-27,8.18122031874122e-27,6.85720105597441e-27,"calcite_flush_1","TEsd2",1675
