"","curr_inflow_rate","curr_diffusion_coef","curr_porosity","curr_gypsum_rate_constant","curr_calcite_rate_constant","curr_gypsum_surface_area","curr_calcite_surface_area","dfn_volume","output_var","sobol_type","boot_num"
"1",0.108792002298361,0.0103937860929205,0.00183305183523381,0.00224941548480211,-0.00116312558827339,-0.00121958920066901,-0.0020754105833907,-0.0059474476976767,"calcite_flush_5","FOmean",1903
"2",0.121397426339631,0.0048177782020627,0.0116062188342179,0.00529771420839206,0.0073059615969069,0.00370483119072376,0.0042526265509272,0.0283153151457545,"calcite_flush_5","TEmean",1903
"3",0.99944675567601,0.999367451731046,0.999544612831379,0.99948275677217,0.999526101907755,0.999421402557364,0.999346700676624,0.999404275472099,"calcite_flush_5","FOsd2",1903
"4",0.000139680679183915,0.00010166834966684,0.000387887571624999,0.000267007138944038,0.000170879341231049,0.000111577272905493,0.00027916747496567,0.000239652128620448,"calcite_flush_5","TEsd2",1903
