"","curr_inflow_rate","curr_diffusion_coef","curr_porosity","curr_gypsum_rate_constant","curr_calcite_rate_constant","curr_gypsum_surface_area","curr_calcite_surface_area","dfn_volume","output_var","sobol_type","boot_num"
"1",0.0836712617593309,0.00113386655518593,0.000239380039293287,0.00248818826560166,0.00479479503248262,0.000344806950530774,0.000865700087882138,-0.00243302991474818,"calcite_flush_2","FOmean",262
"2",0.0942211501458901,0.00158369057281769,0.00157062244527281,0.00560008101635781,0.00747576366649937,0.00107373836381881,0.00283447814817872,0.00840640695226969,"calcite_flush_2","TEmean",262
"3",-7105.38572655883,-6203.46361453967,-10776.0453407069,-13220.1304618224,-11298.5445118175,-8461.2543952891,-5564.09846367139,-48582.5346711629,"calcite_flush_2","FOsd2",262
"4",3811.82522152871,1402.24425704746,1172.19239856106,3686.22475486616,533.858086272401,951.983365193864,3032.07512698986,42201.4336094912,"calcite_flush_2","TEsd2",262
