"","curr_inflow_rate","curr_diffusion_coef","curr_porosity","curr_gypsum_rate_constant","curr_calcite_rate_constant","curr_gypsum_surface_area","curr_calcite_surface_area","dfn_volume","output_var","sobol_type","boot_num"
"1",0.272548645045647,0.000971493083004535,-0.000862471137989971,-0.00146056930623757,0.0181217083700258,0.00157315252856987,-0.000701720406305476,0.0048188832865448,"calcite_flush_3","FOmean",1859
"2",0.302258305918002,0.00365869265998502,0.00352169908607219,0.00474648945986618,0.041586264852631,0.00499773230188066,0.0100680228742929,0.0171994942802437,"calcite_flush_3","TEmean",1859
"3",0.549557929453198,0.919390912148384,0.943098338430111,-0.587238820231155,0.896749438842221,0.928573851006795,0.904346732542953,0.590505031391326,"calcite_flush_3","FOsd2",1859
"4",0.465767475508327,0.0404695498252626,0.0342361885580089,1.49257382364413,0.0840104191514767,0.0350017966821198,0.0213318074682846,0.341263768812052,"calcite_flush_3","TEsd2",1859
