"","curr_inflow_rate","curr_diffusion_coef","curr_porosity","curr_gypsum_rate_constant","curr_calcite_rate_constant","curr_gypsum_surface_area","curr_calcite_surface_area","dfn_volume","output_var","sobol_type","boot_num"
"1",0.344939799215942,0.0606547621890702,0.0122871844892693,0.0230981758776971,0.00857625541593432,0.0121826856488178,0.148078720691194,0.023385008235412,"calcite_flush_0","FOmean",1422
"2",0.641949093876181,0.286123187041534,0.150135250918176,0.178985672210427,0.142018970948725,0.18755997626416,0.240673276065361,0.176778131906768,"calcite_flush_0","TEmean",1422
"3",1,1,1,1,1,1,1,1,"calcite_flush_0","FOsd2",1422
"4",1.47651821219861e-27,2.24300868635262e-27,1.42974952876606e-27,1.55622771189492e-27,1.36574069631861e-27,7.23089933760622e-28,1.02368014889503e-27,1.7804708195913e-27,"calcite_flush_0","TEsd2",1422
