"","curr_inflow_rate","curr_diffusion_coef","curr_porosity","curr_gypsum_rate_constant","curr_calcite_rate_constant","curr_gypsum_surface_area","curr_calcite_surface_area","dfn_volume","output_var","sobol_type","boot_num"
"1",0.115702862398658,0.00346913804677085,0.000400786756381316,-0.00106477395717112,0.00237291070555076,0.00180337701399157,-9.89569158319551e-05,0.00214139618203834,"calcite_flush_4","FOmean",600
"2",0.148958731322763,0.00536469964898152,0.00516729242774989,0.00483770173734411,0.00997776752291044,0.00414325764611489,0.00654791458488803,0.0282023782578396,"calcite_flush_4","TEmean",600
"3",0.999507227874901,0.999494849446092,0.999566372749752,0.999519085946006,0.999520497438071,0.999534325257621,0.999482918871371,0.999546041270249,"calcite_flush_4","FOsd2",600
"4",0.000226974887337207,8.74770238413414e-05,0.000197399967357807,9.44493168670031e-05,7.83049599450383e-05,0.000106561597917756,7.8355142721243e-05,0.000145497935594004,"calcite_flush_4","TEsd2",600
