"","curr_inflow_rate","curr_diffusion_coef","curr_porosity","curr_gypsum_rate_constant","curr_calcite_rate_constant","curr_gypsum_surface_area","curr_calcite_surface_area","dfn_volume","output_var","sobol_type","boot_num"
"1",0.112446531770178,-0.00177092717604681,0.000594408216620204,-0.00665096349694166,0.00629730676607717,0.00383836277616977,0.00135702293972614,0.00600941390386671,"calcite_flush_4","FOmean",1160
"2",0.163654518387421,0.00752864112335319,0.00535785416831977,0.00563500502746555,0.0115113178399685,0.00497336791780895,0.00736530718677473,0.0315262146605867,"calcite_flush_4","TEmean",1160
"3",0.999649229701104,0.99952339380364,0.999585604713563,0.999451562688612,0.999528699073579,0.999596139317632,0.999462568263601,0.999595493211916,"calcite_flush_4","FOsd2",1160
"4",0.000188266599847224,0.000158360677407532,0.000190947083275436,0.000145781126306718,7.142537105884e-05,8.76907632312339e-05,0.000165009617097077,0.000277927402141583,"calcite_flush_4","TEsd2",1160
