"","curr_inflow_rate","curr_diffusion_coef","curr_porosity","curr_gypsum_rate_constant","curr_calcite_rate_constant","curr_gypsum_surface_area","curr_calcite_surface_area","dfn_volume","output_var","sobol_type","boot_num"
"1",0.134967339203835,-0.000710594908298398,0.000527444167881121,0.00814493898134514,0.00803971966643362,-0.0007518335473645,0.00409808615811962,0.00497026325862211,"calcite_flush_2","FOmean",1347
"2",0.151223721368514,0.001251392195033,0.00489139599663078,0.022577172721322,0.0117089051848997,0.00135448775615277,0.00950210535759067,0.0108603451746365,"calcite_flush_2","TEmean",1347
"3",-892.633560676009,-552.765067039557,-664.085716564017,-537.586394449223,-839.657632193213,-768.65213094621,-771.808899034501,-985.969292071779,"calcite_flush_2","FOsd2",1347
"4",185.116140109175,159.649335823297,71.3753618961949,104.15647869573,252.48598580655,69.7233163606169,77.1151415851233,108.902858570859,"calcite_flush_2","TEsd2",1347
