"","curr_inflow_rate","curr_diffusion_coef","curr_porosity","curr_gypsum_rate_constant","curr_calcite_rate_constant","curr_gypsum_surface_area","curr_calcite_surface_area","dfn_volume","output_var","sobol_type","boot_num"
"1",0.0814643865430598,0.000173565385786458,8.49608839912459e-07,0.000956079939762636,0.00491026568272282,-0.00182184991304571,0.00121246347557244,0.000233673820449805,"calcite_flush_2","FOmean",1382
"2",0.0945320217891496,0.00183921088679811,0.00142439839243262,0.00569400464022966,0.00485165051592131,0.00103166878071163,0.00772824991303586,0.00305418781286572,"calcite_flush_2","TEmean",1382
"3",-0.236495819447019,-0.675035144896442,-0.15990483658057,-0.879796795013883,-0.166134494615461,-0.0176589212000124,-2.65859007426394,-0.473551241032714,"calcite_flush_2","FOsd2",1382
"4",0.422329415352058,0.391329066011154,0.108463249340155,0.76204913095927,0.198199735090539,0.128957294123185,2.40233684371243,0.369596522620486,"calcite_flush_2","TEsd2",1382
