"","curr_inflow_rate","curr_diffusion_coef","curr_porosity","curr_gypsum_rate_constant","curr_calcite_rate_constant","curr_gypsum_surface_area","curr_calcite_surface_area","dfn_volume","output_var","sobol_type","boot_num"
"1",0.0869383973039696,0.00447708317578004,-0.000906415915612641,0.00664819191887319,-0.00044154551818131,0.00226129500297951,0.00947887768624504,-0.000118582737312901,"calcite_flush_2","FOmean",1963
"2",0.104457426915122,0.0067962204947343,0.00250148825131253,0.012810744749559,0.00473217386989748,0.00243185881879637,0.0135565231489465,0.00546340410561196,"calcite_flush_2","TEmean",1963
"3",0.904773877418301,0.905249301057637,0.819158494719881,0.779608593067076,0.544524534816902,0.899336338391426,0.733178535859126,0.800754103451686,"calcite_flush_2","FOsd2",1963
"4",0.152244938721869,0.108872200113549,0.0394614575776802,0.0229416804464637,0.120043931760636,0.112200408643044,0.0694095142748281,0.0251596748617817,"calcite_flush_2","TEsd2",1963
