"","curr_inflow_rate","curr_diffusion_coef","curr_porosity","curr_gypsum_rate_constant","curr_calcite_rate_constant","curr_gypsum_surface_area","curr_calcite_surface_area","dfn_volume","output_var","sobol_type","boot_num"
"1",0.0357155698841338,0.00212416933599714,0.00611165953523387,0.0036494736202693,0.00611096705327169,-0.00145015737338094,-0.000385713762113785,-0.000321430158437236,"calcite_flush_6","FOmean",483
"2",0.0423051595480339,0.0029991528648871,0.0161578318978021,0.00556948801244971,0.00407959758991847,0.00267188919758865,0.0015415889650229,0.0155166190950676,"calcite_flush_6","TEmean",483
"3",0.999937763355381,0.999948313898884,0.999924324885256,0.999954288169327,0.999938621916076,0.999947785542858,0.999949764410859,0.999943893527979,"calcite_flush_6","FOsd2",483
"4",1.66119066730469e-05,7.27986834698914e-06,1.41077601786168e-05,2.10492651523772e-05,3.07346316053691e-05,1.2007391838857e-05,1.10294588347087e-05,1.85047312143441e-05,"calcite_flush_6","TEsd2",483
