"","curr_inflow_rate","curr_diffusion_coef","curr_porosity","curr_gypsum_rate_constant","curr_calcite_rate_constant","curr_gypsum_surface_area","curr_calcite_surface_area","dfn_volume","output_var","sobol_type","boot_num"
"1",0.0645122580086112,-0.000291572300344775,-0.000727213686987271,0.00609211604971772,0.00902463283940927,-0.00107961766729519,1.95717273332705e-05,0.000495475416665546,"calcite_flush_2","FOmean",1774
"2",0.0802442990135364,0.00274070759398268,0.00253337929230925,0.0100423776440744,0.0136290840488712,0.00490827161698028,0.00368378517932755,0.00593456729560563,"calcite_flush_2","TEmean",1774
"3",0.356922923077673,0.406718141794729,-0.232202045317836,0.417123165729492,-1.38095336339145,-1.76034985884035,-3.53808328589871,-2.02798499455827,"calcite_flush_2","FOsd2",1774
"4",2.62148704594986,2.12812161301673,0.628805155201881,2.51638760662607,0.299907275266026,0.0267156216691531,0.584673480394658,0.120125670937148,"calcite_flush_2","TEsd2",1774
