"","curr_inflow_rate","curr_diffusion_coef","curr_porosity","curr_gypsum_rate_constant","curr_calcite_rate_constant","curr_gypsum_surface_area","curr_calcite_surface_area","dfn_volume","output_var","sobol_type","boot_num"
"1",0.0579800067514172,0.00293124703926012,-0.0268025897078607,0.395086349836016,0.0209327033487243,-0.0744924006400652,0.118039772994484,0.0251104899431467,"calcite_flush_0","FOmean",1065
"2",1.09947833679945,0.618649560642128,0.499180438706538,1.02987418528554,0.50298116903221,0.459743621953114,0.618431132760339,0.689826478374093,"calcite_flush_0","TEmean",1065
"3",1,1,1,1,1,1,1,1,"calcite_flush_0","FOsd2",1065
"4",6.34966625874577e-25,4.99746285289885e-25,3.6004931416295e-25,7.08099141693925e-25,4.41949298906502e-25,4.39102008590485e-25,4.73240465844772e-25,3.62817484097912e-25,"calcite_flush_0","TEsd2",1065
