"","curr_inflow_rate","curr_diffusion_coef","curr_porosity","curr_gypsum_rate_constant","curr_calcite_rate_constant","curr_gypsum_surface_area","curr_calcite_surface_area","dfn_volume","output_var","sobol_type","boot_num"
"1",0.277516785885559,-0.000766137418347716,0.00363257823239687,0.01662265605043,0.0107204246351287,0.00229047390450374,0.00282511870898804,-0.0104536536084625,"calcite_flush_3","FOmean",1957
"2",0.304540969203807,0.00420882438177888,0.00445752829219105,0.0175113895119271,0.0249043761739095,0.0048787263107937,0.0108442563671113,0.0159319234344282,"calcite_flush_3","TEmean",1957
"3",-129076.306307181,-130474.902480055,-129078.454228988,-129611.507234802,-129078.114299239,-129077.129903684,-129077.386308991,-129359.238453931,"calcite_flush_3","FOsd2",1957
"4",5.8988457392701,1397.88103326184,2.66662860299135,546.798666597099,1.80449159839186,4.10323442230445,7.03734946778975,215.319325188417,"calcite_flush_3","TEsd2",1957
