"","curr_inflow_rate","curr_diffusion_coef","curr_porosity","curr_gypsum_rate_constant","curr_calcite_rate_constant","curr_gypsum_surface_area","curr_calcite_surface_area","dfn_volume","output_var","sobol_type","boot_num"
"1",0.0910452610255997,0.00256178098578191,0.00676888135944322,-0.00241075749125611,0.0032401639875558,-0.00146710758590083,0.00320941222253123,0.00374240436453075,"calcite_flush_5","FOmean",1196
"2",0.128997401509501,0.00465942693211208,0.0085799569111035,0.00550277895364762,0.00589228016105055,0.0033311855807274,0.00591390902730859,0.0315133183484227,"calcite_flush_5","TEmean",1196
"3",0.99955889786013,0.99958679001444,0.999699533699954,0.999609375865877,0.999465835860093,0.999609903656901,0.999600251072372,0.999556726203417,"calcite_flush_5","FOsd2",1196
"4",0.000146707786402831,6.93721634871141e-05,0.000160556336661296,8.25369205920787e-05,0.000171472385461084,8.54813855159339e-05,7.7912948435508e-05,9.7062857120761e-05,"calcite_flush_5","TEsd2",1196
