"","curr_inflow_rate","curr_diffusion_coef","curr_porosity","curr_gypsum_rate_constant","curr_calcite_rate_constant","curr_gypsum_surface_area","curr_calcite_surface_area","dfn_volume","output_var","sobol_type","boot_num"
"1",0.129310786527187,0.00281904264253237,-0.00443695371582987,-0.0036038027450151,0.0111241039664339,0.000360686229240791,0.00458481822444624,0.00420870507177426,"calcite_flush_4","FOmean",880
"2",0.168102764906434,0.00610463767417821,0.00468575908787288,0.00504125464485669,0.014589339336599,0.00391081711252621,0.00629731355752346,0.0323838227533173,"calcite_flush_4","TEmean",880
"3",0.999666091286631,0.999643904439978,0.999678152406322,0.999616402639915,0.999642361148976,0.999610901519045,0.999604230659657,0.999658080597117,"calcite_flush_4","FOsd2",880
"4",0.000133650843869472,8.42338390599786e-05,0.000100636414300328,5.35969136284069e-05,8.7830600719736e-05,0.000167122507852254,0.000110990304392421,0.000125132878102795,"calcite_flush_4","TEsd2",880
