"","curr_inflow_rate","curr_diffusion_coef","curr_porosity","curr_gypsum_rate_constant","curr_calcite_rate_constant","curr_gypsum_surface_area","curr_calcite_surface_area","dfn_volume","output_var","sobol_type","boot_num"
"1",0.443011259536561,-7.54173198726498e-05,-0.0883234857864387,-0.0228450767535545,0.0135798442122139,-0.033394579262587,-0.028195240231922,0.045042603151811,"calcite_flush_1","FOmean",429
"2",0.879834293692569,0.412137438401375,0.306207119426003,0.370172085049017,0.196392391392366,0.179465681067001,0.316692522123421,0.135753136801041,"calcite_flush_1","TEmean",429
"3",1,1,1,1,1,1,1,1,"calcite_flush_1","FOsd2",429
"4",2.94378563239215e-26,1.17285258981263e-26,9.32592181557067e-27,8.82355767709282e-27,1.02354784696423e-26,4.06616466328898e-27,1.19936370659187e-26,1.13955880664315e-26,"calcite_flush_1","TEsd2",429
