"","curr_inflow_rate","curr_diffusion_coef","curr_porosity","curr_gypsum_rate_constant","curr_calcite_rate_constant","curr_gypsum_surface_area","curr_calcite_surface_area","dfn_volume","output_var","sobol_type","boot_num"
"1",0.825376386120128,-0.00734286150775848,-0.0599845370301399,0.0627152099427891,0.00428622198844258,0.0346183469705567,0.159482743318069,0.000841713293557114,"calcite_flush_0","FOmean",1100
"2",1.71246142545225,0.304509053510164,0.40009955661319,0.474736096276603,0.323695261733087,0.655763869360668,0.589251589053243,0.310438303262459,"calcite_flush_0","TEmean",1100
"3",1,1,1,1,1,1,1,1,"calcite_flush_0","FOsd2",1100
"4",2.78143982323833e-26,1.54695770920373e-26,1.84767728219863e-26,1.1592847529298e-26,1.61175699532381e-26,1.91822610847055e-26,2.29941326610286e-26,2.43190797677904e-26,"calcite_flush_0","TEsd2",1100
