"","curr_inflow_rate","curr_diffusion_coef","curr_porosity","curr_gypsum_rate_constant","curr_calcite_rate_constant","curr_gypsum_surface_area","curr_calcite_surface_area","dfn_volume","output_var","sobol_type","boot_num"
"1",0.0517708045462916,-0.00131379408037659,-0.000541722306835836,0.000728679646868413,0.00745937902637802,-0.000322596994617097,0.00158477692517698,-0.000981054680129278,"calcite_flush_2","FOmean",1116
"2",0.0632388303229821,0.00131312328435955,0.00111757755801498,0.00621044344654849,0.00802165032061382,0.00171152970537338,0.00913836127155156,0.00548860362224429,"calcite_flush_2","TEmean",1116
"3",0.819403007567541,0.360913278530966,-0.652996120201876,0.568725241651936,0.584123365656001,-0.526471252531022,-0.94603078523923,0.619037440977794,"calcite_flush_2","FOsd2",1116
"4",0.83598326470065,0.425653697160438,1.42679212815083,0.843193185695311,0.894132968243822,0.166558973855206,0.3113708627574,0.687207196390947,"calcite_flush_2","TEsd2",1116
