"","curr_inflow_rate","curr_diffusion_coef","curr_porosity","curr_gypsum_rate_constant","curr_calcite_rate_constant","curr_gypsum_surface_area","curr_calcite_surface_area","dfn_volume","output_var","sobol_type","boot_num"
"1",0.0585399952335905,0.000186796044757743,0.0171506161588817,0.000142369337731816,0.00554846426248998,-0.00243581840447247,-0.000848775940613223,0.00623918874637638,"calcite_flush_6","FOmean",1806
"2",0.0554083460407828,0.00411783036973847,0.0237867982231935,0.0029881112348663,0.0028632899488938,0.0032387792705025,0.00414401136784399,0.0180655910473993,"calcite_flush_6","TEmean",1806
"3",0.999965258024694,0.999954609910494,0.999919334913454,0.999953822322954,0.999945280789579,0.999946118400577,0.999955924992248,0.999949999628177,"calcite_flush_6","FOsd2",1806
"4",1.80191223125502e-05,1.19331744983796e-05,3.73631430354383e-05,1.25106022631736e-05,2.99319588804952e-05,1.29717830652146e-05,1.30538263599034e-05,1.42339598613939e-05,"calcite_flush_6","TEsd2",1806
