"","curr_inflow_rate","curr_diffusion_coef","curr_porosity","curr_gypsum_rate_constant","curr_calcite_rate_constant","curr_gypsum_surface_area","curr_calcite_surface_area","dfn_volume","output_var","sobol_type","boot_num"
"1",0.250098867402489,-0.00118693114639751,0.0021935268823725,0.000330204227913716,0.0164318941699597,0.0029009522571715,0.00956944310410202,0.0017960192778017,"calcite_flush_3","FOmean",326
"2",0.257995835401422,0.00286093263468912,0.00318870836660712,0.00358754742826315,0.0169813281842056,0.00427793793892745,0.0132676390327212,0.0133664482968228,"calcite_flush_3","TEmean",326
"3",0.443528162285228,0.246412666283325,0.433050911000582,0.527144287076962,0.432609444610413,0.301710534166291,0.639687757887654,-0.104695955684825,"calcite_flush_3","FOsd2",326
"4",0.300423501705854,0.315825474600654,0.18690879142085,0.202190625198106,0.224794722793968,0.359171213035297,0.100144806531676,0.85019309519474,"calcite_flush_3","TEsd2",326
