"","curr_inflow_rate","curr_diffusion_coef","curr_porosity","curr_gypsum_rate_constant","curr_calcite_rate_constant","curr_gypsum_surface_area","curr_calcite_surface_area","dfn_volume","output_var","sobol_type","boot_num"
"1",0.247069000957023,0.00111991546558756,-0.00291529121370781,-0.00312033294260426,0.0118532054899978,0.000538391339667392,0.00226129751172989,0.0059442778571837,"calcite_flush_3","FOmean",1733
"2",0.28274689123097,0.00425371571346488,0.0038317152931254,0.0039145993153538,0.0228912932358888,0.00221717563973778,0.0127011336255765,0.013354901050113,"calcite_flush_3","TEmean",1733
"3",0.956264039940879,0.914021523451302,0.862159088262877,0.966739234432817,0.861850724494615,0.950813834976616,0.865450741852005,0.92311949990378,"calcite_flush_3","FOsd2",1733
"4",0.0404762617012999,0.0618900242960753,0.0570234795286124,0.0188027102603969,0.0938610052021587,0.0172162188097045,0.0898541556420786,0.0571392157111976,"calcite_flush_3","TEsd2",1733
