"","curr_inflow_rate","curr_diffusion_coef","curr_porosity","curr_gypsum_rate_constant","curr_calcite_rate_constant","curr_gypsum_surface_area","curr_calcite_surface_area","dfn_volume","output_var","sobol_type","boot_num"
"1",0.923729633848327,0.138690371199195,0.057258640961063,-0.020374634963935,0.07206091224859,0.0701145859570775,0.0797413761560028,0.150018980200978,"calcite_flush_1","FOmean",1871
"2",1.43493842567711,0.387744568078416,0.261813912524849,0.593183951969983,0.239386881397199,0.171340638488913,0.399346315566275,0.44554780095719,"calcite_flush_1","TEmean",1871
"3",1,1,1,1,1,1,1,1,"calcite_flush_1","FOsd2",1871
"4",4.92247609484502e-45,5.82644267031132e-45,3.83554516011105e-45,6.22608575208428e-45,8.89784852735954e-45,3.39128181625984e-45,3.66879437226107e-45,3.59878377221273e-44,"calcite_flush_1","TEsd2",1871
