"","curr_inflow_rate","curr_diffusion_coef","curr_porosity","curr_gypsum_rate_constant","curr_calcite_rate_constant","curr_gypsum_surface_area","curr_calcite_surface_area","dfn_volume","output_var","sobol_type","boot_num"
"1",1.242767241727,0.00491399854001641,0.00635967569282248,0.195163647227159,-0.0686325567080514,0.0118509802214117,0.265764876544924,0.0126331323999764,"calcite_flush_0","FOmean",827
"2",1.9673032493422,0.307523104270083,0.327158919741942,0.539825242001193,0.387350791974769,0.241537313196415,0.581839032924839,0.254367896922375,"calcite_flush_0","TEmean",827
"3",1,1,1,1,1,1,1,1,"calcite_flush_0","FOsd2",827
"4",4.39567089704421e-25,1.85485297004946e-25,2.14152838250597e-25,1.24992299939861e-25,2.11230877830685e-25,1.35480324756342e-25,1.65169959968028e-25,1.24340104761609e-25,"calcite_flush_0","TEsd2",827
