"","curr_inflow_rate","curr_diffusion_coef","curr_porosity","curr_gypsum_rate_constant","curr_calcite_rate_constant","curr_gypsum_surface_area","curr_calcite_surface_area","dfn_volume","output_var","sobol_type","boot_num"
"1",1.77927321989739,-0.116463280232605,0.0772835748443625,0.0972639293805266,0.0824014495925267,0.0396406002292503,-0.0370418922962852,-0.120862223043185,"calcite_flush_1","FOmean",1031
"2",2.66114988313728,0.428104002401756,0.576637761875877,0.682929697853235,0.402064549409845,0.433595268412544,0.396155963559343,0.854215352668948,"calcite_flush_1","TEmean",1031
"3",1,1,1,1,1,1,1,1,"calcite_flush_1","FOsd2",1031
"4",1.68165202058442e-29,1.72746870352249e-29,1.0118285364833e-29,7.02805237774278e-30,1.35180615336122e-29,1.03645457449783e-29,9.27473637077517e-30,1.11451531514577e-29,"calcite_flush_1","TEsd2",1031
