"","curr_inflow_rate","curr_diffusion_coef","curr_porosity","curr_gypsum_rate_constant","curr_calcite_rate_constant","curr_gypsum_surface_area","curr_calcite_surface_area","dfn_volume","output_var","sobol_type","boot_num"
"1",0.367236272021989,0.000787193722430956,0.000678941371631371,0.0029223886448935,0.0189589330644261,0.00397030128527178,-0.000851506218551819,0.00810719361834187,"calcite_flush_3","FOmean",1530
"2",0.397283316018491,0.00387928659855109,0.00504338716057482,0.00841927172989697,0.0211484049913069,0.00327523695409129,0.0125733528582604,0.0174497009894154,"calcite_flush_3","TEmean",1530
"3",0.420750175701836,0.523313592167568,0.397504584085826,0.389871123289237,0.381685428898664,-0.334216711372526,0.481315345791965,0.244849074102698,"calcite_flush_3","FOsd2",1530
"4",0.162539241952769,0.121140928254498,0.170838039174146,0.255992191191534,0.108209265391092,0.641602244582386,0.229866590652637,0.400831623671789,"calcite_flush_3","TEsd2",1530
