"","curr_inflow_rate","curr_diffusion_coef","curr_porosity","curr_gypsum_rate_constant","curr_calcite_rate_constant","curr_gypsum_surface_area","curr_calcite_surface_area","dfn_volume","output_var","sobol_type","boot_num"
"1",0.106783414252601,0.00108416129686116,-0.00114096562818367,0.0103850097604352,0.0073514694969996,0.000585360607896875,0.000355729808920337,-0.00555785808062214,"calcite_flush_5","FOmean",1630
"2",0.13320664683518,0.00420563744342696,0.00837228152095152,0.00499022912433166,0.00708179743564143,0.00328163815997975,0.00463638695915095,0.0257774399965287,"calcite_flush_5","TEmean",1630
"3",0.99941512433687,0.99940066200676,0.999545869678122,0.999400710897682,0.999390557498334,0.999418114877221,0.99937086229795,0.999284718645487,"calcite_flush_5","FOsd2",1630
"4",0.000122943159324154,8.53778054729355e-05,0.000202304939595534,0.000259950560022454,0.000189504274772029,0.000115596171044388,7.93036165263775e-05,0.000313117771067822,"calcite_flush_5","TEsd2",1630
