"","curr_inflow_rate","curr_diffusion_coef","curr_porosity","curr_gypsum_rate_constant","curr_calcite_rate_constant","curr_gypsum_surface_area","curr_calcite_surface_area","dfn_volume","output_var","sobol_type","boot_num"
"1",0.619996501464661,-0.0359049229264263,0.0885959856394082,-0.0666371182571613,-0.00236985558490454,-0.0219775799845222,0.0356437971282641,0.145933039087823,"calcite_flush_0","FOmean",813
"2",1.36336513907179,0.186159329120816,0.47674897927498,0.508257229253457,0.338493667677208,0.381737566454028,0.652009344891786,0.516623189744594,"calcite_flush_0","TEmean",813
"3",1,1,1,1,1,1,1,1,"calcite_flush_0","FOsd2",813
"4",8.1014004624779e-27,5.17291532131466e-27,4.88277372376583e-27,3.82389587565253e-27,2.69930085819592e-27,4.58510902653943e-27,3.75620522241386e-27,6.57558041080637e-27,"calcite_flush_0","TEsd2",813
