"","curr_inflow_rate","curr_diffusion_coef","curr_porosity","curr_gypsum_rate_constant","curr_calcite_rate_constant","curr_gypsum_surface_area","curr_calcite_surface_area","dfn_volume","output_var","sobol_type","boot_num"
"1",0.296965256373678,0.0020561190556553,0.00103116825909253,0.00406945919060684,-0.00732324494061235,0.000733320749127824,0.00722210072538017,-0.012783715525371,"calcite_flush_3","FOmean",844
"2",0.331270973427294,0.00390447527379357,0.00295371039097088,0.00847315695296901,0.0122172858286236,0.00333053700159978,0.00871583236321444,0.0141262280829656,"calcite_flush_3","TEmean",844
"3",0.742778751911113,0.771005566984801,0.693887285893195,0.800133535532056,0.808085639119884,0.845220652845914,0.814868568092511,0.825786070540373,"calcite_flush_3","FOsd2",844
"4",0.0601052510646943,0.135782358377477,0.0766660208779873,0.0608602357644676,0.0180753136509174,0.0649606997072516,0.144489545819814,0.0397862364930133,"calcite_flush_3","TEsd2",844
