"","curr_inflow_rate","curr_diffusion_coef","curr_porosity","curr_gypsum_rate_constant","curr_calcite_rate_constant","curr_gypsum_surface_area","curr_calcite_surface_area","dfn_volume","output_var","sobol_type","boot_num"
"1",0.694694815596798,-0.0363374794744472,0.0346106961688544,0.0253213435542561,0.0602794066033035,0.00259442654574435,-0.00706131114683847,-0.0289386146486157,"calcite_flush_0","FOmean",883
"2",1.32373234061834,0.416264297670857,0.419454569160694,0.257622735327321,0.439568682039423,0.246784489703372,0.277108047424037,0.172894610058667,"calcite_flush_0","TEmean",883
"3",1,1,1,1,1,1,1,1,"calcite_flush_0","FOsd2",883
"4",1.30285300829443e-24,1.09158336407216e-24,5.17971003932284e-25,4.98222393993079e-25,1.08842772929675e-24,6.02664647211614e-25,8.08202360354766e-25,6.53948705349497e-25,"calcite_flush_0","TEsd2",883
