"","curr_inflow_rate","curr_diffusion_coef","curr_porosity","curr_gypsum_rate_constant","curr_calcite_rate_constant","curr_gypsum_surface_area","curr_calcite_surface_area","dfn_volume","output_var","sobol_type","boot_num"
"1",0.0899376266586503,0.0022784413853232,0.00130928636669548,0.00647903912689368,0.00469751430067822,0.00166878612579822,0.00342926774337304,0.00259287219392692,"calcite_flush_2","FOmean",1389
"2",0.0982670569013749,0.00311099109748823,0.00153914207493329,0.00755107896539575,0.00784165635064739,0.0031786841810086,0.00641869737647709,0.00636081761251681,"calcite_flush_2","TEmean",1389
"3",-0.624540219465636,0.527997667312157,-0.865407827663029,0.0224484428055943,0.314280384676014,-0.00107226416596129,-1.03689527133948,-0.899976937077722,"calcite_flush_2","FOsd2",1389
"4",1.20194213034421,0.132835096495533,1.14096587853322,0.492641256230942,0.248438872398269,0.526027581502115,1.6197968802026,1.12454589174308,"calcite_flush_2","TEsd2",1389
