"","curr_inflow_rate","curr_diffusion_coef","curr_porosity","curr_gypsum_rate_constant","curr_calcite_rate_constant","curr_gypsum_surface_area","curr_calcite_surface_area","dfn_volume","output_var","sobol_type","boot_num"
"1",1.35915908337353,0.0876022401278808,0.16163343155158,0.09008360266011,0.196481476702837,-1.48589629298361e-05,0.0435499310246774,-0.0007450935722625,"calcite_flush_0","FOmean",1345
"2",2.00958429632592,0.692433789570766,0.708156647237744,0.588123672501503,0.803477342844633,0.36160076353711,0.512416830614074,0.531395840696275,"calcite_flush_0","TEmean",1345
"3",1,1,1,1,1,1,1,1,"calcite_flush_0","FOsd2",1345
"4",5.22796879206208e-25,3.43300914548114e-25,4.83259012297854e-25,2.14116193046224e-25,5.66577620931342e-25,3.61274675555837e-25,3.09312703801891e-25,2.69937678851319e-25,"calcite_flush_0","TEsd2",1345
