"","curr_inflow_rate","curr_diffusion_coef","curr_porosity","curr_gypsum_rate_constant","curr_calcite_rate_constant","curr_gypsum_surface_area","curr_calcite_surface_area","dfn_volume","output_var","sobol_type","boot_num"
"1",0.0569735798181269,-0.000227006085349288,-7.85686571851196e-05,0.00297804470128065,0.00187090643862785,-0.000254775496384704,0.00332116107870518,-0.00127796809124452,"calcite_flush_2","FOmean",199
"2",0.0652556426060994,0.00115402902474874,0.000508441635698282,0.0070385193060688,0.00587770185028819,0.000966738957132907,0.00418585918068822,0.0052719880739113,"calcite_flush_2","TEmean",199
"3",-4.25177797589413,-4.68075728852413,-5.18294377979163,-4.60367510478204,-4.63449311441174,-4.98455072731294,-4.32835627901253,-4.91879148149015,"calcite_flush_2","FOsd2",199
"4",0.855170974448808,0.266892108377065,0.715202674102338,0.416012826466041,0.511023297807276,0.392225346816156,0.327213620563282,0.345291389529094,"calcite_flush_2","TEsd2",199
