"","curr_inflow_rate","curr_diffusion_coef","curr_porosity","curr_gypsum_rate_constant","curr_calcite_rate_constant","curr_gypsum_surface_area","curr_calcite_surface_area","dfn_volume","output_var","sobol_type","boot_num"
"1",0.315770373526463,-0.00514775720374391,0.00438027543364562,0.015613168662221,0.0143826102989387,0.00388132904326626,0.00593430338214199,0.00148402767124249,"calcite_flush_3","FOmean",1341
"2",0.346414545590883,0.00455925783119784,0.00608789977416652,0.0149126334807267,0.0297980075246785,0.00675994051328213,0.0092486350494917,0.0130492820223136,"calcite_flush_3","TEmean",1341
"3",0.173004501649515,0.715389070260427,0.597747753968664,0.672460351506674,0.509479608433672,0.561047630232972,0.69313369556135,0.730729677801934,"calcite_flush_3","FOsd2",1341
"4",0.613343958804852,0.0317516597627146,0.137414735170697,0.0446620294582649,0.140969283823879,0.0827098275709389,0.103600863357632,0.0506569597226269,"calcite_flush_3","TEsd2",1341
