"","curr_inflow_rate","curr_diffusion_coef","curr_porosity","curr_gypsum_rate_constant","curr_calcite_rate_constant","curr_gypsum_surface_area","curr_calcite_surface_area","dfn_volume","output_var","sobol_type","boot_num"
"1",0.133234463203335,-0.0309202437965991,0.0442109498494613,0.00455871621697335,0.0781686619429124,0.0371005491233837,0.0613789134759999,0.0833183210673259,"calcite_flush_1","FOmean",1248
"2",0.918084027811513,0.501576300146325,0.44248284407375,0.433230874782758,0.257388401900007,0.309543914157063,0.338768253869772,0.498246503868468,"calcite_flush_1","TEmean",1248
"3",1,1,1,1,1,1,1,1,"calcite_flush_1","FOsd2",1248
"4",6.00964538648746e-25,3.76206218714255e-25,4.15520062527635e-25,2.76660817784118e-25,3.31301496147001e-25,2.82338958037831e-25,4.86776181082837e-25,4.88495395828446e-25,"calcite_flush_1","TEsd2",1248
