"","curr_inflow_rate","curr_diffusion_coef","curr_porosity","curr_gypsum_rate_constant","curr_calcite_rate_constant","curr_gypsum_surface_area","curr_calcite_surface_area","dfn_volume","output_var","sobol_type","boot_num"
"1",0.0983626376915888,0.00293571222020546,-0.000151735439680031,-0.001028343678507,0.00211656280263473,-0.00347622947169668,-0.00262846622193441,0.00851157568994096,"calcite_flush_4","FOmean",1230
"2",0.147325488677728,0.00680259494070101,0.00490324739949817,0.00666981853725195,0.00718777886723873,0.00307451509921149,0.00572970948878774,0.0355301104653611,"calcite_flush_4","TEmean",1230
"3",0.999646872173721,0.999663243668921,0.999670596237292,0.999671398614783,0.99969592457021,0.999676181913843,0.999676922995621,0.999653997032578,"calcite_flush_4","FOsd2",1230
"4",0.000164479987502083,4.86696947535061e-05,0.000160859820254049,7.59029601284863e-05,7.42553849754535e-05,5.20204236998311e-05,9.25746396934752e-05,0.000154083782813967,"calcite_flush_4","TEsd2",1230
