"","curr_inflow_rate","curr_diffusion_coef","curr_porosity","curr_gypsum_rate_constant","curr_calcite_rate_constant","curr_gypsum_surface_area","curr_calcite_surface_area","dfn_volume","output_var","sobol_type","boot_num"
"1",0.0920104399587003,-0.00200156722439933,-0.000877588711544214,0.00432820505875261,-0.00179277381268485,-0.00177090794681012,0.000981030314789521,0.00204801911817251,"calcite_flush_2","FOmean",752
"2",0.10474204553432,0.00110942920810958,0.00204868695806567,0.00548776150028914,0.00561140701610773,0.00188321440580359,0.00731804577377477,0.0105219120765203,"calcite_flush_2","TEmean",752
"3",-3.19594656971695,-1.46465746140236,-0.899608339718557,-4.25816718871921,-35.7690517162834,-0.744216676540482,-1.76014703176797,-19.1268670611393,"calcite_flush_2","FOsd2",752
"4",3.80989556982183,0.510044241176921,1.20812585103602,2.41501900836114,30.8734782028339,1.0030739987948,2.17978286262907,17.844459284669,"calcite_flush_2","TEsd2",752
