"","curr_inflow_rate","curr_diffusion_coef","curr_porosity","curr_gypsum_rate_constant","curr_calcite_rate_constant","curr_gypsum_surface_area","curr_calcite_surface_area","dfn_volume","output_var","sobol_type","boot_num"
"1",0.370101606893775,0.0294392895781507,0.136684351846234,0.0339360364008539,0.140009148788803,0.131748625166598,0.0547982411824342,0.0354693915753784,"calcite_flush_1","FOmean",1913
"2",0.908019561294262,0.225406311601086,0.432122797701288,0.394896761123804,0.488947488614083,0.5451177687485,0.26982857804753,0.481290549826724,"calcite_flush_1","TEmean",1913
"3",1,1,1,1,1,1,1,1,"calcite_flush_1","FOsd2",1913
"4",3.66052538199687e-32,2.78073549002378e-32,4.60694833728118e-32,2.01798103199595e-32,2.1416889459247e-32,3.34871021668989e-32,1.63169942119474e-32,2.58008874448949e-32,"calcite_flush_1","TEsd2",1913
