"","curr_inflow_rate","curr_diffusion_coef","curr_porosity","curr_gypsum_rate_constant","curr_calcite_rate_constant","curr_gypsum_surface_area","curr_calcite_surface_area","dfn_volume","output_var","sobol_type","boot_num"
"1",0.021010707619804,0.0032542085476804,0.00983660492949158,0.0052821705124056,0.00407656668168179,-0.00274544032137269,0.00517471069778437,0.00402859297265635,"calcite_flush_6","FOmean",1960
"2",0.0372054592627886,0.00366559960736347,0.0141048189299374,0.00541777151024438,0.00462420150503041,0.00321410812140076,0.00212354911269131,0.0194738756569661,"calcite_flush_6","TEmean",1960
"3",0.99995488050311,0.999952186634501,0.999954479987292,0.999960333963777,0.999944339745024,0.99992961195342,0.999919729645608,0.999959082548736,"calcite_flush_6","FOsd2",1960
"4",2.19812505285907e-05,1.65919090204609e-05,1.43621236074718e-05,1.63753919704851e-05,2.28220904315595e-05,2.50035186394045e-05,4.5993155783553e-05,1.85016297362178e-05,"calcite_flush_6","TEsd2",1960
