"","curr_inflow_rate","curr_diffusion_coef","curr_porosity","curr_gypsum_rate_constant","curr_calcite_rate_constant","curr_gypsum_surface_area","curr_calcite_surface_area","dfn_volume","output_var","sobol_type","boot_num"
"1",0.0947223340157988,0.00303082318032575,-0.000642762493380377,0.00314557494637191,-0.000482258527772498,-0.00353399441014454,-0.0031901857609714,0.0104985797230693,"calcite_flush_5","FOmean",202
"2",0.128090846924641,0.00615422939255558,0.00734818546293052,0.00455156937914884,0.00843441673745247,0.00423911524668703,0.00494148313606263,0.0299322924644698,"calcite_flush_5","TEmean",202
"3",0.999321698647259,0.99934282430392,0.999418610140975,0.999286558549383,0.999356611248107,0.999330662327589,0.999367747231426,0.999309318153451,"calcite_flush_5","FOsd2",202
"4",0.000141912016001593,9.7782569291091e-05,0.000238080520303909,0.00017301115779687,0.000127518619339441,9.77563176504626e-05,8.07424651171947e-05,0.000142450115897614,"calcite_flush_5","TEsd2",202
