"","curr_inflow_rate","curr_diffusion_coef","curr_porosity","curr_gypsum_rate_constant","curr_calcite_rate_constant","curr_gypsum_surface_area","curr_calcite_surface_area","dfn_volume","output_var","sobol_type","boot_num"
"1",0.0276157161218025,-0.000459215052579848,0.00761069088831928,-0.00258165700380204,-0.00318674259696594,0.000744747378337049,0.000286746334866336,-0.00798909353787547,"calcite_flush_6","FOmean",980
"2",0.0387877707549825,0.00422780496776533,0.0160540593210895,0.00614783625995426,0.00383409145437432,0.00401491808272249,0.00400503879714939,0.0217161470399684,"calcite_flush_6","TEmean",980
"3",0.999926639095527,0.999929877819027,0.999926145913046,0.99983629271089,0.999906233476953,0.999936757627687,0.999916194847327,0.99992313039469,"calcite_flush_6","FOsd2",980
"4",2.32642734275495e-05,8.91030249444083e-06,2.37241514123551e-05,0.000122526591964755,3.31070507998232e-05,1.71509292067091e-05,1.04143227197393e-05,2.19728241804446e-05,"calcite_flush_6","TEsd2",980
