"","curr_inflow_rate","curr_diffusion_coef","curr_porosity","curr_gypsum_rate_constant","curr_calcite_rate_constant","curr_gypsum_surface_area","curr_calcite_surface_area","dfn_volume","output_var","sobol_type","boot_num"
"1",0.117251105590554,-0.0021652267586583,0.00671407034394192,0.00746899599438814,0.000677885716187154,0.00544367518305214,0.00146001833348702,0.0339965775250368,"calcite_flush_5","FOmean",398
"2",0.133256677644366,0.00484313944630656,0.00975451957552672,0.00461695182948645,0.00592402831882272,0.00346172834250164,0.003427964256848,0.0348665790681355,"calcite_flush_5","TEmean",398
"3",0.999545211672631,0.999522047508448,0.999634195558071,0.999538933994444,0.999563924728069,0.999524984458462,0.999500269338636,0.999488834822287,"calcite_flush_5","FOsd2",398
"4",0.000196517738819512,9.20560496158635e-05,0.000192190401334714,0.000102604970073863,0.000100938600328936,6.54920513318524e-05,5.43916965223251e-05,0.000114649178714407,"calcite_flush_5","TEsd2",398
