"","curr_inflow_rate","curr_diffusion_coef","curr_porosity","curr_gypsum_rate_constant","curr_calcite_rate_constant","curr_gypsum_surface_area","curr_calcite_surface_area","dfn_volume","output_var","sobol_type","boot_num"
"1",0.0265443995603446,0.00469369669264812,0.00481388604767545,0.0121941408271993,-0.000314549853631862,-0.00103018939526682,-0.00287367835021513,-0.000943166750572922,"calcite_flush_6","FOmean",497
"2",0.039811655923281,0.00358176763734746,0.0149804849769921,0.00476639566879266,0.00434763617371571,0.0029798167381485,0.00233906442200443,0.0160222929985513,"calcite_flush_6","TEmean",497
"3",0.999963113657817,0.999957943756743,0.999956135201831,0.999952554864166,0.999960539480527,0.999950995476234,0.999957919767936,0.999958499142308,"calcite_flush_6","FOsd2",497
"4",1.6613976484914e-05,8.74485952532521e-06,1.8100355071438e-05,2.2042855827989e-05,1.21907454933074e-05,1.84063996451229e-05,7.89039130843968e-06,1.052420548256e-05,"calcite_flush_6","TEsd2",497
