"","curr_inflow_rate","curr_diffusion_coef","curr_porosity","curr_gypsum_rate_constant","curr_calcite_rate_constant","curr_gypsum_surface_area","curr_calcite_surface_area","dfn_volume","output_var","sobol_type","boot_num"
"1",0.0247222518215132,0.00158498770199617,-0.00418590826855685,0.00178175080705367,0.00441931227203952,0.00368351625327694,-0.000326871145235003,0.007053187282831,"calcite_flush_6","FOmean",322
"2",0.0343555699541041,0.00255552464839288,0.0100783150961578,0.0026391403997518,0.00368383391294371,0.00257258373349023,0.00236556077519399,0.0215853092631801,"calcite_flush_6","TEmean",322
"3",0.99997694378989,0.99995511441645,0.99996997916103,0.999976475774944,0.999968545182634,0.99997274955535,0.999954148786558,0.999955829325681,"calcite_flush_6","FOsd2",322
"4",1.31074899188492e-05,1.8487925944471e-05,9.50466332921756e-06,9.4442988400066e-06,1.54437891607486e-05,6.0732910475148e-06,1.7232319817139e-05,2.65504337044446e-05,"calcite_flush_6","TEsd2",322
