"","curr_inflow_rate","curr_diffusion_coef","curr_porosity","curr_gypsum_rate_constant","curr_calcite_rate_constant","curr_gypsum_surface_area","curr_calcite_surface_area","dfn_volume","output_var","sobol_type","boot_num"
"1",0.0921008708020894,0.00209729115624674,0.00356091911103884,0.000999840357154405,0.00986937163930426,0.0041141475248586,0.00484251272398926,0.00580216733558205,"calcite_flush_2","FOmean",773
"2",0.121683193740137,0.00194244998103265,0.0069161660160245,0.0138696885895351,0.0150980445588157,0.00308214031844317,0.0119074139042219,0.0111674423620525,"calcite_flush_2","TEmean",773
"3",-1.31428542830138,-1.50434488065616,-1.98263971161713,-1.45677970920857,-1.64259530981887,-1.48238184953142,-2.05614429582092,-1.59953963421374,"calcite_flush_2","FOsd2",773
"4",0.181876044505556,0.194187700461675,0.694239730728831,0.166746681780291,0.396309756511364,0.242465178319461,0.565348309183633,0.284985604740785,"calcite_flush_2","TEsd2",773
