"","curr_inflow_rate","curr_diffusion_coef","curr_porosity","curr_gypsum_rate_constant","curr_calcite_rate_constant","curr_gypsum_surface_area","curr_calcite_surface_area","dfn_volume","output_var","sobol_type","boot_num"
"1",0.0436941402664353,0.00451682168343648,0.0126070492069015,0.00260196549013798,-0.00485662389780226,0.00391377856061234,0.0029344058682401,0.000159199903796213,"calcite_flush_6","FOmean",1260
"2",0.0486049385196135,0.00392922429652106,0.0121806633275184,0.00613877885569034,0.00380696316229892,0.00304237050203798,0.00264995660056351,0.0181737525421457,"calcite_flush_6","TEmean",1260
"3",0.999889911104706,0.999907851180695,0.999907946037831,0.999858941485403,0.999897717265406,0.999916031581687,0.999887653973994,0.99991564691033,"calcite_flush_6","FOsd2",1260
"4",3.88125836026845e-05,1.15107787995139e-05,1.65576885161083e-05,0.000127515526115408,2.20836376893571e-05,1.04742181206008e-05,3.29470748985589e-05,1.84281091668925e-05,"calcite_flush_6","TEsd2",1260
