"","curr_inflow_rate","curr_diffusion_coef","curr_porosity","curr_gypsum_rate_constant","curr_calcite_rate_constant","curr_gypsum_surface_area","curr_calcite_surface_area","dfn_volume","output_var","sobol_type","boot_num"
"1",0.519681710278188,-0.0108721636736037,0.069619757131777,0.21934674784204,-0.0230542463847663,-0.0229695181308578,0.0574560276134229,0.101130135331792,"calcite_flush_1","FOmean",2074
"2",1.47993479449674,0.393046091992583,0.334863438166809,0.74368538872779,0.426782853672498,0.275599727153654,0.312826037783939,0.374887840642835,"calcite_flush_1","TEmean",2074
"3",1,1,1,1,1,1,1,1,"calcite_flush_1","FOsd2",2074
"4",5.48769816724322e-24,4.78920549787983e-24,4.24457203267392e-24,5.57173189672542e-24,5.00033451455256e-24,4.35395903350609e-24,3.11505558074072e-24,3.81315135884334e-24,"calcite_flush_1","TEsd2",2074
