"","curr_inflow_rate","curr_diffusion_coef","curr_porosity","curr_gypsum_rate_constant","curr_calcite_rate_constant","curr_gypsum_surface_area","curr_calcite_surface_area","dfn_volume","output_var","sobol_type","boot_num"
"1",0.895935299668433,0.344050502701724,0.033128663867657,0.0393476791867988,0.0463143822936009,0.134330237870603,0.016830543899696,-0.0461649247852152,"calcite_flush_0","FOmean",1051
"2",1.4433947060492,0.871257649080494,0.237569754592679,0.295011090876574,0.321115145077701,0.793437856767718,0.36968980210671,0.487441723585593,"calcite_flush_0","TEmean",1051
"3",1,1,1,1,1,1,1,1,"calcite_flush_0","FOsd2",1051
"4",4.65962498918793e-26,2.17840186338024e-26,3.24926368381493e-26,4.87385449400959e-26,4.42312749450877e-26,2.29637937374068e-26,3.78224186283203e-26,3.01669261119786e-26,"calcite_flush_0","TEsd2",1051
