"","curr_inflow_rate","curr_diffusion_coef","curr_porosity","curr_gypsum_rate_constant","curr_calcite_rate_constant","curr_gypsum_surface_area","curr_calcite_surface_area","dfn_volume","output_var","sobol_type","boot_num"
"1",0.0775808886005999,0.00539859295520539,-0.000256292902948363,0.00600449366669534,0.00566520383414488,0.000596125091113487,0.00194910633495434,-0.000147230774248183,"calcite_flush_2","FOmean",528
"2",0.0858602970943089,0.00600489115133154,0.00169096349900835,0.00836716617342517,0.00622749143275824,0.00226474992344737,0.00430955027649514,0.00287471658020124,"calcite_flush_2","TEmean",528
"3",0.96018274263252,0.966412274680487,0.972443283232838,0.941331685703661,0.879029117502465,0.922245422672346,0.97276144250711,0.966513169238407,"calcite_flush_2","FOsd2",528
"4",0.0341786290126101,0.0126319615062881,0.0037032362291832,0.0282988867706955,0.0865621652051871,0.0454979299554542,0.00330478780785524,0.0133797378822381,"calcite_flush_2","TEsd2",528
