"","curr_inflow_rate","curr_diffusion_coef","curr_porosity","curr_gypsum_rate_constant","curr_calcite_rate_constant","curr_gypsum_surface_area","curr_calcite_surface_area","dfn_volume","output_var","sobol_type","boot_num"
"1",0.0160517358650708,-0.00359304524713287,0.0113351954153169,0.00234346799940227,0.00362562340763119,0.00646608704573556,0.00247559770895045,0.00847385215431598,"calcite_flush_6","FOmean",1218
"2",0.0401541076640005,0.00348022808928617,0.0144806572488337,0.00489569330679812,0.00648837853552819,0.00265494857221852,0.00355673303236567,0.0179592955556267,"calcite_flush_6","TEmean",1218
"3",0.999921987712916,0.999869577121742,0.999902407184291,0.999861291176459,0.999824381951641,0.999915757268929,0.999286454037813,0.99993024238399,"calcite_flush_6","FOsd2",1218
"4",5.42630571824907e-05,4.76157149794362e-05,5.1827833644226e-05,4.17722373035612e-05,0.000190096720037632,2.6438445501691e-05,0.000609673337419964,0.000105825246837994,"calcite_flush_6","TEsd2",1218
