"","curr_inflow_rate","curr_diffusion_coef","curr_porosity","curr_gypsum_rate_constant","curr_calcite_rate_constant","curr_gypsum_surface_area","curr_calcite_surface_area","dfn_volume","output_var","sobol_type","boot_num"
"1",0.102939461162989,0.000723255761589282,0.00541377970638831,0.000234089406181487,0.00621936510417458,-0.0051469008149502,-0.00605289302452377,0.0156051803782595,"calcite_flush_5","FOmean",1623
"2",0.116971129089632,0.00521625740671682,0.0116135788446675,0.00620871943190181,0.0058545101169361,0.00280544411558656,0.00537928713601815,0.0282424834802582,"calcite_flush_5","TEmean",1623
"3",0.999639479450162,0.999617330603076,0.999670901327295,0.999564591359214,0.999632176911831,0.999548554913186,0.999666431504979,0.999629306334606,"calcite_flush_5","FOsd2",1623
"4",8.22959170429672e-05,7.15978210102598e-05,0.000183709762140267,0.000202794181208394,0.000135218163260215,9.53204143296273e-05,7.241770919666e-05,8.44917080965372e-05,"calcite_flush_5","TEsd2",1623
