"","curr_inflow_rate","curr_diffusion_coef","curr_porosity","curr_gypsum_rate_constant","curr_calcite_rate_constant","curr_gypsum_surface_area","curr_calcite_surface_area","dfn_volume","output_var","sobol_type","boot_num"
"1",0.0460918535808623,0.000510079033151536,0.000545181561033364,0.000939988409085464,0.00207749328723776,-0.000343617472228218,0.000696395347314126,4.97869721292062e-05,"calcite_flush_2","FOmean",542
"2",0.0504089723023522,0.000690692980691539,0.000921426638227751,0.00261463147347659,0.00468119220266753,0.00148410573501684,0.0012973508116493,0.00289350125923818,"calcite_flush_2","TEmean",542
"3",-1565.78891549815,-2203.18874532886,-1324.53364645234,-5173.39628627522,-1553.87102772001,-1676.3818400136,-2687.77437565623,-1310.16445404125,"calcite_flush_2","FOsd2",542
"4",338.919932495058,776.37072305681,28.6837478212693,3481.5342998175,375.295609162012,431.107875278709,1294.37420010675,126.294223479073,"calcite_flush_2","TEsd2",542
