"","curr_inflow_rate","curr_diffusion_coef","curr_porosity","curr_gypsum_rate_constant","curr_calcite_rate_constant","curr_gypsum_surface_area","curr_calcite_surface_area","dfn_volume","output_var","sobol_type","boot_num"
"1",0.11732355045281,0.00391966667979978,0.00105941822685448,0.000665140667360991,0.00258365055215864,-0.00252477580200465,-0.000762639964090955,-0.0107929740774424,"calcite_flush_4","FOmean",40
"2",0.145732155976696,0.00383856914754572,0.00601605846486366,0.00642754554030052,0.00793844314324236,0.00416488890338164,0.00505745000109778,0.0353786905716014,"calcite_flush_4","TEmean",40
"3",0.999687667104996,0.999660969234334,0.999703744024785,0.999546668089748,0.999725858989538,0.999666809667539,0.999699306503575,0.999726264670072,"calcite_flush_4","FOsd2",40
"4",0.000137548352316412,6.57141469176519e-05,7.71101699113352e-05,0.000210298942466392,7.26010981050041e-05,0.000101496071197682,6.95470098469222e-05,0.000147528271698721,"calcite_flush_4","TEsd2",40
