"","curr_inflow_rate","curr_diffusion_coef","curr_porosity","curr_gypsum_rate_constant","curr_calcite_rate_constant","curr_gypsum_surface_area","curr_calcite_surface_area","dfn_volume","output_var","sobol_type","boot_num"
"1",0.313075370391979,0.103241823800141,0.172080141014438,0.00812613567742355,0.0639897658360904,0.153542950437163,-0.0538924642409411,0.107132709177709,"calcite_flush_0","FOmean",169
"2",0.93008323145788,0.529596058419472,0.549755244809266,0.634618369691597,0.315278107211354,0.443195101939199,0.274981255516026,0.386659323147539,"calcite_flush_0","TEmean",169
"3",1,1,1,1,1,1,1,1,"calcite_flush_0","FOsd2",169
"4",2.48295921950023e-25,3.71408301363527e-25,4.34957517514561e-25,3.19125325726599e-25,3.40974376003243e-25,3.16319963799735e-25,2.88876229328929e-25,3.54190675697626e-25,"calcite_flush_0","TEsd2",169
