"","curr_inflow_rate","curr_diffusion_coef","curr_porosity","curr_gypsum_rate_constant","curr_calcite_rate_constant","curr_gypsum_surface_area","curr_calcite_surface_area","dfn_volume","output_var","sobol_type","boot_num"
"1",0.0870552015829661,-4.57833762774561e-05,-0.000661949561350777,0.0069389675938311,0.00940205813317844,0.000274219702307966,0.00348034547006559,0.00369490055236527,"calcite_flush_2","FOmean",1844
"2",0.106932777209983,0.00355596071132626,0.00214458282168323,0.0105952644504158,0.0128909481965573,0.00232674647784349,0.0072717785666787,0.00762218742667105,"calcite_flush_2","TEmean",1844
"3",0.67398529129911,0.34242959977871,0.654500632774697,0.578302029154654,-0.0644922304320643,0.714693903055299,0.587275396771869,0.650605375396932,"calcite_flush_2","FOsd2",1844
"4",0.174840853234694,0.451252741772408,0.15150418790084,0.183527427281321,0.521082472357336,0.0582632573410496,0.0967129858467108,0.0867510368263367,"calcite_flush_2","TEsd2",1844
