"","curr_inflow_rate","curr_diffusion_coef","curr_porosity","curr_gypsum_rate_constant","curr_calcite_rate_constant","curr_gypsum_surface_area","curr_calcite_surface_area","dfn_volume","output_var","sobol_type","boot_num"
"1",0.116208145772454,0.000520235415202151,0.00515200768822452,0.00708947322846373,0.00363172157651991,-0.000525003691812175,0.00952309362504914,-0.00102512992795847,"calcite_flush_2","FOmean",2089
"2",0.128777286730744,0.00230513845913256,0.00653548261773672,0.00986240175131494,0.0120927360635948,0.00282381975879358,0.0100519416228148,0.00613513556481829,"calcite_flush_2","TEmean",2089
"3",-32.1956719743656,-22.0531824387069,-21.6443005049124,-32.871940785692,-17.8480692687191,-52.4699659721106,-230.090909986057,-3.01594471421967,"calcite_flush_2","FOsd2",2089
"4",38.753504252297,9.49737794577645,28.7934803960136,35.2312727634645,15.6825044800325,34.8627679520269,182.01148292643,11.7154180529481,"calcite_flush_2","TEsd2",2089
