"","curr_inflow_rate","curr_diffusion_coef","curr_porosity","curr_gypsum_rate_constant","curr_calcite_rate_constant","curr_gypsum_surface_area","curr_calcite_surface_area","dfn_volume","output_var","sobol_type","boot_num"
"1",0.106385295795397,-0.00138992502056578,0.000375117342353143,-0.000603770714946512,0.00286272986573036,-0.00199837045652459,-0.00117750941634996,-0.00426062623658188,"calcite_flush_4","FOmean",222
"2",0.150185125678123,0.00361226586356169,0.00415647061451673,0.00368926514845495,0.00904818449168306,0.00328317193283413,0.00468440719900674,0.0357533121019692,"calcite_flush_4","TEmean",222
"3",0.999691310748307,0.999706825816279,0.99972764573013,0.999703134975597,0.999703713935265,0.999700477312324,0.99969459098394,0.999671230207006,"calcite_flush_4","FOsd2",222
"4",9.53470540592486e-05,0.000124344352915239,0.000139586539299721,7.93887855567552e-05,6.60649582928697e-05,6.9241381119222e-05,0.000105733544661546,0.000153515449293764,"calcite_flush_4","TEsd2",222
