"","curr_inflow_rate","curr_diffusion_coef","curr_porosity","curr_gypsum_rate_constant","curr_calcite_rate_constant","curr_gypsum_surface_area","curr_calcite_surface_area","dfn_volume","output_var","sobol_type","boot_num"
"1",0.252755702546675,0.00501121560023736,0.00112190935026303,-0.000446665712080221,0.00967943422565688,-0.00148942314158412,0.00439523762744185,0.000116671613494617,"calcite_flush_3","FOmean",893
"2",0.28356348105931,0.0080696038271587,0.00401247736726685,0.0032457400935201,0.0171859737251244,0.0064604880971371,0.00663727885636916,0.0115927086536768,"calcite_flush_3","TEmean",893
"3",-2.00752231653951,-16.8828250829593,-5.30332424597462,-3.5709173106374,-4.34867535822264,-3.07274601145602,-3.05757362411236,-3.18025923546426,"calcite_flush_3","FOsd2",893
"4",0.484881654926421,13.6777486875665,2.79190703845747,0.970230531934577,1.54240983231783,0.299123839387576,0.279890668905579,0.635452906908305,"calcite_flush_3","TEsd2",893
