"","curr_inflow_rate","curr_diffusion_coef","curr_porosity","curr_gypsum_rate_constant","curr_calcite_rate_constant","curr_gypsum_surface_area","curr_calcite_surface_area","dfn_volume","output_var","sobol_type","boot_num"
"1",0.228758923151292,0.00466461270018352,0.00394634266029885,-0.000941260421997834,-7.9669822955486e-05,0.00211332856047474,0.00578455737759367,0.0027269069255031,"calcite_flush_3","FOmean",1789
"2",0.235109445226233,0.00475315561920876,0.00353177908115936,0.0040122876810259,0.00558466560692436,0.00511341645369941,0.00863092699192391,0.014609879209923,"calcite_flush_3","TEmean",1789
"3",-0.12731990314564,-3.54889258221182,-0.439961329268945,-0.66743791971866,-0.237759381149955,-0.0558800436792262,-2.79094689910008,-0.819111126282547,"calcite_flush_3","FOsd2",1789
"4",0.432681193836833,3.79525822961173,0.207053793085665,0.652953489845255,0.867990929974475,0.344810078283117,2.25456913806843,0.249632743288881,"calcite_flush_3","TEsd2",1789
