"","curr_inflow_rate","curr_diffusion_coef","curr_porosity","curr_gypsum_rate_constant","curr_calcite_rate_constant","curr_gypsum_surface_area","curr_calcite_surface_area","dfn_volume","output_var","sobol_type","boot_num"
"1",0.119776476094034,-0.0011612998088582,0.00225465193404352,0.00400736895782185,0.000810611579998406,-0.000812720018480935,0.00126573584825611,0.00436891082819717,"calcite_flush_4","FOmean",250
"2",0.17900910173451,0.00494866700069521,0.00439823743790348,0.00641186934344258,0.0110939604953636,0.00392690843498551,0.00541650525662724,0.0314184597105046,"calcite_flush_4","TEmean",250
"3",0.999461024917001,0.999503310382732,0.999509600797303,0.999490616627741,0.999452833082862,0.999488430729424,0.999420849228487,0.999374614068937,"calcite_flush_4","FOsd2",250
"4",0.000201859964419884,7.96938071802628e-05,0.000186963665866696,0.000115546785850133,9.97150908898516e-05,8.90255028774686e-05,0.00013206075736485,0.000180022625754664,"calcite_flush_4","TEsd2",250
