"","curr_inflow_rate","curr_diffusion_coef","curr_porosity","curr_gypsum_rate_constant","curr_calcite_rate_constant","curr_gypsum_surface_area","curr_calcite_surface_area","dfn_volume","output_var","sobol_type","boot_num"
"1",0.113832614922369,-0.00215813901679409,0.000484432829147177,0.000433428871159061,-0.00147955018493878,-0.00103789744031422,0.00112859996184625,0.00337354139699792,"calcite_flush_4","FOmean",1650
"2",0.159649187145239,0.00525092333656817,0.00510152189457751,0.00391031287170209,0.0105529430951596,0.00478911332678607,0.00536110652637392,0.0266425746471297,"calcite_flush_4","TEmean",1650
"3",0.999659347585752,0.999647558917548,0.999627380214232,0.999635750754102,0.999614951433814,0.999658928872071,0.999574528920665,0.999462024022549,"calcite_flush_4","FOsd2",1650
"4",0.00015216036287044,0.000126882991253808,0.000123156890796065,5.45253342913653e-05,9.75175873354095e-05,0.000102109879106534,9.86564041068764e-05,0.000166810357218597,"calcite_flush_4","TEsd2",1650
