"","curr_inflow_rate","curr_diffusion_coef","curr_porosity","curr_gypsum_rate_constant","curr_calcite_rate_constant","curr_gypsum_surface_area","curr_calcite_surface_area","dfn_volume","output_var","sobol_type","boot_num"
"1",0.103888179878074,0.00735171824490709,0.00459136591690043,-0.00123370956620705,-0.00532565679503365,-0.0013070832430414,-0.00380421949476498,0.000496779346226726,"calcite_flush_5","FOmean",1987
"2",0.12984380679385,0.00537617652196343,0.00879316591804448,0.00486125718796241,0.00596549525888184,0.00297496243967514,0.0040234790084922,0.0309853987802075,"calcite_flush_5","TEmean",1987
"3",0.998955299977322,0.997501197388098,0.9975545783199,0.99868330040329,0.998695382509538,0.999162369809758,0.999127390691391,0.991711538162213,"calcite_flush_5","FOsd2",1987
"4",0.00239644108855626,0.000412933339398558,0.000877167382279684,0.00151862592547247,0.00281584330289157,0.00328214802494025,0.00326805600764607,0.00103110812911689,"calcite_flush_5","TEsd2",1987
