"","curr_inflow_rate","curr_diffusion_coef","curr_porosity","curr_gypsum_rate_constant","curr_calcite_rate_constant","curr_gypsum_surface_area","curr_calcite_surface_area","dfn_volume","output_var","sobol_type","boot_num"
"1",0.0305765079975255,0.0031176627110347,0.00943437751075572,0.00428163654027093,0.000409660890114459,-0.000563183462482195,0.00427631463574983,0.00714401379233828,"calcite_flush_6","FOmean",175
"2",0.0384035432441986,0.0031790251768035,0.0137746960063463,0.00409494640403809,0.00265831561612976,0.00255631173442143,0.00336765412521254,0.0161974717990417,"calcite_flush_6","TEmean",175
"3",0.999971845541849,0.999968144455273,0.999968350181701,0.999966807562428,0.99996158717867,0.999965238178458,0.999963591589936,0.999962471594346,"calcite_flush_6","FOsd2",175
"4",1.74758203873375e-05,1.17602528993355e-05,1.09178768772086e-05,1.80156986958202e-05,1.667558509626e-05,1.15944198532353e-05,1.07087155248822e-05,1.79465793845555e-05,"calcite_flush_6","TEsd2",175
