"","curr_inflow_rate","curr_diffusion_coef","curr_porosity","curr_gypsum_rate_constant","curr_calcite_rate_constant","curr_gypsum_surface_area","curr_calcite_surface_area","dfn_volume","output_var","sobol_type","boot_num"
"1",0.0849307193937337,5.18625712907981e-05,-0.000796461829126998,0.00153778689971035,-0.00012122608533504,0.00102249361589307,0.00381787176393657,-0.000956363884498118,"calcite_flush_2","FOmean",1739
"2",0.0911674341334879,0.00232093120693078,0.00121288675016695,0.00282356691403351,0.00404048179479198,0.00206658181849989,0.0093564119474504,0.0036145902924067,"calcite_flush_2","TEmean",1739
"3",0.650181854071056,0.521906169632819,0.562626976475032,0.505645974345062,0.489210528308367,0.574132787227301,0.643195241964311,0.570966453273677,"calcite_flush_2","FOsd2",1739
"4",0.292788611782373,0.0381108261032689,0.106367998200988,0.0774370015716755,0.155870559617884,0.051598117844512,0.154031496941328,0.0858921108307439,"calcite_flush_2","TEsd2",1739
