"","curr_inflow_rate","curr_diffusion_coef","curr_porosity","curr_gypsum_rate_constant","curr_calcite_rate_constant","curr_gypsum_surface_area","curr_calcite_surface_area","dfn_volume","output_var","sobol_type","boot_num"
"1",0.0961647254744509,0.00116561730811401,0.000293258282133522,0.00307343562923448,0.0023335924740967,0.00174306843546285,0.00917025725056158,0.00948865450561093,"calcite_flush_4","FOmean",852
"2",0.130568225199866,0.00483791202772032,0.00513065797613456,0.00379826584740221,0.00967791822574616,0.00399962110235232,0.00563958395696032,0.0307497962098315,"calcite_flush_4","TEmean",852
"3",0.99980906928988,0.999779073857505,0.999798971957199,0.999792384496119,0.999813273687744,0.999776284191584,0.999752892639537,0.999763137522257,"calcite_flush_4","FOsd2",852
"4",5.25087051972187e-05,4.73745374948911e-05,6.72353173433487e-05,4.53419364717975e-05,4.47356796843604e-05,7.02508179413391e-05,6.41394429416392e-05,9.54412976874934e-05,"calcite_flush_4","TEsd2",852
