"","curr_inflow_rate","curr_diffusion_coef","curr_porosity","curr_gypsum_rate_constant","curr_calcite_rate_constant","curr_gypsum_surface_area","curr_calcite_surface_area","dfn_volume","output_var","sobol_type","boot_num"
"1",0.032233535437501,0.00140468867452572,0.0192930662484648,0.00408398838070727,-0.00116054557168864,-0.00243224821335401,0.00281126499146168,0.00821750792251052,"calcite_flush_6","FOmean",833
"2",0.0410048244915321,0.00264950825023584,0.0169616895577735,0.00389127679617267,0.00300421035795687,0.00308410521991137,0.00232344332281557,0.0132835517099688,"calcite_flush_6","TEmean",833
"3",0.999951803203705,0.999875500683342,0.999897538023508,0.999110316558314,0.99995205234043,0.999951743822186,0.999938328339267,0.999956582557736,"calcite_flush_6","FOsd2",833
"4",7.24625929179027e-05,4.34833318148898e-05,8.22940084547312e-06,0.000480780660339352,7.07241979235746e-05,6.61900523013492e-05,6.10097196301413e-05,6.19203017580249e-05,"calcite_flush_6","TEsd2",833
