"","curr_inflow_rate","curr_diffusion_coef","curr_porosity","curr_gypsum_rate_constant","curr_calcite_rate_constant","curr_gypsum_surface_area","curr_calcite_surface_area","dfn_volume","output_var","sobol_type","boot_num"
"1",0.565474534328588,0.0270822387742862,0.0528922364081976,0.298265617820063,0.174162172877174,-0.0089530470316403,0.330747465363665,0.120974015259119,"calcite_flush_0","FOmean",1562
"2",1.3007223412957,0.406321580768805,0.540927504272108,0.8188228863576,0.366153221950129,0.284908327067985,0.649873923337585,0.309196113001639,"calcite_flush_0","TEmean",1562
"3",1,1,1,1,1,1,1,1,"calcite_flush_0","FOsd2",1562
"4",1.01820068306394e-27,1.05273149872994e-27,2.06805496915629e-27,1.43537535926908e-27,8.88705676264894e-28,1.490844133221e-27,1.08210323601879e-27,1.22438057358235e-27,"calcite_flush_0","TEsd2",1562
