"","curr_inflow_rate","curr_diffusion_coef","curr_porosity","curr_gypsum_rate_constant","curr_calcite_rate_constant","curr_gypsum_surface_area","curr_calcite_surface_area","dfn_volume","output_var","sobol_type","boot_num"
"1",0.0850074139257717,0.00249542500271904,0.000125757686661706,0.000952078477087326,0.00601258200469538,0.00146555489174401,0.00466287970164551,0.00093558931481188,"calcite_flush_2","FOmean",1179
"2",0.0969043267414127,0.00271941982136829,0.00190133605914135,0.00412774983457525,0.00848032159154764,0.00238611070637301,0.00519049549902195,0.00434588718134762,"calcite_flush_2","TEmean",1179
"3",-8.46362635792133,-7.84685024499757,-7.93028936386342,-7.77210375429911,-7.99965038254557,-7.80628304564133,-7.84740432666169,-7.94754547174356,"calcite_flush_2","FOsd2",1179
"4",0.801962800219111,0.0400293843276331,0.197184842963319,0.0770686407429731,0.154415444193728,0.076447104719582,0.103203909749959,0.0743168778816308,"calcite_flush_2","TEsd2",1179
