"","curr_inflow_rate","curr_diffusion_coef","curr_porosity","curr_gypsum_rate_constant","curr_calcite_rate_constant","curr_gypsum_surface_area","curr_calcite_surface_area","dfn_volume","output_var","sobol_type","boot_num"
"1",0.242650077366041,0.00501377855014093,0.0016418005572455,8.31124076576655e-05,-0.000338034986684036,0.0020791921670292,0.0136832367485364,-0.00318031453521391,"calcite_flush_3","FOmean",1334
"2",0.283645035550065,0.00388953806885789,0.00332126583677932,0.00979345735273757,0.0258125214071596,0.00233241659090005,0.0191819431990304,0.0146171956471096,"calcite_flush_3","TEmean",1334
"3",-0.0278701017701957,-1.66284338083649,-13.5093552471787,-2.36776677166359,-4.07131808055491,-0.354737901165331,-3.62781692222446,-2.14490056411838,"calcite_flush_3","FOsd2",1334
"4",5.79510316212477,3.82749965048654,14.1852299752453,3.4670554119528,0.775825238046212,3.70939425186031,2.26924849203391,3.38636917841386,"calcite_flush_3","TEsd2",1334
