"","curr_inflow_rate","curr_diffusion_coef","curr_porosity","curr_gypsum_rate_constant","curr_calcite_rate_constant","curr_gypsum_surface_area","curr_calcite_surface_area","dfn_volume","output_var","sobol_type","boot_num"
"1",0.0215502960762915,0.00688243942272074,-0.00104957268437554,-0.00304021326717118,0.00393264824702408,0.00125089814674057,-0.00326314601508416,-0.0028915030799971,"calcite_flush_6","FOmean",1302
"2",0.0279793490156402,0.00307177864316805,0.0110574481334175,0.00476962023616893,0.0016748355409265,0.00231513366620837,0.00241524034981054,0.0151187327478317,"calcite_flush_6","TEmean",1302
"3",0.999942414890627,0.999923426216676,0.999932463628481,0.999938175806927,0.999917280250761,0.999918554713609,0.999918727782657,0.999938829802679,"calcite_flush_6","FOsd2",1302
"4",3.59784579013339e-05,6.19383326293849e-06,8.3278978462782e-06,3.98888637533412e-05,4.03181561913898e-05,4.84671650497066e-06,1.19098816377542e-05,3.60113245612351e-05,"calcite_flush_6","TEsd2",1302
