"","curr_inflow_rate","curr_diffusion_coef","curr_porosity","curr_gypsum_rate_constant","curr_calcite_rate_constant","curr_gypsum_surface_area","curr_calcite_surface_area","dfn_volume","output_var","sobol_type","boot_num"
"1",0.656365740598942,0.0023826926580711,0.1461041899108,-0.0106871117112942,0.126886763229657,0.150633540562153,0.0735912681668643,0.0255766209446825,"calcite_flush_1","FOmean",58
"2",1.18111375150709,0.41905334808888,0.378406937820665,0.520902494009689,0.242090542866424,0.390886043874987,0.286607286760847,0.276860393125549,"calcite_flush_1","TEmean",58
"3",1,1,1,1,1,1,1,1,"calcite_flush_1","FOsd2",58
"4",5.07797297218089e-25,3.95812336698641e-25,3.29100546470243e-25,2.86091114527088e-25,4.59148002077167e-25,4.6027030765782e-25,2.14215701076278e-25,3.56308064030652e-25,"calcite_flush_1","TEsd2",58
