"","curr_inflow_rate","curr_diffusion_coef","curr_porosity","curr_gypsum_rate_constant","curr_calcite_rate_constant","curr_gypsum_surface_area","curr_calcite_surface_area","dfn_volume","output_var","sobol_type","boot_num"
"1",0.0112425014234709,0.000605564690509339,-0.00315009520433744,-1.18341523886091e-05,-0.00463692267488459,0.000683875117476914,0.00333807067931745,0.00586794232454002,"calcite_flush_6","FOmean",1526
"2",0.038512497375511,0.00346759255990349,0.0140450552474345,0.00284811726866717,0.00307459735935736,0.00239714419537707,0.00282644281275711,0.0211926861484369,"calcite_flush_6","TEmean",1526
"3",0.999902778090027,0.999893479698205,0.999867274842662,0.999896394839042,0.999880582953523,0.999879049160012,0.999813290583076,0.999900278634905,"calcite_flush_6","FOsd2",1526
"4",3.4529957074112e-05,1.66884004162507e-05,4.46126843956363e-05,5.57550045874109e-05,2.03398664093709e-05,2.43619739161232e-05,5.9832330904491e-05,4.90411367996267e-05,"calcite_flush_6","TEsd2",1526
