"","curr_inflow_rate","curr_diffusion_coef","curr_porosity","curr_gypsum_rate_constant","curr_calcite_rate_constant","curr_gypsum_surface_area","curr_calcite_surface_area","dfn_volume","output_var","sobol_type","boot_num"
"1",0.265699924728242,-0.00124289733940738,-0.000128248860349499,0.00273119440986552,0.0245945324918269,-0.000635242552403919,0.00601819950232317,-0.00814032582397061,"calcite_flush_3","FOmean",522
"2",0.321452191555679,0.00488662976034313,0.00472796790401253,0.0053176957216115,0.0267545795855132,0.00257495661982431,0.0139181463688145,0.0182787976131332,"calcite_flush_3","TEmean",522
"3",-0.450251096527962,0.0653268669966856,-1.00937037334686,0.409018212403578,-1.43153169613075,-1.00769342010099,-0.790275040424076,-0.227244569290104,"calcite_flush_3","FOsd2",522
"4",1.14731290065705,0.673892642901071,0.489078653125555,0.686005606978547,0.972901243578332,0.41391943654169,1.63629385069454,0.148722626210207,"calcite_flush_3","TEsd2",522
