"","curr_inflow_rate","curr_diffusion_coef","curr_porosity","curr_gypsum_rate_constant","curr_calcite_rate_constant","curr_gypsum_surface_area","curr_calcite_surface_area","dfn_volume","output_var","sobol_type","boot_num"
"1",0.0623859683120039,0.00664461091523016,0.00319722801157529,0.00647541636591642,0.00398520077924675,0.0011395512659996,-0.00137686763392614,0.00361688254733895,"calcite_flush_5","FOmean",1483
"2",0.115049613843219,0.00473363599426201,0.00968088148198983,0.00467169039625804,0.00675620730078727,0.00350835424634796,0.00407233822099317,0.0262497298142047,"calcite_flush_5","TEmean",1483
"3",0.999654471437734,0.999635740671083,0.999707373603981,0.999663013972859,0.999646866071873,0.999667789763475,0.999708780115913,0.999656368678489,"calcite_flush_5","FOsd2",1483
"4",0.000107565638771007,9.46214043380234e-05,0.000171126185926592,0.000163882052203495,0.000141349007842678,9.74968850408232e-05,9.85215940273795e-05,8.36321144121932e-05,"calcite_flush_5","TEsd2",1483
