"","curr_inflow_rate","curr_diffusion_coef","curr_porosity","curr_gypsum_rate_constant","curr_calcite_rate_constant","curr_gypsum_surface_area","curr_calcite_surface_area","dfn_volume","output_var","sobol_type","boot_num"
"1",0.105608164764674,-0.000117829477405234,0.0104684900385813,8.65113670353432e-05,0.00973290219007888,0.00451879316749909,0.00199697854041205,0.00537475276283702,"calcite_flush_4","FOmean",663
"2",0.138262574467507,0.00570146078888339,0.00670638752329599,0.00436071342393612,0.0098907463035897,0.00383079953982987,0.00387262663776935,0.0315978164770975,"calcite_flush_4","TEmean",663
"3",0.999717634007301,0.999735792623947,0.999762243088082,0.999743354329502,0.999773221760706,0.999742507387208,0.999738735459492,0.99972762906092,"calcite_flush_4","FOsd2",663
"4",0.000139069455737722,4.68389940566432e-05,9.27102681277426e-05,3.90547405086729e-05,5.43869582186594e-05,4.43457634052405e-05,4.14860855263527e-05,0.000134831308754377,"calcite_flush_4","TEsd2",663
