"","curr_inflow_rate","curr_diffusion_coef","curr_porosity","curr_gypsum_rate_constant","curr_calcite_rate_constant","curr_gypsum_surface_area","curr_calcite_surface_area","dfn_volume","output_var","sobol_type","boot_num"
"1",0.309777106840932,0.0024250491699439,0.00159875877833269,0.00731453604292989,0.0174227116718616,-0.000332429317830236,0.00795317656661148,0.00789992849042489,"calcite_flush_3","FOmean",1579
"2",0.343576220193703,0.00450752412705688,0.00230713721645723,0.0124766582756827,0.0226866532346464,0.00403920593332647,0.0087200263931768,0.0204544787728339,"calcite_flush_3","TEmean",1579
"3",0.110895237234975,0.0372698195072311,-0.0234190198817592,0.147450739676224,-0.0962123177492176,0.131454637664858,0.0859182865152186,0.0109411347329786,"calcite_flush_3","FOsd2",1579
"4",0.221948412001112,0.118070543268063,0.155917654151361,0.149549706078167,0.156976304483205,0.105500507795285,0.110401858146349,0.262268536416098,"calcite_flush_3","TEsd2",1579
