"","curr_inflow_rate","curr_diffusion_coef","curr_porosity","curr_gypsum_rate_constant","curr_calcite_rate_constant","curr_gypsum_surface_area","curr_calcite_surface_area","dfn_volume","output_var","sobol_type","boot_num"
"1",0.0874361439916763,0.00161984192977769,-0.000290774596574576,0.00769531918263634,0.00287482600814948,4.10025343878771e-05,0.00202957589001564,0.00169834080976891,"calcite_flush_2","FOmean",1235
"2",0.0995404738280065,0.00259158517725871,0.00177121215207152,0.0111086486022876,0.00799388060508774,0.00221175405957428,0.00843977609597632,0.00840859506553263,"calcite_flush_2","TEmean",1235
"3",-1.27478283778348,-1.63424582119776,-1.56504286851405,-1.86591023584275,-2.36263101994631,-2.07295436480669,-1.2748075120591,-2.18014167299364,"calcite_flush_2","FOsd2",1235
"4",1.40643053936538,0.735566285654033,1.57079702561496,0.58230473925196,0.393900623199607,1.07953739381897,0.86123455838507,0.278888696277624,"calcite_flush_2","TEsd2",1235
