"","curr_inflow_rate","curr_diffusion_coef","curr_porosity","curr_gypsum_rate_constant","curr_calcite_rate_constant","curr_gypsum_surface_area","curr_calcite_surface_area","dfn_volume","output_var","sobol_type","boot_num"
"1",0.469334992529331,-0.0290203761121995,-0.0168251120966072,0.0267055260500876,0.119281812572123,0.043163079341678,0.0317946889337522,-0.00378786709931988,"calcite_flush_1","FOmean",1437
"2",1.09955060247308,0.209298331812621,0.167620373608402,0.432099481470827,0.495677709941684,0.400221403993512,0.207760342748007,0.193221835929824,"calcite_flush_1","TEmean",1437
"3",1,1,1,1,1,1,1,1,"calcite_flush_1","FOsd2",1437
"4",9.90235460147579e-45,1.05233808371577e-44,8.76075120091734e-45,1.18550375036342e-44,2.12444329545844e-44,1.18294192316902e-44,7.34044259112203e-45,8.96586546626001e-44,"calcite_flush_1","TEsd2",1437
