"","curr_inflow_rate","curr_diffusion_coef","curr_porosity","curr_gypsum_rate_constant","curr_calcite_rate_constant","curr_gypsum_surface_area","curr_calcite_surface_area","dfn_volume","output_var","sobol_type","boot_num"
"1",0.019474812048613,0.000127094211858685,0.00930153903143139,-0.000888357746995138,0.00230780075427093,-0.00404349411249863,0.00574963826614453,0.0127228538211728,"calcite_flush_6","FOmean",1456
"2",0.0424108834495742,0.00282376730895464,0.0143151302258491,0.00571675188489265,0.00335877990206135,0.00283536599471751,0.00218006959623268,0.0229220902414304,"calcite_flush_6","TEmean",1456
"3",0.999964078336587,0.999950456726677,0.999946158591242,0.999949638637094,0.999958306177294,0.999950979195685,0.999953945934638,0.999954353415936,"calcite_flush_6","FOsd2",1456
"4",1.50735616590618e-05,1.83698657094086e-05,1.34403880113652e-05,2.62171088550637e-05,1.43704768026774e-05,1.77893087381659e-05,1.17736994279276e-05,2.69580706385675e-05,"calcite_flush_6","TEsd2",1456
