"","curr_inflow_rate","curr_diffusion_coef","curr_porosity","curr_gypsum_rate_constant","curr_calcite_rate_constant","curr_gypsum_surface_area","curr_calcite_surface_area","dfn_volume","output_var","sobol_type","boot_num"
"1",0.0284527176620319,-0.00495208512274754,0.00385184781931933,0.00138518486101021,-0.00309149613501705,0.00385445518364928,-0.000346256144163625,-0.0013262219232158,"calcite_flush_6","FOmean",1309
"2",0.0346901567498774,0.00224628527141734,0.0131653710605547,0.00372713542252995,0.00455220676832089,0.00187444937406766,0.00291233701791587,0.0136301771113609,"calcite_flush_6","TEmean",1309
"3",0.999548892896823,0.999821186990951,0.999630977379873,0.999816301117851,0.99982523023634,0.999480479423176,0.999856904118157,0.999707151170921,"calcite_flush_6","FOsd2",1309
"4",8.38035854898879e-05,0.000111796900150987,3.54871897939311e-05,0.00019854192179968,0.000189096398865833,3.35860737549633e-05,0.000235855799391726,0.000188167275328506,"calcite_flush_6","TEsd2",1309
