"","curr_inflow_rate","curr_diffusion_coef","curr_porosity","curr_gypsum_rate_constant","curr_calcite_rate_constant","curr_gypsum_surface_area","curr_calcite_surface_area","dfn_volume","output_var","sobol_type","boot_num"
"1",0.0994841971317769,0.00660213774335928,-0.00106297852461728,0.00128916334260438,0.0058166563360648,-0.00489243822394195,-0.000964774795404109,-0.000424576767793915,"calcite_flush_4","FOmean",901
"2",0.135847415215188,0.00434616000586855,0.00430091711500368,0.0059029158994907,0.00854642109801267,0.00437592209385802,0.00662451745713635,0.0319152346445109,"calcite_flush_4","TEmean",901
"3",0.999823390612229,0.99978808565569,0.999805833208273,0.999822970543119,0.999788183385293,0.999802759035922,0.999808094974607,0.999799303392411,"calcite_flush_4","FOsd2",901
"4",8.37203478683832e-05,7.79317889802433e-05,6.94722121414099e-05,6.33331968768707e-05,6.60184931740251e-05,4.58047236084853e-05,5.48528606390412e-05,7.47278468121191e-05,"calcite_flush_4","TEsd2",901
