"","curr_inflow_rate","curr_diffusion_coef","curr_porosity","curr_gypsum_rate_constant","curr_calcite_rate_constant","curr_gypsum_surface_area","curr_calcite_surface_area","dfn_volume","output_var","sobol_type","boot_num"
"1",0.0968919835905889,0.00257205779694609,0.00464468072409569,-0.0014227202561002,-0.00225257407232889,-0.000271588407977384,-0.000957944652429233,0.00924795202557491,"calcite_flush_5","FOmean",671
"2",0.134903779048077,0.00501778858525296,0.00610787521605215,0.00479855372331746,0.00537027798195475,0.00304139702108877,0.00382838733360239,0.0313793478595762,"calcite_flush_5","TEmean",671
"3",0.999332363147256,0.999219185075343,0.999382491271993,0.999269807184751,0.999289473379899,0.999358139481615,0.999261532255034,0.999301643181871,"calcite_flush_5","FOsd2",671
"4",0.000183106968011581,0.00012991177666591,0.000341474990655749,0.000155117399819072,0.000209256939033553,0.000180553191090836,0.00018186987873068,0.000253725809854352,"calcite_flush_5","TEsd2",671
