"","curr_inflow_rate","curr_diffusion_coef","curr_porosity","curr_gypsum_rate_constant","curr_calcite_rate_constant","curr_gypsum_surface_area","curr_calcite_surface_area","dfn_volume","output_var","sobol_type","boot_num"
"1",0.0356714217504141,0.00201824381848706,0.020562618188553,0.00200719118809894,-0.000626362274257454,-0.000561846400772572,0.00246647178173264,0.0167660486232457,"calcite_flush_6","FOmean",1918
"2",0.0416100655416996,0.00376866727833032,0.0159561450886826,0.00632885266798952,0.00298241100071349,0.0021355576732451,0.00262397707777752,0.0220128646303555,"calcite_flush_6","TEmean",1918
"3",0.999782726064608,0.999860034090175,0.999861929846436,0.999814502830568,0.999766294755294,0.999835168283345,0.99981476368879,0.999849242262057,"calcite_flush_6","FOsd2",1918
"4",5.78001166163545e-05,3.34016476582608e-05,3.59475517743781e-05,4.87116196204361e-05,6.14867842036287e-05,4.16077052311747e-05,2.22665463503308e-05,5.22066233718718e-05,"calcite_flush_6","TEsd2",1918
