"","curr_inflow_rate","curr_diffusion_coef","curr_porosity","curr_gypsum_rate_constant","curr_calcite_rate_constant","curr_gypsum_surface_area","curr_calcite_surface_area","dfn_volume","output_var","sobol_type","boot_num"
"1",0.579684824465559,-0.0718530008152013,0.0918236707687884,0.284236613765919,0.187556859431697,0.158264321758071,0.110204937669523,0.18332251114294,"calcite_flush_0","FOmean",484
"2",1.66823121218797,0.854607711840134,0.487443197860044,0.768746436796891,0.510402806102115,0.313283832045719,0.592916188687359,0.864554986742355,"calcite_flush_0","TEmean",484
"3",1,1,1,1,1,1,1,1,"calcite_flush_0","FOsd2",484
"4",1.39177485910249e-24,1.10117851894626e-24,8.22800168480718e-25,6.4406223560765e-25,9.27494473155451e-25,4.27272093700694e-25,8.65866514966863e-25,6.06235631268943e-25,"calcite_flush_0","TEsd2",484
