"","curr_inflow_rate","curr_diffusion_coef","curr_porosity","curr_gypsum_rate_constant","curr_calcite_rate_constant","curr_gypsum_surface_area","curr_calcite_surface_area","dfn_volume","output_var","sobol_type","boot_num"
"1",2.31317035185903,0.165045936886348,0.644089920390172,0.349035524435375,0.0703665845381439,8.79007427809685e-06,0.132067010678138,0.251412576545672,"calcite_flush_1","FOmean",2032
"2",2.89659876430045,0.3416089593494,1.06273793218264,0.693811979797789,0.607779762225751,0.461719801641126,0.165214720320761,1.0623535055067,"calcite_flush_1","TEmean",2032
"3",1,1,1,1,1,1,1,1,"calcite_flush_1","FOsd2",2032
"4",1.12637809432817e-26,8.41147572731032e-27,2.21902750015708e-27,4.31366276255261e-27,4.7672022139689e-27,3.15345209181554e-27,5.02614647239929e-27,4.25961426738226e-27,"calcite_flush_1","TEsd2",2032
