"","curr_inflow_rate","curr_diffusion_coef","curr_porosity","curr_gypsum_rate_constant","curr_calcite_rate_constant","curr_gypsum_surface_area","curr_calcite_surface_area","dfn_volume","output_var","sobol_type","boot_num"
"1",0.034623888218543,-0.000434687128413726,0.00454556939035026,-0.000906141720698932,-0.00700580312855293,0.00454187689313771,-0.00353534809513159,-0.00605961233007418,"calcite_flush_6","FOmean",1988
"2",0.0383577511499461,0.00338528634670944,0.0115245542669828,0.00385204929587124,0.00308065257289981,0.00363509724334767,0.00270542964601159,0.0139451795041608,"calcite_flush_6","TEmean",1988
"3",0.999967763903935,0.999975575562973,0.999972632680135,0.999964528300339,0.999963399986091,0.999932865741575,0.999975121798523,0.999977810325681,"calcite_flush_6","FOsd2",1988
"4",1.97477252034921e-05,7.65041551651413e-06,1.01846174245622e-05,1.91810289266814e-05,1.77002947166734e-05,4.14687343673967e-05,5.69503840895513e-06,1.05182358584213e-05,"calcite_flush_6","TEsd2",1988
