"","curr_inflow_rate","curr_diffusion_coef","curr_porosity","curr_gypsum_rate_constant","curr_calcite_rate_constant","curr_gypsum_surface_area","curr_calcite_surface_area","dfn_volume","output_var","sobol_type","boot_num"
"1",0.402361700398053,-0.0136526694306214,0.0148969145658942,0.0796363924214015,-0.0104841235012251,-0.0236550840061815,0.0264696522642797,0.0791509062657416,"calcite_flush_1","FOmean",800
"2",1.01580809129153,0.218299897914076,0.352147501299516,0.329007320590048,0.319972079107589,0.292873511353576,0.286532168038354,0.241096972036638,"calcite_flush_1","TEmean",800
"3",1,1,1,1,1,1,1,1,"calcite_flush_1","FOsd2",800
"4",2.85192784236113e-34,2.31221427636802e-34,2.61287529452037e-34,2.26566513628617e-34,1.6634355703929e-34,2.19830201398017e-34,1.50096762028326e-34,1.33781544490784e-34,"calcite_flush_1","TEsd2",800
