"","curr_inflow_rate","curr_diffusion_coef","curr_porosity","curr_gypsum_rate_constant","curr_calcite_rate_constant","curr_gypsum_surface_area","curr_calcite_surface_area","dfn_volume","output_var","sobol_type","boot_num"
"1",0.101141158192032,0.00212047612108972,0.00486308596128783,0.00571971950768209,0.00316969900616337,-0.00119286663932189,0.00649146870701867,0.00358817401276251,"calcite_flush_2","FOmean",1529
"2",0.113047867053316,0.00672849533388118,0.00647487259855116,0.00815014126564149,0.00881088324908924,0.00203158510032947,0.0115364764492832,0.00610869742566551,"calcite_flush_2","TEmean",1529
"3",-13602.3695255523,-905.618792400931,-51343.9012962041,-26728.174521167,-69737.8459715869,-67668.0106455694,-3516.06660889792,-1017.40512306882,"calcite_flush_2","FOsd2",1529
"4",27525.2796585055,75018.3336090997,4093.07417311462,14217.9147481128,2946.85610068665,711.841689625045,80174.2978916216,77688.3217547642,"calcite_flush_2","TEsd2",1529
