"","curr_inflow_rate","curr_diffusion_coef","curr_porosity","curr_gypsum_rate_constant","curr_calcite_rate_constant","curr_gypsum_surface_area","curr_calcite_surface_area","dfn_volume","output_var","sobol_type","boot_num"
"1",0.735793998977478,-0.0292378252536499,0.0376227415763922,0.0647821277035454,0.0722064274344846,0.0385731058205371,0.105961239801053,-0.0310613657915364,"calcite_flush_0","FOmean",372
"2",1.17177728780738,0.284019435027811,0.40890409969964,0.255407452204555,0.246005144097562,0.393501098234183,0.536210582729422,0.355904924232187,"calcite_flush_0","TEmean",372
"3",1,1,1,1,1,1,1,1,"calcite_flush_0","FOsd2",372
"4",1.09522193021241e-26,1.0299389012416e-26,8.61738795884719e-27,6.23113552706095e-27,8.23001295545079e-27,8.16731853008054e-27,5.07510366217354e-27,1.35968077534018e-26,"calcite_flush_0","TEsd2",372
