"","curr_inflow_rate","curr_diffusion_coef","curr_porosity","curr_gypsum_rate_constant","curr_calcite_rate_constant","curr_gypsum_surface_area","curr_calcite_surface_area","dfn_volume","output_var","sobol_type","boot_num"
"1",0.0976347252398262,0.00565841561708757,-0.000709544139358396,0.00181812954421017,0.00443442408860874,0.00240333201941773,-0.00139208245117497,0.0217813524289644,"calcite_flush_5","FOmean",1784
"2",0.143822025606805,0.0040955202803396,0.00749453860451088,0.00539783715885336,0.00570440420108183,0.00439031816297313,0.0047450188538859,0.0270777350206337,"calcite_flush_5","TEmean",1784
"3",0.999585363700071,0.999583944354661,0.999643308961032,0.999560654239946,0.999564077909019,0.999548665189509,0.999566732303331,0.999578634869597,"calcite_flush_5","FOsd2",1784
"4",0.000109171215764387,8.95117315979776e-05,0.000166313973312588,0.000158221937703386,7.90451484490008e-05,8.63248406824904e-05,0.000124163338530172,0.00014920807268784,"calcite_flush_5","TEsd2",1784
