"","curr_inflow_rate","curr_diffusion_coef","curr_porosity","curr_gypsum_rate_constant","curr_calcite_rate_constant","curr_gypsum_surface_area","curr_calcite_surface_area","dfn_volume","output_var","sobol_type","boot_num"
"1",0.0950815154936219,0.00733844221569678,0.00255310007571053,0.00741058027197627,0.00143481088212579,0.00168061517199772,0.00496771734219384,-0.00202378253406611,"calcite_flush_1","FOmean",1647
"2",0.140455712358253,0.0125662034501514,0.0102507678659686,0.0270287472876388,0.0121346444918027,0.00475631381045308,0.0185921573260801,0.0122009547469783,"calcite_flush_1","TEmean",1647
"3",0.94880244241245,0.981755348276292,0.942768410418722,0.816076933688668,0.982664699663589,0.976206264455237,0.981294176527586,0.982589341520198,"calcite_flush_1","FOsd2",1647
"4",0.174116035456679,0.116087732017275,0.172034006487528,0.00884059975823859,0.109388737080705,0.0935922010441503,0.139227946530985,0.136014890267105,"calcite_flush_1","TEsd2",1647
