"","curr_inflow_rate","curr_diffusion_coef","curr_porosity","curr_gypsum_rate_constant","curr_calcite_rate_constant","curr_gypsum_surface_area","curr_calcite_surface_area","dfn_volume","output_var","sobol_type","boot_num"
"1",0.0882286754323421,0.00886670801539177,0.00260532968572327,-0.00132793197661052,-0.00410526960258,0.00145689684959575,-0.00378845861727638,0.00746118126809808,"calcite_flush_5","FOmean",860
"2",0.123278704122349,0.0048619111031284,0.0113149545611256,0.00444174334694416,0.00557320679215376,0.00376691707199486,0.00438473160298986,0.0272942015558701,"calcite_flush_5","TEmean",860
"3",0.999240801905336,0.999426343175622,0.999322461604949,0.999399137928537,0.999253508586688,0.999421904802694,0.999431591966849,0.999199680363805,"calcite_flush_5","FOsd2",860
"4",0.000228125635089789,0.000110561005272299,0.000269543666850607,0.000181984328094041,0.000143625456419395,5.80285190802706e-05,0.000206836457053547,0.00025471469239912,"calcite_flush_5","TEsd2",860
