"","curr_inflow_rate","curr_diffusion_coef","curr_porosity","curr_gypsum_rate_constant","curr_calcite_rate_constant","curr_gypsum_surface_area","curr_calcite_surface_area","dfn_volume","output_var","sobol_type","boot_num"
"1",0.919253979990247,0.0599120724184038,0.0800453536161889,-0.0279248613943136,0.0791032084811936,-0.089291870781727,0.0337587458524604,-0.000313851647421572,"calcite_flush_1","FOmean",695
"2",1.65374103133646,0.221188378560809,0.513424441207312,0.488974395167415,0.316294902002328,0.353983038063903,0.328031405701755,0.342540611760264,"calcite_flush_1","TEmean",695
"3",1,1,1,1,1,1,1,1,"calcite_flush_1","FOsd2",695
"4",9.94326786153052e-44,1.3010337834886e-43,1.37054589938e-43,1.40619414475546e-43,2.84411451883005e-43,8.04261464319389e-44,1.57251793491016e-43,7.79065799288226e-43,"calcite_flush_1","TEsd2",695
