"","curr_inflow_rate","curr_diffusion_coef","curr_porosity","curr_gypsum_rate_constant","curr_calcite_rate_constant","curr_gypsum_surface_area","curr_calcite_surface_area","dfn_volume","output_var","sobol_type","boot_num"
"1",0.110972270169793,0.00215794440162731,0.00082121767016972,0.00100257333958754,0.00252631835381183,-0.00145169761293821,0.000906798326577375,0.0077252545812133,"calcite_flush_4","FOmean",1482
"2",0.148161918177469,0.00422654732268746,0.00396937572918854,0.00745007266861053,0.00708436543433899,0.00278028610232276,0.0052687322291349,0.0294239152442273,"calcite_flush_4","TEmean",1482
"3",0.999735169183289,0.999690223544109,0.999747842396547,0.999737243557788,0.999704927215078,0.999676969569848,0.999724984227976,0.999751500747314,"calcite_flush_4","FOsd2",1482
"4",8.41773754050537e-05,7.51775450784431e-05,8.72463090991492e-05,5.33393924157546e-05,9.50147938295498e-05,5.10004158056204e-05,3.81388280317023e-05,8.97143025507726e-05,"calcite_flush_4","TEsd2",1482
