"","curr_inflow_rate","curr_diffusion_coef","curr_porosity","curr_gypsum_rate_constant","curr_calcite_rate_constant","curr_gypsum_surface_area","curr_calcite_surface_area","dfn_volume","output_var","sobol_type","boot_num"
"1",0.110420949653316,-0.00334870194103592,0.000874197739605922,0.00373800323577117,-0.00153780544035444,-0.000215433566237691,0.00241749491045447,0.00085809050078579,"calcite_flush_4","FOmean",1356
"2",0.145896464340074,0.0051067900596876,0.00632332712901204,0.0045450746703468,0.0107822875646688,0.00342128831205527,0.00692757957949365,0.0280158673798779,"calcite_flush_4","TEmean",1356
"3",0.999637036875573,0.999628963923961,0.999640618934562,0.999679961844947,0.999684579156525,0.999603202453739,0.999634865494792,0.999687406886998,"calcite_flush_4","FOsd2",1356
"4",0.000187115163845687,9.20225971782664e-05,0.000162283141833107,0.000104542678520469,0.000140350534659465,0.00013808741650748,0.000120593840973044,0.000170638179886251,"calcite_flush_4","TEsd2",1356
