"","curr_inflow_rate","curr_diffusion_coef","curr_porosity","curr_gypsum_rate_constant","curr_calcite_rate_constant","curr_gypsum_surface_area","curr_calcite_surface_area","dfn_volume","output_var","sobol_type","boot_num"
"1",0.0317845562662187,0.00346998350594382,0.00918681702430105,-0.00134940666763944,-0.000538622812296574,0.00185561709716566,-0.00257596802576055,0.0066553356331957,"calcite_flush_6","FOmean",1211
"2",0.0475470562533792,0.00292604315735135,0.0141846272034065,0.00510985888482886,0.00606763261899999,0.00283684366894153,0.00307046990230893,0.0210667695981719,"calcite_flush_6","TEmean",1211
"3",0.999931787208024,0.99991009208535,0.999924394876337,0.999913457357956,0.999923284609565,0.999901245073605,0.999918709779467,0.999926951198953,"calcite_flush_6","FOsd2",1211
"4",3.15920701539226e-05,1.53619160121745e-05,2.13809457988499e-05,4.11877018702335e-05,4.11655767217872e-05,1.69047207126463e-05,1.91244633856476e-05,3.72893063898427e-05,"calcite_flush_6","TEsd2",1211
