"","curr_inflow_rate","curr_diffusion_coef","curr_porosity","curr_gypsum_rate_constant","curr_calcite_rate_constant","curr_gypsum_surface_area","curr_calcite_surface_area","dfn_volume","output_var","sobol_type","boot_num"
"1",0.474159278660328,0.0120438781644626,0.0371158068140494,0.0767313395654676,0.0318267685314913,0.033031709251487,0.0890077604235415,0.0291304062681123,"calcite_flush_1","FOmean",1171
"2",0.851686107421287,0.0822819660545945,0.173136417832816,0.422625872137955,0.115334551742559,0.126068971750362,0.356493652052217,0.151498597529536,"calcite_flush_1","TEmean",1171
"3",1,1,1,1,1,1,1,1,"calcite_flush_1","FOsd2",1171
"4",1.52815849281055e-26,4.55318891946469e-27,5.90816472797953e-27,7.50677966240107e-27,5.38144552039378e-27,1.13315302409755e-26,6.13525239707023e-27,8.34209019764797e-27,"calcite_flush_1","TEsd2",1171
