"","curr_inflow_rate","curr_diffusion_coef","curr_porosity","curr_gypsum_rate_constant","curr_calcite_rate_constant","curr_gypsum_surface_area","curr_calcite_surface_area","dfn_volume","output_var","sobol_type","boot_num"
"1",0.0912122634775534,0.00122876579874094,0.000765608403029034,-0.00174570678722323,-0.00139504415751383,0.00383570608223391,0.00236159619052334,0.0155833350109878,"calcite_flush_5","FOmean",209
"2",0.101521617633836,0.00480243285249174,0.00625100588721942,0.00312100256203972,0.00609072282550326,0.00331510870989294,0.00362637445334142,0.0392163432965965,"calcite_flush_5","TEmean",209
"3",0.999629277789543,0.999634163950796,0.999585453169487,0.99958544894826,0.999624451494263,0.999601305572756,0.999537664675677,0.999621650582708,"calcite_flush_5","FOsd2",209
"4",0.000154390876894411,0.000101298615880685,0.000224138705773691,0.000209068957820564,0.000110513795588265,6.63176657226643e-05,0.000146481885080606,0.000134409296901631,"calcite_flush_5","TEsd2",209
