"","curr_inflow_rate","curr_diffusion_coef","curr_porosity","curr_gypsum_rate_constant","curr_calcite_rate_constant","curr_gypsum_surface_area","curr_calcite_surface_area","dfn_volume","output_var","sobol_type","boot_num"
"1",0.018379120744939,-0.00277581939219868,0.00400284658228187,-0.000484874595192896,0.000677364307868448,-0.00025782415818803,-0.00472812884665445,0.00810752005058886,"calcite_flush_6","FOmean",546
"2",0.0314925416192468,0.00230972646196442,0.0115764604820578,0.00526875414000915,0.00249177651918427,0.00170191828211381,0.00309371565720014,0.0203780280556015,"calcite_flush_6","TEmean",546
"3",0.999962826170569,0.999948228147446,0.999945137854914,0.999950427164047,0.999939950526683,0.999932769773923,0.999953124603252,0.999957165491919,"calcite_flush_6","FOsd2",546
"4",3.96000026628213e-05,1.35461654597536e-05,2.06891154352783e-05,3.6426688565122e-05,1.89523793247235e-05,3.42956814420662e-05,3.12689099975347e-05,5.5439256931918e-05,"calcite_flush_6","TEsd2",546
