"","curr_inflow_rate","curr_diffusion_coef","curr_porosity","curr_gypsum_rate_constant","curr_calcite_rate_constant","curr_gypsum_surface_area","curr_calcite_surface_area","dfn_volume","output_var","sobol_type","boot_num"
"1",0.0233168205337713,0.00432342934069091,0.000192488909838737,0.00141601541063703,-0.000189793723821817,-0.000336970251997814,-0.000591120999703344,0.0202908834410673,"calcite_flush_6","FOmean",224
"2",0.0400695462759217,0.00290682351062369,0.0121347091209534,0.00472999882655909,0.0034772050654497,0.00243981189578924,0.00241607525891158,0.0269007912604187,"calcite_flush_6","TEmean",224
"3",0.999826389161323,0.99979565652162,0.999755069835629,0.999813613021996,0.999822085336713,0.999819977550358,0.999406720705053,0.999770038466887,"calcite_flush_6","FOsd2",224
"4",3.45533109981524e-05,2.53233777011412e-05,0.000111286383751249,7.93732675442818e-05,9.30522783868867e-05,1.86894889229401e-05,0.000508585141629476,7.28176411254436e-05,"calcite_flush_6","TEsd2",224
