"","curr_inflow_rate","curr_diffusion_coef","curr_porosity","curr_gypsum_rate_constant","curr_calcite_rate_constant","curr_gypsum_surface_area","curr_calcite_surface_area","dfn_volume","output_var","sobol_type","boot_num"
"1",0.113688820491034,-0.000501754991234363,0.00462212929122081,0.00394667989542817,0.00648418491652654,0.000838442987696307,0.00845560710633432,-0.000670351748815562,"calcite_flush_2","FOmean",472
"2",0.136476445848706,0.00537840842972346,0.00782993227281526,0.0196623771539662,0.0130041434580882,0.00250893873174266,0.0128955749556574,0.00785432860419267,"calcite_flush_2","TEmean",472
"3",0.966030379765203,0.74729801605927,0.967573405890005,0.784765893292999,0.724602054670582,0.946395120818147,0.886166853968138,0.968683037183196,"calcite_flush_2","FOsd2",472
"4",0.0501271474691253,0.134800358276252,0.0265462877024414,0.160434237816173,0.256824385065949,0.0245577890616207,0.0397373021254104,0.0538972690417775,"calcite_flush_2","TEsd2",472
