"","curr_inflow_rate","curr_diffusion_coef","curr_porosity","curr_gypsum_rate_constant","curr_calcite_rate_constant","curr_gypsum_surface_area","curr_calcite_surface_area","dfn_volume","output_var","sobol_type","boot_num"
"1",1.35012048367892,-0.137000588518175,0.0358080195618955,0.231906976804226,-0.0373350639427068,0.0875036070168852,0.0381322678247461,0.399008433091899,"calcite_flush_1","FOmean",443
"2",2.78947360379952,0.641000962818059,0.728444595838899,0.938608137063292,0.622507514807209,0.906554109160614,0.485684930992443,1.06318709422923,"calcite_flush_1","TEmean",443
"3",1,1,1,1,1,1,1,1,"calcite_flush_1","FOsd2",443
"4",9.39615151176327e-25,5.24778029937537e-25,3.75975938234859e-25,5.3340957825383e-25,5.93752907594247e-25,5.32156537915797e-25,4.87065659678355e-25,6.17416454235833e-25,"calcite_flush_1","TEsd2",443
