"","curr_inflow_rate","curr_diffusion_coef","curr_porosity","curr_gypsum_rate_constant","curr_calcite_rate_constant","curr_gypsum_surface_area","curr_calcite_surface_area","dfn_volume","output_var","sobol_type","boot_num"
"1",0.238101395647707,-0.00110296597433058,-0.000644294717772843,0.00651532817413881,0.00944194589747617,0.000536376237597249,-0.00201374389531693,-0.00386883713792629,"calcite_flush_3","FOmean",1278
"2",0.254653062248024,0.00387064173407289,0.00507911493418499,0.00513246064026897,0.0110757389195614,0.00253207904710018,0.00578809271819839,0.0159838403377949,"calcite_flush_3","TEmean",1278
"3",-7.58371856447532,-8.28857268069956,-8.88001480883563,-7.04216920000768,-7.17372066963068,-7.78844001811804,-21.0288370740217,-7.21506269512586,"calcite_flush_3","FOsd2",1278
"4",1.10975217104836,0.568226093145072,1.21204927704843,0.726259633327754,0.577211531608097,0.150686626084558,13.4523386674898,0.376238999425896,"calcite_flush_3","TEsd2",1278
