"","curr_inflow_rate","curr_diffusion_coef","curr_porosity","curr_gypsum_rate_constant","curr_calcite_rate_constant","curr_gypsum_surface_area","curr_calcite_surface_area","dfn_volume","output_var","sobol_type","boot_num"
"1",1.59118512724675,0.0166626295991295,-0.000717700332847791,0.126014463778859,0.0330364902470061,0.0745804794464775,-0.0151219325743232,0.328428801610066,"calcite_flush_1","FOmean",2018
"2",2.05225867527053,0.217083462293488,0.207516857781375,0.361333091008625,0.267449946106974,0.239230152101476,0.277170896899821,0.627105858099104,"calcite_flush_1","TEmean",2018
"3",1,1,1,1,1,1,1,1,"calcite_flush_1","FOsd2",2018
"4",8.25272525658366e-44,3.95319244650138e-44,2.23135945413231e-44,3.93082576183616e-44,4.6073181943895e-44,3.24940775572522e-44,2.77973480978645e-44,3.33126344691848e-43,"calcite_flush_1","TEsd2",2018
