"","curr_inflow_rate","curr_diffusion_coef","curr_porosity","curr_gypsum_rate_constant","curr_calcite_rate_constant","curr_gypsum_surface_area","curr_calcite_surface_area","dfn_volume","output_var","sobol_type","boot_num"
"1",0.0301239744899042,0.00773542342575704,0.00473387799723655,0.00612712643175929,-0.00573263191309878,-0.000550669568516175,0.00378679541723499,-0.00586735765471494,"calcite_flush_6","FOmean",826
"2",0.0419424008418157,0.00312089357677963,0.0143801736722596,0.00570463461215082,0.00531973713961514,0.00425292867712941,0.00306967491561293,0.0173507847995815,"calcite_flush_6","TEmean",826
"3",0.999865835435882,0.999936197482222,0.999941685121224,0.999920053391104,0.999881770827745,0.999944725768854,0.999929813811883,0.999919711206629,"calcite_flush_6","FOsd2",826
"4",0.000102164226661072,2.2009431148952e-05,1.84002908147902e-05,4.61849796250278e-05,7.49447371160521e-05,1.61273150325467e-05,2.22746901043967e-05,4.11046333493849e-05,"calcite_flush_6","TEsd2",826
