"","curr_inflow_rate","curr_diffusion_coef","curr_porosity","curr_gypsum_rate_constant","curr_calcite_rate_constant","curr_gypsum_surface_area","curr_calcite_surface_area","dfn_volume","output_var","sobol_type","boot_num"
"1",0.106048815655546,-0.00315875433833989,-0.000937717165729855,-0.00381756025486031,0.0043691875192736,-0.0024704237297007,0.000102680207694796,-0.00257625718065522,"calcite_flush_4","FOmean",817
"2",0.146582152681586,0.00488254228317741,0.00550443540373333,0.0054496329903914,0.01638259722758,0.00691370787197883,0.00663998536124366,0.028766711218606,"calcite_flush_4","TEmean",817
"3",0.999682382674847,0.999676818389679,0.99966992733343,0.999645209732284,0.999610790708942,0.999633158065975,0.999625037167814,0.999684545851216,"calcite_flush_4","FOsd2",817
"4",0.000142171673341034,8.46549992329798e-05,8.89595584438296e-05,5.46364268110444e-05,7.88529433094671e-05,6.09557145638167e-05,5.16311834474057e-05,0.000123154285673765,"calcite_flush_4","TEsd2",817
