"","curr_inflow_rate","curr_diffusion_coef","curr_porosity","curr_gypsum_rate_constant","curr_calcite_rate_constant","curr_gypsum_surface_area","curr_calcite_surface_area","dfn_volume","output_var","sobol_type","boot_num"
"1",0.201825381254982,-0.00118997912138125,-0.000180602196100232,0.00384633737822487,0.00968138419404002,-0.00016053202477575,0.00281038052359744,0.00205461847355765,"calcite_flush_3","FOmean",557
"2",0.204890387502942,0.00208889402890629,0.00224352670900509,0.00371531969567004,0.011754309362397,0.00165268115528854,0.00932925399920737,0.00969408856531039,"calcite_flush_3","TEmean",557
"3",0.630984226333822,-2.01186869305527,-0.783619939183857,0.11937048026712,-3.1689625399883,0.0894403289408811,0.649257321960011,-1.29407661618761,"calcite_flush_3","FOsd2",557
"4",1.62360736420368,0.904297991676432,1.31146459775228,1.06872295126938,4.95995326410484,0.534841743682095,1.5296234033321,1.47526311530987,"calcite_flush_3","TEsd2",557
