"","curr_inflow_rate","curr_diffusion_coef","curr_porosity","curr_gypsum_rate_constant","curr_calcite_rate_constant","curr_gypsum_surface_area","curr_calcite_surface_area","dfn_volume","output_var","sobol_type","boot_num"
"1",0.122919652503712,0.00037870283597125,-0.000126733263817226,0.00359371430189894,-0.000557027201206204,0.00431133536552524,0.000448643558903927,0.00107410992378894,"calcite_flush_4","FOmean",1083
"2",0.15631159218653,0.00425873984774134,0.00635228280579574,0.00503301427913294,0.00779780587729079,0.0043877539215285,0.00576600650002945,0.0317559077064054,"calcite_flush_4","TEmean",1083
"3",0.999576589465148,0.999702014515596,0.999684805767293,0.999666498187379,0.99965597765203,0.999610146431973,0.999608788938126,0.999733166140533,"calcite_flush_4","FOsd2",1083
"4",0.000140125936011081,0.000138176852918835,0.000114453110418653,9.95022764887574e-05,0.000153244765713636,0.000106054369335849,8.04893126766839e-05,0.000190723799232621,"calcite_flush_4","TEsd2",1083
