"","curr_inflow_rate","curr_diffusion_coef","curr_porosity","curr_gypsum_rate_constant","curr_calcite_rate_constant","curr_gypsum_surface_area","curr_calcite_surface_area","dfn_volume","output_var","sobol_type","boot_num"
"1",0.0245448209675277,0.000767927423481842,0.00240647742430328,-0.000235559195012338,-0.00417960424430409,-0.000635092859131498,0.000573784533268824,0.00175675032802819,"calcite_flush_6","FOmean",1540
"2",0.0455089779786602,0.00284214771604737,0.0124567411282885,0.00431183968769445,0.00378096504961443,0.00276132445196001,0.00347796288217501,0.0212649609226351,"calcite_flush_6","TEmean",1540
"3",0.999956492448199,0.999941362323227,0.99995441802844,0.999902869733864,0.999956168037777,0.999954524294386,0.999953543001481,0.99995137975571,"calcite_flush_6","FOsd2",1540
"4",1.28910454115848e-05,9.89997871878679e-06,8.09116286923375e-06,6.08831357225921e-05,2.02111023158695e-05,7.07381832754052e-06,1.63145412047627e-05,2.28386386053124e-05,"calcite_flush_6","TEsd2",1540
