"","curr_inflow_rate","curr_diffusion_coef","curr_porosity","curr_gypsum_rate_constant","curr_calcite_rate_constant","curr_gypsum_surface_area","curr_calcite_surface_area","dfn_volume","output_var","sobol_type","boot_num"
"1",0.102881499837637,0.0033297450693581,0.00190132870011285,0.00486406187868262,-0.00244182832013027,-0.00121648455525814,0.00285650854341199,0.00578535500237007,"calcite_flush_5","FOmean",419
"2",0.129545679675221,0.00375217378932785,0.00956458777426944,0.00701866372231227,0.00618533350909256,0.00369686707432274,0.00530287449356282,0.0254493353156818,"calcite_flush_5","TEmean",419
"3",0.999415238391338,0.999551369730907,0.999218103705967,0.999398938392591,0.999545477936064,0.999233862500835,0.999421957732235,0.999509205264722,"calcite_flush_5","FOsd2",419
"4",0.00018238624073399,0.000250149053718139,0.000439326375679908,0.000483738053122512,0.000253646735073973,0.000101546557342243,0.000182687892482258,0.000208190920950097,"calcite_flush_5","TEsd2",419
