"","curr_inflow_rate","curr_diffusion_coef","curr_porosity","curr_gypsum_rate_constant","curr_calcite_rate_constant","curr_gypsum_surface_area","curr_calcite_surface_area","dfn_volume","output_var","sobol_type","boot_num"
"1",0.0671410650320431,0.0051678748251279,-0.000253230493143149,0.000690863661400999,0.00255350761865953,0.00150116010761838,-0.000686786227764463,-0.00394694680385827,"calcite_flush_5","FOmean",1735
"2",0.107878747450884,0.00517211157928567,0.00853998484152952,0.00467086315907385,0.00464853634984102,0.00369438959035764,0.00306148207112495,0.0342121286471066,"calcite_flush_5","TEmean",1735
"3",0.999436356600596,0.999493272523607,0.99961832976812,0.999561218740568,0.999536703005353,0.999461857017538,0.999518231094556,0.999607646844039,"calcite_flush_5","FOsd2",1735
"4",0.000135618820309168,0.000106532988897382,0.00025722808150666,0.000170130518245171,0.000105538324336893,0.000165465320866192,0.000137386720399924,0.000149539653096701,"calcite_flush_5","TEsd2",1735
