"","curr_inflow_rate","curr_diffusion_coef","curr_porosity","curr_gypsum_rate_constant","curr_calcite_rate_constant","curr_gypsum_surface_area","curr_calcite_surface_area","dfn_volume","output_var","sobol_type","boot_num"
"1",0.303470281420762,0.000848441087034227,0.000991392159024669,0.00601246025398602,0.0145409783039023,0.00981834156618479,-0.000613458971878438,-0.000740557370022837,"calcite_flush_3","FOmean",18
"2",0.324210441082759,0.00269638842419914,0.00382410755181145,0.00414812245122658,0.0298081953231279,0.00736585437909105,0.00705293042980943,0.0172600800710973,"calcite_flush_3","TEmean",18
"3",0.959749693329925,0.959681886005092,0.939700003608223,0.948844330487992,0.952081644000116,0.958019726460763,0.942479640209376,0.94014154518194,"calcite_flush_3","FOsd2",18
"4",0.0217111442644747,0.020233669553986,0.0185624941682092,0.0125954380210198,0.00979001124974392,0.0193440621846136,0.00640949596869219,0.0494589030869201,"calcite_flush_3","TEsd2",18
