"","curr_inflow_rate","curr_diffusion_coef","curr_porosity","curr_gypsum_rate_constant","curr_calcite_rate_constant","curr_gypsum_surface_area","curr_calcite_surface_area","dfn_volume","output_var","sobol_type","boot_num"
"1",0.109654474646442,0.00170443730027446,-0.00185777555029798,0.000943100801124102,0.00835641414711467,0.00173065796984166,9.33394745070238e-05,-0.00229761806059962,"calcite_flush_4","FOmean",1783
"2",0.147080192247482,0.00573516201050974,0.005340864452495,0.00530341435941233,0.00920485756958072,0.00354567094644386,0.004799111658168,0.0298336435297763,"calcite_flush_4","TEmean",1783
"3",0.999737000830157,0.99966002348322,0.999699500184399,0.999727412935341,0.999709324724525,0.999699791094128,0.999666276738251,0.999656232031643,"calcite_flush_4","FOsd2",1783
"4",0.000144417634053062,0.000106726502185577,0.00012386640321346,6.97830508861182e-05,7.45388592157243e-05,5.72294173574322e-05,9.481222510504e-05,7.82544593599979e-05,"calcite_flush_4","TEsd2",1783
