"","curr_inflow_rate","curr_diffusion_coef","curr_porosity","curr_gypsum_rate_constant","curr_calcite_rate_constant","curr_gypsum_surface_area","curr_calcite_surface_area","dfn_volume","output_var","sobol_type","boot_num"
"1",0.337441019285773,-0.00529930969784988,0.000543914971711061,-0.0021239228835878,0.0117452078726592,0.00192672897246707,0.0158195767858428,0.00091143257153684,"calcite_flush_3","FOmean",1796
"2",0.363383611569341,0.00345880606839277,0.00470735048479457,0.00458627293642876,0.0147925174866776,0.00292178002162807,0.0173485707313125,0.0149008446405826,"calcite_flush_3","TEmean",1796
"3",-8.27864341187938,-116.778506949179,-5.63722971892766,-18.1056826870533,-21.6764894440376,-14.2944662468808,-85.189330570916,-130.146931779807,"calcite_flush_3","FOsd2",1796
"4",9.89529354961589,99.6181589308016,16.0476459003926,6.75817660088407,9.2753741919603,4.69586194457632,43.1516445571728,82.5855693067611,"calcite_flush_3","TEsd2",1796
