"","curr_inflow_rate","curr_diffusion_coef","curr_porosity","curr_gypsum_rate_constant","curr_calcite_rate_constant","curr_gypsum_surface_area","curr_calcite_surface_area","dfn_volume","output_var","sobol_type","boot_num"
"1",0.423706197911243,-0.0872047388471885,0.0497016313712601,0.145398080327679,0.0350692767324809,-0.000731473913771996,-0.0125656931851901,0.025730921010409,"calcite_flush_1","FOmean",1766
"2",1.16350646889928,0.450470207439286,0.358664726027854,0.817286598189556,0.436328947797137,0.244859109008726,0.379974080419978,0.448214626364209,"calcite_flush_1","TEmean",1766
"3",1,1,1,1,1,1,1,1,"calcite_flush_1","FOsd2",1766
"4",4.67256056350777e-24,4.45124577136253e-24,3.22962886274293e-24,4.00862622623582e-24,3.27754647429856e-24,3.09107677571951e-24,2.9505767070422e-24,3.91412397345119e-24,"calcite_flush_1","TEsd2",1766
