"","curr_inflow_rate","curr_diffusion_coef","curr_porosity","curr_gypsum_rate_constant","curr_calcite_rate_constant","curr_gypsum_surface_area","curr_calcite_surface_area","dfn_volume","output_var","sobol_type","boot_num"
"1",0.102460942278874,-0.00121700411934556,-0.00028401976290415,0.00285139010374278,-0.000918394439968877,0.00435540322304845,-0.000336609617674783,-0.0107859720227494,"calcite_flush_4","FOmean",1608
"2",0.131887338779209,0.00543321853149464,0.00467303462644352,0.00564715581881783,0.00666123028361232,0.0050720024141141,0.00599051696399559,0.0326948878280897,"calcite_flush_4","TEmean",1608
"3",0.999689629620497,0.999669712606293,0.999629692283917,0.999616251403464,0.999640308705561,0.999601933886512,0.999630817054831,0.999654153230726,"calcite_flush_4","FOsd2",1608
"4",0.000209062947464619,7.38292074604996e-05,0.000112473238037809,9.13182652802258e-05,0.000118929051571134,8.09059669256169e-05,7.60253980179697e-05,0.000131670417339391,"calcite_flush_4","TEsd2",1608
