"","curr_inflow_rate","curr_diffusion_coef","curr_porosity","curr_gypsum_rate_constant","curr_calcite_rate_constant","curr_gypsum_surface_area","curr_calcite_surface_area","dfn_volume","output_var","sobol_type","boot_num"
"1",0.0667517548893555,0.000165932165018456,0.00156426435617873,0.0021835202259802,0.00416876072239589,0.000959254676013291,0.00407955855180522,0.004586081512198,"calcite_flush_2","FOmean",948
"2",0.0790475188932324,0.00114440158898812,0.00120529499478262,0.00803300503410623,0.00772687120255401,0.00204665882222661,0.00650496404147505,0.00836659002492973,"calcite_flush_2","TEmean",948
"3",0.594073303204024,0.51565324652681,0.569191327733035,0.402838175128917,0.540485219586736,0.533413706410325,0.52996112535671,0.545500643053624,"calcite_flush_2","FOsd2",948
"4",0.0983140873409236,0.0298731815977544,0.0730594831187967,0.112683141903609,0.090097436685102,0.0569660438786238,0.0618478856800756,0.0308724756179045,"calcite_flush_2","TEsd2",948
