"","curr_inflow_rate","curr_diffusion_coef","curr_porosity","curr_gypsum_rate_constant","curr_calcite_rate_constant","curr_gypsum_surface_area","curr_calcite_surface_area","dfn_volume","output_var","sobol_type","boot_num"
"1",0.288753185217207,0.0016531343358471,0.00350003412354097,0.00146471822827768,0.0262649035086065,-0.00219099611480103,-0.0013250131394485,-0.00401926804430159,"calcite_flush_3","FOmean",746
"2",0.312594702468927,0.00323395123776113,0.002421873446997,0.00409499258602963,0.0253894340646723,0.00462535739362196,0.00591212625493809,0.0139639307911512,"calcite_flush_3","TEmean",746
"3",0.885253547409246,0.948866003354595,0.951707578808819,0.959348718069252,0.957316814963552,0.958962523453911,0.957121124304209,0.955725643672296,"calcite_flush_3","FOsd2",746
"4",0.0655460832724559,0.0102757628249599,0.00769489660304949,0.0197153550294591,0.00966249621765785,0.0195437083921532,0.0226980481112017,0.0106053128775633,"calcite_flush_3","TEsd2",746
