"","curr_inflow_rate","curr_diffusion_coef","curr_porosity","curr_gypsum_rate_constant","curr_calcite_rate_constant","curr_gypsum_surface_area","curr_calcite_surface_area","dfn_volume","output_var","sobol_type","boot_num"
"1",0.557535051169761,0.103711811645311,0.145782820639937,-0.014745963948923,0.0612446154464259,0.116325637269923,-0.0160882435377941,0.0449245485351887,"calcite_flush_0","FOmean",1170
"2",1.34517911656786,1.0700294600112,0.672606914774321,0.560788416826666,0.416450512930317,0.548927663769091,0.759819016855574,0.493381035343819,"calcite_flush_0","TEmean",1170
"3",1,1,1,1,1,1,1,1,"calcite_flush_0","FOsd2",1170
"4",4.4060807782947e-25,6.84162275534506e-25,5.14805530416405e-25,4.80612399532123e-25,4.07878623184135e-25,7.71856070436224e-25,5.00248441353742e-25,1.94643448196304e-25,"calcite_flush_0","TEsd2",1170
