"","curr_inflow_rate","curr_diffusion_coef","curr_porosity","curr_gypsum_rate_constant","curr_calcite_rate_constant","curr_gypsum_surface_area","curr_calcite_surface_area","dfn_volume","output_var","sobol_type","boot_num"
"1",0.309842251001533,-0.0017061840300821,-0.0026557411671476,0.00505116550757834,0.0104260355143681,0.00538415954771651,0.010801786362406,0.00209924252970772,"calcite_flush_3","FOmean",1131
"2",0.327208838879302,0.00468349157683843,0.00375585325351678,0.0123811533860812,0.0261020779948878,0.00523778322698209,0.0156188819363751,0.0144005362202555,"calcite_flush_3","TEmean",1131
"3",-8.13525834611407,-63.6598926621065,-39.3838348637723,-10.627322549448,-23.6473525050297,-8.33676700829344,-9.67997453704892,-81.489980911478,"calcite_flush_3","FOsd2",1131
"4",62.9301766141243,1.53364286764617,94.1258402460712,67.7034396908921,11.1567293558434,36.0484112336228,63.7306486975078,4.07042332467338,"calcite_flush_3","TEsd2",1131
