"","curr_inflow_rate","curr_diffusion_coef","curr_porosity","curr_gypsum_rate_constant","curr_calcite_rate_constant","curr_gypsum_surface_area","curr_calcite_surface_area","dfn_volume","output_var","sobol_type","boot_num"
"1",0.232656828916449,0.00133815636893548,-0.000788258083044643,0.00183974645549121,0.0163011420195733,-0.00308833238639362,-0.000224853956014083,0.00459215170236301,"calcite_flush_3","FOmean",690
"2",0.246911836543483,0.00274165233674642,0.00224273953464373,0.00728339129208421,0.0184509902062542,0.00280821676856481,0.0077703740195426,0.0124562834130768,"calcite_flush_3","TEmean",690
"3",-14.36462912968,-11.833516199661,-11.4486019985153,-11.7677617180782,-11.4923118027076,-11.6471988329119,-12.9493198908907,-13.1950504363009,"calcite_flush_3","FOsd2",690
"4",1.80421207530847,0.534821025680576,0.386206298107025,0.773593219170098,0.34153324407042,0.218760590980678,1.64268748941123,1.97274353369586,"calcite_flush_3","TEsd2",690
