"","curr_inflow_rate","curr_diffusion_coef","curr_porosity","curr_gypsum_rate_constant","curr_calcite_rate_constant","curr_gypsum_surface_area","curr_calcite_surface_area","dfn_volume","output_var","sobol_type","boot_num"
"1",0.0322569773110545,-0.00130785157511014,0.012432885741464,0.00134097764829459,-0.0024074442923851,-0.0023502687247719,-0.000415851274119806,-0.00751867711853463,"calcite_flush_6","FOmean",364
"2",0.0492383827094323,0.0029961410801389,0.0106224509385065,0.00766600630152867,0.00412104325261245,0.0032441987891605,0.00334124419222755,0.0206574196009265,"calcite_flush_6","TEmean",364
"3",0.999885591132405,0.999936070406691,0.999908283674629,0.99994289933566,0.999942259511414,0.999940989940134,0.999949418082837,0.999911345999274,"calcite_flush_6","FOsd2",364
"4",5.66872943120244e-05,1.0728577181781e-05,2.54477392251451e-05,2.35114411539688e-05,2.63470020481967e-05,1.58638605820539e-05,3.25235677372999e-05,6.04249920266456e-05,"calcite_flush_6","TEsd2",364
