"","curr_inflow_rate","curr_diffusion_coef","curr_porosity","curr_gypsum_rate_constant","curr_calcite_rate_constant","curr_gypsum_surface_area","curr_calcite_surface_area","dfn_volume","output_var","sobol_type","boot_num"
"1",0.0229134313173154,-0.00419359160092683,0.0153304806187897,0.00256559338447749,-0.00362457661195111,-0.00297643998277477,0.00145717741141216,-0.00170017332669673,"calcite_flush_6","FOmean",448
"2",0.0405533767855718,0.00337194168720369,0.0150280286917886,0.00490269700729202,0.0033792495709615,0.00260131745382232,0.00334550809686296,0.0173005583989864,"calcite_flush_6","TEmean",448
"3",0.999877413213242,0.999877227052615,0.999877315431945,0.999891805794653,0.999871693548089,0.999884496108767,0.999870665483129,0.999861207166958,"calcite_flush_6","FOsd2",448
"4",2.6468146665972e-05,8.6125378648749e-06,9.93727685962499e-06,1.52295838391603e-05,2.80946470290562e-05,1.39579824136018e-05,2.04519929280606e-05,5.59308392664663e-05,"calcite_flush_6","TEsd2",448
