"","curr_inflow_rate","curr_diffusion_coef","curr_porosity","curr_gypsum_rate_constant","curr_calcite_rate_constant","curr_gypsum_surface_area","curr_calcite_surface_area","dfn_volume","output_var","sobol_type","boot_num"
"1",0.102853929456631,0.00584404517480409,0.00303916180244624,0.00398561999124027,-0.00174508968769894,0.00856538177287043,0.00920081002094692,0.0107095125864036,"calcite_flush_5","FOmean",1119
"2",0.118374236313355,0.00523489896700679,0.00594892430724994,0.00483131710018341,0.00631885143286918,0.00407942745462652,0.00518248826031445,0.0263720872331322,"calcite_flush_5","TEmean",1119
"3",0.9994251589105,0.999419091592427,0.999553137870982,0.999467154606215,0.99932058289631,0.999407536320336,0.999402096858512,0.999243701065737,"calcite_flush_5","FOsd2",1119
"4",0.000120899831846275,0.000109680947659594,0.000203640093555654,0.000169311267320414,0.00026144593208915,9.27778525397914e-05,0.000120810666178455,0.000117123046928383,"calcite_flush_5","TEsd2",1119
