"","curr_inflow_rate","curr_diffusion_coef","curr_porosity","curr_gypsum_rate_constant","curr_calcite_rate_constant","curr_gypsum_surface_area","curr_calcite_surface_area","dfn_volume","output_var","sobol_type","boot_num"
"1",0.0289731436123974,-0.00251551304744635,0.00758787950203227,0.000843211871549458,0.00662105562529835,-0.00361538224676388,0.00279526062632168,0.0144410759132202,"calcite_flush_6","FOmean",14
"2",0.0417832862751229,0.00359724723182009,0.0114172448552474,0.0042037149759851,0.00399594707376303,0.00282544949188297,0.00263620178456185,0.0157631943041537,"calcite_flush_6","TEmean",14
"3",0.999897274657462,0.999891441433725,0.99991350665884,0.999914385630582,0.999907410272331,0.99989084817914,0.999916144579603,0.999923394734216,"calcite_flush_6","FOsd2",14
"4",4.73181556361087e-05,3.79145433413139e-05,1.96449041784165e-05,2.24272606861076e-05,3.68933409396548e-05,3.38384053886027e-05,3.4351166269002e-05,2.11157512210743e-05,"calcite_flush_6","TEsd2",14
