"","curr_inflow_rate","curr_diffusion_coef","curr_porosity","curr_gypsum_rate_constant","curr_calcite_rate_constant","curr_gypsum_surface_area","curr_calcite_surface_area","dfn_volume","output_var","sobol_type","boot_num"
"1",0.07585865062615,-0.00141562496374019,-0.000336156769488255,0.0023027155442357,0.00192671579098431,-0.000335387234866528,0.000400598697177537,0.00320052939284884,"calcite_flush_2","FOmean",129
"2",0.0898880075949352,0.00117244444325673,0.00109065394243013,0.0060261483979516,0.00726879116151725,0.00192285648462685,0.00488605466207604,0.00629263222387225,"calcite_flush_2","TEmean",129
"3",0.523450267804513,0.018591504842034,0.466351131285125,-2.14878735194455,0.563478904983706,-2.71447571524081,-0.477377757284975,0.0790138202421362,"calcite_flush_2","FOsd2",129
"4",0.478122748903586,0.22478506135394,0.24223869794262,2.32886057271002,0.205124390515577,2.88641657676013,1.30700435096509,0.411322661304299,"calcite_flush_2","TEsd2",129
