"","curr_inflow_rate","curr_diffusion_coef","curr_porosity","curr_gypsum_rate_constant","curr_calcite_rate_constant","curr_gypsum_surface_area","curr_calcite_surface_area","dfn_volume","output_var","sobol_type","boot_num"
"1",0.109900991390194,0.00120565457729701,3.232485568499e-05,-0.000784278313126641,0.00478311484284589,-0.00198803915202686,-0.000501251625554163,0.00983167649852402,"calcite_flush_4","FOmean",2021
"2",0.135249178344278,0.00526710212690278,0.00466853161336954,0.00420650944225284,0.00854822119702303,0.00315806569595996,0.00658393044906321,0.030583043759344,"calcite_flush_4","TEmean",2021
"3",0.999765268478799,0.999771844109431,0.999766824109017,0.99973721852498,0.999496104493455,0.999759793883142,0.999748407672953,0.999702775817302,"calcite_flush_4","FOsd2",2021
"4",0.000100601435328133,4.67247018527874e-05,7.75324171994048e-05,6.45405308114945e-05,0.000245832584489952,5.07475936584555e-05,5.05093545309507e-05,0.000111810168345053,"calcite_flush_4","TEsd2",2021
