"","curr_inflow_rate","curr_diffusion_coef","curr_porosity","curr_gypsum_rate_constant","curr_calcite_rate_constant","curr_gypsum_surface_area","curr_calcite_surface_area","dfn_volume","output_var","sobol_type","boot_num"
"1",0.0927222451739936,0.000526261136185405,-0.00581260531085121,0.00368709192955968,-0.00279711014518663,0.00282076004784084,-6.48414597574882e-06,-0.00283928948469511,"calcite_flush_4","FOmean",481
"2",0.132409542572192,0.00555190657784854,0.00502202998859237,0.00643318988664209,0.00858681590901555,0.00695666675860521,0.00611965744045437,0.0290060403620822,"calcite_flush_4","TEmean",481
"3",0.999788826066546,0.999776987109642,0.999759510668914,0.999772608069989,0.999775943579802,0.999782534200143,0.999789761298389,0.999755192404395,"calcite_flush_4","FOsd2",481
"4",8.25486160534256e-05,8.09123644939257e-05,6.51078246065516e-05,4.34622310057117e-05,7.78468990792528e-05,5.6946421103517e-05,6.00833892902681e-05,8.40421665939967e-05,"calcite_flush_4","TEsd2",481
