"","curr_inflow_rate","curr_diffusion_coef","curr_porosity","curr_gypsum_rate_constant","curr_calcite_rate_constant","curr_gypsum_surface_area","curr_calcite_surface_area","dfn_volume","output_var","sobol_type","boot_num"
"1",0.282184684733394,-0.000763047694591479,0.000930892024124377,0.00990442992749093,0.01092340223371,0.0037586931579818,0.0016733027511839,0.00892047745321132,"calcite_flush_3","FOmean",32
"2",0.299407659724569,0.00290311714717753,0.00304501045209181,0.0105537317621816,0.0199908906063361,0.00446240963065097,0.00980355535748859,0.0164688654532221,"calcite_flush_3","TEmean",32
"3",0.179210651363213,0.431229657860453,0.578067552606002,0.549572986994674,0.444889851358251,0.440997921840281,0.613888819287994,-0.265122512029433,"calcite_flush_3","FOsd2",32
"4",0.398618238000559,0.113272711115715,0.289092661820965,0.203167826810628,0.178649992162187,0.093396619976593,0.0666502716627825,1.01069860633874,"calcite_flush_3","TEsd2",32
