"","curr_inflow_rate","curr_diffusion_coef","curr_porosity","curr_gypsum_rate_constant","curr_calcite_rate_constant","curr_gypsum_surface_area","curr_calcite_surface_area","dfn_volume","output_var","sobol_type","boot_num"
"1",0.0556910823825941,0.00248851432372446,0.0028756384898601,-0.00162613087107867,-0.00570206001848899,-0.00545470424510886,0.00330034875851397,-0.00532845280783526,"calcite_flush_5","FOmean",1427
"2",0.10589587320731,0.00506365928335242,0.0109878993019947,0.00375324693545224,0.00519776068521616,0.00286136819678425,0.00453112953561318,0.0328718565477813,"calcite_flush_5","TEmean",1427
"3",0.999004478462691,0.998863926887753,0.998357412873117,0.998777340188936,0.999458154798186,0.999252906457585,0.999400599084628,0.999271606258094,"calcite_flush_5","FOsd2",1427
"4",0.000158156183382986,0.000112964325519799,0.000293950126079765,0.00016651511849445,0.000543224829800359,0.000401986941528559,0.000745776637677415,0.000875663647235045,"calcite_flush_5","TEsd2",1427
