"","curr_inflow_rate","curr_diffusion_coef","curr_porosity","curr_gypsum_rate_constant","curr_calcite_rate_constant","curr_gypsum_surface_area","curr_calcite_surface_area","dfn_volume","output_var","sobol_type","boot_num"
"1",0.554173604344995,0.0231654755026648,-0.0508747214583949,0.0424861005389056,0.020068532941005,0.121896476140115,0.250780518649251,0.0556860734643236,"calcite_flush_0","FOmean",162
"2",1.07870805730934,0.162247622490695,0.204613329548515,0.283191967233064,0.143243166202832,0.399232050333323,0.481887595760476,0.312578854948264,"calcite_flush_0","TEmean",162
"3",1,1,1,1,1,1,1,1,"calcite_flush_0","FOsd2",162
"4",1.06701129648609e-26,9.21274345880875e-27,6.03277298247214e-27,2.51957982022792e-27,4.80463537364493e-27,6.57780863738677e-27,8.20300847757685e-27,1.62857210803012e-26,"calcite_flush_0","TEsd2",162
