"","curr_inflow_rate","curr_diffusion_coef","curr_porosity","curr_gypsum_rate_constant","curr_calcite_rate_constant","curr_gypsum_surface_area","curr_calcite_surface_area","dfn_volume","output_var","sobol_type","boot_num"
"1",1.59817887465702,0.0187978157105611,0.119980648448888,0.329569377204022,-0.00688040393744658,0.0489683353196861,0.381004239950981,0.293063151223249,"calcite_flush_1","FOmean",2025
"2",2.34998455891303,0.393910274413898,0.343378766862883,0.944653236058581,0.273976395184382,0.169600221379262,0.544163047688827,0.990772688414771,"calcite_flush_1","TEmean",2025
"3",1,1,1,1,1,1,1,1,"calcite_flush_1","FOsd2",2025
"4",2.62842525049263e-32,1.83417229163761e-32,1.28018960831435e-32,2.72001785542069e-32,3.67739266809087e-32,2.50715757900885e-32,1.42172425477362e-32,1.67021668262148e-32,"calcite_flush_1","TEsd2",2025
