"","curr_inflow_rate","curr_diffusion_coef","curr_porosity","curr_gypsum_rate_constant","curr_calcite_rate_constant","curr_gypsum_surface_area","curr_calcite_surface_area","dfn_volume","output_var","sobol_type","boot_num"
"1",0.0491381925027193,-0.00209402792798424,0.0169136388235869,0.000886330299680927,0.00590560388525186,-0.00268644836842069,0.00701753153775269,0.00670182404045547,"calcite_flush_6","FOmean",917
"2",0.054914434301148,0.00602570858210161,0.0182731853815274,0.0075881764023006,0.00350081677187181,0.00282816834473401,0.00398310802742637,0.0195681689561207,"calcite_flush_6","TEmean",917
"3",0.999926271893539,0.99990640097792,0.999927812843544,0.999931701156585,0.999905042724748,0.999884646533477,0.999899720421344,0.999898750287805,"calcite_flush_6","FOsd2",917
"4",3.75355917657604e-05,2.02118780351327e-05,2.07190452128542e-05,3.56865244004821e-05,3.67377093287755e-05,2.19948043272132e-05,3.03218730789119e-05,4.67517130301398e-05,"calcite_flush_6","TEsd2",917
