"","curr_inflow_rate","curr_diffusion_coef","curr_porosity","curr_gypsum_rate_constant","curr_calcite_rate_constant","curr_gypsum_surface_area","curr_calcite_surface_area","dfn_volume","output_var","sobol_type","boot_num"
"1",0.117093336682885,-0.00293396789998407,-0.00127328767384819,-0.00470659667860525,-0.00207921075876298,0.00240343996400835,0.0028105404114092,-0.0111151056617932,"calcite_flush_4","FOmean",971
"2",0.163497988190343,0.00422357963840205,0.00650784800398578,0.00580245448266122,0.00812758499710902,0.00335008349341456,0.00665854989032935,0.0276380076637429,"calcite_flush_4","TEmean",971
"3",0.999643060469851,0.999664337651017,0.999678032139521,0.999681159167348,0.999636901517796,0.999600504690036,0.999588267985445,0.99959038406231,"calcite_flush_4","FOsd2",971
"4",0.000135048483174752,0.000149559056778946,0.000113132458083598,0.000133982040557373,0.000111607831056082,5.31818665042417e-05,4.31320111966114e-05,0.000119822543403714,"calcite_flush_4","TEsd2",971
