"","curr_inflow_rate","curr_diffusion_coef","curr_porosity","curr_gypsum_rate_constant","curr_calcite_rate_constant","curr_gypsum_surface_area","curr_calcite_surface_area","dfn_volume","output_var","sobol_type","boot_num"
"1",0.0918758315088518,0.00384840844632876,0.00278871209181222,-0.000659261919313953,0.00717731285154294,0.00219248224478565,-0.000329105753027505,0.0060319050726124,"calcite_flush_5","FOmean",916
"2",0.117498984482299,0.00571121866928662,0.00788090598728112,0.00697192416999517,0.00597675365226215,0.00323689982027223,0.00407550283777059,0.0273963094938275,"calcite_flush_5","TEmean",916
"3",0.999191511885022,0.999445479342611,0.999188871353451,0.999307348707689,0.999412300045755,0.999491405859772,0.999240625962111,0.999363974418204,"calcite_flush_5","FOsd2",916
"4",0.000270668043327762,0.000228212852664279,0.000251869095695297,0.000481027984627948,0.000206714173975882,0.000117061229408143,0.000114199007121294,0.000299618346750222,"calcite_flush_5","TEsd2",916
