"","curr_inflow_rate","curr_diffusion_coef","curr_porosity","curr_gypsum_rate_constant","curr_calcite_rate_constant","curr_gypsum_surface_area","curr_calcite_surface_area","dfn_volume","output_var","sobol_type","boot_num"
"1",0.0971792608036811,0.00155363123579615,0.000369355457976817,0.0109232083288532,0.00125371473830158,0.000997849787123788,0.00770714209365338,0.00256334423431136,"calcite_flush_2","FOmean",1333
"2",0.112630327617935,0.00180521108641098,0.00134969879006452,0.0175370562035123,0.00776406698693109,0.00146517314285114,0.0107979994417552,0.00817037281401632,"calcite_flush_2","TEmean",1333
"3",-3787.43838468515,-17636.3313992888,-51530.3909375816,-9499.67415947596,-19167.3270195266,-11329.3718807542,-10865.0208137121,-4422.07258150617,"calcite_flush_2","FOsd2",1333
"4",8997.77768176296,1518.39664948605,54909.0110520942,4265.76027290255,4015.99546120635,1914.01252886749,12231.2216219239,4280.38968413477,"calcite_flush_2","TEsd2",1333
