"","curr_inflow_rate","curr_diffusion_coef","curr_porosity","curr_gypsum_rate_constant","curr_calcite_rate_constant","curr_gypsum_surface_area","curr_calcite_surface_area","dfn_volume","output_var","sobol_type","boot_num"
"1",0.121695381572603,0.0031121992089898,0.000566405758356572,-0.000510875200545653,-0.00367518669701746,-0.00064970681414858,-0.00460682649959244,-0.00536721968528884,"calcite_flush_4","FOmean",1076
"2",0.14958588868716,0.00562711987570422,0.00479774263306666,0.00437828311439111,0.00953507670307536,0.0034903366751995,0.00739433106394117,0.0289074354692549,"calcite_flush_4","TEmean",1076
"3",0.999668858272906,0.999690835975057,0.999690102032717,0.999682790476572,0.999693031921896,0.999635323678759,0.999671894240247,0.999642133345636,"calcite_flush_4","FOsd2",1076
"4",0.000166094205282619,8.47216273086835e-05,0.000155770296854262,8.67297751761901e-05,9.50350636211607e-05,0.00011841897553063,6.65366876952831e-05,0.000103637646605907,"calcite_flush_4","TEsd2",1076
