"","curr_inflow_rate","curr_diffusion_coef","curr_porosity","curr_gypsum_rate_constant","curr_calcite_rate_constant","curr_gypsum_surface_area","curr_calcite_surface_area","dfn_volume","output_var","sobol_type","boot_num"
"1",0.0285498485656124,0.0021533380900259,0.0104964452159522,5.11864572725806e-05,-0.00170362186557723,0.00217059176457586,-0.00177120996252328,-0.00104409085385506,"calcite_flush_6","FOmean",2051
"2",0.0567241033670081,0.00470148317593077,0.0146825926217547,0.00534234543995621,0.0041815990716144,0.00236870217619894,0.0024794524365779,0.0215961710133182,"calcite_flush_6","TEmean",2051
"3",0.999907910352262,0.999863163972421,0.999892515522324,0.999915042824193,0.999791411582642,0.999906431950839,0.99987988815374,0.999817259402278,"calcite_flush_6","FOsd2",2051
"4",9.4897332766349e-05,5.15611089687232e-05,5.96440331601062e-05,0.000141057825539521,0.00015225747895833,8.89572656919884e-05,4.85110135940922e-05,5.08204538573094e-05,"calcite_flush_6","TEsd2",2051
