"","curr_inflow_rate","curr_diffusion_coef","curr_porosity","curr_gypsum_rate_constant","curr_calcite_rate_constant","curr_gypsum_surface_area","curr_calcite_surface_area","dfn_volume","output_var","sobol_type","boot_num"
"1",0.129485244523306,-0.00231272899138688,0.00259327333742239,0.00906040746607333,0.00133778247130475,0.000337685668674889,0.00120606817776203,-0.00141596002586654,"calcite_flush_2","FOmean",458
"2",0.148961596131178,0.00317560152374994,0.00872221941993422,0.00797070566458669,0.0161663738717868,0.00439004797894556,0.00287109877937031,0.00831815009211651,"calcite_flush_2","TEmean",458
"3",-6.12576099854312,-9.60635979402983,-8.7742043315835,-6.16534516501442,-6.15495505140928,-6.52427469647149,-6.7594447902437,-6.26413523935582,"calcite_flush_2","FOsd2",458
"4",0.721807529900283,3.56975924961871,1.66237644022177,0.649093407457715,0.628231451701249,0.326611065930247,0.479650606163163,0.445339813478562,"calcite_flush_2","TEsd2",458
