"","curr_inflow_rate","curr_diffusion_coef","curr_porosity","curr_gypsum_rate_constant","curr_calcite_rate_constant","curr_gypsum_surface_area","curr_calcite_surface_area","dfn_volume","output_var","sobol_type","boot_num"
"1",0.0943189972828678,0.00775249695586344,0.00114861892344656,0.00146987571128569,-0.00399194414057308,0.00255290088183584,0.00350473106899997,0.0156952788298541,"calcite_flush_5","FOmean",1238
"2",0.12406946396546,0.00478363109452907,0.00635558614607031,0.00373817095881406,0.00454352924130811,0.00230585912286671,0.0039907771603581,0.0334279750170602,"calcite_flush_5","TEmean",1238
"3",0.999715083507258,0.99967857687528,0.99971244342022,0.999669801251102,0.999710595022934,0.99970389935193,0.99972579209409,0.99967564140471,"calcite_flush_5","FOsd2",1238
"4",7.24475297333636e-05,3.18423533586131e-05,6.21535143863572e-05,7.2036452582438e-05,5.76028370821843e-05,2.98587828819452e-05,4.15096151766425e-05,6.82587229942966e-05,"calcite_flush_5","TEsd2",1238
