"","curr_inflow_rate","curr_diffusion_coef","curr_porosity","curr_gypsum_rate_constant","curr_calcite_rate_constant","curr_gypsum_surface_area","curr_calcite_surface_area","dfn_volume","output_var","sobol_type","boot_num"
"1",0.294731101283794,0.000794237118866312,0.0027749960228798,0.00259816317566069,0.0178616203183135,0.00247924344872347,0.00306277012739855,0.00646184071689533,"calcite_flush_3","FOmean",550
"2",0.320599797274711,0.00296162181490591,0.00368215051574991,0.00358938165013478,0.0346599803412154,0.00523529943829598,0.0184325383043428,0.0123553279301497,"calcite_flush_3","TEmean",550
"3",0.487879732877486,0.492173276724874,0.463510423233611,0.445030422765844,0.456370993669613,0.510600802012605,0.369748935933342,0.479146245834821,"calcite_flush_3","FOsd2",550
"4",0.0896763446890355,0.0449663620790252,0.0252241795602428,0.0569344740711335,0.0406703921273432,0.0427932404823502,0.193103043852894,0.0389862026584771,"calcite_flush_3","TEsd2",550
