"","curr_inflow_rate","curr_diffusion_coef","curr_porosity","curr_gypsum_rate_constant","curr_calcite_rate_constant","curr_gypsum_surface_area","curr_calcite_surface_area","dfn_volume","output_var","sobol_type","boot_num"
"1",0.0202715332138195,0.000788111287557505,0.00797213261608582,0.00361957748370102,-0.00636325791295475,0.00042666111640352,-0.000949554513558979,0.00591349568497144,"calcite_flush_6","FOmean",840
"2",0.0474671332964618,0.00351576468198515,0.0188884717681617,0.0071817136202882,0.00420181466484411,0.00268333876186358,0.00245700062402602,0.019805615920753,"calcite_flush_6","TEmean",840
"3",0.999872284251185,0.999860467143376,0.999827955871957,0.999850017372839,0.999882721690275,0.999682013167038,0.999864474863587,0.999828735759527,"calcite_flush_6","FOsd2",840
"4",7.00186941265085e-05,4.74855111719472e-05,3.87326368555261e-05,6.34816539921579e-05,8.11577355457025e-05,0.000106228181702384,4.62365849281755e-05,3.61019704898865e-05,"calcite_flush_6","TEsd2",840
