"","curr_inflow_rate","curr_diffusion_coef","curr_porosity","curr_gypsum_rate_constant","curr_calcite_rate_constant","curr_gypsum_surface_area","curr_calcite_surface_area","dfn_volume","output_var","sobol_type","boot_num"
"1",0.334375769089648,0.00195542466222483,0.00152083038775317,0.00417331964425647,0.0183590111635496,0.00308967587323242,0.00515790752865947,-0.00911079770348338,"calcite_flush_3","FOmean",1194
"2",0.367064063097332,0.00604366850804805,0.00352788438911727,0.0051039963841923,0.0319863991148858,0.00808360903816507,0.0120463636259603,0.0200630734410758,"calcite_flush_3","TEmean",1194
"3",-1165.38371430531,-2112.42257768855,-9892.22471994281,-11647.8207722241,-2241.68188097851,-103432.822869993,-197382.481359636,-6669.16570435846,"calcite_flush_3","FOsd2",1194
"4",19245.6691603987,20773.8532706134,2207.96683040721,30282.1166229516,17936.9697221318,32598.6762498866,180023.080575534,4333.23439020402,"calcite_flush_3","TEsd2",1194
