"","curr_inflow_rate","curr_diffusion_coef","curr_porosity","curr_gypsum_rate_constant","curr_calcite_rate_constant","curr_gypsum_surface_area","curr_calcite_surface_area","dfn_volume","output_var","sobol_type","boot_num"
"1",0.0707468004565936,0.00136475972280637,0.00032598255634828,-0.00013067232740549,-0.0026674245195943,0.00121958244726986,0.000970037145870191,-0.00444445384328397,"calcite_flush_4","FOmean",1300
"2",0.124734932556206,0.00350062785197809,0.00426192457233816,0.0043716244611321,0.00627686046144213,0.00285431396420317,0.00524352702121574,0.0374896796287634,"calcite_flush_4","TEmean",1300
"3",0.999696603717257,0.999676804957825,0.999706979449592,0.999555444413682,0.999604548692135,0.999665127721984,0.999614874855815,0.99970711221654,"calcite_flush_4","FOsd2",1300
"4",0.000161005393322407,0.000109937446161191,0.000174836578185858,0.0002115666993219,0.000110363917731146,8.68676253705875e-05,8.43630829007166e-05,0.000213544421989992,"calcite_flush_4","TEsd2",1300
