"","curr_inflow_rate","curr_diffusion_coef","curr_porosity","curr_gypsum_rate_constant","curr_calcite_rate_constant","curr_gypsum_surface_area","curr_calcite_surface_area","dfn_volume","output_var","sobol_type","boot_num"
"1",0.905075486467203,0.0863582979467751,0.06417132975579,0.0336792645200721,0.0396425146920506,0.00493378500104326,0.0699835874915634,0.0678219889100603,"calcite_flush_0","FOmean",1695
"2",1.44681809344324,0.258374043237156,0.190462798225962,0.423963719945769,0.26223472287282,0.316861729809011,0.32711712174476,0.208193305359218,"calcite_flush_0","TEmean",1695
"3",1,1,1,1,1,1,1,1,"calcite_flush_0","FOsd2",1695
"4",8.47606008014313e-32,7.61350185060963e-32,1.01430850019259e-31,8.61937342595797e-32,1.00996720594731e-31,9.68918112637617e-32,9.69763058531032e-32,5.12459508713755e-32,"calcite_flush_0","TEsd2",1695
