"","curr_inflow_rate","curr_diffusion_coef","curr_porosity","curr_gypsum_rate_constant","curr_calcite_rate_constant","curr_gypsum_surface_area","curr_calcite_surface_area","dfn_volume","output_var","sobol_type","boot_num"
"1",0.273113274981583,0.00337440420098014,0.00265314916713783,0.00227437765246499,0.0175866495025653,0.00128951679272306,0.00558365174776494,-0.000305792529018213,"calcite_flush_3","FOmean",39
"2",0.300974092829325,0.00607204810621903,0.00459692040467922,0.00430505871571257,0.0124552438377795,0.00417112200053442,0.0123991115862206,0.0140379794121218,"calcite_flush_3","TEmean",39
"3",0.912905053551245,0.919597962500086,0.89303835617632,0.918551501901886,0.918417163022475,0.929447787696144,0.909622916535344,0.907954617323378,"calcite_flush_3","FOsd2",39
"4",0.0330402941518681,0.0253444072222522,0.0445875942530909,0.0237387637520391,0.0228973402147608,0.0220060469927315,0.0257053171903145,0.0441155697612885,"calcite_flush_3","TEsd2",39
