"","curr_inflow_rate","curr_diffusion_coef","curr_porosity","curr_gypsum_rate_constant","curr_calcite_rate_constant","curr_gypsum_surface_area","curr_calcite_surface_area","dfn_volume","output_var","sobol_type","boot_num"
"1",0.54875008384385,0.0393531189732977,0.017283940888869,0.128824723918674,0.116015549770726,-0.0207786700121129,0.193423206534005,0.139624815933723,"calcite_flush_0","FOmean",1303
"2",1.19723117031563,0.221573221794318,0.32529387642825,0.502992897757572,0.352500207347746,0.457357233344112,0.584773877707847,0.428593764831398,"calcite_flush_0","TEmean",1303
"3",1,1,1,1,1,1,1,1,"calcite_flush_0","FOsd2",1303
"4",7.19798390698493e-27,3.35727860046953e-27,4.16658309235517e-27,4.20847065519997e-27,3.58077307604903e-27,5.06449345654196e-27,4.23244111400907e-27,4.05999420423996e-27,"calcite_flush_0","TEsd2",1303
