"","curr_inflow_rate","curr_diffusion_coef","curr_porosity","curr_gypsum_rate_constant","curr_calcite_rate_constant","curr_gypsum_surface_area","curr_calcite_surface_area","dfn_volume","output_var","sobol_type","boot_num"
"1",0.42379709026529,-0.0239234288119801,0.00807982703891029,0.0973620060373436,-0.0232855123248126,-0.0414139730025086,0.0067993293713426,-0.0529813899928072,"calcite_flush_0","FOmean",1135
"2",1.05041275516646,0.252131984816494,0.22656395856985,0.648233018690085,0.199007503986925,0.292821319296223,0.213665509032306,0.297645098458736,"calcite_flush_0","TEmean",1135
"3",1,1,1,1,1,1,1,1,"calcite_flush_0","FOsd2",1135
"4",9.10419656232515e-32,1.00640601174998e-31,8.18469750017797e-32,8.59239457286852e-32,8.51962291959144e-32,8.95891730971919e-32,1.48399221675563e-31,8.96688431098902e-32,"calcite_flush_0","TEsd2",1135
