"","curr_inflow_rate","curr_diffusion_coef","curr_porosity","curr_gypsum_rate_constant","curr_calcite_rate_constant","curr_gypsum_surface_area","curr_calcite_surface_area","dfn_volume","output_var","sobol_type","boot_num"
"1",0.253477395812205,0.00153952913430098,0.00569002089743341,1.79033818141921e-05,0.0284823137883825,-0.00321567736444857,0.00413850878620656,0.00403880461616141,"calcite_flush_3","FOmean",144
"2",0.2773597989042,0.00364318580899322,0.00461452250814373,0.00579909556432126,0.0291786987499958,0.00357697538846894,0.00930193941471658,0.0183536750092912,"calcite_flush_3","TEmean",144
"3",0.356764222309767,-5.65703119321271,0.694839337465528,-0.263590328507074,-0.161457110245116,0.478118694764069,0.665180509643759,-0.043864425395753,"calcite_flush_3","FOsd2",144
"4",1.61255870831882,2.19170885191565,1.35420736393699,1.96592396661131,0.163000498779161,1.06710929453621,1.28770815658643,0.131409309370738,"calcite_flush_3","TEsd2",144
