"","curr_inflow_rate","curr_diffusion_coef","curr_porosity","curr_gypsum_rate_constant","curr_calcite_rate_constant","curr_gypsum_surface_area","curr_calcite_surface_area","dfn_volume","output_var","sobol_type","boot_num"
"1",0.0700861212217076,-0.00745060128564081,0.00254061387927042,0.00287887950694907,0.000449665776678057,-0.00667525270173575,-0.000399291261820341,0.00971374223619153,"calcite_flush_5","FOmean",1245
"2",0.0948808116795446,0.00500551591241523,0.00812235065319826,0.00396079189320709,0.00476046363284935,0.004096749497958,0.00351624062319325,0.0340066502525358,"calcite_flush_5","TEmean",1245
"3",0.999563902175622,0.999530797979551,0.999553653781918,0.999620028728214,0.999578457610556,0.999582418877748,0.99958223820868,0.999499795840756,"calcite_flush_5","FOsd2",1245
"4",0.000122681511240357,0.000118842001805799,0.000180191037260189,0.000106970307018072,0.000139761854877502,8.12909769013795e-05,0.000102324698448695,0.000132522689245619,"calcite_flush_5","TEsd2",1245
