"","curr_inflow_rate","curr_diffusion_coef","curr_porosity","curr_gypsum_rate_constant","curr_calcite_rate_constant","curr_gypsum_surface_area","curr_calcite_surface_area","dfn_volume","output_var","sobol_type","boot_num"
"1",0.098586855857972,0.00518142833911952,-0.0007564962943823,0.00115232442382418,0.00489512148945128,0.00123133660566671,0.00406655780061006,-0.000285646913000227,"calcite_flush_5","FOmean",454
"2",0.132122090878202,0.00480564923652274,0.011384022665157,0.00355197773371549,0.0070699440204066,0.00273819278531593,0.00462224010559261,0.0291621985369004,"calcite_flush_5","TEmean",454
"3",0.999491604138087,0.999481144742232,0.999471805351434,0.999506396760132,0.99950143272916,0.999349376048583,0.999361405232449,0.999493311129719,"calcite_flush_5","FOsd2",454
"4",0.000119834982315232,7.62724460513632e-05,0.000249977667544376,0.000161550277885882,0.000177790334010564,0.000185547823294986,0.000238587315181738,0.000125295708345419,"calcite_flush_5","TEsd2",454
