"","curr_inflow_rate","curr_diffusion_coef","curr_porosity","curr_gypsum_rate_constant","curr_calcite_rate_constant","curr_gypsum_surface_area","curr_calcite_surface_area","dfn_volume","output_var","sobol_type","boot_num"
"1",0.239797695270482,0.00238332862272128,0.0004413224896779,-0.00133802008322383,0.00819793454575822,0.00257169025924755,0.00509037061497399,0.00339826527560771,"calcite_flush_3","FOmean",1159
"2",0.252317804025387,0.00449869998480903,0.00199921914756017,0.00614787019940192,0.0193655183732502,0.00297980156060552,0.00753120463797848,0.00913412874905564,"calcite_flush_3","TEmean",1159
"3",-0.617203163019076,-0.662608132808383,-0.61785901225973,-0.634317226830625,-0.61139075426189,-0.627417252940422,-0.630840868130158,-0.633506077166029,"calcite_flush_3","FOsd2",1159
"4",0.0289446451735361,0.0721461965922639,0.0268508891833088,0.0517345002048215,0.0141824248568466,0.0292696057122315,0.0127901513372159,0.0547189506572893,"calcite_flush_3","TEsd2",1159
