"","curr_inflow_rate","curr_diffusion_coef","curr_porosity","curr_gypsum_rate_constant","curr_calcite_rate_constant","curr_gypsum_surface_area","curr_calcite_surface_area","dfn_volume","output_var","sobol_type","boot_num"
"1",1.13065577703161,0.0106962601398849,0.0180085265936904,-0.0410575134939831,0.219841019349196,0.0287530190324713,0.0414585802655049,-0.00386540513448256,"calcite_flush_0","FOmean",246
"2",1.73571680366302,0.271474185305535,0.259579167363717,0.415559789578179,0.389103366884417,0.275057921229105,0.553280306864501,0.327515801299606,"calcite_flush_0","TEmean",246
"3",1,1,1,1,1,1,1,1,"calcite_flush_0","FOsd2",246
"4",1.15542268691598e-27,8.40218468043691e-28,7.27923629285661e-28,1.0083221727344e-27,7.10887822445286e-28,8.21352262727569e-28,8.19216706130564e-28,6.5568828217389e-28,"calcite_flush_0","TEsd2",246
