"","curr_inflow_rate","curr_diffusion_coef","curr_porosity","curr_gypsum_rate_constant","curr_calcite_rate_constant","curr_gypsum_surface_area","curr_calcite_surface_area","dfn_volume","output_var","sobol_type","boot_num"
"1",0.264607299328555,0.00969536412962956,0.00184567678881523,0.00348163792352752,0.023189734048425,-0.000944480462711031,0.0112051463582244,0.0198083180743099,"calcite_flush_3","FOmean",1264
"2",0.309626697561134,0.00925824864068919,0.0024392697846845,0.00758902965736155,0.0320362060450273,0.00243577819627931,0.00952251216164359,0.0197473697461115,"calcite_flush_3","TEmean",1264
"3",0.274482500957713,-0.354554262861352,-7.50561785470359,0.276928914249521,0.116360663485875,0.28305354383026,0.185987970907918,0.240763959897986,"calcite_flush_3","FOsd2",1264
"4",0.0520261188291876,0.63634739826326,7.77378407482224,0.0412264488294367,0.146073277554958,0.0370868394601071,0.0653546261635966,0.0697370317319568,"calcite_flush_3","TEsd2",1264
