"","curr_inflow_rate","curr_diffusion_coef","curr_porosity","curr_gypsum_rate_constant","curr_calcite_rate_constant","curr_gypsum_surface_area","curr_calcite_surface_area","dfn_volume","output_var","sobol_type","boot_num"
"1",0.0227070539984951,-0.00374318150952888,0.00587542914797437,-0.00329769844221724,-0.00162966207236126,-0.00368106017752229,-0.000377752648123826,-0.00116965350880434,"calcite_flush_6","FOmean",126
"2",0.0459262706468738,0.00234818809922339,0.0123706387723975,0.00403491187724834,0.00297993240067596,0.00346831144596678,0.00235656032711857,0.0142341979653281,"calcite_flush_6","TEmean",126
"3",0.999956080613642,0.999943106129904,0.999953850088678,0.999965412218186,0.999957651336818,0.999947528765942,0.999946811277644,0.999947229539511,"calcite_flush_6","FOsd2",126
"4",2.04555081644507e-05,3.04109419460752e-05,1.35161767965079e-05,2.12393618255543e-05,2.10869129345053e-05,1.60749367300659e-05,1.3836239197382e-05,2.53813190319768e-05,"calcite_flush_6","TEsd2",126
