"","curr_inflow_rate","curr_diffusion_coef","curr_porosity","curr_gypsum_rate_constant","curr_calcite_rate_constant","curr_gypsum_surface_area","curr_calcite_surface_area","dfn_volume","output_var","sobol_type","boot_num"
"1",0.0335538886938273,-0.00425318680869959,0.0105736895288565,0.00175290895240952,0.00165859557761028,0.000367778083853405,-0.00167374767025047,-0.00444257142424434,"calcite_flush_6","FOmean",420
"2",0.0416982471819599,0.00278542669536245,0.01247248046098,0.00372171021935156,0.0043997457771562,0.00217048973316309,0.00165924047172506,0.0169621314812012,"calcite_flush_6","TEmean",420
"3",0.999895197166327,0.999909820564837,0.999907433476986,0.999922159913979,0.999897107158507,0.999891364233606,0.999919527533594,0.999836797170098,"calcite_flush_6","FOsd2",420
"4",3.383176412769e-05,9.16766700879498e-06,1.30103766812137e-05,2.15374529993054e-05,2.84298523742112e-05,2.70787975423783e-05,8.16605308700773e-06,9.99628044810607e-05,"calcite_flush_6","TEsd2",420
