"","curr_inflow_rate","curr_diffusion_coef","curr_porosity","curr_gypsum_rate_constant","curr_calcite_rate_constant","curr_gypsum_surface_area","curr_calcite_surface_area","dfn_volume","output_var","sobol_type","boot_num"
"1",0.0280507667427117,0.00151070399949612,0.0121499204220429,0.00915418286640811,-0.00262087452361646,-0.0012483739134679,-0.000880173592190792,0.000424444816257432,"calcite_flush_6","FOmean",1687
"2",0.0433427863361601,0.00252364913297615,0.0163082241070523,0.00423567153127498,0.00441808605378764,0.00232454761151971,0.00200640191604123,0.0166253514168113,"calcite_flush_6","TEmean",1687
"3",0.999932939529507,0.999528322767587,0.999826757352269,0.999851071757077,0.999859780188661,0.999762025493759,0.999927115597362,0.999937918462305,"calcite_flush_6","FOsd2",1687
"4",3.87707969126088e-05,0.000299843377406101,5.04762531085204e-05,7.33960876678922e-05,8.21746032650017e-05,9.82350908798277e-05,4.67973912928777e-05,4.18090077920322e-05,"calcite_flush_6","TEsd2",1687
