"","curr_inflow_rate","curr_diffusion_coef","curr_porosity","curr_gypsum_rate_constant","curr_calcite_rate_constant","curr_gypsum_surface_area","curr_calcite_surface_area","dfn_volume","output_var","sobol_type","boot_num"
"1",0.100452881002324,-0.00111422862417293,0.000586360217371428,0.0069643212810446,0.00798849894265875,-0.00133651425162087,0.00712680373752888,-0.000411035099736041,"calcite_flush_2","FOmean",2019
"2",0.10822591037758,0.00256409652366611,0.00180556346970177,0.00813258796532435,0.00768861211457538,0.00142053320584787,0.0123653183813283,0.00522594015344536,"calcite_flush_2","TEmean",2019
"3",-1.76640400912656,-1.70920294222945,-2.04389923829081,-1.76552690038608,-4.13628061217239,-1.41169256426593,-4.79767552413537,-2.10487708317014,"calcite_flush_2","FOsd2",2019
"4",1.22580646574225,0.514459126682488,0.497402761544257,0.820389087349581,2.4191957456221,0.472552093180017,2.839480999597,0.822453046567613,"calcite_flush_2","TEsd2",2019
