"","curr_inflow_rate","curr_diffusion_coef","curr_porosity","curr_gypsum_rate_constant","curr_calcite_rate_constant","curr_gypsum_surface_area","curr_calcite_surface_area","dfn_volume","output_var","sobol_type","boot_num"
"1",0.130808949472383,0.000520677496520197,0.000771316813309413,0.0104958263041024,0.00465223945358142,-0.000873746905280622,0.00796808317720714,0.000467504698238846,"calcite_flush_2","FOmean",1242
"2",0.158906477450499,0.00156152436096463,0.00212819893094209,0.0111171228506139,0.0115659601849922,0.00186618388192597,0.0167969157853606,0.0101541381628734,"calcite_flush_2","TEmean",1242
"3",-10992952.8858483,-11116686.3523032,-11113806.9149184,-10995347.6084577,-22372227.8708334,-10991856.8401176,-10991224.9158983,-25267514.3377502,"calcite_flush_2","FOsd2",1242
"4",1994.52829475176,122142.086681882,121710.207269859,5179.82757815698,11378056.3195603,3272.83321361418,852.23593037466,14172530.8622485,"calcite_flush_2","TEsd2",1242
