"","curr_inflow_rate","curr_diffusion_coef","curr_porosity","curr_gypsum_rate_constant","curr_calcite_rate_constant","curr_gypsum_surface_area","curr_calcite_surface_area","dfn_volume","output_var","sobol_type","boot_num"
"1",0.0999327572910263,0.00330381274756306,0.0125999598154482,0.00254380543378856,0.00412392236916145,0.00249023382313057,0.00176943665242456,0.00774342671647675,"calcite_flush_5","FOmean",1952
"2",0.112951429545277,0.00657157494064312,0.0130758601366807,0.00520133755162566,0.00791195336187552,0.00360139696592681,0.00525714556043986,0.0264851397396193,"calcite_flush_5","TEmean",1952
"3",0.99946692893646,0.999385826581949,0.999544447201292,0.999430793088585,0.999439937453932,0.999382951069547,0.999490726603435,0.999404347692949,"calcite_flush_5","FOsd2",1952
"4",0.000127114047002437,0.000155989506255669,0.000258827545349615,0.000214678095631694,0.000224356765944657,0.000106518305178031,0.00015200713437178,0.000140941251494033,"calcite_flush_5","TEsd2",1952
