"","curr_inflow_rate","curr_diffusion_coef","curr_porosity","curr_gypsum_rate_constant","curr_calcite_rate_constant","curr_gypsum_surface_area","curr_calcite_surface_area","dfn_volume","output_var","sobol_type","boot_num"
"1",0.0231795337122563,-0.0088256509999746,0.0109312769148664,-0.00203733447249487,-0.00180469413992366,-0.00205432746520366,0.000240602329421092,0.00518980808715696,"calcite_flush_6","FOmean",1519
"2",0.0580918578912437,0.003245583929948,0.0184736744536973,0.00308181919381092,0.0036243550747645,0.00252302661766635,0.00226850569932849,0.0178334661304885,"calcite_flush_6","TEmean",1519
"3",0.999934844740285,0.999934917887142,0.99993312797277,0.999931080448448,0.999942051674211,0.999928440907267,0.999940555227901,0.999928510430072,"calcite_flush_6","FOsd2",1519
"4",2.18044560996257e-05,1.05261856365826e-05,1.7766587380603e-05,1.91642161475895e-05,2.97220165739407e-05,1.86948877032115e-05,1.93801706982341e-05,1.63110558962285e-05,"calcite_flush_6","TEsd2",1519
