"","curr_inflow_rate","curr_diffusion_coef","curr_porosity","curr_gypsum_rate_constant","curr_calcite_rate_constant","curr_gypsum_surface_area","curr_calcite_surface_area","dfn_volume","output_var","sobol_type","boot_num"
"1",0.655701957837559,-0.0272565061958619,0.0135754657136745,-0.067449540875834,0.0505492182799664,0.00132230188984241,0.285958388515534,0.0936625265364585,"calcite_flush_0","FOmean",904
"2",1.04831201507074,0.181996654813271,0.397984149899125,0.574159873026799,0.295112289903123,0.2955878446972,0.585203634080756,0.268165216358273,"calcite_flush_0","TEmean",904
"3",1,1,1,1,1,1,1,1,"calcite_flush_0","FOsd2",904
"4",1.56820789124241e-27,1.34762051909622e-27,1.10680190861447e-27,6.83514258802094e-28,7.73556479311466e-28,9.08040162350201e-28,9.42101113458014e-28,1.27690570278569e-27,"calcite_flush_0","TEsd2",904
