"","curr_inflow_rate","curr_diffusion_coef","curr_porosity","curr_gypsum_rate_constant","curr_calcite_rate_constant","curr_gypsum_surface_area","curr_calcite_surface_area","dfn_volume","output_var","sobol_type","boot_num"
"1",0.0791563255032503,0.00488095284580433,0.00206498408080288,0.00294818654725579,0.00408136375567163,0.0027566340919707,0.00512286299073858,0.00853628048526914,"calcite_flush_5","FOmean",1791
"2",0.126135558002617,0.00516539983952614,0.00720822744613396,0.00384457475575019,0.00469519839048726,0.00257188255904288,0.00469347151221135,0.0401303135698198,"calcite_flush_5","TEmean",1791
"3",0.999533091609491,0.999607619693342,0.999600955017721,0.999624033031301,0.999522118499183,0.999603227495684,0.999527026379575,0.999580222302604,"calcite_flush_5","FOsd2",1791
"4",9.93099252634961e-05,0.000128451399477341,0.000197570664787086,0.000160816151710113,0.000191162459674149,6.83248871065626e-05,0.00012018553451571,0.00012495686317268,"calcite_flush_5","TEsd2",1791
