"","curr_inflow_rate","curr_diffusion_coef","curr_porosity","curr_gypsum_rate_constant","curr_calcite_rate_constant","curr_gypsum_surface_area","curr_calcite_surface_area","dfn_volume","output_var","sobol_type","boot_num"
"1",0.248519553817768,0.00401174502460318,0.0013346849480536,0.00364208314621377,0.0368185482984995,-0.002650047241536,0.00980416278193337,0.00754127303266453,"calcite_flush_3","FOmean",319
"2",0.277483706695112,0.00386286818539382,0.00506012913856106,0.00895789389072654,0.0289934867480935,0.00422042620600854,0.00978584071653178,0.0148504337165197,"calcite_flush_3","TEmean",319
"3",0.745950441139018,0.658598319583955,0.419233519448304,0.110103671691763,0.420653400759728,0.0100750973786987,0.725331382640981,-0.181874903269916,"calcite_flush_3","FOsd2",319
"4",0.737513372414566,0.808738407406409,0.924456379564967,0.105238597367248,0.10677409011059,0.126683491455434,0.451468628662007,0.16150058818396,"calcite_flush_3","TEsd2",319
