"","curr_inflow_rate","curr_diffusion_coef","curr_porosity","curr_gypsum_rate_constant","curr_calcite_rate_constant","curr_gypsum_surface_area","curr_calcite_surface_area","dfn_volume","output_var","sobol_type","boot_num"
"1",1.15951413385199,-0.116209911927023,0.211822334675529,0.0811244620570942,0.0673133386763685,0.0820688369700475,0.00657483043348408,0.188219144669219,"calcite_flush_1","FOmean",1878
"2",1.91509079212115,0.575544037035873,0.781436888787311,0.880764190422681,0.447679133339492,0.461294624507178,0.27816528057368,0.461473001534821,"calcite_flush_1","TEmean",1878
"3",1,1,1,1,1,1,1,1,"calcite_flush_1","FOsd2",1878
"4",1.01269269986227e-24,6.86837228945914e-25,6.29273195492569e-25,4.39886708872676e-25,4.13403454569695e-25,5.68131844953444e-25,2.89430996826451e-25,3.83511942129634e-25,"calcite_flush_1","TEsd2",1878
