"","curr_inflow_rate","curr_diffusion_coef","curr_porosity","curr_gypsum_rate_constant","curr_calcite_rate_constant","curr_gypsum_surface_area","curr_calcite_surface_area","dfn_volume","output_var","sobol_type","boot_num"
"1",0.145699160718085,0.000281295179431616,-0.0014694718782169,0.000806588148224062,0.00501947862865604,-0.000188989864493736,-0.000192661318025694,0.00182417920979601,"calcite_flush_4","FOmean",803
"2",0.17787620891688,0.00688656847958725,0.0057730613821397,0.00542489116344223,0.00989606752539822,0.00312970909704897,0.00509896895748495,0.0318207016987332,"calcite_flush_4","TEmean",803
"3",0.999652535914913,0.999623030936328,0.999548741250603,0.999712587976095,0.999688942882175,0.99967202280713,0.99966746905439,0.999636391085183,"calcite_flush_4","FOsd2",803
"4",0.000144511441945718,0.000144404985465762,0.000262460130378767,0.000154903078115749,0.00012227086633665,0.000205247859560912,8.94035307822723e-05,0.000208242743977105,"calcite_flush_4","TEsd2",803
