"","curr_inflow_rate","curr_diffusion_coef","curr_porosity","curr_gypsum_rate_constant","curr_calcite_rate_constant","curr_gypsum_surface_area","curr_calcite_surface_area","dfn_volume","output_var","sobol_type","boot_num"
"1",0.70936028753549,0.0554690799024531,-0.0442686709366035,0.151419033826602,0.100266042589402,0.0267384813664364,0.207343443595815,0.0816587869301094,"calcite_flush_1","FOmean",1192
"2",1.49615675154165,0.461747265492737,0.284882531968827,0.592211494129809,0.342300654925442,0.276342759007956,0.563140176310129,0.37498870602443,"calcite_flush_1","TEmean",1192
"3",1,1,1,1,1,1,1,1,"calcite_flush_1","FOsd2",1192
"4",2.72939777008084e-25,2.7732565838419e-25,3.09983144228229e-25,1.94760843869259e-25,2.56659244513587e-25,3.47451202718953e-25,2.18990838253711e-25,2.00320462803484e-25,"calcite_flush_1","TEsd2",1192
