"","curr_inflow_rate","curr_diffusion_coef","curr_porosity","curr_gypsum_rate_constant","curr_calcite_rate_constant","curr_gypsum_surface_area","curr_calcite_surface_area","dfn_volume","output_var","sobol_type","boot_num"
"1",0.0254267127123367,0.00580282796237329,0.0036653807928884,0.00567989613076687,-0.00439947880517098,0.00289631092404387,0.000859283495980437,0.00633150389173064,"calcite_flush_6","FOmean",378
"2",0.0532498925421892,0.00409935158635149,0.0146222344089626,0.00357202406063512,0.00460437928374628,0.00324392646420629,0.00377851009299838,0.0198244756454391,"calcite_flush_6","TEmean",378
"3",0.999966358949069,0.99996013241573,0.99996777176652,0.999961170010332,0.999967861844849,0.999962057184774,0.999942068013883,0.999962674153594,"calcite_flush_6","FOsd2",378
"4",1.50656674986856e-05,5.686267748131e-06,1.02369282254013e-05,1.39368791520982e-05,7.92099152649096e-06,8.52768970785065e-06,2.42831144747239e-05,1.30165146044077e-05,"calcite_flush_6","TEsd2",378
