"","curr_inflow_rate","curr_diffusion_coef","curr_porosity","curr_gypsum_rate_constant","curr_calcite_rate_constant","curr_gypsum_surface_area","curr_calcite_surface_area","dfn_volume","output_var","sobol_type","boot_num"
"1",0.32671848109889,0.00938264195224791,-0.000675976403970059,0.00915728160439217,0.0371006326104504,-0.00208246750422551,-0.00387118604130502,-0.00671095492857005,"calcite_flush_3","FOmean",1810
"2",0.335566871161717,0.00509444971304607,0.00349023890054929,0.0111252290329914,0.0361159721320282,0.00392882514026538,0.00786189936595644,0.0153271830198017,"calcite_flush_3","TEmean",1810
"3",0.833632873846451,0.920681197763697,0.868305438822909,0.911877298517187,0.849773482285176,0.886813676861134,0.916793528494775,0.927288711018555,"calcite_flush_3","FOsd2",1810
"4",0.0836997731214824,0.0766151641319815,0.0380564953448266,0.0665832494414317,0.0645965304260483,0.0350807682802076,0.0490398834430854,0.0749619626924857,"calcite_flush_3","TEsd2",1810
