"","curr_inflow_rate","curr_diffusion_coef","curr_porosity","curr_gypsum_rate_constant","curr_calcite_rate_constant","curr_gypsum_surface_area","curr_calcite_surface_area","dfn_volume","output_var","sobol_type","boot_num"
"1",0.293550175438317,-0.00263835213871716,0.00299814455126249,0.000352188153323579,0.0200803307401148,7.31414912322367e-05,0.000326805972373957,0.0121608822586701,"calcite_flush_3","FOmean",634
"2",0.336104083275035,0.00406411908304824,0.00272939171628245,0.00599217360003234,0.0328669136278787,0.00263352356411338,0.0104397126927188,0.0225601271932302,"calcite_flush_3","TEmean",634
"3",0.956464377834441,0.95924461871676,0.944916575854473,0.963876718974459,0.964765646419835,0.941598462267115,0.958171178224642,0.944848289777781,"calcite_flush_3","FOsd2",634
"4",0.0160735132960468,0.0123049628791168,0.0167909996710001,0.0195286780664753,0.0172377284637634,0.0268074942345412,0.00661888955820892,0.0175335121779629,"calcite_flush_3","TEsd2",634
