"","curr_inflow_rate","curr_diffusion_coef","curr_porosity","curr_gypsum_rate_constant","curr_calcite_rate_constant","curr_gypsum_surface_area","curr_calcite_surface_area","dfn_volume","output_var","sobol_type","boot_num"
"1",0.00653417292333876,-0.00413542607179851,0.0054570112068046,0.00278329441469672,-0.00564256708939727,0.000637234202789292,0.00185607056146223,0.00549432080764289,"calcite_flush_6","FOmean",721
"2",0.037460955720522,0.00387687588622635,0.0165594877482627,0.00371239995855148,0.00260325036424104,0.00257642464514233,0.00235971252259275,0.0223794886317655,"calcite_flush_6","TEmean",721
"3",0.999953671973765,0.999939463070501,0.999947806200033,0.999763848781262,0.999908515554286,0.999948629769674,0.999909084651574,0.999714589150129,"calcite_flush_6","FOsd2",721
"4",1.23595822342434e-05,1.27373269887263e-05,5.57477944125231e-06,0.000192389159332343,4.96138896725267e-05,9.20866104953031e-06,3.7883674557153e-05,0.000250111221483753,"calcite_flush_6","TEsd2",721
