"","curr_inflow_rate","curr_diffusion_coef","curr_porosity","curr_gypsum_rate_constant","curr_calcite_rate_constant","curr_gypsum_surface_area","curr_calcite_surface_area","dfn_volume","output_var","sobol_type","boot_num"
"1",0.661146347913119,0.0098805577277788,-0.0145071454148927,-0.00357322706719956,0.0149927525683864,0.0291589358291577,0.0270747196207774,0.00355576341692706,"calcite_flush_1","FOmean",989
"2",1.04473644732107,0.124944857085058,0.140629609102565,0.210329691051448,0.211409512052772,0.266830609150201,0.211602115999948,0.129156914798795,"calcite_flush_1","TEmean",989
"3",1,1,1,1,1,1,1,1,"calcite_flush_1","FOsd2",989
"4",8.23343778324964e-31,3.72586060603777e-31,4.06094363855791e-31,3.04589200409773e-31,3.33406053124639e-31,3.31904314236019e-31,2.68169867425143e-31,6.2740675037448e-31,"calcite_flush_1","TEsd2",989
