"","curr_inflow_rate","curr_diffusion_coef","curr_porosity","curr_gypsum_rate_constant","curr_calcite_rate_constant","curr_gypsum_surface_area","curr_calcite_surface_area","dfn_volume","output_var","sobol_type","boot_num"
"1",1.28574652367818,0.05194887852725,0.0221975038899971,-0.00146919691269712,0.00333527375823532,0.106641718554865,0.0851884205525401,0.0232030348154347,"calcite_flush_0","FOmean",1898
"2",2.38025698598225,0.368649695751959,0.327582139383518,0.458889351916435,0.348703775287463,0.303116310578537,0.360630811732121,0.529401666917234,"calcite_flush_0","TEmean",1898
"3",1,1,1,1,1,1,1,1,"calcite_flush_0","FOsd2",1898
"4",1.82556018738558e-26,9.46676694547389e-27,1.14275923475269e-26,1.24103757708027e-26,1.58613264410093e-26,7.6640283156775e-27,1.06052946068308e-26,1.3798342192655e-26,"calcite_flush_0","TEsd2",1898
