"","curr_inflow_rate","curr_diffusion_coef","curr_porosity","curr_gypsum_rate_constant","curr_calcite_rate_constant","curr_gypsum_surface_area","curr_calcite_surface_area","dfn_volume","output_var","sobol_type","boot_num"
"1",0.282865833051324,0.00788130432296191,0.00328327976084071,-0.00203951956512038,0.0166924129201369,0.00448386176219179,0.00252633002477564,-0.00484785852690317,"calcite_flush_3","FOmean",914
"2",0.306518879493111,0.00646912031516401,0.00400269775888184,0.00567175605372998,0.0350541759489997,0.00584730442167502,0.00655231912738474,0.0132301057677624,"calcite_flush_3","TEmean",914
"3",0.281384783756436,0.791514501239993,0.80854899258008,0.831923498886829,0.367012470499764,-0.0946789692504515,0.876401634214024,0.839422447512234,"calcite_flush_3","FOsd2",914
"4",0.0459015638783512,0.543452009154296,0.350502526784905,0.567505597031392,0.0600673735983235,0.138401356185612,0.427970885832795,0.405774484760589,"calcite_flush_3","TEsd2",914
