"","curr_inflow_rate","curr_diffusion_coef","curr_porosity","curr_gypsum_rate_constant","curr_calcite_rate_constant","curr_gypsum_surface_area","curr_calcite_surface_area","dfn_volume","output_var","sobol_type","boot_num"
"1",0.763373273557748,0.0992472515762038,0.137770640830717,0.111743974204479,0.109108387119336,-0.0268245885790058,0.00996005389295347,0.836345769511412,"calcite_flush_0","FOmean",1702
"2",1.25118015094555,0.585293339939476,0.467969607684083,0.533780356343018,0.400491047798349,0.393941394383459,0.241024164920602,1.36584226321114,"calcite_flush_0","TEmean",1702
"3",1,1,1,1,1,1,1,1,"calcite_flush_0","FOsd2",1702
"4",2.98757282185235e-25,3.55772159149974e-25,2.4162844989701e-25,2.17745853023687e-25,2.14786388528381e-25,2.81464786178255e-25,1.65910205454383e-25,1.72214717110382e-25,"calcite_flush_0","TEsd2",1702
