"","curr_inflow_rate","curr_diffusion_coef","curr_porosity","curr_gypsum_rate_constant","curr_calcite_rate_constant","curr_gypsum_surface_area","curr_calcite_surface_area","dfn_volume","output_var","sobol_type","boot_num"
"1",0.0328017990345235,-0.00339555900732672,0.0119279463041035,0.00834610062739951,-0.000306629997879535,-0.00130412088343303,0.00260015843018372,0.0143633359482631,"calcite_flush_6","FOmean",203
"2",0.0390218169140262,0.00358683113520721,0.0144783408171373,0.00446613172050479,0.0031902459537687,0.00237112684004086,0.00234918795092033,0.0228947828895449,"calcite_flush_6","TEmean",203
"3",0.999937409624715,0.99992384528471,0.999939415407307,0.999929346403949,0.999944422685879,0.999931307765296,0.999940094004418,0.999938840265668,"calcite_flush_6","FOsd2",203
"4",1.94433335819545e-05,2.0869126600339e-05,6.91197737641653e-06,1.64452375671527e-05,1.2792136532108e-05,6.70722564088493e-06,8.75074061244013e-06,1.32120792865226e-05,"calcite_flush_6","TEsd2",203
