"","curr_inflow_rate","curr_diffusion_coef","curr_porosity","curr_gypsum_rate_constant","curr_calcite_rate_constant","curr_gypsum_surface_area","curr_calcite_surface_area","dfn_volume","output_var","sobol_type","boot_num"
"1",0.0875757905715008,0.00821136174030638,0.00584978007607998,0.00478494012674253,-0.00229151975549872,0.00306356177803818,-0.00393014755390513,0.017215103958142,"calcite_flush_5","FOmean",1280
"2",0.129738968637521,0.0055223875512209,0.00717514041395231,0.00499531542913442,0.00692614924950278,0.00395592433723451,0.00654761630002622,0.0308972805868232,"calcite_flush_5","TEmean",1280
"3",0.999623590921622,0.999574837942317,0.999696030099655,0.999607961291629,0.999625100616051,0.999550506924792,0.999584127168252,0.999470074321235,"calcite_flush_5","FOsd2",1280
"4",0.000123755380928629,6.96449814764155e-05,0.000167135153534247,0.000110484577394424,0.00011180435905906,0.000168511832597673,6.83969912358925e-05,0.000174736058038122,"calcite_flush_5","TEsd2",1280
