"","curr_inflow_rate","curr_diffusion_coef","curr_porosity","curr_gypsum_rate_constant","curr_calcite_rate_constant","curr_gypsum_surface_area","curr_calcite_surface_area","dfn_volume","output_var","sobol_type","boot_num"
"1",0.0697970309120134,-0.00386949024938525,-0.00670771627359328,0.00216659705567262,-0.00128811840227137,-0.00982612951643384,0.00569127809685002,0.0164198710719053,"calcite_flush_5","FOmean",433
"2",0.104515339067228,0.00533481150437444,0.00775670400323808,0.00355008435094658,0.00436226578600885,0.00322945599727417,0.00471527255330779,0.0439425074667382,"calcite_flush_5","TEmean",433
"3",0.999152486100976,0.998920115320461,0.999560604057861,0.999616198883953,0.999345888006405,0.999062136267988,0.999658322595917,0.999176398338398,"calcite_flush_5","FOsd2",433
"4",0.000139488979414857,6.65282033454254e-05,0.000342245864941349,0.000434345928784153,0.000127917102811084,0.000153514681831786,0.000670682992331692,0.000158659202463767,"calcite_flush_5","TEsd2",433
