"","curr_inflow_rate","curr_diffusion_coef","curr_porosity","curr_gypsum_rate_constant","curr_calcite_rate_constant","curr_gypsum_surface_area","curr_calcite_surface_area","dfn_volume","output_var","sobol_type","boot_num"
"1",0.0490859855680592,-0.0011618890978565,0.000178755846374413,0.00435506011053083,0.00256631677684833,0.000651769296193765,0.00107349835436627,-0.000306411248182194,"calcite_flush_2","FOmean",920
"2",0.0635341990878708,0.00191704101284269,0.00153914332692229,0.00623912007269204,0.00569715974142922,0.00110768385000971,0.00392971596527556,0.00388124441828877,"calcite_flush_2","TEmean",920
"3",0.98587009317817,0.968158735601386,0.980182437918016,0.980972801383231,0.981872740554342,0.978380241149102,0.97900366410811,0.979262753113695,"calcite_flush_2","FOsd2",920
"4",0.0101308420519378,0.0165285296285755,0.00309932798732573,0.00901763363899071,0.00378778394284769,0.00414213268260045,0.00664853950917904,0.00733561034005073,"calcite_flush_2","TEsd2",920
