"","curr_inflow_rate","curr_diffusion_coef","curr_porosity","curr_gypsum_rate_constant","curr_calcite_rate_constant","curr_gypsum_surface_area","curr_calcite_surface_area","dfn_volume","output_var","sobol_type","boot_num"
"1",0.0935231912255767,-0.00182150032937728,-0.00572205438556869,-0.00278884624856357,-0.00178334436599177,-0.00718219356001522,-0.00182302537441833,0.00941539427007576,"calcite_flush_5","FOmean",1959
"2",0.120950391141181,0.00593301463584808,0.00980121115214351,0.00502407029603046,0.0055270842482434,0.00344607445663204,0.00379944189144428,0.0283468183459616,"calcite_flush_5","TEmean",1959
"3",0.998851331090315,0.998826516731904,0.998427021600358,0.998866425189464,0.99884213247201,0.998809974920131,0.998837327562039,0.998724917931221,"calcite_flush_5","FOsd2",1959
"4",0.000142480587265467,8.81068445388311e-05,0.000634690661906123,0.000137450927667599,0.00016165909874593,6.67604157206148e-05,0.000134643587370991,0.000110777056287271,"calcite_flush_5","TEsd2",1959
