"","curr_inflow_rate","curr_diffusion_coef","curr_porosity","curr_gypsum_rate_constant","curr_calcite_rate_constant","curr_gypsum_surface_area","curr_calcite_surface_area","dfn_volume","output_var","sobol_type","boot_num"
"1",0.0693762949203499,2.8861342568834e-05,0.000883535190269442,0.00435793090517877,0.00203556810109502,-0.000717944593185138,0.00174056276801705,0.000234864313765291,"calcite_flush_2","FOmean",24
"2",0.087784298502347,0.00175196560099561,0.00120461753858877,0.0095379049139296,0.00411240289585328,0.00154793314025862,0.00575182399127271,0.00710715031675511,"calcite_flush_2","TEmean",24
"3",-46.058416007709,-0.465570617707584,0.564659932552017,-0.620198504101844,0.809288158150409,-1.19852368121803,0.562686089357907,-0.2771230442226,"calcite_flush_2","FOsd2",24
"4",47.690039431684,0.807890990137625,0.190072907917638,1.58826074533621,0.423344089177495,0.942792590696465,0.120488347599298,0.802834675229173,"calcite_flush_2","TEsd2",24
