"","curr_inflow_rate","curr_diffusion_coef","curr_porosity","curr_gypsum_rate_constant","curr_calcite_rate_constant","curr_gypsum_surface_area","curr_calcite_surface_area","dfn_volume","output_var","sobol_type","boot_num"
"1",0.113678787183022,-0.0020697312557669,0.0016516022061349,-0.000832696403355195,0.00404564199720529,-0.000327435498699413,-0.00094955569694794,-0.00987428572167784,"calcite_flush_4","FOmean",1930
"2",0.141139586487276,0.00458973511756447,0.00417224585030881,0.00405714799503834,0.0106590800131267,0.00356684856249247,0.00815988724098817,0.0297466563375831,"calcite_flush_4","TEmean",1930
"3",0.999621483538985,0.999655738430333,0.99966838521418,0.999709586694277,0.999634663006741,0.999619295048217,0.99966937594746,0.99968362780526,"calcite_flush_4","FOsd2",1930
"4",0.000124270292310297,5.72643715335103e-05,0.00010370246771832,7.47945751272735e-05,9.92961623809107e-05,8.15332924085493e-05,7.38806706096407e-05,0.00010346490868079,"calcite_flush_4","TEsd2",1930
