"","curr_inflow_rate","curr_diffusion_coef","curr_porosity","curr_gypsum_rate_constant","curr_calcite_rate_constant","curr_gypsum_surface_area","curr_calcite_surface_area","dfn_volume","output_var","sobol_type","boot_num"
"1",0.0580026815099033,-2.23779255552274e-05,-0.000927586978603388,0.0045684477355596,0.0119391194164436,-0.000552331806553693,0.00582103926997785,0.00484607008517519,"calcite_flush_2","FOmean",3
"2",0.0807628189952502,0.00178272309886743,0.00141939972361756,0.0115941244012307,0.017824116058846,0.00340565920448158,0.00855933787851127,0.00946095565579455,"calcite_flush_2","TEmean",3
"3",-0.55863910294199,-0.790145099731561,-0.71105484924136,-0.937449350699719,-0.238375084386118,-0.417819150867963,-0.0894059699126635,-1.66829764299293,"calcite_flush_2","FOsd2",3
"4",1.27606056848567,0.514556662736259,0.757708006083857,0.684564761493039,0.228496173868591,0.584205314910495,0.168501261431359,1.72208341971278,"calcite_flush_2","TEsd2",3
