"","curr_inflow_rate","curr_diffusion_coef","curr_porosity","curr_gypsum_rate_constant","curr_calcite_rate_constant","curr_gypsum_surface_area","curr_calcite_surface_area","dfn_volume","output_var","sobol_type","boot_num"
"1",0.31543584817949,-0.00336618763930013,0.00133790316742722,0.00138461885220167,0.024820449602349,-0.00298873510298532,0.00634256623959716,0.00252963126522151,"calcite_flush_3","FOmean",1369
"2",0.32694761709211,0.00614420227549002,0.00520124334166822,0.0056731657123129,0.0346798700566168,0.00296073506896824,0.0132604838112606,0.0191048644704215,"calcite_flush_3","TEmean",1369
"3",0.205175942098704,0.353701045451838,0.39711402775287,0.412725520362389,0.425582095048793,0.300076920325885,0.312817674747238,0.0465123035275485,"calcite_flush_3","FOsd2",1369
"4",0.385356576785451,0.227024847085325,0.097076872590337,0.153783062326361,0.176643357747658,0.259746765248496,0.0849430998546438,0.239144567797007,"calcite_flush_3","TEsd2",1369
