"","curr_inflow_rate","curr_diffusion_coef","curr_porosity","curr_gypsum_rate_constant","curr_calcite_rate_constant","curr_gypsum_surface_area","curr_calcite_surface_area","dfn_volume","output_var","sobol_type","boot_num"
"1",0.102864053457565,0.00477393424781479,0.000929952617125679,-0.000574944016666732,0.00491640858798841,-0.000821368408841622,-0.000980280433400134,0.000305501903660584,"calcite_flush_2","FOmean",1256
"2",0.117406975626165,0.00672382759970193,0.00401072669822458,0.00569977464928068,0.00650924502254945,0.00160174893245093,0.00548066129918554,0.00838354379007606,"calcite_flush_2","TEmean",1256
"3",-98.2432543180864,-58.1571195702331,-54.7023834170669,-70.9050642275828,-55.8515299622646,-73.6614623152369,-54.3275589964803,-59.4996116301218,"calcite_flush_2","FOsd2",1256
"4",59.4441306233453,16.9763206099653,4.29262903641652,2.41622556854183,1.57680241603812,22.1325378035443,4.50723629397246,3.56159804032981,"calcite_flush_2","TEsd2",1256
