"","curr_inflow_rate","curr_diffusion_coef","curr_porosity","curr_gypsum_rate_constant","curr_calcite_rate_constant","curr_gypsum_surface_area","curr_calcite_surface_area","dfn_volume","output_var","sobol_type","boot_num"
"1",0.11190332756183,0.00569518751517617,0.00365319465523035,-0.000927724497203145,0.00816168631518116,1.46588299806488e-05,-0.00083944164519885,0.00781346055321229,"calcite_flush_4","FOmean",649
"2",0.160397969219727,0.00596131305286177,0.00476133123526841,0.00519206594613454,0.0129487318595653,0.00274318965767258,0.00420785549533389,0.0333792938717326,"calcite_flush_4","TEmean",649
"3",0.999713732014711,0.999735351546301,0.999686690147855,0.999735679157777,0.999725137705324,0.999695495291974,0.999656822448564,0.99973768345495,"calcite_flush_4","FOsd2",649
"4",0.000112856999088242,5.45047655192448e-05,0.000103557414636184,5.53906759623514e-05,4.58909325005175e-05,4.76235397396048e-05,6.07002771767869e-05,0.000109794652452468,"calcite_flush_4","TEsd2",649
