"","curr_inflow_rate","curr_diffusion_coef","curr_porosity","curr_gypsum_rate_constant","curr_calcite_rate_constant","curr_gypsum_surface_area","curr_calcite_surface_area","dfn_volume","output_var","sobol_type","boot_num"
"1",0.0891010170347002,0.00568391481200698,0.00305978248916004,0.00355248887087897,0.00401512281272577,0.000765618714075885,0.00253112191638724,0.0241962306320033,"calcite_flush_5","FOmean",1868
"2",0.105397703508654,0.0051452753899543,0.00737455567074042,0.00531930974275612,0.00612077408448596,0.00462426008682222,0.00503267649979838,0.0379607077788751,"calcite_flush_5","TEmean",1868
"3",0.999584482975832,0.99964884813457,0.99966088054589,0.999583699219388,0.999220533936984,0.999676211822238,0.999576568697247,0.999640865134961,"calcite_flush_5","FOsd2",1868
"4",8.07278622789617e-05,9.7305525464198e-05,0.000235903025250487,0.000131355292875338,0.000539818251615342,8.72196414040675e-05,0.000172178943207492,0.000145628031773453,"calcite_flush_5","TEsd2",1868
