"","curr_inflow_rate","curr_diffusion_coef","curr_porosity","curr_gypsum_rate_constant","curr_calcite_rate_constant","curr_gypsum_surface_area","curr_calcite_surface_area","dfn_volume","output_var","sobol_type","boot_num"
"1",0.459256180713016,0.0868627543401829,0.0029803155901711,0.0666255413587217,0.0136401280863177,0.0592036100506796,0.0752607695522661,0.00763404765111215,"calcite_flush_0","FOmean",106
"2",0.79399373266394,0.187553950257159,0.117277800795673,0.415157148663891,0.0921186291157832,0.211337196733051,0.312848694507325,0.157283757973063,"calcite_flush_0","TEmean",106
"3",1,1,1,1,1,1,1,1,"calcite_flush_0","FOsd2",106
"4",3.35901497962596e-27,2.8257003664051e-27,1.87922727088481e-27,1.94531465356107e-27,6.4407258983571e-27,3.01621388612934e-27,1.66794038119166e-27,7.42695248762382e-27,"calcite_flush_0","TEsd2",106
