"","curr_inflow_rate","curr_diffusion_coef","curr_porosity","curr_gypsum_rate_constant","curr_calcite_rate_constant","curr_gypsum_surface_area","curr_calcite_surface_area","dfn_volume","output_var","sobol_type","boot_num"
"1",0.060374194299811,-0.000868357477439395,-0.000500124283292305,0.00100338681189809,0.00295663513646266,0.00175530284349416,0.000471203400794996,0.00241591078922067,"calcite_flush_2","FOmean",1410
"2",0.0766846138481382,0.00156395826720152,0.00162231958206949,0.00384037976434353,0.00582969240137587,0.00808402288738605,0.00223015415906948,0.0075483686843361,"calcite_flush_2","TEmean",1410
"3",-2.62171359185007,-5.28866179382682,-11.853703416718,-3.36149132126085,-5.75954863112185,-15.4011823715675,-16.8332932510564,-9.66087692561645,"calcite_flush_2","FOsd2",1410
"4",10.3560636734048,1.64638291931038,0.952413788175529,10.8155990784225,2.20343846859128,11.0833514786856,4.3773732670472,1.5715476217077,"calcite_flush_2","TEsd2",1410
