"","curr_inflow_rate","curr_diffusion_coef","curr_porosity","curr_gypsum_rate_constant","curr_calcite_rate_constant","curr_gypsum_surface_area","curr_calcite_surface_area","dfn_volume","output_var","sobol_type","boot_num"
"1",0.109569566855189,-6.85041770306856e-05,0.000623938773539829,-0.00175691866438261,0.00714848341143073,0.00732113382313881,0.00167199715666834,-0.00536085193934802,"calcite_flush_4","FOmean",229
"2",0.144700099394872,0.00511515615770162,0.00520289859389877,0.00424163773384612,0.0112725039348335,0.00531141633814057,0.00818582768286111,0.027973789782807,"calcite_flush_4","TEmean",229
"3",0.999091961678744,0.999074297379321,0.99907573021373,0.999031475365621,0.998942885718,0.998848939525316,0.999076648788944,0.999080852400165,"calcite_flush_4","FOsd2",229
"4",0.000116187588009661,0.000104963213626658,0.000112034129098091,0.000107007220582964,0.000182099344524353,0.000151619447747358,5.61205317910195e-05,0.00010524141536477,"calcite_flush_4","TEsd2",229
