"","curr_inflow_rate","curr_diffusion_coef","curr_porosity","curr_gypsum_rate_constant","curr_calcite_rate_constant","curr_gypsum_surface_area","curr_calcite_surface_area","dfn_volume","output_var","sobol_type","boot_num"
"1",0.0815341606515186,0.00017091867322304,0.000353138924068971,0.00399824699131779,0.00412653727136438,-0.00019103218741025,0.00479147227330155,0.000275046374907646,"calcite_flush_2","FOmean",353
"2",0.0910384352888302,0.00652954732696278,0.00121656408839514,0.00746976665657028,0.00430337210933224,0.00199142636860269,0.00961287977927516,0.0035888235162953,"calcite_flush_2","TEmean",353
"3",0.362485142305858,0.0869752082872196,0.276963099348772,0.363155797139681,-0.355416901667076,0.432718538177738,-0.392225839382368,0.224631860906204,"calcite_flush_2","FOsd2",353
"4",0.557098763228936,0.411145192199013,0.266441198901915,0.37217310189687,0.32056004496623,0.389841221410727,0.821086875505682,0.0851125732026772,"calcite_flush_2","TEsd2",353
