"","curr_inflow_rate","curr_diffusion_coef","curr_porosity","curr_gypsum_rate_constant","curr_calcite_rate_constant","curr_gypsum_surface_area","curr_calcite_surface_area","dfn_volume","output_var","sobol_type","boot_num"
"1",0.104695578751759,-0.00277230760994925,0.000866581560871989,-0.00308300997378935,-0.00123733786368118,-0.00195677314554166,0.000375514240958098,0.000341798713891355,"calcite_flush_4","FOmean",467
"2",0.129896572279965,0.00584156961582746,0.00467074598225488,0.00654318960126575,0.00886515480926574,0.00535300484448178,0.00553559202719566,0.0279306646701961,"calcite_flush_4","TEmean",467
"3",0.999589111386956,0.999489608425025,0.999524025485104,0.999468294945078,0.999452681288793,0.999386584404793,0.999518582479782,0.999348452943333,"calcite_flush_4","FOsd2",467
"4",0.000253948785392458,0.000195623711610084,0.000170122524044283,0.000106602876704865,7.95764744772319e-05,9.66072013063925e-05,0.000105924781265017,0.000152956025273144,"calcite_flush_4","TEsd2",467
