"","curr_inflow_rate","curr_diffusion_coef","curr_porosity","curr_gypsum_rate_constant","curr_calcite_rate_constant","curr_gypsum_surface_area","curr_calcite_surface_area","dfn_volume","output_var","sobol_type","boot_num"
"1",0.10836678748484,0.000350720638183957,0.00313353602335661,0.0029441517108907,0.000729996735499133,0.00264081884730247,0.0032063668572722,-0.00737038752991733,"calcite_flush_4","FOmean",677
"2",0.144719158099204,0.00386198614978154,0.00570366052005475,0.00596769653956002,0.00826176639477678,0.00291107750948714,0.00637185903243507,0.0286544062130994,"calcite_flush_4","TEmean",677
"3",0.99970957174683,0.999697228527456,0.999717128134907,0.999692316158625,0.999670453690642,0.999645618528203,0.999733642069839,0.999696627116538,"calcite_flush_4","FOsd2",677
"4",0.000153688449160694,6.43442265519917e-05,0.000150502709933383,8.14697881941746e-05,6.4320818559386e-05,7.36099174559258e-05,0.000122838185088608,0.000134270891877182,"calcite_flush_4","TEsd2",677
