"","curr_inflow_rate","curr_diffusion_coef","curr_porosity","curr_gypsum_rate_constant","curr_calcite_rate_constant","curr_gypsum_surface_area","curr_calcite_surface_area","dfn_volume","output_var","sobol_type","boot_num"
"1",0.321562964764092,-0.00456517343637421,-0.000694876853725504,0.00285026342005396,0.0137120026102792,0.00529235678102884,0.0100672384926881,-0.00030270043726761,"calcite_flush_3","FOmean",571
"2",0.33977482621739,0.00648855421354829,0.00622949581670938,0.0112033639765254,0.0239610560759091,0.00275769888283446,0.0224499405620081,0.0137993257937489,"calcite_flush_3","TEmean",571
"3",-0.459440537765233,0.932740356239595,0.316352601405624,-39.7894461872112,0.263768053107817,0.627538493453641,0.68525278382502,0.387435394485746,"calcite_flush_3","FOsd2",571
"4",1.75352076742178,0.414043527056086,0.169501930966155,33.4965917549054,0.0597482883107358,0.044043617566934,0.469125942417453,0.904794824446715,"calcite_flush_3","TEsd2",571
