"","curr_inflow_rate","curr_diffusion_coef","curr_porosity","curr_gypsum_rate_constant","curr_calcite_rate_constant","curr_gypsum_surface_area","curr_calcite_surface_area","dfn_volume","output_var","sobol_type","boot_num"
"1",0.278118573432779,-0.00311777359306546,0.00069358308785403,0.00963392495508995,0.0288696202650468,0.000435746642999355,0.0142409398378046,-0.00672863830947462,"calcite_flush_3","FOmean",1453
"2",0.317281787566926,0.0050398958679285,0.0046731445857593,0.00809528644870347,0.0352026688426818,0.00488778541469347,0.0135712419319718,0.0175735359738164,"calcite_flush_3","TEmean",1453
"3",0.907258446427685,0.952747605714692,0.967767400460036,0.894173663942864,0.921679054046515,0.884375441422639,0.887335557609327,0.968245025944342,"calcite_flush_3","FOsd2",1453
"4",0.0684182968345361,0.0471792809109628,0.0563290830183673,0.0199703291017732,0.0152852357683848,0.0132828150905419,0.0553107954288037,0.0513806610987897,"calcite_flush_3","TEsd2",1453
