"","curr_inflow_rate","curr_diffusion_coef","curr_porosity","curr_gypsum_rate_constant","curr_calcite_rate_constant","curr_gypsum_surface_area","curr_calcite_surface_area","dfn_volume","output_var","sobol_type","boot_num"
"1",0.109652092705325,0.000950210821435699,-0.00142202591977665,0.00717210388129482,0.00209542971783654,0.000220364325779942,0.00590652194854732,0.000537880529288575,"calcite_flush_2","FOmean",360
"2",0.139471779098299,0.00462316470115459,0.00344244102041248,0.0236083164510202,0.00919139985815942,0.00253094569945938,0.0138791601356699,0.0124392751170921,"calcite_flush_2","TEmean",360
"3",-979.473054929141,-909.325081245439,-910.88335493413,-921.558637816951,-902.756910783921,-903.269354041399,-906.847733043714,-897.877047822245,"calcite_flush_2","FOsd2",360
"4",77.7364757494272,2.9293564031873,17.7065964113193,31.5030050018465,3.87886912474671,4.60350295038317,7.07885206765814,8.44443517063961,"calcite_flush_2","TEsd2",360
