"","curr_inflow_rate","curr_diffusion_coef","curr_porosity","curr_gypsum_rate_constant","curr_calcite_rate_constant","curr_gypsum_surface_area","curr_calcite_surface_area","dfn_volume","output_var","sobol_type","boot_num"
"1",0.43737450528413,0.00886530160236923,0.00368341832567772,0.0220122941031379,0.0227628304520348,-0.0170150744973123,0.118624095513511,0.0418100595977281,"calcite_flush_0","FOmean",1373
"2",0.78238426487456,0.151542544250018,0.205534761954933,0.244369320824928,0.169836035254198,0.145531510696304,0.436896116955654,0.117665886204744,"calcite_flush_0","TEmean",1373
"3",1,1,1,1,1,1,1,1,"calcite_flush_0","FOsd2",1373
"4",6.42168840045399e-27,9.20601002654769e-27,7.23582813743841e-27,3.83877259727613e-27,3.56279553648167e-27,6.07730730304314e-27,6.20442528160383e-27,4.03039367789616e-27,"calcite_flush_0","TEsd2",1373
