"","curr_inflow_rate","curr_diffusion_coef","curr_porosity","curr_gypsum_rate_constant","curr_calcite_rate_constant","curr_gypsum_surface_area","curr_calcite_surface_area","dfn_volume","output_var","sobol_type","boot_num"
"1",0.0352429186903036,-0.00220056215639729,0.00910508433740926,0.00215609656461735,0.00127789249213755,0.00248767210514801,0.00133926554429983,-0.00131967378234128,"calcite_flush_6","FOmean",1169
"2",0.0368169628080404,0.00199534487076948,0.0144194182236364,0.00693960833556039,0.00257313414012884,0.0029473399732761,0.00212896113821987,0.0147966778940388,"calcite_flush_6","TEmean",1169
"3",0.999929179818413,0.999917379883362,0.999909467682689,0.99990784434913,0.999917073813249,0.999917320789849,0.999780477310485,0.999900899075219,"calcite_flush_6","FOsd2",1169
"4",3.28296432288937e-05,1.5126510992353e-05,1.38532328464166e-05,6.09662312009469e-05,3.28097037248036e-05,2.05004930987795e-05,0.000149412525556083,5.85206352875959e-05,"calcite_flush_6","TEsd2",1169
