"","curr_inflow_rate","curr_diffusion_coef","curr_porosity","curr_gypsum_rate_constant","curr_calcite_rate_constant","curr_gypsum_surface_area","curr_calcite_surface_area","dfn_volume","output_var","sobol_type","boot_num"
"1",0.0547879789528917,0.00339883258244837,0.00745472652989418,0.00112273730877162,-0.00195337084895727,-0.00365415848735473,0.00342394521055358,0.0106871824339433,"calcite_flush_6","FOmean",56
"2",0.0578561690660034,0.00376343674806901,0.0160694886975262,0.00394798770804939,0.00284880268088709,0.00284314647920278,0.00241847846324933,0.0243854133273757,"calcite_flush_6","TEmean",56
"3",0.999951779001261,0.999945227666467,0.999946948179382,0.999950806984771,0.999957820610099,0.999948664251313,0.999936209718925,0.999929871404617,"calcite_flush_6","FOsd2",56
"4",2.50751990101039e-05,1.26009061574488e-05,9.63732319781969e-06,1.23283302904421e-05,1.49674379762918e-05,4.98896417977976e-06,2.22940804602277e-05,2.50477302465328e-05,"calcite_flush_6","TEsd2",56
