"","curr_inflow_rate","curr_diffusion_coef","curr_porosity","curr_gypsum_rate_constant","curr_calcite_rate_constant","curr_gypsum_surface_area","curr_calcite_surface_area","dfn_volume","output_var","sobol_type","boot_num"
"1",0.092480767475943,0.00811163512259788,-0.00422895170896848,-0.00145774550765296,0.00586145369828195,0.0026474125152213,0.00396839768976525,0.00141229924770207,"calcite_flush_4","FOmean",1818
"2",0.131004226808717,0.00464116808176047,0.0037158454611803,0.00445401726162422,0.00659678192093794,0.00351565524724028,0.00557428716371261,0.0268354477747125,"calcite_flush_4","TEmean",1818
"3",0.999744955371673,0.999750567232308,0.999729268164354,0.999728898535537,0.999641953655198,0.99972461709529,0.999717965042915,0.999744694561123,"calcite_flush_4","FOsd2",1818
"4",0.000109358304538368,8.38774235402641e-05,9.87513811864904e-05,5.06788817293513e-05,7.93342849080298e-05,0.000112430798238235,9.18556368860135e-05,8.6427916793973e-05,"calcite_flush_4","TEsd2",1818
