"","curr_inflow_rate","curr_diffusion_coef","curr_porosity","curr_gypsum_rate_constant","curr_calcite_rate_constant","curr_gypsum_surface_area","curr_calcite_surface_area","dfn_volume","output_var","sobol_type","boot_num"
"1",0.0451618694591269,-0.00336036153562057,0.0123854845260602,0.0111465333749478,-0.00370683837724669,0.00551351625891281,-0.000573316090257937,-0.00366111850931289,"calcite_flush_6","FOmean",245
"2",0.0623774140277066,0.00424885438811428,0.0161310303056342,0.00628829524366605,0.00530635572446948,0.00350183701767761,0.00387497012084826,0.0200820451406954,"calcite_flush_6","TEmean",245
"3",0.999919873035314,0.999892702576669,0.999878323650577,0.999897742863782,0.999930563133113,0.999924991140582,0.999899015525017,0.999909134159806,"calcite_flush_6","FOsd2",245
"4",6.63526975377621e-05,1.72856310653372e-05,5.05698685540323e-05,2.8670236864939e-05,3.96440876124067e-05,4.14611971983125e-05,1.74968922532783e-05,3.72110013017936e-05,"calcite_flush_6","TEsd2",245
