"","curr_inflow_rate","curr_diffusion_coef","curr_porosity","curr_gypsum_rate_constant","curr_calcite_rate_constant","curr_gypsum_surface_area","curr_calcite_surface_area","dfn_volume","output_var","sobol_type","boot_num"
"1",0.123810717262545,0.000729374057353224,3.85342441768461e-05,0.00517401706911859,0.00512253488023087,-0.000558683373724063,0.00599793886041422,0.00179071582689715,"calcite_flush_2","FOmean",1585
"2",0.144300034261788,0.00244675449882731,0.00251428336006003,0.00984852158049125,0.0144226851178408,0.0023453882094383,0.0121189270186484,0.0146429331406311,"calcite_flush_2","TEmean",1585
"3",-211.100100808992,-1527.49143191771,-143.461805069188,-242.465878341435,-156.964060412032,-121.022811326266,-121.852685471904,-115.829669274269,"calcite_flush_2","FOsd2",1585
"4",98.3942999975116,1414.85291719796,28.9395504737028,112.251063755851,41.013108677541,8.93032696098372,14.3069997120296,3.51800125291672,"calcite_flush_2","TEsd2",1585
