"","curr_inflow_rate","curr_diffusion_coef","curr_porosity","curr_gypsum_rate_constant","curr_calcite_rate_constant","curr_gypsum_surface_area","curr_calcite_surface_area","dfn_volume","output_var","sobol_type","boot_num"
"1",0.337111033421347,-0.0444907044052225,-0.0480768400806421,0.0286876837891543,0.0802262259741867,-0.0155070604243441,0.053188792990856,0.00990723325731209,"calcite_flush_0","FOmean",1772
"2",0.791302610686688,0.243602351962159,0.224088064691277,0.21409598350606,0.216485826180396,0.176621739638706,0.316545891150951,0.206639526107054,"calcite_flush_0","TEmean",1772
"3",1,1,1,1,1,1,1,1,"calcite_flush_0","FOsd2",1772
"4",4.50220865866255e-33,6.07072853006279e-33,4.98093800740305e-33,4.882036789864e-33,4.17745411314715e-33,9.07999032940317e-33,2.98125186092898e-33,6.66193625303426e-33,"calcite_flush_0","TEsd2",1772
