"","curr_inflow_rate","curr_diffusion_coef","curr_porosity","curr_gypsum_rate_constant","curr_calcite_rate_constant","curr_gypsum_surface_area","curr_calcite_surface_area","dfn_volume","output_var","sobol_type","boot_num"
"1",0.0996552846288671,-0.00508814381369861,-0.00507799180888333,-0.00591477827923339,0.00137625406059319,-0.00266045879742735,0.00290780997420386,0.00137154518057781,"calcite_flush_4","FOmean",1867
"2",0.139710610025959,0.006876396326862,0.0043459606932122,0.00486114300585392,0.011718190099229,0.00591995616378138,0.00517693060645221,0.0322708295368208,"calcite_flush_4","TEmean",1867
"3",0.999707987010575,0.999717918443432,0.999697036093479,0.999691165284284,0.999717589986353,0.9996826051673,0.999655400949055,0.999695304171253,"calcite_flush_4","FOsd2",1867
"4",9.59486516272275e-05,4.21098851576359e-05,8.90554947477335e-05,7.89792806367594e-05,8.16111221654782e-05,4.55179645289428e-05,0.000118305850661694,7.74768181243662e-05,"calcite_flush_4","TEsd2",1867
