"","curr_inflow_rate","curr_diffusion_coef","curr_porosity","curr_gypsum_rate_constant","curr_calcite_rate_constant","curr_gypsum_surface_area","curr_calcite_surface_area","dfn_volume","output_var","sobol_type","boot_num"
"1",0.430905427341192,0.00600234852692485,0.036159723962206,0.0545497715250414,-0.0187288313743088,-0.00775982001074458,0.0104140722586213,0.00590805181082502,"calcite_flush_0","FOmean",659
"2",1.06023800826518,0.295129717582944,0.237419103709726,0.270033656669748,0.182967778904625,0.309770542948736,0.280524802568471,0.294450154181013,"calcite_flush_0","TEmean",659
"3",1,1,1,1,1,1,1,1,"calcite_flush_0","FOsd2",659
"4",5.9226225098683e-27,5.67866235144018e-27,4.10064982731275e-27,6.69517933256078e-27,4.41164652578445e-27,4.97697319276075e-27,3.78492540639709e-27,7.73247526800829e-27,"calcite_flush_0","TEsd2",659
