"","curr_inflow_rate","curr_diffusion_coef","curr_porosity","curr_gypsum_rate_constant","curr_calcite_rate_constant","curr_gypsum_surface_area","curr_calcite_surface_area","dfn_volume","output_var","sobol_type","boot_num"
"1",0.113109107817179,0.00474913802590556,0.00229767874050903,0.00233580378924372,0.00154954683068248,0.00116346691578574,0.00705444157512251,0.00283072484231008,"calcite_flush_2","FOmean",1067
"2",0.130281793385195,0.0113345123199565,0.00442009078817687,0.0111750214137986,0.00582621520552791,0.00280329595812183,0.0123102596353434,0.00700478090979199,"calcite_flush_2","TEmean",1067
"3",-2967.73163867414,-452.956543585061,-627.241277372545,-408.851145825932,-440.916999307171,-541.885669516495,-364.39942121598,-311.414494688077,"calcite_flush_2","FOsd2",1067
"4",2341.74565135285,249.228033368235,67.6191170521647,108.931929865032,218.551046840456,80.2653803361827,85.3553335676489,227.771597972617,"calcite_flush_2","TEsd2",1067
