"","curr_inflow_rate","curr_diffusion_coef","curr_porosity","curr_gypsum_rate_constant","curr_calcite_rate_constant","curr_gypsum_surface_area","curr_calcite_surface_area","dfn_volume","output_var","sobol_type","boot_num"
"1",0.282417940751047,0.000372866159377076,-0.000806457864391055,0.00135295857349798,0.00806647012811839,0.00315292465301886,0.00454867825308603,0.00733617420152998,"calcite_flush_3","FOmean",1054
"2",0.320788942951113,0.00286748742852434,0.00358222857319149,0.00521224812579871,0.0280575514832319,0.00275078960830865,0.00527540922718139,0.0200410076825657,"calcite_flush_3","TEmean",1054
"3",-2.14537042087934,-1.15271707024968,-1.17862624312531,-3.54867387480994,-1.22561023354278,-1.29053774277092,-1.10020779781418,-1.22714630601947,"calcite_flush_3","FOsd2",1054
"4",1.19319882569146,0.0430369595270796,0.186075828475203,2.40805616760583,0.0209148227641537,0.188745617491727,0.120452736293253,0.0873969150635792,"calcite_flush_3","TEsd2",1054
