"","curr_inflow_rate","curr_diffusion_coef","curr_porosity","curr_gypsum_rate_constant","curr_calcite_rate_constant","curr_gypsum_surface_area","curr_calcite_surface_area","dfn_volume","output_var","sobol_type","boot_num"
"1",0.0344551086762257,0.00316983010292905,0.0169430041406803,0.000139409228312463,0.00364205868192851,-0.000997546606984176,0.00321975715681555,0.0107236107343936,"calcite_flush_6","FOmean",1022
"2",0.0448788958259129,0.00319646729161662,0.019472285962704,0.00320628286685629,0.0029236273645741,0.00357910883712927,0.00326949475094248,0.0206890992568312,"calcite_flush_6","TEmean",1022
"3",0.999948437574663,0.999942866540308,0.999960159860097,0.999941725346451,0.999949833540621,0.999953061553132,0.999952392972603,0.999949123885469,"calcite_flush_6","FOsd2",1022
"4",3.00969596045396e-05,1.64299415489314e-05,1.5341058368039e-05,1.91831395531554e-05,2.54420998788031e-05,1.40839334059277e-05,1.01713330467874e-05,4.12048424877696e-05,"calcite_flush_6","TEsd2",1022
