"","curr_inflow_rate","curr_diffusion_coef","curr_porosity","curr_gypsum_rate_constant","curr_calcite_rate_constant","curr_gypsum_surface_area","curr_calcite_surface_area","dfn_volume","output_var","sobol_type","boot_num"
"1",0.21152952504024,0.201679525800788,0.00343874917009431,0.0437212749696622,0.0411266431870687,-0.0300901592810114,0.184163358189657,0.0275603385191944,"calcite_flush_0","FOmean",1870
"2",0.861085646997069,0.712475253043034,0.539756669317814,0.36872662389706,0.270895749091719,0.373941787887714,0.440534972055476,0.287893198425078,"calcite_flush_0","TEmean",1870
"3",1,1,1,1,1,1,1,1,"calcite_flush_0","FOsd2",1870
"4",1.5160859529155e-27,1.40219365593161e-27,7.69115048353998e-28,9.05010936767993e-28,1.11864501961556e-27,1.04257429109112e-27,9.63928913930848e-28,7.07262764462461e-28,"calcite_flush_0","TEsd2",1870
