"","curr_inflow_rate","curr_diffusion_coef","curr_porosity","curr_gypsum_rate_constant","curr_calcite_rate_constant","curr_gypsum_surface_area","curr_calcite_surface_area","dfn_volume","output_var","sobol_type","boot_num"
"1",0.274493255143923,-0.000846965125522894,-0.00202598478784348,-0.000584258639357518,0.00646823060581994,0.00130868983560179,3.37586768695586e-05,0.00399033425468202,"calcite_flush_3","FOmean",1348
"2",0.286131096108755,0.00589122702661325,0.00347923894835774,0.00400392351874245,0.0326605043687271,0.00291396510451402,0.010882664065279,0.0259643879242703,"calcite_flush_3","TEmean",1348
"3",0.269011945776615,-255.030403962589,-1.14803186437403,-0.155620948818782,-16.4842697662164,-0.848350952629803,-1.26760769813624,-1.06631430552387,"calcite_flush_3","FOsd2",1348
"4",2.50496702929946,216.752576703065,3.0741694242273,2.65834228490052,17.2037576139875,0.565965795424165,3.2529054764822,2.22352190633709,"calcite_flush_3","TEsd2",1348
