"","curr_inflow_rate","curr_diffusion_coef","curr_porosity","curr_gypsum_rate_constant","curr_calcite_rate_constant","curr_gypsum_surface_area","curr_calcite_surface_area","dfn_volume","output_var","sobol_type","boot_num"
"1",0.403046959160288,0.135125836994902,0.0899198051223397,0.146892656958982,-0.00101009069035407,0.0456486246008053,0.0806728608903481,-0.0254251758887753,"calcite_flush_1","FOmean",1479
"2",1.08589893090105,0.502345282064903,0.343819919262165,0.527532311604194,0.336445010426638,0.248710510070335,0.436136420728196,0.305269241875023,"calcite_flush_1","TEmean",1479
"3",1,1,1,1,1,1,1,1,"calcite_flush_1","FOsd2",1479
"4",5.47924846677187e-28,4.80402896210994e-28,5.22572008641143e-28,5.00095273213627e-28,6.50383784823027e-28,7.96497174125733e-28,4.91883043114603e-28,7.59579433004997e-28,"calcite_flush_1","TEsd2",1479
