"","curr_inflow_rate","curr_diffusion_coef","curr_porosity","curr_gypsum_rate_constant","curr_calcite_rate_constant","curr_gypsum_surface_area","curr_calcite_surface_area","dfn_volume","output_var","sobol_type","boot_num"
"1",-0.0169733895807181,0.0230087985596262,0.0518934373705757,0.0745127322263211,-0.0291135263745073,0.17451572978255,0.0939874131774036,0.133180820279882,"calcite_flush_0","FOmean",1940
"2",1.51745667904889,0.4642051278899,0.811853894350401,0.838510902232815,0.752669333499013,0.591315828937958,0.48615356697036,0.999059494977684,"calcite_flush_0","TEmean",1940
"3",1,1,1,1,1,1,1,1,"calcite_flush_0","FOsd2",1940
"4",4.74798250645309e-24,2.36941706598483e-24,2.60756973932995e-24,3.75063126513812e-24,4.86756799990298e-24,4.21345669066948e-24,2.03765955851195e-24,2.91253557510256e-24,"calcite_flush_0","TEsd2",1940
