"","curr_inflow_rate","curr_diffusion_coef","curr_porosity","curr_gypsum_rate_constant","curr_calcite_rate_constant","curr_gypsum_surface_area","curr_calcite_surface_area","dfn_volume","output_var","sobol_type","boot_num"
"1",0.0322926278769863,0.000622942287235968,0.0168109145899445,0.00207958546982259,-0.00342417617336438,-0.00279724516199555,-0.00420456562024151,0.011033606838029,"calcite_flush_6","FOmean",1533
"2",0.0550617617023676,0.00340900086807632,0.0179552563920974,0.00324463742314983,0.00316676788713966,0.00420285407183851,0.00309653687227969,0.0261472464015892,"calcite_flush_6","TEmean",1533
"3",0.99992242739437,0.999909759515237,0.999921507178856,0.999899924511229,0.999911993682291,0.999911005078469,0.999908546726755,0.999901435600823,"calcite_flush_6","FOsd2",1533
"4",2.64319968992151e-05,1.75517009319241e-05,2.57895054060374e-05,3.4083491524858e-05,2.0440904101137e-05,1.61865482050698e-05,1.63247662921178e-05,4.09797051407001e-05,"calcite_flush_6","TEsd2",1533
