"","curr_inflow_rate","curr_diffusion_coef","curr_porosity","curr_gypsum_rate_constant","curr_calcite_rate_constant","curr_gypsum_surface_area","curr_calcite_surface_area","dfn_volume","output_var","sobol_type","boot_num"
"1",0.826973693644991,0.0440169118556083,0.115279506737558,0.158196236846503,-0.0482051891827686,0.0263847280066482,0.0879291431169953,0.0422696102389216,"calcite_flush_0","FOmean",498
"2",1.94336386314954,0.449477826460546,0.522973575227782,0.898474486927161,0.685873150564547,0.518911362366018,0.419039940346906,0.718745465167042,"calcite_flush_0","TEmean",498
"3",1,1,1,1,1,1,1,1,"calcite_flush_0","FOsd2",498
"4",6.44963812956241e-25,3.80562585073817e-25,4.10888345946689e-25,3.39380453892724e-25,3.82055687578789e-25,2.68176474214751e-25,3.28625853814462e-25,4.91848706801443e-25,"calcite_flush_0","TEsd2",498
