"","curr_inflow_rate","curr_diffusion_coef","curr_porosity","curr_gypsum_rate_constant","curr_calcite_rate_constant","curr_gypsum_surface_area","curr_calcite_surface_area","dfn_volume","output_var","sobol_type","boot_num"
"1",0.260367333132299,0.00233064178724901,-0.00229606437330768,0.00248959046586036,0.0140224027337679,0.00177182390905108,0.00996896273536432,-0.00126435723572553,"calcite_flush_3","FOmean",1047
"2",0.278168265851961,0.00531369742356472,0.00416670258039443,0.00640953637429268,0.0220199062874289,0.00385878448759396,0.0133913133013009,0.0120319800252301,"calcite_flush_3","TEmean",1047
"3",0.755335678203179,0.705952469588736,0.70205659114886,0.796704608090998,0.541221544410864,0.538784500665074,0.294042509255767,0.619324240945829,"calcite_flush_3","FOsd2",1047
"4",0.263522517500007,0.120550326639873,0.0430034096014341,0.163729612238846,0.256947090070188,0.156815366039677,0.177832146350691,0.10468686962211,"calcite_flush_3","TEsd2",1047
