"","curr_inflow_rate","curr_diffusion_coef","curr_porosity","curr_gypsum_rate_constant","curr_calcite_rate_constant","curr_gypsum_surface_area","curr_calcite_surface_area","dfn_volume","output_var","sobol_type","boot_num"
"1",0.0996520871862486,-0.00611000783016784,-0.00572731048213173,0.00373185773681285,0.00255282940886645,0.0018047963537707,-0.00483126545712538,0.000673893036382294,"calcite_flush_4","FOmean",418
"2",0.152618291099838,0.00446020814060031,0.00579444762949254,0.00718258633546806,0.00869378558891074,0.00556814593458545,0.00842216623702126,0.0357318500982903,"calcite_flush_4","TEmean",418
"3",0.999728161572589,0.999672308603207,0.999742936079772,0.999784608868337,0.999766046867089,0.999759864418745,0.999734589340397,0.999772355302411,"calcite_flush_4","FOsd2",418
"4",8.6345911072327e-05,0.000108203868735142,7.06057984517194e-05,5.32938365564355e-05,8.21922234739892e-05,6.35369481608414e-05,6.69416920213047e-05,7.36191266668575e-05,"calcite_flush_4","TEsd2",418
