"","curr_inflow_rate","curr_diffusion_coef","curr_porosity","curr_gypsum_rate_constant","curr_calcite_rate_constant","curr_gypsum_surface_area","curr_calcite_surface_area","dfn_volume","output_var","sobol_type","boot_num"
"1",2.15408808360437,0.085039392701625,0.00693253471866153,0.0592917720111124,0.0253591308916675,0.0246824454479247,0.151531402601505,0.00567028532499183,"calcite_flush_1","FOmean",324
"2",2.94378914264705,0.385848447720147,0.247343348343668,0.359075474618209,0.272257329742287,0.303112409429527,0.507566206230936,0.355548499934796,"calcite_flush_1","TEmean",324
"3",1,1,1,1,1,1,1,1,"calcite_flush_1","FOsd2",324
"4",4.86805129841646e-27,3.99064676016224e-27,4.14751152494314e-27,2.94990060621746e-27,3.7175955857851e-27,2.86978743013017e-27,4.33184972566942e-27,2.91668276114452e-27,"calcite_flush_1","TEsd2",324
