"","curr_inflow_rate","curr_diffusion_coef","curr_porosity","curr_gypsum_rate_constant","curr_calcite_rate_constant","curr_gypsum_surface_area","curr_calcite_surface_area","dfn_volume","output_var","sobol_type","boot_num"
"1",0.0682104076483155,0.00132780701756629,0.000273236610881831,0.00186435348321849,0.00200500088780108,-0.00133594084219609,-0.000954220156708006,0.00196052607577705,"calcite_flush_2","FOmean",1053
"2",0.0878793090523408,0.00319482844603692,0.00161338501239273,0.00626437966078715,0.00498401064814288,0.00190330789118222,0.00441727987368191,0.00617628571952381,"calcite_flush_2","TEmean",1053
"3",0.664494457257385,-0.140671619531116,0.260220953606234,0.602721684180728,0.639830894683529,0.544796931572313,0.69916664874265,0.63779758308004,"calcite_flush_2","FOsd2",1053
"4",0.216022650739842,0.375297052143873,0.215787404939431,0.126786512217074,0.211683308859441,0.123333287140745,0.250839143867395,0.150454357150033,"calcite_flush_2","TEsd2",1053
