"","curr_inflow_rate","curr_diffusion_coef","curr_porosity","curr_gypsum_rate_constant","curr_calcite_rate_constant","curr_gypsum_surface_area","curr_calcite_surface_area","dfn_volume","output_var","sobol_type","boot_num"
"1",0.0343421330268796,-0.00413206215812642,0.00607024220084837,-0.00349984857939983,-0.00738694566657711,-0.00207902947812036,-0.00154454468041527,0.000102879372261151,"calcite_flush_6","FOmean",1694
"2",0.0630471136830135,0.00350469825680491,0.0149060434912782,0.00510174343754253,0.00391437950797557,0.00281993996738593,0.00398318352068551,0.0186134053537972,"calcite_flush_6","TEmean",1694
"3",0.999930680385352,0.999914635305217,0.999922332141638,0.999911029531335,0.999936372079727,0.999924787657721,0.999916790067817,0.999925129672979,"calcite_flush_6","FOsd2",1694
"4",2.79694597707613e-05,1.96623486081313e-05,1.44515308470839e-05,5.29280388689323e-05,2.90862520754468e-05,1.51724084908014e-05,2.75129136999291e-05,2.38138808726801e-05,"calcite_flush_6","TEsd2",1694
