"","curr_inflow_rate","curr_diffusion_coef","curr_porosity","curr_gypsum_rate_constant","curr_calcite_rate_constant","curr_gypsum_surface_area","curr_calcite_surface_area","dfn_volume","output_var","sobol_type","boot_num"
"1",0.103741910185724,0.000425920638551766,0.00669598391651743,0.00145326283472931,0.00209236515500187,-0.00514589082559164,-0.00190921344503565,-0.00482001102262873,"calcite_flush_4","FOmean",1671
"2",0.156992007692406,0.00485940909833368,0.00616585880867441,0.0044493264123141,0.010295283850617,0.00505677012570835,0.00813244450376139,0.0282307099571653,"calcite_flush_4","TEmean",1671
"3",0.99964454434474,0.999638863199155,0.999598595738343,0.999622871002427,0.999629075327453,0.999603501030084,0.999674296299855,0.999679038265344,"calcite_flush_4","FOsd2",1671
"4",0.000211022613095814,9.97962028361707e-05,0.000156862776525885,0.000107579077715683,0.00013254200082813,9.42675783748145e-05,0.000121809527451704,0.000122919402754143,"calcite_flush_4","TEsd2",1671
