"","curr_inflow_rate","curr_diffusion_coef","curr_porosity","curr_gypsum_rate_constant","curr_calcite_rate_constant","curr_gypsum_surface_area","curr_calcite_surface_area","dfn_volume","output_var","sobol_type","boot_num"
"1",0.0755834590762435,0.000716319268115871,0.00959088512633635,0.00441882585837021,0.00697114692809022,-0.00472321765657365,0.00308487402462332,0.0218022852120992,"calcite_flush_5","FOmean",111
"2",0.108925464785025,0.00441697923217325,0.00886344809224831,0.00461011832353249,0.00920977742971505,0.00294375306455505,0.00491931947296732,0.0249094868498716,"calcite_flush_5","TEmean",111
"3",0.9993587287397,0.999493083062296,0.999564170999458,0.999436628733997,0.998694449464148,0.999490584089515,0.999414736937997,0.999476533677298,"calcite_flush_5","FOsd2",111
"4",0.000192432904683661,0.000100603373302209,0.0001512291407431,0.000166967180168039,0.00078835547252696,0.000112582804914236,0.000105368258126394,0.00013030545225185,"calcite_flush_5","TEsd2",111
