"","curr_inflow_rate","curr_diffusion_coef","curr_porosity","curr_gypsum_rate_constant","curr_calcite_rate_constant","curr_gypsum_surface_area","curr_calcite_surface_area","dfn_volume","output_var","sobol_type","boot_num"
"1",0.0879851538007177,-0.00227571354505491,-0.00199737207739713,-0.00184533378619109,0.00480394286938385,-0.00243983449734666,0.00219521438045363,0.0037081953761102,"calcite_flush_4","FOmean",2077
"2",0.145946834593529,0.00564292831009189,0.00462889626669586,0.00468810161645212,0.00864529558484473,0.00446718251906315,0.00640719612483384,0.0301870971828122,"calcite_flush_4","TEmean",2077
"3",0.999542033521634,0.999625162028935,0.999572155008695,0.999540087674894,0.99949665389216,0.999255351210957,0.999493733898678,0.999598382919154,"calcite_flush_4","FOsd2",2077
"4",0.000145354601219748,0.000110548413211196,0.000183498916167555,8.41899852764289e-05,0.000132289989707695,0.000136006433098858,8.25540780984655e-05,0.000218142521397276,"calcite_flush_4","TEsd2",2077
