"","curr_inflow_rate","curr_diffusion_coef","curr_porosity","curr_gypsum_rate_constant","curr_calcite_rate_constant","curr_gypsum_surface_area","curr_calcite_surface_area","dfn_volume","output_var","sobol_type","boot_num"
"1",0.072070342021027,-0.00055990683006849,0.00262025691537805,0.0014765399518556,0.00127905528168701,0.000173048923286133,-0.000220666588972806,0.00159367546554619,"calcite_flush_5","FOmean",1224
"2",0.129106531729304,0.00550963720870751,0.00841226102957371,0.00565768159480514,0.00581288528140511,0.00353330555593504,0.00395372953312233,0.0264797179956385,"calcite_flush_5","TEmean",1224
"3",0.999694440925811,0.99962307875393,0.999699437486955,0.99966504980102,0.999572583106802,0.999628907322258,0.999604965824154,0.99961098799265,"calcite_flush_5","FOsd2",1224
"4",0.000101571176263205,7.73088812436653e-05,0.000175123609090863,0.000124920370209009,0.000144309539147259,6.37029298606709e-05,0.000104296480610526,8.85168485531135e-05,"calcite_flush_5","TEsd2",1224
