"","curr_inflow_rate","curr_diffusion_coef","curr_porosity","curr_gypsum_rate_constant","curr_calcite_rate_constant","curr_gypsum_surface_area","curr_calcite_surface_area","dfn_volume","output_var","sobol_type","boot_num"
"1",0.840549833149259,0.0491136897287909,0.053859602620885,0.035724097707104,0.0802373525727962,0.036644796231845,0.0419681946546536,0.0592755799496978,"calcite_flush_1","FOmean",1689
"2",1.17029419596367,0.163371604869789,0.248276384610371,0.20156046382749,0.23232344771056,0.175386483374497,0.195002907690263,0.170736095771568,"calcite_flush_1","TEmean",1689
"3",1,1,1,1,1,1,1,1,"calcite_flush_1","FOsd2",1689
"4",3.6464517905413e-45,7.13758775247443e-45,3.54237115728578e-45,4.95451326053566e-45,8.4368714827192e-45,5.76637258470163e-45,4.93743837187705e-45,4.74549918971465e-44,"calcite_flush_1","TEsd2",1689
