"","curr_inflow_rate","curr_diffusion_coef","curr_porosity","curr_gypsum_rate_constant","curr_calcite_rate_constant","curr_gypsum_surface_area","curr_calcite_surface_area","dfn_volume","output_var","sobol_type","boot_num"
"1",0.0953817696025864,0.00507169139911274,0.00122201084028395,0.00579539257511216,-0.00452989566057437,0.00156573422546821,0.00413789601460439,0.00129511511646773,"calcite_flush_4","FOmean",1993
"2",0.126686194559894,0.00365100611190617,0.00653646851285908,0.00545119410333125,0.00817736583131147,0.00401100388072781,0.00591932020667562,0.0352042596414926,"calcite_flush_4","TEmean",1993
"3",0.999611256872108,0.999605627386416,0.999258638876379,0.99961334636075,0.99965099791181,0.999336875591141,0.999605310723107,0.999647181846172,"calcite_flush_4","FOsd2",1993
"4",0.000127176911044127,0.000105094645371959,0.000172928285241429,0.000263783792682172,0.000216941667796442,0.000136541575056037,0.000226884509851609,0.000217897588413799,"calcite_flush_4","TEsd2",1993
