"","curr_inflow_rate","curr_diffusion_coef","curr_porosity","curr_gypsum_rate_constant","curr_calcite_rate_constant","curr_gypsum_surface_area","curr_calcite_surface_area","dfn_volume","output_var","sobol_type","boot_num"
"1",1.34897181190891,-0.00596556361626749,-0.0199811688914615,0.219331715168214,0.00898821079566206,0.0182904279986516,0.139884366126849,0.0416649077698985,"calcite_flush_1","FOmean",1808
"2",2.41705840447607,0.534408335488869,0.207237438294381,0.707008805610568,0.312649493535967,0.40540795056594,0.324809295920136,0.457793483985468,"calcite_flush_1","TEmean",1808
"3",1,1,1,1,1,1,1,1,"calcite_flush_1","FOsd2",1808
"4",4.28091039462705e-27,4.52407519497658e-27,3.20000808018674e-27,6.08716076480796e-27,2.77701623463958e-27,3.89147471419946e-27,4.19819649392774e-27,4.90085730332994e-27,"calcite_flush_1","TEsd2",1808
