"","curr_inflow_rate","curr_diffusion_coef","curr_porosity","curr_gypsum_rate_constant","curr_calcite_rate_constant","curr_gypsum_surface_area","curr_calcite_surface_area","dfn_volume","output_var","sobol_type","boot_num"
"1",0.054968181443177,0.000188036730206659,-2.63851210638345e-05,0.00290620192984462,0.00138158103947982,0.000614410497341929,0.00120321819918441,0.000823503032084661,"calcite_flush_2","FOmean",955
"2",0.0703581123696551,0.000972620652727671,0.00164230290668976,0.00555456822322972,0.00508458101924793,0.00097414910226857,0.00511694613877756,0.00592110687131958,"calcite_flush_2","TEmean",955
"3",-18.3088205841566,-8.37714783773528,-21.4593620918972,-11.127841655741,-19.2626156698797,-10.9141020664311,-15.2826941008518,-146.3903919765,"calcite_flush_2","FOsd2",955
"4",17.1693933640913,5.53550234753923,8.90244320616172,2.55204496122894,14.4155661631466,6.11675154785182,8.69667492124338,93.7997204621347,"calcite_flush_2","TEsd2",955
