"","curr_inflow_rate","curr_diffusion_coef","curr_porosity","curr_gypsum_rate_constant","curr_calcite_rate_constant","curr_gypsum_surface_area","curr_calcite_surface_area","dfn_volume","output_var","sobol_type","boot_num"
"1",0.08359674817332,0.000708869389128007,0.00153182026672408,0.0031781089091282,0.00288678574621854,0.000204369483720693,0.00287554134537544,0.000828058924008132,"calcite_flush_2","FOmean",1823
"2",0.099404887443025,0.00376575745304221,0.00508668948177512,0.00831207605215878,0.00419498639581607,0.00179372136770553,0.0053723179496929,0.00567392161367446,"calcite_flush_2","TEmean",1823
"3",0.574687643684929,0.823438829455057,0.716018390677115,0.882773018323824,0.731212126959768,0.836999516946853,0.731285195436613,0.605311256715368,"calcite_flush_2","FOsd2",1823
"4",0.139419317532286,0.08195725667411,0.0447761219666744,0.215096505554444,0.0561578584243558,0.249999258907334,0.0750141775846316,0.0226736450087003,"calcite_flush_2","TEsd2",1823
