"","curr_inflow_rate","curr_diffusion_coef","curr_porosity","curr_gypsum_rate_constant","curr_calcite_rate_constant","curr_gypsum_surface_area","curr_calcite_surface_area","dfn_volume","output_var","sobol_type","boot_num"
"1",0.271487400881465,0.00398095071127915,0.00120251374872148,0.000741929380097813,-0.000904877598810244,0.000636572835171788,0.00434632273347337,-0.00680053484478024,"calcite_flush_3","FOmean",1586
"2",0.299227074517804,0.00345443502036387,0.00346279611712716,0.00675704514596109,0.0166584244717588,0.00341531310665148,0.0132688595427342,0.0138199123360902,"calcite_flush_3","TEmean",1586
"3",0.949913929392172,0.933682651049876,0.925974805376904,0.941822655574086,0.926405049578843,0.93944964338844,0.957175736071853,0.939395184670258,"calcite_flush_3","FOsd2",1586
"4",0.0305389751357953,0.0250091168983668,0.0294694281512548,0.0142304641730308,0.0436591535008484,0.0202723827908989,0.0198276433537817,0.0147011430870169,"calcite_flush_3","TEsd2",1586
