"","curr_inflow_rate","curr_diffusion_coef","curr_porosity","curr_gypsum_rate_constant","curr_calcite_rate_constant","curr_gypsum_surface_area","curr_calcite_surface_area","dfn_volume","output_var","sobol_type","boot_num"
"1",0.699579451552111,0.158037096952352,0.0405945214297404,0.121849039055037,-0.0576726923590442,0.0797796398689349,0.0190760411442367,-0.00109883823275676,"calcite_flush_0","FOmean",1093
"2",1.55252692792691,0.8520697427544,0.388568117649154,0.642948551152783,0.591654278826484,0.431191071828214,0.493961758521814,0.611944645490264,"calcite_flush_0","TEmean",1093
"3",1,1,1,1,1,1,1,1,"calcite_flush_0","FOsd2",1093
"4",9.6299044785621e-24,9.47273856373058e-24,3.93195079343152e-24,4.85150839749369e-24,7.10385701093017e-24,4.88465512955017e-24,4.12413834757856e-24,8.72982821949383e-24,"calcite_flush_0","TEsd2",1093
