"","curr_inflow_rate","curr_diffusion_coef","curr_porosity","curr_gypsum_rate_constant","curr_calcite_rate_constant","curr_gypsum_surface_area","curr_calcite_surface_area","dfn_volume","output_var","sobol_type","boot_num"
"1",0.0381328222727877,0.00646614050219485,0.0102396346035395,-0.00233702713071928,-0.00120285577820683,0.00139893922736128,0.00438559243254987,0.00504563771357653,"calcite_flush_6","FOmean",1470
"2",0.0554533556215023,0.00473263712349623,0.0179740296766449,0.00312114365327907,0.00309358807166153,0.00283631181206438,0.00371404908992195,0.0210512136678351,"calcite_flush_6","TEmean",1470
"3",0.999914820006765,0.999915518145479,0.999929372034706,0.999919674847424,0.999868136775778,0.999919891206398,0.999924444648167,0.99987048030516,"calcite_flush_6","FOsd2",1470
"4",3.7583176923757e-05,1.97664396669475e-05,1.87494909655777e-05,3.72740761331012e-05,6.26131030170931e-05,1.88519614494416e-05,1.65907978992332e-05,7.41199412203775e-05,"calcite_flush_6","TEsd2",1470
