"","curr_inflow_rate","curr_diffusion_coef","curr_porosity","curr_gypsum_rate_constant","curr_calcite_rate_constant","curr_gypsum_surface_area","curr_calcite_surface_area","dfn_volume","output_var","sobol_type","boot_num"
"1",0.0398382190887759,0.000794804242926592,0.00842309032504023,-0.00032750300196108,0.00115197974248878,-0.00103457263825689,-0.00162068134783627,0.00897109287394118,"calcite_flush_6","FOmean",217
"2",0.0544848542963751,0.00343559526564299,0.0211798986250115,0.00724042051151071,0.00365547190964317,0.00261881632262872,0.00260490413756072,0.020149944555989,"calcite_flush_6","TEmean",217
"3",0.999896925746581,0.999880054993906,0.999852217314823,0.999889049847406,0.999822143538969,0.999803588294968,0.999860207238042,0.999815262615164,"calcite_flush_6","FOsd2",217
"4",7.15333634591236e-05,5.00966168998245e-05,2.52942173493199e-05,8.86486743196689e-05,0.000116947398750767,8.61496926447736e-05,5.40270089372635e-05,0.000121745956299324,"calcite_flush_6","TEsd2",217
