"","curr_inflow_rate","curr_diffusion_coef","curr_porosity","curr_gypsum_rate_constant","curr_calcite_rate_constant","curr_gypsum_surface_area","curr_calcite_surface_area","dfn_volume","output_var","sobol_type","boot_num"
"1",0.124973989338224,0.00172628579481677,-0.00148922695972701,0.00219002668968242,0.00426558957622757,-0.00141220615890084,-0.00452530378549872,0.00500963724089968,"calcite_flush_2","FOmean",255
"2",0.148700251633593,0.00258462632412976,0.00233091738923499,0.00351738175732627,0.00914566690844435,0.00362877966216916,0.00531494349330826,0.016615498391894,"calcite_flush_2","TEmean",255
"3",-1746.75861204696,-313.957964369126,-308.373083382162,-344.716515620059,-521.903388546743,-340.248876564547,-334.87257451132,-554.391229049266,"calcite_flush_2","FOsd2",255
"4",1337.02221576913,261.384191710932,235.0453975522,150.351000650696,43.5117827902897,218.921716271119,193.70849785281,111.707015963093,"calcite_flush_2","TEsd2",255
