"","curr_inflow_rate","curr_diffusion_coef","curr_porosity","curr_gypsum_rate_constant","curr_calcite_rate_constant","curr_gypsum_surface_area","curr_calcite_surface_area","dfn_volume","output_var","sobol_type","boot_num"
"1",0.0855031089541259,-0.000400941217694865,0.00048042673159738,0.00165821727939935,0.00743268732821082,0.00289469725157119,0.00560953454976362,0.00319737086429336,"calcite_flush_2","FOmean",1613
"2",0.0940412053203898,0.00446631067659293,0.0023839324828395,0.00459734552512837,0.00525418302568888,0.00319235555756906,0.0104998752948151,0.00625304406688474,"calcite_flush_2","TEmean",1613
"3",-64.4579834226474,-239.217932008091,-128.623126633018,-249.799674255841,-410.834731272506,-105.914341675456,-229.3068754189,-352.466489597151,"calcite_flush_2","FOsd2",1613
"4",80.5393700321619,124.146706994696,30.3973650242211,182.734890890754,345.701063163055,81.7965973347255,98.2109547839441,121.189260818176,"calcite_flush_2","TEsd2",1613
