"","curr_inflow_rate","curr_diffusion_coef","curr_porosity","curr_gypsum_rate_constant","curr_calcite_rate_constant","curr_gypsum_surface_area","curr_calcite_surface_area","dfn_volume","output_var","sobol_type","boot_num"
"1",0.309831247152687,0.0938998459093374,0.000554768311199391,0.0552496887311386,0.0114329225071692,0.151704353947528,0.0770178958725162,0.0325546128851292,"calcite_flush_0","FOmean",393
"2",1.01708148530795,0.482250802050434,0.60764412994921,0.619800060369565,0.420112289148648,0.532222744837856,0.490600758885291,0.508871824522202,"calcite_flush_0","TEmean",393
"3",1,1,1,1,1,1,1,1,"calcite_flush_0","FOsd2",393
"4",5.47603168332077e-34,5.1121021267583e-34,4.47349971541062e-34,4.3307193133121e-34,2.6001691045291e-34,3.03774587420182e-34,3.61572288955958e-34,5.39704949526067e-34,"calcite_flush_0","TEsd2",393
