"","curr_inflow_rate","curr_diffusion_coef","curr_porosity","curr_gypsum_rate_constant","curr_calcite_rate_constant","curr_gypsum_surface_area","curr_calcite_surface_area","dfn_volume","output_var","sobol_type","boot_num"
"1",0.659421872791366,0.0499400683359774,0.00352044505613612,0.0668866246859867,0.0946303574145565,0.034495901167965,0.149588627201634,-0.00665502957814903,"calcite_flush_0","FOmean",435
"2",1.50381752168095,0.519680012325792,0.44362826841709,0.565162864921082,0.312426544303774,0.345750282166375,0.671860423763357,0.484470193527846,"calcite_flush_0","TEmean",435
"3",1,1,1,1,1,1,1,1,"calcite_flush_0","FOsd2",435
"4",8.0126507818076e-26,9.63693222932917e-26,5.80357303701606e-26,6.84318390891768e-26,4.44214014942438e-26,4.53961375450108e-26,6.51042282880802e-26,7.10251460157196e-26,"calcite_flush_0","TEsd2",435
