"","curr_inflow_rate","curr_diffusion_coef","curr_porosity","curr_gypsum_rate_constant","curr_calcite_rate_constant","curr_gypsum_surface_area","curr_calcite_surface_area","dfn_volume","output_var","sobol_type","boot_num"
"1",0.0859903430565112,-0.00173481287348593,0.000415269381229279,0.00678332727482746,0.00115301394127928,0.00249310637094323,-0.00208260668827176,0.00824138297595422,"calcite_flush_5","FOmean",2029
"2",0.119756421727793,0.00501834849852284,0.00675109211775749,0.00634573345353656,0.00739888647128183,0.00424587165114763,0.00495106506507025,0.0284539264758491,"calcite_flush_5","TEmean",2029
"3",0.999481717013036,0.999316022328143,0.999422268425122,0.999449789895643,0.999440758247379,0.999316616191187,0.999447440927271,0.999436017828793,"calcite_flush_5","FOsd2",2029
"4",0.000125075648632532,8.9128642306445e-05,0.000192997495508721,0.000293347697869448,0.000227282351925325,9.96087073490026e-05,0.000204816274693354,0.000253266268999603,"calcite_flush_5","TEsd2",2029
