"","curr_inflow_rate","curr_diffusion_coef","curr_porosity","curr_gypsum_rate_constant","curr_calcite_rate_constant","curr_gypsum_surface_area","curr_calcite_surface_area","dfn_volume","output_var","sobol_type","boot_num"
"1",0.611918061770635,-0.0611389567830925,-0.00912530552416757,0.106549355306382,-0.0237543128749214,0.0750847606436159,-0.0180621094639397,0.0726197376561164,"calcite_flush_0","FOmean",22
"2",0.997986083377697,0.393180856549282,0.284439271778709,0.648005286837474,0.208613022090258,0.422188166118983,0.416962849789291,0.241538470724893,"calcite_flush_0","TEmean",22
"3",1,1,1,1,1,1,1,1,"calcite_flush_0","FOsd2",22
"4",2.50554179500433e-46,4.0666418675715e-46,3.36295576161574e-46,3.97230886216918e-46,4.69388753592853e-46,3.79184802299042e-46,3.96500361259257e-46,1.6624895255678e-45,"calcite_flush_0","TEsd2",22
