"","curr_inflow_rate","curr_diffusion_coef","curr_porosity","curr_gypsum_rate_constant","curr_calcite_rate_constant","curr_gypsum_surface_area","curr_calcite_surface_area","dfn_volume","output_var","sobol_type","boot_num"
"1",0.0681817939312532,-0.00619811685248831,0.00337638558301029,0.00396960656949077,0.000493252504135448,0.000337532131328245,-0.00639672987933788,-0.0105444361707618,"calcite_flush_5","FOmean",1581
"2",0.108719460747377,0.00472084830857783,0.0111754582158257,0.00624707435851168,0.00545366903210197,0.00328870177351941,0.00324809873753095,0.03544531760998,"calcite_flush_5","TEmean",1581
"3",0.999602021122039,0.999545211795568,0.999552346421351,0.999570039897289,0.999534213263405,0.999570201308093,0.999484400793423,0.999601459177902,"calcite_flush_5","FOsd2",1581
"4",0.000108978691257464,8.6476279707771e-05,0.00025430518526786,8.88727107020479e-05,0.000131090168416033,9.91302347634104e-05,0.000144676647320484,9.87209330896655e-05,"calcite_flush_5","TEsd2",1581
