"","curr_inflow_rate","curr_diffusion_coef","curr_porosity","curr_gypsum_rate_constant","curr_calcite_rate_constant","curr_gypsum_surface_area","curr_calcite_surface_area","dfn_volume","output_var","sobol_type","boot_num"
"1",0.615131456082548,0.099916267186388,0.0660144318526815,0.124440538292465,0.0239132086434898,0.0119576379284087,0.0917168411322552,0.0970972172116278,"calcite_flush_1","FOmean",51
"2",1.06861666045502,0.522731885056142,0.482724734534405,0.410833165988146,0.235811788445151,0.288922423843711,0.308706161492601,0.375220642882069,"calcite_flush_1","TEmean",51
"3",1,1,1,1,1,1,1,1,"calcite_flush_1","FOsd2",51
"4",4.30508722493084e-25,3.50225553663906e-25,2.94086627955601e-25,2.02548208771061e-25,2.2191765079055e-25,3.96165183619527e-25,1.7297453949196e-25,1.87923957220693e-25,"calcite_flush_1","TEsd2",51
