"","curr_inflow_rate","curr_diffusion_coef","curr_porosity","curr_gypsum_rate_constant","curr_calcite_rate_constant","curr_gypsum_surface_area","curr_calcite_surface_area","dfn_volume","output_var","sobol_type","boot_num"
"1",0.275030080149847,0.00420365730528819,0.00129217604880087,0.00268346111129467,0.00442330035506148,0.00122773667718428,0.0024141715328661,-0.00319408009061688,"calcite_flush_3","FOmean",1460
"2",0.301275420197807,0.00318451630694992,0.00243280950602284,0.015423882039109,0.0165391820220445,0.00376664446194649,0.00725299018896616,0.0117863334988981,"calcite_flush_3","TEmean",1460
"3",-1.61626268015527,-2.46360816044038,0.067135301151411,-2.53766425961581,-0.436502100032012,-0.540830091617032,-36.2830829269125,-143.894279571107,"calcite_flush_3","FOsd2",1460
"4",4.09234795433439,1.09044603809079,1.96034922888727,0.339258214632763,1.61437040922494,1.07473119540338,22.9996197535418,127.224524219354,"calcite_flush_3","TEsd2",1460
