"","curr_inflow_rate","curr_diffusion_coef","curr_porosity","curr_gypsum_rate_constant","curr_calcite_rate_constant","curr_gypsum_surface_area","curr_calcite_surface_area","dfn_volume","output_var","sobol_type","boot_num"
"1",0.299111045534438,-0.00219127935423017,0.0050266054613568,0.00124822330652853,0.0156504043512957,0.00370764657915121,0.0124402149846011,0.00107367519793129,"calcite_flush_3","FOmean",1950
"2",0.319552437709235,0.00542106922917539,0.00995584676072193,0.00983987270244864,0.0330856257312074,0.00427055179968639,0.0188509825966049,0.0188436070667379,"calcite_flush_3","TEmean",1950
"3",0.931369754622638,0.728021463169077,0.930294783688237,0.89307908735771,0.916965835438599,0.927066972489961,0.931692037072819,0.0738863234627827,"calcite_flush_3","FOsd2",1950
"4",0.00954433798381524,0.18985594017504,0.00838993815332881,0.0412791060557007,0.0157155035889895,0.00803414306659695,0.0079705785782584,0.86545160798926,"calcite_flush_3","TEsd2",1950
