"","curr_inflow_rate","curr_diffusion_coef","curr_porosity","curr_gypsum_rate_constant","curr_calcite_rate_constant","curr_gypsum_surface_area","curr_calcite_surface_area","dfn_volume","output_var","sobol_type","boot_num"
"1",1.83344456842189,0.385188130643171,0.0394910822324384,0.14205951156303,0.0266099644170086,0.0619043964862549,0.218576812262892,-0.0117110926425184,"calcite_flush_0","FOmean",1226
"2",2.6560857892558,1.08123101014358,0.349387138569025,0.689542411093315,0.769874407799677,0.389666793012508,0.66219207087385,0.422337011655249,"calcite_flush_0","TEmean",1226
"3",1,1,1,1,1,1,1,1,"calcite_flush_0","FOsd2",1226
"4",4.50359912770929e-26,4.41689003407175e-26,1.26611681761823e-26,1.10991244642818e-26,1.29014540690049e-26,2.1263041953785e-26,2.20166951992408e-26,2.44247976665536e-26,"calcite_flush_0","TEsd2",1226
