"","curr_inflow_rate","curr_diffusion_coef","curr_porosity","curr_gypsum_rate_constant","curr_calcite_rate_constant","curr_gypsum_surface_area","curr_calcite_surface_area","dfn_volume","output_var","sobol_type","boot_num"
"1",0.0818815071417785,-0.0003295857366949,0.00117854902161703,0.00402414799749603,0.00412619548734563,0.000237434591003806,0.000839010819336526,0.00181370001758303,"calcite_flush_2","FOmean",549
"2",0.0876581484615626,0.00179763129109328,0.0013198285055778,0.00939960541776734,0.00951211518191821,0.00240456749043534,0.00678620625358311,0.00986999465709997,"calcite_flush_2","TEmean",549
"3",-863.696282626783,-1533.68686009053,-547.945956411751,-1041.73109358563,-595.222874551267,-3859.34481872001,-1600.94559102764,-2517.95190901226,"calcite_flush_2","FOsd2",549
"4",2056.33971504786,803.755916937311,1934.50863318447,566.431787311459,1946.52281655298,1284.82652897004,1947.59549861983,443.627537082516,"calcite_flush_2","TEsd2",549
