"","curr_inflow_rate","curr_diffusion_coef","curr_porosity","curr_gypsum_rate_constant","curr_calcite_rate_constant","curr_gypsum_surface_area","curr_calcite_surface_area","dfn_volume","output_var","sobol_type","boot_num"
"1",0.11076516006087,0.000111882857005773,-0.000615363437988526,0.00429105255018642,0.00359001553373889,0.00198225334917319,0.00581517518089293,0.000416222754701473,"calcite_flush_2","FOmean",941
"2",0.133671492163313,0.00161694983592854,0.00311095398238304,0.00971069223009166,0.0161759965920968,0.003321597712907,0.0168667873610276,0.00784910080501013,"calcite_flush_2","TEmean",941
"3",-17.1780278900171,-15.4026238059439,-22.9265239335114,-15.3693841951197,-16.3537940521598,-38.9838310514072,-12.8536607867684,-43.3945375867263,"calcite_flush_2","FOsd2",941
"4",5.10541610741035,3.37952806233449,16.805316965123,7.01839659160001,1.78123161303001,30.6835485475907,3.47397445619308,15.2657641676773,"calcite_flush_2","TEsd2",941
