"","curr_inflow_rate","curr_diffusion_coef","curr_porosity","curr_gypsum_rate_constant","curr_calcite_rate_constant","curr_gypsum_surface_area","curr_calcite_surface_area","dfn_volume","output_var","sobol_type","boot_num"
"1",0.0218071949076981,-0.0021726907262393,0.00141902765632624,-0.00231488453631654,-0.00493881567007124,-0.00903237771257947,0.00067461986134323,-0.00140829401278905,"calcite_flush_6","FOmean",910
"2",0.0384391350830202,0.00297200982093078,0.0115334424204442,0.00565079721808336,0.00407287400863757,0.00348673066042348,0.00256306844445517,0.0241688173138917,"calcite_flush_6","TEmean",910
"3",0.999863550099685,0.999827394226807,0.999849042711746,0.999863587968094,0.99984642845792,0.999863001584196,0.999805845508543,0.999858031100137,"calcite_flush_6","FOsd2",910
"4",3.02913786142374e-05,1.6884240026555e-05,3.1189136562647e-05,2.98766462444508e-05,2.11031655310764e-05,1.77857417174057e-05,5.32871121467962e-05,4.37812207745063e-05,"calcite_flush_6","TEsd2",910
