"","curr_inflow_rate","curr_diffusion_coef","curr_porosity","curr_gypsum_rate_constant","curr_calcite_rate_constant","curr_gypsum_surface_area","curr_calcite_surface_area","dfn_volume","output_var","sobol_type","boot_num"
"1",0.0910673408206752,0.00795545454134465,0.00466012486985449,0.00264611790107822,0.00262883851693065,-0.00046906680039239,0.00516051874587464,0.0066502107750124,"calcite_flush_2","FOmean",1669
"2",0.107193407484254,0.0134257432227803,0.00785146623273129,0.0073183110116131,0.00707882247335146,0.00446944927248457,0.00603303785492225,0.0109042003866798,"calcite_flush_2","TEmean",1669
"3",-0.496851524234565,-1.90649463121219,-0.57957857901771,-3.83913765646361,-0.3324275422395,-1.79885948000542,-1.73132479317228,-1.54386741422208,"calcite_flush_2","FOsd2",1669
"4",0.208563938817208,1.11975156742496,0.20343486197242,3.87328916943686,0.126202141919092,1.0267910905323,1.42142850015117,1.04177239812037,"calcite_flush_2","TEsd2",1669
