"","curr_inflow_rate","curr_diffusion_coef","curr_porosity","curr_gypsum_rate_constant","curr_calcite_rate_constant","curr_gypsum_surface_area","curr_calcite_surface_area","dfn_volume","output_var","sobol_type","boot_num"
"1",0.36639657638982,-0.0236067668416113,0.0877234710735118,0.103082293610553,0.127485074980768,-0.0182528218788148,-0.0430762816523471,0.0151796021101378,"calcite_flush_1","FOmean",142
"2",1.42727055484293,0.843406049123789,0.570037157623486,1.31475795352754,0.435036270685097,0.255872688985092,0.62657553928771,0.510360201095065,"calcite_flush_1","TEmean",142
"3",1,1,1,1,1,1,1,1,"calcite_flush_1","FOsd2",142
"4",2.41275783240951e-24,3.38903031203392e-24,1.18599132264632e-24,1.49849621560921e-24,1.49454057513996e-24,1.04224731115105e-24,2.38453198712476e-24,1.68734805133775e-24,"calcite_flush_1","TEsd2",142
