"","curr_inflow_rate","curr_diffusion_coef","curr_porosity","curr_gypsum_rate_constant","curr_calcite_rate_constant","curr_gypsum_surface_area","curr_calcite_surface_area","dfn_volume","output_var","sobol_type","boot_num"
"1",0.326157361579664,0.00211760046804516,0.00465186408314269,0.000484467357909448,0.0206436817581791,-0.00207438769193235,0.0108683265662431,-0.00242992195216042,"calcite_flush_3","FOmean",1187
"2",0.355064415301427,0.0062616564022608,0.00821893767350484,0.00891030834772081,0.0410384115539827,0.00400942800155257,0.0143130573960864,0.0185979439064307,"calcite_flush_3","TEmean",1187
"3",0.181847913809762,0.890162220752152,0.836140254349538,0.812956502052368,0.78965035401266,0.859404100943119,0.831938349677715,0.835178093814657,"calcite_flush_3","FOsd2",1187
"4",0.638409787921558,0.0258873921232261,0.0732663323723332,0.0885781303885754,0.0828097745140167,0.0434275239509819,0.057193952930492,0.0625727001386434,"calcite_flush_3","TEsd2",1187
