"","curr_inflow_rate","curr_diffusion_coef","curr_porosity","curr_gypsum_rate_constant","curr_calcite_rate_constant","curr_gypsum_surface_area","curr_calcite_surface_area","dfn_volume","output_var","sobol_type","boot_num"
"1",0.828860006266432,0.0395081158618158,0.0550770518583215,0.266897547402744,0.03739345612806,0.0857397373684017,0.106545089258989,0.0907111532037579,"calcite_flush_1","FOmean",863
"2",1.72063595501461,0.255011374776436,0.259858959579167,0.966872824977062,0.201263137620566,0.283672013404226,0.451381917282551,0.260994621617988,"calcite_flush_1","TEmean",863
"3",1,1,1,1,1,1,1,1,"calcite_flush_1","FOsd2",863
"4",8.98315283716973e-31,1.47864233037484e-30,8.05166464403987e-31,3.62346112216433e-31,3.74816127049479e-31,1.26934103908741e-30,5.82347883868603e-31,4.10630500075242e-31,"calcite_flush_1","TEsd2",863
