"","curr_inflow_rate","curr_diffusion_coef","curr_porosity","curr_gypsum_rate_constant","curr_calcite_rate_constant","curr_gypsum_surface_area","curr_calcite_surface_area","dfn_volume","output_var","sobol_type","boot_num"
"1",0.127429514944944,0.00187822901800081,-0.000338075394294192,0.00879354397758988,0.00560108656244284,0.00403768479975461,-0.000237353364905705,0.0175027051900071,"calcite_flush_4","FOmean",747
"2",0.148274334558583,0.00473604068984597,0.00513085418277049,0.00497368345711848,0.0104839680001806,0.00414429773171936,0.00538544412162257,0.0373339949958421,"calcite_flush_4","TEmean",747
"3",0.999649549118319,0.999669364093734,0.999718495636414,0.999655914679899,0.99965833777927,0.99965740599217,0.999648885250332,0.999684731001447,"calcite_flush_4","FOsd2",747
"4",0.0001410399078279,3.30685867157935e-05,0.000110444594721252,7.69983612595144e-05,5.28235107164549e-05,4.01296566567249e-05,8.97657787455742e-05,8.63489286986885e-05,"calcite_flush_4","TEsd2",747
