"","curr_inflow_rate","curr_diffusion_coef","curr_porosity","curr_gypsum_rate_constant","curr_calcite_rate_constant","curr_gypsum_surface_area","curr_calcite_surface_area","dfn_volume","output_var","sobol_type","boot_num"
"1",0.873479886666359,-0.0259482923236443,-0.0521535398983962,0.0323559060588674,0.152994362183373,-0.052509542200469,0.0462951743397278,0.00803103831640439,"calcite_flush_1","FOmean",975
"2",1.47905624052357,0.388780927138777,0.367325264871884,0.495670240746657,0.487979618344262,0.33889236596517,0.449320682343934,0.35666325559656,"calcite_flush_1","TEmean",975
"3",1,1,1,1,1,1,1,1,"calcite_flush_1","FOsd2",975
"4",3.83627522858792e-24,2.78887683927666e-24,4.69214956763008e-24,4.85911086790821e-24,2.66791751936956e-24,4.33523371245477e-24,3.17376547239055e-24,4.92197570527992e-24,"calcite_flush_1","TEsd2",975
