"","curr_inflow_rate","curr_diffusion_coef","curr_porosity","curr_gypsum_rate_constant","curr_calcite_rate_constant","curr_gypsum_surface_area","curr_calcite_surface_area","dfn_volume","output_var","sobol_type","boot_num"
"1",0.090507023253691,0.00545014989855661,0.00470598202828739,0.00546002226086713,0.00343773112344265,0.00295833674832362,0.00496070576569474,-0.000860837597084977,"calcite_flush_2","FOmean",1536
"2",0.116905734217529,0.00960505210178102,0.0072481861007369,0.0130709097794673,0.00410681045218478,0.00439968455362862,0.00829023845145836,0.0063082906204994,"calcite_flush_2","TEmean",1536
"3",-126.017001528935,-181.539253680841,-114.08804935633,-420.716278692563,-141.787174316479,-1131.74550080394,-117.009469001317,-86.4560025487069,"calcite_flush_2","FOsd2",1536
"4",72.3418453255806,70.888035785549,40.487639891854,283.513912526114,75.0878431540051,880.636894108767,46.8144509680973,41.9503908353836,"calcite_flush_2","TEsd2",1536
