"","curr_inflow_rate","curr_diffusion_coef","curr_porosity","curr_gypsum_rate_constant","curr_calcite_rate_constant","curr_gypsum_surface_area","curr_calcite_surface_area","dfn_volume","output_var","sobol_type","boot_num"
"1",0.116332228077845,-0.00382898334386618,-0.00179679795667341,-0.00140263824990811,0.00644978849959167,0.00157816404418694,-0.00261807492143727,0.00888695059416273,"calcite_flush_5","FOmean",1700
"2",0.128325958792959,0.0073837547515185,0.00646656622909169,0.00469373765741089,0.00556602074218277,0.00372074749173063,0.00427064089888576,0.0293554744473456,"calcite_flush_5","TEmean",1700
"3",0.999565565048576,0.999514989470253,0.999686943481838,0.999655772642248,0.999570396026826,0.999610212729253,0.999603622719859,0.999390297556853,"calcite_flush_5","FOsd2",1700
"4",9.85177556172414e-05,8.50074931763595e-05,0.000326471139588116,0.000135912835400744,8.72621608868922e-05,0.000113204455068362,7.66153868399473e-05,0.000304230955429657,"calcite_flush_5","TEsd2",1700
