"","curr_inflow_rate","curr_diffusion_coef","curr_porosity","curr_gypsum_rate_constant","curr_calcite_rate_constant","curr_gypsum_surface_area","curr_calcite_surface_area","dfn_volume","output_var","sobol_type","boot_num"
"1",0.297622684760123,-0.000157196226316731,0.0026561018287844,0.0032178408986606,0.0210375179320351,0.00270240303909469,-0.000113697090152821,-0.00403615644811539,"calcite_flush_3","FOmean",1075
"2",0.308058962023005,0.00647767729498076,0.00352633720550614,0.00839080236914168,0.0340641057914941,0.0110073482761037,0.0127298352346377,0.0187108989356409,"calcite_flush_3","TEmean",1075
"3",0.474987435632142,0.61279370515556,0.677068094329836,0.672592783514392,0.670391211033601,0.628240378561628,0.670273304741754,0.69137196922188,"calcite_flush_3","FOsd2",1075
"4",0.227812127012353,0.0642273391029598,0.0257772841179958,0.0389591808647898,0.0219715675701177,0.0342463427137537,0.04059376863007,0.0722594128537447,"calcite_flush_3","TEsd2",1075
