"","curr_inflow_rate","curr_diffusion_coef","curr_porosity","curr_gypsum_rate_constant","curr_calcite_rate_constant","curr_gypsum_surface_area","curr_calcite_surface_area","dfn_volume","output_var","sobol_type","boot_num"
"1",0.0755392155214249,0.00264446215591163,0.00169840745729192,0.000880710987019454,-0.00294912472357514,0.000327228454001302,0.00181352501954646,0.0011026482579574,"calcite_flush_4","FOmean",152
"2",0.125791251114789,0.0043081612469591,0.00567194736947074,0.00377481257653997,0.00786503297909242,0.00406195115346648,0.00549364064988333,0.0440771215489679,"calcite_flush_4","TEmean",152
"3",0.999706366865724,0.999684979101197,0.999729298720484,0.999670006594276,0.999672630428406,0.999691136445791,0.999655020858535,0.999721173363147,"calcite_flush_4","FOsd2",152
"4",0.000160917246180734,7.88133712076778e-05,0.000153830916753458,8.40525338665111e-05,5.44457604003015e-05,6.15189371604367e-05,8.51905592138098e-05,0.000156726719829365,"calcite_flush_4","TEsd2",152
