"","curr_inflow_rate","curr_diffusion_coef","curr_porosity","curr_gypsum_rate_constant","curr_calcite_rate_constant","curr_gypsum_surface_area","curr_calcite_surface_area","dfn_volume","output_var","sobol_type","boot_num"
"1",0.286342604996756,0.00234545941484869,0.00320020813763873,0.00393607383138356,0.00372040883369403,0.00290510262296508,0.0118029306211535,0.0078668161654075,"calcite_flush_3","FOmean",2006
"2",0.310206277052695,0.00455670559684039,0.00623572691711027,0.00642204027863402,0.0231829265953075,0.00500129384072515,0.0119794941568865,0.0160677001817042,"calcite_flush_3","TEmean",2006
"3",-2.33913479697875,-10.8581784429773,0.442764935456071,0.227114602402707,0.583216565520306,0.473628434924658,0.501437782963193,-0.847249295696574,"calcite_flush_3","FOsd2",2006
"4",2.46600748974366,11.2675906291772,0.161728729573113,0.174459981002101,0.182918353930231,0.0535189947184912,0.154351381295722,0.86694973186517,"calcite_flush_3","TEsd2",2006
