"","curr_inflow_rate","curr_diffusion_coef","curr_porosity","curr_gypsum_rate_constant","curr_calcite_rate_constant","curr_gypsum_surface_area","curr_calcite_surface_area","dfn_volume","output_var","sobol_type","boot_num"
"1",1.39648022296334,0.174299660190392,-0.00741049534699607,0.416362764248361,0.129529130902498,0.324151340138962,-0.0914528544190548,0.150724662368669,"calcite_flush_1","FOmean",1955
"2",2.44110525637511,0.609760347718701,0.361344533366616,0.863438308055661,0.691978582091501,0.81794168983682,0.371421260482381,0.722249926428213,"calcite_flush_1","TEmean",1955
"3",1,1,1,1,1,1,1,1,"calcite_flush_1","FOsd2",1955
"4",5.70881805805911e-32,4.23531091721132e-32,1.58332141447157e-32,2.40124703726724e-32,1.491743850303e-32,3.30563363678542e-32,1.88007783356542e-32,2.83853953868093e-32,"calcite_flush_1","TEsd2",1955
