"","curr_inflow_rate","curr_diffusion_coef","curr_porosity","curr_gypsum_rate_constant","curr_calcite_rate_constant","curr_gypsum_surface_area","curr_calcite_surface_area","dfn_volume","output_var","sobol_type","boot_num"
"1",0.128993984013215,7.39579852986636e-05,-0.000584389553485151,0.0156509775056603,0.0100124275367393,-0.00282428899960798,0.00761465877371574,0.00298040048652261,"calcite_flush_2","FOmean",157
"2",0.15879743166266,0.00380827901616038,0.00322144225041098,0.0236974140138921,0.0204992732258383,0.00378834731433162,0.0157991577876954,0.0100183682104636,"calcite_flush_2","TEmean",157
"3",-16.3279530197018,-51.1393884897338,-19.8804598083263,-81.7850817005131,-15.9355108493007,-23.8536801432707,-11.6589661959003,-33.1938058357339,"calcite_flush_2","FOsd2",157
"4",26.1924328475168,27.2051712368037,6.734867393502,74.6230870188209,10.6366768521533,11.9386936441322,25.7619995881645,22.2868267957582,"calcite_flush_2","TEsd2",157
