"","curr_inflow_rate","curr_diffusion_coef","curr_porosity","curr_gypsum_rate_constant","curr_calcite_rate_constant","curr_gypsum_surface_area","curr_calcite_surface_area","dfn_volume","output_var","sobol_type","boot_num"
"1",0.0961414073751848,0.00142942639247249,-0.00277020327230153,0.00330224975094902,0.001172615367357,0.000510979556128106,-0.00483138548422488,0.0134724464016047,"calcite_flush_5","FOmean",601
"2",0.117232552281481,0.00534819579938858,0.00931602339168229,0.00568422859326279,0.00527798497575321,0.0027860477887201,0.00486991071126285,0.0284658450722151,"calcite_flush_5","TEmean",601
"3",0.999723363742137,0.999704222769718,0.999767997955084,0.999724460569711,0.999708620263068,0.999723654631429,0.999742037268701,0.99971855489987,"calcite_flush_5","FOsd2",601
"4",7.9281634569424e-05,8.07645987825228e-05,0.000138910711024976,0.000107820950331487,8.37528505635344e-05,8.61614248690528e-05,0.000116162193455506,5.79074734465713e-05,"calcite_flush_5","TEsd2",601
