"","curr_inflow_rate","curr_diffusion_coef","curr_porosity","curr_gypsum_rate_constant","curr_calcite_rate_constant","curr_gypsum_surface_area","curr_calcite_surface_area","dfn_volume","output_var","sobol_type","boot_num"
"1",0.0851035053867051,-0.00509294989073435,0.00337134328548514,0.00182061585807112,0.000606359438772611,0.00252363201982346,0.000834369730012781,0.0167987878920336,"calcite_flush_5","FOmean",699
"2",0.107225949114116,0.00457684096899228,0.00786503500974193,0.00347793259100311,0.00585196745674727,0.002790251042197,0.00378187617952137,0.0285384630305592,"calcite_flush_5","TEmean",699
"3",0.999572590583927,0.999574256581687,0.999681198978075,0.999600103457381,0.999689419037323,0.999640021024081,0.999375313292446,0.999507660751617,"calcite_flush_5","FOsd2",699
"4",0.000121185305847914,6.42110258942758e-05,0.000155943670531814,0.000122537189094728,0.000117237708702309,6.68615125241601e-05,0.000187199573641195,0.000182320909943324,"calcite_flush_5","TEsd2",699
