"","curr_inflow_rate","curr_diffusion_coef","curr_porosity","curr_gypsum_rate_constant","curr_calcite_rate_constant","curr_gypsum_surface_area","curr_calcite_surface_area","dfn_volume","output_var","sobol_type","boot_num"
"1",0.591511964440883,-0.079670844476516,0.0934309238438584,-0.00397637203172312,0.049927985186384,0.0435107618541182,0.0426582079486206,0.0431317916269673,"calcite_flush_0","FOmean",1800
"2",1.60217634878043,1.14607145407233,0.881831483138614,0.653245095135567,0.465010196952951,0.682448269901822,0.660555868651796,0.534301380825874,"calcite_flush_0","TEmean",1800
"3",1,1,1,1,1,1,1,1,"calcite_flush_0","FOsd2",1800
"4",7.62109543332588e-25,5.67934110441473e-25,5.01557783272999e-25,3.81991305891998e-25,9.80904186093015e-25,4.47093091904422e-25,3.15910650247627e-25,5.94098020458685e-25,"calcite_flush_0","TEsd2",1800
