"","curr_inflow_rate","curr_diffusion_coef","curr_porosity","curr_gypsum_rate_constant","curr_calcite_rate_constant","curr_gypsum_surface_area","curr_calcite_surface_area","dfn_volume","output_var","sobol_type","boot_num"
"1",0.0377154240661628,0.0070944474865017,-0.00159332316192294,0.00513837324817642,0.00509011324405367,0.00724556145061246,-0.000118831235702862,-0.00661549851795059,"calcite_flush_6","FOmean",805
"2",0.0477206465865089,0.00437710490298791,0.0156851813952813,0.00591444671710175,0.00363743413063798,0.00361221220007492,0.00377939462631431,0.019642621412518,"calcite_flush_6","TEmean",805
"3",0.999933847072028,0.999912439897726,0.999935689162684,0.999793935828169,0.999922465767691,0.999904467635674,0.999923274277063,0.999918196703191,"calcite_flush_6","FOsd2",805
"4",3.41380070842521e-05,9.04596142325651e-06,1.51181248167125e-05,0.000131552479466526,2.40019070776555e-05,1.91216183392863e-05,1.91488554123794e-05,2.30329396244693e-05,"calcite_flush_6","TEsd2",805
