"","curr_inflow_rate","curr_diffusion_coef","curr_porosity","curr_gypsum_rate_constant","curr_calcite_rate_constant","curr_gypsum_surface_area","curr_calcite_surface_area","dfn_volume","output_var","sobol_type","boot_num"
"1",0.517744220743016,0.0728813262762601,0.116949918035128,0.0827011039535123,0.0516256494852368,0.0688924027777046,0.0303482193890443,0.125945605535219,"calcite_flush_0","FOmean",1779
"2",1.20791772967477,0.571910307113201,0.363859291866565,0.515890793955345,0.289497828072694,0.368860803114286,0.533570471456495,0.532867466279318,"calcite_flush_0","TEmean",1779
"3",1,1,1,1,1,1,1,1,"calcite_flush_0","FOsd2",1779
"4",7.19298751356162e-25,3.47738814022399e-25,3.56356649172697e-25,2.46169930137142e-25,4.80539268594357e-25,4.35962007565979e-25,2.91266602773929e-25,3.02053772646001e-25,"calcite_flush_0","TEsd2",1779
