"","curr_inflow_rate","curr_diffusion_coef","curr_porosity","curr_gypsum_rate_constant","curr_calcite_rate_constant","curr_gypsum_surface_area","curr_calcite_surface_area","dfn_volume","output_var","sobol_type","boot_num"
"1",0.0368098729629092,0.00103018240809367,0.00826480697404813,0.00541435532908727,0.00517771760803212,-0.000726170174228293,-0.000345290443749641,0.00955878454569751,"calcite_flush_6","FOmean",1827
"2",0.0311237985447327,0.00334007434800288,0.0171797361213688,0.00295261465037212,0.00264354279592209,0.0015614132033931,0.00213651224698932,0.0184588253378964,"calcite_flush_6","TEmean",1827
"3",0.999934479945292,0.999909216739289,0.999921121020661,0.999932267216146,0.999920490328654,0.999915918030896,0.9999238393996,0.999908413989279,"calcite_flush_6","FOsd2",1827
"4",2.55515715876658e-05,2.35899052721637e-05,1.22272484567523e-05,2.43367803431481e-05,3.19645117195754e-05,1.58639920596708e-05,1.47328656900721e-05,3.19172744579758e-05,"calcite_flush_6","TEsd2",1827
