"","curr_inflow_rate","curr_diffusion_coef","curr_porosity","curr_gypsum_rate_constant","curr_calcite_rate_constant","curr_gypsum_surface_area","curr_calcite_surface_area","dfn_volume","output_var","sobol_type","boot_num"
"1",0.948836678799533,0.0405403699486934,0.0707284960365107,0.220926773131405,0.00419559783418709,-0.0456294862410959,0.175239103743839,0.0454141993437616,"calcite_flush_1","FOmean",1829
"2",1.36463143040093,0.188288964527761,0.237487704608544,0.423952547872112,0.133438868369055,0.188958983541873,0.459346279589234,0.218427195045581,"calcite_flush_1","TEmean",1829
"3",1,1,1,1,1,1,1,1,"calcite_flush_1","FOsd2",1829
"4",2.81357820389345e-27,1.46672293027167e-27,1.6662791075867e-27,2.61988584702613e-27,1.84172687896669e-27,2.65643617454997e-27,2.96046472710466e-27,2.11164291815325e-27,"calcite_flush_1","TEsd2",1829
