"","curr_inflow_rate","curr_diffusion_coef","curr_porosity","curr_gypsum_rate_constant","curr_calcite_rate_constant","curr_gypsum_surface_area","curr_calcite_surface_area","dfn_volume","output_var","sobol_type","boot_num"
"1",0.513343930421648,0.170474847591086,0.0850489579444765,0.0684332210441448,0.0683068864547596,0.00285129785653025,0.0782280718310389,-0.0336467356244124,"calcite_flush_1","FOmean",23
"2",0.910189786920088,0.51727787897553,0.133877136172466,0.256899053545575,0.234447328903398,0.232022948940937,0.346800069129171,0.223346218097579,"calcite_flush_1","TEmean",23
"3",1,1,1,1,1,1,1,1,"calcite_flush_1","FOsd2",23
"4",8.06977248735752e-27,6.81779057229566e-27,5.79875728311696e-27,2.35244648630259e-27,5.37756404898021e-27,3.76591981530403e-27,6.05728685356962e-27,3.98950416190369e-27,"calcite_flush_1","TEsd2",23
