"","curr_inflow_rate","curr_diffusion_coef","curr_porosity","curr_gypsum_rate_constant","curr_calcite_rate_constant","curr_gypsum_surface_area","curr_calcite_surface_area","dfn_volume","output_var","sobol_type","boot_num"
"1",0.0655754649946394,0.000322363352810147,0.000525163691619146,0.00136049143172433,0.00280263192481387,0.000207362285796992,0.0015905082526006,-0.000896900634725008,"calcite_flush_2","FOmean",1123
"2",0.0797452159231917,0.00135095134431599,0.00207239323282888,0.00330622456760522,0.00545236095389222,0.00243640276425549,0.00333164913686337,0.00661636962386299,"calcite_flush_2","TEmean",1123
"3",-19.8935011267879,-19.5673802768755,-19.4386786313042,-20.335247150536,-20.3541460851655,-31.7245104195538,-19.7742631793829,-19.9584526041748,"calcite_flush_2","FOsd2",1123
"4",1.22161584844022,0.795380108132763,0.548118242968067,1.53708416148901,1.32230255046099,13.1499975878675,0.958973249498698,1.01248134503194,"calcite_flush_2","TEsd2",1123
