"","curr_inflow_rate","curr_diffusion_coef","curr_porosity","curr_gypsum_rate_constant","curr_calcite_rate_constant","curr_gypsum_surface_area","curr_calcite_surface_area","dfn_volume","output_var","sobol_type","boot_num"
"1",1.10993012120551,0.126704371031048,0.00231337099538424,0.14821738398557,-0.0015245700177614,0.0566993775578242,0.302583217628343,0.367162420202976,"calcite_flush_0","FOmean",1758
"2",1.66680086721402,0.895308971708702,0.507661551724548,1.02858600152886,0.44272138971701,0.307863369744445,0.63183522098353,0.982010053188988,"calcite_flush_0","TEmean",1758
"3",1,1,1,1,1,1,1,1,"calcite_flush_0","FOsd2",1758
"4",7.85025761712889e-24,7.25050869123122e-24,5.17652645202689e-24,5.61795479884695e-24,4.71219213117467e-24,2.59502211746789e-24,3.14141450450349e-24,6.23247197397015e-24,"calcite_flush_0","TEsd2",1758
