"","curr_inflow_rate","curr_diffusion_coef","curr_porosity","curr_gypsum_rate_constant","curr_calcite_rate_constant","curr_gypsum_surface_area","curr_calcite_surface_area","dfn_volume","output_var","sobol_type","boot_num"
"1",0.0216494307874672,-0.00773242231441225,0.00106348746401399,-0.00108228129536315,0.00435347328421743,-0.000307219777080009,0.000702416376830866,0.00128604090124064,"calcite_flush_6","FOmean",21
"2",0.0310771142191801,0.002792521417109,0.010543446021969,0.00627392700958522,0.00540623083524053,0.00293327320546724,0.00269823358842623,0.0167275822653174,"calcite_flush_6","TEmean",21
"3",0.999955880607451,0.999932911596352,0.99994852240698,0.999938674307475,0.9998312750376,0.999918075676626,0.999927473435066,0.999951432762079,"calcite_flush_6","FOsd2",21
"4",2.46696432887611e-05,4.50327303941895e-06,1.749738493908e-05,4.70304409726441e-05,9.81212286717357e-05,6.58612302000864e-06,1.0610922665198e-05,3.43027689914488e-05,"calcite_flush_6","TEsd2",21
