"","curr_inflow_rate","curr_diffusion_coef","curr_porosity","curr_gypsum_rate_constant","curr_calcite_rate_constant","curr_gypsum_surface_area","curr_calcite_surface_area","dfn_volume","output_var","sobol_type","boot_num"
"1",0.108216503922173,-7.28448894870815e-06,0.0030673725592023,-0.00434354475091728,0.00508938808317099,-0.00210554703244865,-0.00292347551522922,-0.0061766332292148,"calcite_flush_4","FOmean",432
"2",0.145339214931061,0.00443766014297319,0.00467737877652822,0.00544222800269912,0.00700813144965074,0.00329970792768405,0.00613488024871646,0.030671994164063,"calcite_flush_4","TEmean",432
"3",0.999681938289954,0.999660077039677,0.999700728958702,0.99966777569208,0.999618777684378,0.999642871234698,0.999643448701757,0.99966119916921,"calcite_flush_4","FOsd2",432
"4",9.42346093367554e-05,7.08500712288002e-05,0.000173164344400869,0.000103314682017888,7.11407938088805e-05,0.000143366144282563,8.89039442926868e-05,9.42206472468426e-05,"calcite_flush_4","TEsd2",432
