"","curr_inflow_rate","curr_diffusion_coef","curr_porosity","curr_gypsum_rate_constant","curr_calcite_rate_constant","curr_gypsum_surface_area","curr_calcite_surface_area","dfn_volume","output_var","sobol_type","boot_num"
"1",0.248101646721826,-0.0220659654741911,0.0200818487413539,0.0146239339402071,-0.0304810056414293,0.0491000851396403,0.0449004813961041,0.0269794623889945,"calcite_flush_0","FOmean",1737
"2",0.901189031527928,0.364958541267338,0.318141601606293,0.469991041223853,0.288893892734583,0.264123990575071,0.356184101106322,0.256142185113759,"calcite_flush_0","TEmean",1737
"3",1,1,1,1,1,1,1,1,"calcite_flush_0","FOsd2",1737
"4",4.4667331595257e-25,2.62977149804128e-25,3.23157136722462e-25,2.81038423610669e-25,2.9462715222162e-25,2.54471198408338e-25,2.25976786165551e-25,1.58801078088352e-25,"calcite_flush_0","TEsd2",1737
