"","curr_inflow_rate","curr_diffusion_coef","curr_porosity","curr_gypsum_rate_constant","curr_calcite_rate_constant","curr_gypsum_surface_area","curr_calcite_surface_area","dfn_volume","output_var","sobol_type","boot_num"
"1",1.29223370164284,0.0670299121040579,0.136818938044737,0.0875451273889155,0.0266102175376058,-0.00776611185193734,0.0298978781845779,0.140767768859467,"calcite_flush_0","FOmean",470
"2",1.81449446471785,0.361314707668418,0.334973660669745,0.347337022081639,0.357564695761499,0.466526408706511,0.353197375369128,0.357688094229903,"calcite_flush_0","TEmean",470
"3",1,1,1,1,1,1,1,1,"calcite_flush_0","FOsd2",470
"4",7.61932245221137e-26,7.71586350082851e-26,7.43642587902195e-26,4.80304397356032e-26,5.38507158216971e-26,6.90066065078386e-26,6.83054240864682e-26,4.89124424850884e-26,"calcite_flush_0","TEsd2",470
