"","curr_inflow_rate","curr_diffusion_coef","curr_porosity","curr_gypsum_rate_constant","curr_calcite_rate_constant","curr_gypsum_surface_area","curr_calcite_surface_area","dfn_volume","output_var","sobol_type","boot_num"
"1",0.788543697056236,-0.0739206195187849,-0.0307798837846517,0.0847109387918146,0.150001626879665,0.0652917740467039,-0.0241758049515406,0.0485768504266138,"calcite_flush_1","FOmean",1682
"2",2.04644708404329,0.719457305058913,0.415381426171542,0.755651980538702,0.411299615476056,0.489524400957279,0.302158090344553,0.473558233859431,"calcite_flush_1","TEmean",1682
"3",1,1,1,1,1,1,1,1,"calcite_flush_1","FOsd2",1682
"4",1.06075802829317e-29,4.78655363190253e-30,5.86504673217656e-30,7.76842356173498e-30,1.34298563682387e-29,8.54235782715668e-30,7.95915014136368e-30,5.28125721552129e-30,"calcite_flush_1","TEsd2",1682
