"","curr_inflow_rate","curr_diffusion_coef","curr_porosity","curr_gypsum_rate_constant","curr_calcite_rate_constant","curr_gypsum_surface_area","curr_calcite_surface_area","dfn_volume","output_var","sobol_type","boot_num"
"1",0.0751187235700466,0.000985951132761371,0.000938286955197598,0.00475157970914596,0.000893217797705923,-0.000560724504253883,0.00134362290936,-0.000431050574172225,"calcite_flush_2","FOmean",10
"2",0.0792861039468122,0.00155143015597833,0.00160865326174002,0.00501675367196199,0.00536666888237982,0.00121828685004837,0.00410111502839761,0.00427944623885781,"calcite_flush_2","TEmean",10
"3",-0.934725410330834,-1.38097062861954,-1.57783230012325,-1.47303803457483,-2.39377440299764,-1.62906907793648,-1.2407598847185,-1.35207830050728,"calcite_flush_2","FOsd2",10
"4",0.96617319108599,0.701730874891456,1.07146279935402,0.478571436476732,1.30622810254916,0.306749631552495,0.245435653690466,0.864751677105521,"calcite_flush_2","TEsd2",10
