"","curr_inflow_rate","curr_diffusion_coef","curr_porosity","curr_gypsum_rate_constant","curr_calcite_rate_constant","curr_gypsum_surface_area","curr_calcite_surface_area","dfn_volume","output_var","sobol_type","boot_num"
"1",0.0786838566145993,0.00227378361896946,0.00420608170161915,0.00110607154878427,-0.00198815854309369,-0.000669390264657805,0.000253177905404586,-0.00431040806330419,"calcite_flush_5","FOmean",76
"2",0.116156183348205,0.00490988256563546,0.0100301675014048,0.00731338296641918,0.00654088886116537,0.00330098588153184,0.00550258554749955,0.0305745634681636,"calcite_flush_5","TEmean",76
"3",0.999401731076515,0.999573505303931,0.999606887979334,0.999587016911936,0.99957911593647,0.999483871248675,0.999643010542586,0.999484112794906,"calcite_flush_5","FOsd2",76
"4",0.000204422124388912,0.000145178676566027,0.000218473426257646,0.000229016347825205,0.000186618593729213,0.000120934902432274,0.0001741592968474,0.000301130784681736,"calcite_flush_5","TEsd2",76
