"","curr_inflow_rate","curr_diffusion_coef","curr_porosity","curr_gypsum_rate_constant","curr_calcite_rate_constant","curr_gypsum_surface_area","curr_calcite_surface_area","dfn_volume","output_var","sobol_type","boot_num"
"1",0.238721702560345,-0.00141979096993487,-0.000426361829851471,0.00223518406363043,0.0233244507853903,-0.000323465324514622,0.0010594924176683,0.00313573308342458,"calcite_flush_3","FOmean",1124
"2",0.273289034831694,0.0037085859782807,0.00356550521662373,0.00452621431381911,0.0342823334554953,0.00259675991329663,0.012241452569597,0.0175444229452498,"calcite_flush_3","TEmean",1124
"3",0.948228896580595,0.95489705105782,0.89197519074003,0.910841299896361,0.951188898017908,0.861400293388989,0.910800557913803,0.941302998065051,"calcite_flush_3","FOsd2",1124
"4",0.077339206313565,0.0252159214600224,0.125332306518632,0.00942621149422166,0.0694387315118093,0.020672960221671,0.0118864214444629,0.0859128205806259,"calcite_flush_3","TEsd2",1124
