"","curr_inflow_rate","curr_diffusion_coef","curr_porosity","curr_gypsum_rate_constant","curr_calcite_rate_constant","curr_gypsum_surface_area","curr_calcite_surface_area","dfn_volume","output_var","sobol_type","boot_num"
"1",0.0852205957994376,-0.000131382423008702,0.000366998497765421,0.00140462523028758,0.00277792174557885,-0.000960969048234339,-0.000296607914757656,0.000622140823909685,"calcite_flush_2","FOmean",150
"2",0.0960770730323852,0.00268755404958648,0.0013869586507647,0.00695435127797656,0.00642393959039616,0.00181412340169494,0.00428101657783686,0.00739768607156982,"calcite_flush_2","TEmean",150
"3",0.932618823575847,0.861706032031608,0.803245890937606,0.762629612281085,0.804628978376895,0.855984799630502,0.880569666671235,0.829477294482276,"calcite_flush_2","FOsd2",150
"4",0.135810336073537,0.0289753294491742,0.0483435395052414,0.11726823401549,0.0533282672629665,0.030233493157682,0.154795233775977,0.0365801323985856,"calcite_flush_2","TEsd2",150
