"","curr_inflow_rate","curr_diffusion_coef","curr_porosity","curr_gypsum_rate_constant","curr_calcite_rate_constant","curr_gypsum_surface_area","curr_calcite_surface_area","dfn_volume","output_var","sobol_type","boot_num"
"1",0.604607929262761,0.34441089385105,0.0258511467917987,-0.0792921833382538,0.209866843225643,0.135538993733605,0.0721280402597285,0.00744945448072491,"calcite_flush_0","FOmean",1996
"2",1.36225326924609,0.951372278846191,0.352585552008763,0.48611081311146,0.719917080257839,0.63712005404895,0.323826487256052,0.665662340302271,"calcite_flush_0","TEmean",1996
"3",1,1,1,1,1,1,1,1,"calcite_flush_0","FOsd2",1996
"4",7.39390869274021e-26,7.06163435895732e-26,2.07395473336818e-26,3.13929273714496e-26,3.92137196255829e-26,2.76600172456825e-26,3.3948129402526e-26,5.83850566975391e-26,"calcite_flush_0","TEsd2",1996
