"","curr_inflow_rate","curr_diffusion_coef","curr_porosity","curr_gypsum_rate_constant","curr_calcite_rate_constant","curr_gypsum_surface_area","curr_calcite_surface_area","dfn_volume","output_var","sobol_type","boot_num"
"1",0.0675817843490017,0.00381895099042701,0.000410655727097139,0.00526168417497926,-0.00515823621272818,0.00598972373896759,0.00146136810729361,-0.00178353208104536,"calcite_flush_5","FOmean",195
"2",0.108413877605344,0.00425356589462755,0.00761954655328802,0.00696161462717681,0.00645272047557268,0.00387435046652659,0.00435552921733873,0.0271726065621683,"calcite_flush_5","TEmean",195
"3",0.999543215773557,0.999586569788256,0.999654188397207,0.99953229638838,0.99927683210601,0.999540961316254,0.999524876841011,0.999462589794614,"calcite_flush_5","FOsd2",195
"4",0.000109215146635453,6.70533319180748e-05,0.000183253299104461,9.18701201384763e-05,0.000346634034052354,7.05091100077704e-05,6.33971814044966e-05,0.000154746477391007,"calcite_flush_5","TEsd2",195
