"","curr_inflow_rate","curr_diffusion_coef","curr_porosity","curr_gypsum_rate_constant","curr_calcite_rate_constant","curr_gypsum_surface_area","curr_calcite_surface_area","dfn_volume","output_var","sobol_type","boot_num"
"1",0.0699317407387159,0.000721035042856022,-0.000344519292380848,0.00106944544350389,0.00339816411072993,-0.000812669766820191,0.00380632857984502,-0.00107976799746761,"calcite_flush_2","FOmean",493
"2",0.0742314455828912,0.00193075727433124,0.00171761811779261,0.00217648252476623,0.00445691999877298,0.00128359492603322,0.00394992657216498,0.00390780283564646,"calcite_flush_2","TEmean",493
"3",-1.96958236821599,-2.80487574848927,-1.25005981125516,-2.2576129031515,-1.18851049175567,-1.81656873939599,-39.6374653514856,-3.17695161706218,"calcite_flush_2","FOsd2",493
"4",2.82337336171462,2.37967687881109,1.69143619399978,1.05146636252995,1.50166259104682,0.220566485474869,30.3197071700537,1.04598454780638,"calcite_flush_2","TEsd2",493
