"","curr_inflow_rate","curr_diffusion_coef","curr_porosity","curr_gypsum_rate_constant","curr_calcite_rate_constant","curr_gypsum_surface_area","curr_calcite_surface_area","dfn_volume","output_var","sobol_type","boot_num"
"1",0.500050819915116,-0.0607511001550588,0.0637705960524512,0.098412595545831,0.0531889305072847,-0.0736309567866424,0.00210193147114526,0.0899416419097946,"calcite_flush_1","FOmean",1843
"2",1.33155086512786,0.245945497261399,0.214686288390759,0.476431984650248,0.449926761784969,0.341556789008942,0.159785537604921,0.524651926057545,"calcite_flush_1","TEmean",1843
"3",1,1,1,1,1,1,1,1,"calcite_flush_1","FOsd2",1843
"4",5.13511515423612e-27,3.37554466669704e-27,4.17213283461421e-27,6.20567431598163e-27,6.17582124191704e-27,3.22872672581086e-27,3.44293845766715e-27,2.93241907079984e-27,"calcite_flush_1","TEsd2",1843
