"","curr_inflow_rate","curr_diffusion_coef","curr_porosity","curr_gypsum_rate_constant","curr_calcite_rate_constant","curr_gypsum_surface_area","curr_calcite_surface_area","dfn_volume","output_var","sobol_type","boot_num"
"1",0.0749900908261306,0.00512003509992985,0.000638032298285111,0.0102073270944178,0.00195941450585846,0.00689798067802911,0.00265242886800925,0.00293344677195079,"calcite_flush_1","FOmean",555
"2",0.105948616644438,0.0147116010502286,0.00608234694293362,0.034046798304049,0.0258572180256373,0.0103852179067725,0.0092445880747981,0.00999856017367764,"calcite_flush_1","TEmean",555
"3",-4.08004852519652,-5.96089872353297,-4.12959377064173,-4.46195893753016,-4.63432121450092,-4.22740699548743,-5.59638319552321,-4.05247551004144,"calcite_flush_1","FOsd2",555
"4",0.935580568992224,2.77776970429337,0.764118267239049,0.964624011607329,1.0048500029753,1.33113768899788,0.960675025130931,0.926271693789475,"calcite_flush_1","TEsd2",555
