"","curr_inflow_rate","curr_diffusion_coef","curr_porosity","curr_gypsum_rate_constant","curr_calcite_rate_constant","curr_gypsum_surface_area","curr_calcite_surface_area","dfn_volume","output_var","sobol_type","boot_num"
"1",0.106268796319618,0.00562229201426274,0.00304848846326167,0.00332535917968987,0.00629324925864214,-0.00193569760097738,0.00472723224099568,-0.00583820900068539,"calcite_flush_4","FOmean",1426
"2",0.142829006591036,0.00448657595602134,0.00444400279205007,0.00511591810005386,0.00732240706564354,0.00303904186333626,0.00406935832961155,0.032011502332012,"calcite_flush_4","TEmean",1426
"3",0.999666250659913,0.999523393646007,0.999580084340534,0.999558955948713,0.999564608421631,0.999513974179048,0.999621667866119,0.999584448793659,"calcite_flush_4","FOsd2",1426
"4",0.000239325025870042,7.39232148316597e-05,0.000124736649061823,5.7694713730891e-05,0.000266133160564649,9.10307024686801e-05,0.000142822147123792,0.000134412202830573,"calcite_flush_4","TEsd2",1426
