"","curr_inflow_rate","curr_diffusion_coef","curr_porosity","curr_gypsum_rate_constant","curr_calcite_rate_constant","curr_gypsum_surface_area","curr_calcite_surface_area","dfn_volume","output_var","sobol_type","boot_num"
"1",0.0718125924495337,-0.00383119096684,0.00547224046804424,0.00288400615351106,0.00206826201777929,-0.00111848721273807,0.00206574200251678,-0.0020826340084103,"calcite_flush_5","FOmean",1833
"2",0.10754886524536,0.00326949608689124,0.009303528619037,0.00608753651741839,0.00609533291617247,0.00437249042396437,0.0041487726173463,0.0355308118864811,"calcite_flush_5","TEmean",1833
"3",0.999655162781674,0.999659841745734,0.999726261429044,0.99967361684104,0.999621834511315,0.999596277948517,0.999641341971368,0.999651797459077,"calcite_flush_5","FOsd2",1833
"4",6.53514004011962e-05,6.35031687234333e-05,0.000137385027199083,6.08717444573767e-05,0.000132182372139101,9.42174351516922e-05,9.56609730716056e-05,0.000100356245967477,"calcite_flush_5","TEsd2",1833
