"","curr_inflow_rate","curr_diffusion_coef","curr_porosity","curr_gypsum_rate_constant","curr_calcite_rate_constant","curr_gypsum_surface_area","curr_calcite_surface_area","dfn_volume","output_var","sobol_type","boot_num"
"1",0.0920660189119265,0.00209484585046756,0.0112187767930038,-0.00317516951145738,-0.00536655588961402,0.00155182589072955,-0.0030857560727114,0.0039785257723015,"calcite_flush_5","FOmean",1007
"2",0.123026136943068,0.00473680311213425,0.0116079365688366,0.00472763858500653,0.00596979536550812,0.00304801158764722,0.00474510730701897,0.0295114329554434,"calcite_flush_5","TEmean",1007
"3",0.999057086289837,0.998907115262077,0.998811143597561,0.998903940145557,0.998845055827069,0.998837055285993,0.998801872727985,0.998049356741457,"calcite_flush_5","FOsd2",1007
"4",0.000282736840748524,0.000144083737375015,0.000385816283229396,0.000622541410485326,0.000243934891439568,0.000207583770054192,0.00030339579360116,0.000990883838870077,"calcite_flush_5","TEsd2",1007
