"","curr_inflow_rate","curr_diffusion_coef","curr_porosity","curr_gypsum_rate_constant","curr_calcite_rate_constant","curr_gypsum_surface_area","curr_calcite_surface_area","dfn_volume","output_var","sobol_type","boot_num"
"1",0.0830379245916132,-0.00192638862392845,-0.00604992241256393,0.00458747256377512,0.00248102751550073,-0.00247804306080478,-0.00153180286948126,-0.00773827849943709,"calcite_flush_4","FOmean",1496
"2",0.127859285291516,0.00506727867079038,0.00592569250770969,0.00656341734165089,0.00715938882757993,0.00357424720637093,0.0055367028017922,0.0312125532758524,"calcite_flush_4","TEmean",1496
"3",0.999739035540614,0.999711966730886,0.999714360712517,0.999758823660684,0.999682557928715,0.999689994120357,0.999672744332988,0.999712799808111,"calcite_flush_4","FOsd2",1496
"4",0.000119272074925201,6.84670574413729e-05,9.56677388388131e-05,0.00011031693707045,7.30590724707987e-05,6.19814959584197e-05,7.19013369328559e-05,0.000103825074215943,"calcite_flush_4","TEsd2",1496
