"","curr_inflow_rate","curr_diffusion_coef","curr_porosity","curr_gypsum_rate_constant","curr_calcite_rate_constant","curr_gypsum_surface_area","curr_calcite_surface_area","dfn_volume","output_var","sobol_type","boot_num"
"1",0.293152682879718,0.001036709993788,0.00467537985493199,0.00327363081192372,0.0078072750604314,0.0027318647708428,0.00397271782418548,0.00491971571402696,"calcite_flush_3","FOmean",1901
"2",0.318530404822477,0.00229418331344501,0.0036961707187678,0.00573205950165998,0.0248960672940811,0.00335134105069967,0.0140425133453266,0.0208853544723386,"calcite_flush_3","TEmean",1901
"3",-2.95852843902893,0.0536621178766231,-0.783966766736254,-9.75011962177254,-2.52676427230058,-0.912683206414082,-4.35513218383382,-10.6126319513538,"calcite_flush_3","FOsd2",1901
"4",4.52254640565509,9.13327002908567,9.50635681653167,2.83732679926512,4.28275347528934,7.13455614147922,14.3629410116288,1.23555828165322,"calcite_flush_3","TEsd2",1901
