"","curr_inflow_rate","curr_diffusion_coef","curr_porosity","curr_gypsum_rate_constant","curr_calcite_rate_constant","curr_gypsum_surface_area","curr_calcite_surface_area","dfn_volume","output_var","sobol_type","boot_num"
"1",0.117553615431962,-0.000556557286906161,-0.000187769401515045,0.00982586167427997,0.0134092921689757,0.0012916919461746,0.00303975203043736,-0.00220872535359848,"calcite_flush_2","FOmean",332
"2",0.133937294841532,0.0052808655026297,0.00216596786802205,0.0166209729123619,0.0199313566354089,0.00299436195950222,0.0067518776602104,0.00579015769043345,"calcite_flush_2","TEmean",332
"3",-0.331558030281678,0.0721486382004268,0.109577299104487,-0.0644842136266466,0.492524892515726,0.280973236909687,0.0417663946441137,0.193357427249337,"calcite_flush_2","FOsd2",332
"4",1.25865335573382,0.36147187928411,0.421724418064684,0.227401645355707,0.197133738476824,0.0937866916734529,0.257401781502607,0.123594008634947,"calcite_flush_2","TEsd2",332
