"","curr_inflow_rate","curr_diffusion_coef","curr_porosity","curr_gypsum_rate_constant","curr_calcite_rate_constant","curr_gypsum_surface_area","curr_calcite_surface_area","dfn_volume","output_var","sobol_type","boot_num"
"1",0.730398197600482,0.189533966772491,0.0279545849920308,0.0158377715160765,0.0653148035706498,0.0140595767039111,0.0645764144603963,0.106343430445143,"calcite_flush_1","FOmean",1717
"2",1.01636761471119,0.656008015469622,0.345617962532722,0.29455579848108,0.251120052439018,0.226007679299613,0.34967612542867,0.30195985356993,"calcite_flush_1","TEmean",1717
"3",1,1,1,1,1,1,1,1,"calcite_flush_1","FOsd2",1717
"4",1.72200876348845e-24,1.40522766083579e-24,1.11075826385834e-24,9.42400725928e-25,1.22711831338271e-24,1.02152057690257e-24,5.31765889699294e-25,8.99666326708245e-25,"calcite_flush_1","TEsd2",1717
