"","curr_inflow_rate","curr_diffusion_coef","curr_porosity","curr_gypsum_rate_constant","curr_calcite_rate_constant","curr_gypsum_surface_area","curr_calcite_surface_area","dfn_volume","output_var","sobol_type","boot_num"
"1",0.0995225288386702,0.00145641963705113,-0.00222582216424246,0.00367755009160634,0.00373364120157095,0.000178605072334473,0.00141254522227227,-0.000848074537945859,"calcite_flush_5","FOmean",1847
"2",0.130524225495339,0.00504692447512691,0.0113579461677282,0.00407242457015164,0.00537874792822103,0.00334774991457381,0.00514601630503149,0.0305218052427368,"calcite_flush_5","TEmean",1847
"3",0.999641753415517,0.999571199086789,0.999616255271316,0.999558264701266,0.999538809631396,0.99953338136693,0.999582600197969,0.999498426334293,"calcite_flush_5","FOsd2",1847
"4",0.000150811283808387,9.1726125515911e-05,0.000182474179880663,0.00011866160280131,8.56359039784838e-05,6.0735296559508e-05,0.000136375639990265,7.07722169744409e-05,"calcite_flush_5","TEsd2",1847
