"","curr_inflow_rate","curr_diffusion_coef","curr_porosity","curr_gypsum_rate_constant","curr_calcite_rate_constant","curr_gypsum_surface_area","curr_calcite_surface_area","dfn_volume","output_var","sobol_type","boot_num"
"1",0.0903005014753065,0.000786427265940415,0.00505623135440345,0.00098720986194582,0.00297570862283815,0.0053971335167495,0.00323010536925579,0.0127116149964568,"calcite_flush_5","FOmean",650
"2",0.123273748305213,0.00528861833132574,0.0105815987100696,0.00485771921534044,0.00576017246751981,0.00405006140053646,0.00404527284380814,0.0282282479970033,"calcite_flush_5","TEmean",650
"3",0.999571810017592,0.99953670964529,0.999648087751559,0.999563619970503,0.999630304094672,0.999562846372447,0.999424046778301,0.999570445276342,"calcite_flush_5","FOsd2",650
"4",0.000121263385903191,0.000129163768324263,0.000175971344361643,8.21910137669622e-05,0.00014973319316276,9.34351390992076e-05,0.00011798695379682,0.000136494622486144,"calcite_flush_5","TEsd2",650
