"","curr_inflow_rate","curr_diffusion_coef","curr_porosity","curr_gypsum_rate_constant","curr_calcite_rate_constant","curr_gypsum_surface_area","curr_calcite_surface_area","dfn_volume","output_var","sobol_type","boot_num"
"1",0.106108512191302,0.00832819345475477,0.00143135260515095,0.00523889195635574,0.000266253229955401,-0.00899110354636611,-0.000763203874197808,0.00149419740942083,"calcite_flush_5","FOmean",2057
"2",0.125131306853974,0.00494388006085199,0.00674554085881702,0.00534886655704434,0.00557894020285019,0.00608133619359231,0.00407897237872935,0.0284214792839437,"calcite_flush_5","TEmean",2057
"3",0.999141285062116,0.999142024202395,0.999302319025161,0.999098004054175,0.999099423344204,0.999160385474336,0.99915428651578,0.999086121821539,"calcite_flush_5","FOsd2",2057
"4",0.00020720173940004,0.000161516929271346,0.000528215512439359,0.00021712607119175,0.00017792783389177,0.000413678695274497,0.000387241609992887,0.000409129938429303,"calcite_flush_5","TEsd2",2057
