"","curr_inflow_rate","curr_diffusion_coef","curr_porosity","curr_gypsum_rate_constant","curr_calcite_rate_constant","curr_gypsum_surface_area","curr_calcite_surface_area","dfn_volume","output_var","sobol_type","boot_num"
"1",0.722253722607922,0.0465961271774379,0.17646343955898,0.0419779319328459,0.113951532408876,0.129528777658542,0.0575356345720039,0.107342845654629,"calcite_flush_1","FOmean",1591
"2",1.31298742154877,0.480188879048339,0.462088513965837,0.676757344804325,0.461851924317011,0.312000150409889,0.433467440039226,0.410343618321838,"calcite_flush_1","TEmean",1591
"3",1,1,1,1,1,1,1,1,"calcite_flush_1","FOsd2",1591
"4",6.30895258111547e-25,4.72015517428985e-25,6.79157125298575e-25,4.30815033797742e-25,7.25869818791474e-25,4.04567953216637e-25,4.30562198190934e-25,4.20626115237171e-25,"calcite_flush_1","TEsd2",1591
