"","curr_inflow_rate","curr_diffusion_coef","curr_porosity","curr_gypsum_rate_constant","curr_calcite_rate_constant","curr_gypsum_surface_area","curr_calcite_surface_area","dfn_volume","output_var","sobol_type","boot_num"
"1",0.0886229395441141,0.00318508436045985,0.00771447124893994,-0.000810732624553816,-0.00100603250870473,0.00150397947574204,-0.0058986696567137,0.0105145993871373,"calcite_flush_5","FOmean",993
"2",0.127715980416391,0.00598740307811895,0.00931213241804221,0.00383474098737942,0.0067281191066693,0.00375581013244255,0.00524419395851848,0.0270535395765583,"calcite_flush_5","TEmean",993
"3",0.999590791639346,0.999578630672175,0.999717608255486,0.999590772576804,0.999608392008246,0.999609359644703,0.999548264364622,0.999629038628724,"calcite_flush_5","FOsd2",993
"4",9.32660873475824e-05,0.000138869029739374,0.000249524678839659,7.26167654912256e-05,0.000112205923376867,0.000109047979997741,7.11034473135006e-05,0.000143482822697424,"calcite_flush_5","TEsd2",993
