"","curr_inflow_rate","curr_diffusion_coef","curr_porosity","curr_gypsum_rate_constant","curr_calcite_rate_constant","curr_gypsum_surface_area","curr_calcite_surface_area","dfn_volume","output_var","sobol_type","boot_num"
"1",0.113791706531401,-0.00376348801781158,0.00216882302221433,0.000996394389081548,-0.00286650298290418,0.000216591221011886,0.00105561976147013,-0.000370928740362031,"calcite_flush_4","FOmean",2007
"2",0.163150245599728,0.00665083437763369,0.00475825066768513,0.00440624128937172,0.0124009652562882,0.00407746166482899,0.00452703661994979,0.0344133093493053,"calcite_flush_4","TEmean",2007
"3",0.999704079962912,0.99968049858195,0.999570403216842,0.999583659607633,0.999686040036038,0.999693655969256,0.999648009085875,0.999632845137884,"calcite_flush_4","FOsd2",2007
"4",9.83947017927289e-05,5.70445488531121e-05,0.000253875564586744,0.000172798399986715,5.04632175179134e-05,6.42419781079641e-05,6.60851530750102e-05,0.000151430415729961,"calcite_flush_4","TEsd2",2007
