"","curr_inflow_rate","curr_diffusion_coef","curr_porosity","curr_gypsum_rate_constant","curr_calcite_rate_constant","curr_gypsum_surface_area","curr_calcite_surface_area","dfn_volume","output_var","sobol_type","boot_num"
"1",0.0652974162930011,0.00150324891525282,0.000823634543605871,0.00333447948993569,0.0067101754470494,0.000812822597034118,0.00229819098809951,0.00108355787109948,"calcite_flush_2","FOmean",1102
"2",0.0827655415959615,0.00242801884947529,0.00361756408078614,0.00712990128803038,0.0113773799286688,0.00510288083317098,0.00561053299488073,0.00517441951822438,"calcite_flush_2","TEmean",1102
"3",-14.5398003996786,-11.6920403431771,-14.2482485609503,-19.5591982090076,-18.2538736582505,-14.4952744860659,-15.4081996472652,-22.9664901853328,"calcite_flush_2","FOsd2",1102
"4",9.03657646382122,2.01260147612753,3.9224099122242,5.16693473533366,4.92030796749655,1.87277664466613,0.911719231622019,5.71914051280206,"calcite_flush_2","TEsd2",1102
