"","curr_inflow_rate","curr_diffusion_coef","curr_porosity","curr_gypsum_rate_constant","curr_calcite_rate_constant","curr_gypsum_surface_area","curr_calcite_surface_area","dfn_volume","output_var","sobol_type","boot_num"
"1",0.0608743069536194,0.00159229359165855,0.000191188829308779,0.00266397955432289,0.00301837621624308,0.00285915470646595,0.00132373780963991,0.000439189272105886,"calcite_flush_2","FOmean",248
"2",0.0790013398526348,0.00248711188111421,0.00152936173583619,0.00415881956283273,0.0080190041619858,0.00278432779097522,0.00534443961050811,0.0042274749717327,"calcite_flush_2","TEmean",248
"3",-1.47840945664653,-3.93440495636741,-3.86933455958349,-2.38296966935513,-6.37454572089145,-16.0078338930794,-3.5707300074688,-2.01039321323731,"calcite_flush_2","FOsd2",248
"4",2.28654652664582,3.04246905330361,3.06271538970417,0.717700685297653,3.34072863619897,8.00303658275569,0.958625400044188,0.734129861712535,"calcite_flush_2","TEsd2",248
