"","curr_inflow_rate","curr_diffusion_coef","curr_porosity","curr_gypsum_rate_constant","curr_calcite_rate_constant","curr_gypsum_surface_area","curr_calcite_surface_area","dfn_volume","output_var","sobol_type","boot_num"
"1",0.0161292384545003,-3.08301353648548e-05,0.00216042554745501,0.00691720377730071,0.00367119749832066,4.77863474647873e-05,0.0012074892786535,0.000987132541446861,"calcite_flush_6","FOmean",1743
"2",0.0397973967142058,0.00270567120762956,0.0123258557935393,0.00430414401786697,0.00240463955150851,0.00197411298169305,0.00311626609274406,0.0141745694209653,"calcite_flush_6","TEmean",1743
"3",0.999942241109868,0.999940700809723,0.999948967451068,0.999933036238819,0.999960699847893,0.999952146092446,0.999946950536894,0.999954651618513,"calcite_flush_6","FOsd2",1743
"4",1.24739328412277e-05,6.41998394822641e-06,1.03609978839474e-05,1.98001655078213e-05,3.60645975893376e-05,1.19702334056245e-05,1.58010144605239e-05,2.72039879488626e-05,"calcite_flush_6","TEsd2",1743
