"","curr_inflow_rate","curr_diffusion_coef","curr_porosity","curr_gypsum_rate_constant","curr_calcite_rate_constant","curr_gypsum_surface_area","curr_calcite_surface_area","dfn_volume","output_var","sobol_type","boot_num"
"1",0.526126779222007,0.107569455480453,0.0227626828392255,0.0511690546080882,-0.0209121034928689,0.00266453768686877,0.0141833268340531,-0.0184693210251893,"calcite_flush_1","FOmean",1458
"2",1.17166475124597,0.520727154836997,0.336255929357546,0.410673564876066,0.21104921394243,0.30033042392329,0.241102572111951,0.329806353296698,"calcite_flush_1","TEmean",1458
"3",1,1,1,1,1,1,1,1,"calcite_flush_1","FOsd2",1458
"4",1.06044590348189e-24,9.97764421624281e-25,5.37396144057292e-25,7.2057584186726e-25,5.21952218604411e-25,4.5980845706976e-25,7.23078080321832e-25,7.95938405823897e-25,"calcite_flush_1","TEsd2",1458
