"","curr_inflow_rate","curr_diffusion_coef","curr_porosity","curr_gypsum_rate_constant","curr_calcite_rate_constant","curr_gypsum_surface_area","curr_calcite_surface_area","dfn_volume","output_var","sobol_type","boot_num"
"1",0.749326357491866,0.0878156944613531,-0.0690258451538126,0.0361259988099292,0.130987276577038,-0.0717998817842281,0.103992672925207,-0.00275963592146221,"calcite_flush_0","FOmean",1569
"2",1.68806469539028,1.23586375476085,0.585763969491899,0.825774529460915,0.329057754553912,0.444285009366473,0.419974228938186,0.642808647666946,"calcite_flush_0","TEmean",1569
"3",1,1,1,1,1,1,1,1,"calcite_flush_0","FOsd2",1569
"4",6.15853807746534e-25,4.10271395895512e-25,3.57073989877881e-25,6.04391473717244e-25,2.30740326551778e-25,3.11960062412829e-25,3.67602766616251e-25,2.99609815620399e-25,"calcite_flush_0","TEsd2",1569
