"","curr_inflow_rate","curr_diffusion_coef","curr_porosity","curr_gypsum_rate_constant","curr_calcite_rate_constant","curr_gypsum_surface_area","curr_calcite_surface_area","dfn_volume","output_var","sobol_type","boot_num"
"1",0.0205899588958639,-0.00115567342999082,0.0133443137576478,0.00681539970902685,-0.000301708522568601,-0.00107917669189312,0.000252710115832418,0.00875940520206032,"calcite_flush_6","FOmean",798
"2",0.0292174727604375,0.00194007275647704,0.0103314909485835,0.00399830370304389,0.00270888559907417,0.00220747325858267,0.00230675892207207,0.0117260961997704,"calcite_flush_6","TEmean",798
"3",0.999940956762894,0.999950442152734,0.999943913216519,0.999931285257431,0.999944255129861,0.999939171690739,0.999937720782823,0.999943144715248,"calcite_flush_6","FOsd2",798
"4",3.21334864122152e-05,1.82088571448926e-05,2.22176168222749e-05,2.01444244341045e-05,2.35230748225488e-05,1.60742914229324e-05,7.00000746308428e-06,4.31385212505063e-05,"calcite_flush_6","TEsd2",798
