"","curr_inflow_rate","curr_diffusion_coef","curr_porosity","curr_gypsum_rate_constant","curr_calcite_rate_constant","curr_gypsum_surface_area","curr_calcite_surface_area","dfn_volume","output_var","sobol_type","boot_num"
"1",0.0757229273221258,0.00367618629079094,0.00948079686104886,-0.000369648009457638,0.00357311824644576,0.00446704854424367,-0.00177795569576667,0.00655302981310379,"calcite_flush_5","FOmean",1098
"2",0.097444722031378,0.00447945635672546,0.00920478720819809,0.00364313190067312,0.00514043765680434,0.00350482591155593,0.00425647474646313,0.0317214100373689,"calcite_flush_5","TEmean",1098
"3",0.999454702852372,0.999512430264994,0.99958371186402,0.999545738096765,0.999539157841512,0.999550355760311,0.99939336398374,0.999518469428403,"calcite_flush_5","FOsd2",1098
"4",0.000110135795690765,0.000102386133096856,0.000216557909598271,0.000152063658026195,0.000107726805816116,8.96041197938937e-05,0.000200678288197021,0.000157671132120663,"calcite_flush_5","TEsd2",1098
