"","curr_inflow_rate","curr_diffusion_coef","curr_porosity","curr_gypsum_rate_constant","curr_calcite_rate_constant","curr_gypsum_surface_area","curr_calcite_surface_area","dfn_volume","output_var","sobol_type","boot_num"
"1",0.114211317522516,-0.00227017946022536,-0.000546230780166408,0.00940395606983008,0.0075010464213044,0.000855473155203559,0.00210228384074108,-0.00121113515491106,"calcite_flush_2","FOmean",1914
"2",0.135922002110188,0.00804083660068591,0.00117423151027338,0.0120900334334432,0.0137316767132233,0.00209892795911204,0.00617958538885515,0.0054980234041408,"calcite_flush_2","TEmean",1914
"3",-3.21215458567895,-3.32961821035219,-2.54805625314785,-3.96747498363701,-5.84667938820442,-4.14850581496061,-5.2325246004432,-2.75688640074632,"calcite_flush_2","FOsd2",1914
"4",1.98283117548576,2.05695699384598,1.03503003550473,1.15571267149669,4.12979520399986,1.38328148007606,3.13587365538041,0.622027387986786,"calcite_flush_2","TEsd2",1914
