"","curr_inflow_rate","curr_diffusion_coef","curr_porosity","curr_gypsum_rate_constant","curr_calcite_rate_constant","curr_gypsum_surface_area","curr_calcite_surface_area","dfn_volume","output_var","sobol_type","boot_num"
"1",0.0639160874265013,0.00171742463671385,0.00262109451602275,0.00261753184500869,0.00134747064724364,0.00356652164736737,0.000163350470832525,0.0158883070679436,"calcite_flush_5","FOmean",27
"2",0.103687678070183,0.0054983200918902,0.00724101256570569,0.00474470475035942,0.00513023566570172,0.00300087527980856,0.00400495435802613,0.0388038671889698,"calcite_flush_5","TEmean",27
"3",0.999575687696849,0.999537592806442,0.999610568315151,0.999539871411052,0.999473354543711,0.99945129354218,0.999515439558371,0.999569170721516,"calcite_flush_5","FOsd2",27
"4",9.49291448086476e-05,7.90670684091089e-05,0.000220100394802505,0.000142230729682633,0.000132018178129234,0.000106588864078728,0.000112523621216268,0.000195049805557586,"calcite_flush_5","TEsd2",27
