"","curr_inflow_rate","curr_diffusion_coef","curr_porosity","curr_gypsum_rate_constant","curr_calcite_rate_constant","curr_gypsum_surface_area","curr_calcite_surface_area","dfn_volume","output_var","sobol_type","boot_num"
"1",2.23362793743773,0.0739526986501196,0.0835534096772792,0.0474900506725366,0.101328963262079,0.000177690774203758,0.286878706690979,-0.0275548287632573,"calcite_flush_0","FOmean",1289
"2",3.05782360610783,0.372967161314717,0.216401608940363,0.394323664315916,0.436163783751833,0.39786093850176,0.568156011277129,0.449517120767838,"calcite_flush_0","TEmean",1289
"3",1,1,1,1,1,1,1,1,"calcite_flush_0","FOsd2",1289
"4",8.78515853525181e-28,6.6575024634044e-28,5.849544815589e-28,4.70794787082482e-28,7.20970195432423e-28,4.92928427840047e-28,5.41412425922099e-28,5.07961905006009e-28,"calcite_flush_0","TEsd2",1289
