"","curr_inflow_rate","curr_diffusion_coef","curr_porosity","curr_gypsum_rate_constant","curr_calcite_rate_constant","curr_gypsum_surface_area","curr_calcite_surface_area","dfn_volume","output_var","sobol_type","boot_num"
"1",0.0552013455288282,-0.000167148445770906,0.00122969306496008,0.00174190269667581,0.00158912638525427,0.000645882573206497,0.00058782874716249,0.0017252059694625,"calcite_flush_2","FOmean",1445
"2",0.0631479504438869,0.00135990426552145,0.00112346610362413,0.00485472358712096,0.00368686906217192,0.000915802818541143,0.00256728114809187,0.00301844527990679,"calcite_flush_2","TEmean",1445
"3",0.889609347746605,0.659035660790752,0.919796995640081,0.930150606537302,0.922237184680876,0.909986717798705,0.928489149303308,0.91974492627296,"calcite_flush_2","FOsd2",1445
"4",0.0756294293925899,0.212895245390118,0.0395021527841448,0.00877638020044386,0.0304303267523406,0.036147056036238,0.0151484660808238,0.017034976398991,"calcite_flush_2","TEsd2",1445
