"","curr_inflow_rate","curr_diffusion_coef","curr_porosity","curr_gypsum_rate_constant","curr_calcite_rate_constant","curr_gypsum_surface_area","curr_calcite_surface_area","dfn_volume","output_var","sobol_type","boot_num"
"1",0.0670124737017139,-0.00270896667024221,0.000943569611153741,0.00257008221584535,-0.00202488535445311,0.000710149067294721,-0.00638550194810354,-0.0126910907087494,"calcite_flush_5","FOmean",230
"2",0.106017516379938,0.00492362109726089,0.00737588119276909,0.00628597869254165,0.00604243134172353,0.00373456658767673,0.00468848663861467,0.0396828209877653,"calcite_flush_5","TEmean",230
"3",0.99972714306771,0.999703353288371,0.999739836519914,0.999689281127187,0.999685695741607,0.999691806018951,0.999710044279188,0.999624393106332,"calcite_flush_5","FOsd2",230
"4",8.45163415218775e-05,4.64190713714504e-05,0.000113213596842622,0.00010269257862317,8.7777016430232e-05,6.79634278883517e-05,6.60617991898828e-05,0.00016982958571098,"calcite_flush_5","TEsd2",230
