"","curr_inflow_rate","curr_diffusion_coef","curr_porosity","curr_gypsum_rate_constant","curr_calcite_rate_constant","curr_gypsum_surface_area","curr_calcite_surface_area","dfn_volume","output_var","sobol_type","boot_num"
"1",0.331329121876157,0.00205835560376577,-0.000185886659226191,0.00178914346896087,0.0173128514642712,0.00219117080199426,0.00683566048962928,0.00673130964449702,"calcite_flush_3","FOmean",1285
"2",0.344726683424686,0.00390169717865932,0.00342342603462771,0.00557962712582968,0.0246440312062281,0.00338408653025917,0.0208791981775609,0.0107961522753356,"calcite_flush_3","TEmean",1285
"3",0.903195972862777,0.145619015169796,0.880759749769497,0.873956886764604,0.903813220927647,0.896784867109481,0.88615417607064,0.911491176936179,"calcite_flush_3","FOsd2",1285
"4",0.0443682996410773,0.734630335948683,0.0448249714066332,0.0509698949832768,0.0469783657517454,0.0422598556352901,0.0323734922358118,0.0442228432892575,"calcite_flush_3","TEsd2",1285
