"","curr_inflow_rate","curr_diffusion_coef","curr_porosity","curr_gypsum_rate_constant","curr_calcite_rate_constant","curr_gypsum_surface_area","curr_calcite_surface_area","dfn_volume","output_var","sobol_type","boot_num"
"1",0.116233562163438,-0.00165291026932564,-0.000415608120456282,0.00243477700111293,0.00494206389773221,-0.000609937577507239,0.000319307669419644,-0.00381662101058995,"calcite_flush_4","FOmean",824
"2",0.128234399543756,0.00487810620388881,0.00453616198978517,0.00312286781120129,0.00737347025701192,0.00394397132272324,0.00859438383174664,0.029714010136228,"calcite_flush_4","TEmean",824
"3",0.999668800577221,0.999682323627645,0.999678960884335,0.999701504601579,0.99973964763455,0.99971764826278,0.99971590958436,0.999740691603164,"calcite_flush_4","FOsd2",824
"4",0.000120405161067115,7.10877291755141e-05,7.32461127916267e-05,7.01276369047412e-05,6.44627029679742e-05,4.68181869028255e-05,5.28836261910814e-05,9.96046049876227e-05,"calcite_flush_4","TEsd2",824
