"","curr_inflow_rate","curr_diffusion_coef","curr_porosity","curr_gypsum_rate_constant","curr_calcite_rate_constant","curr_gypsum_surface_area","curr_calcite_surface_area","dfn_volume","output_var","sobol_type","boot_num"
"1",0.115248905410586,0.00224388542291859,-0.00050783676710241,0.000860360578187501,-0.00139942038151696,-0.00510625420851449,-0.001836404233206,0.00237122989384858,"calcite_flush_4","FOmean",929
"2",0.141316507913492,0.00456787075474143,0.00480497504740233,0.00627509560861781,0.00890206188024503,0.00374081737309066,0.00666653461776105,0.0286264945011005,"calcite_flush_4","TEmean",929
"3",0.999787647983804,0.999742343585235,0.999780189954815,0.999756512534417,0.999766697398682,0.999731095938537,0.999743976494232,0.999748821271869,"calcite_flush_4","FOsd2",929
"4",9.03535850544472e-05,6.55685836110382e-05,0.000114005706288558,5.28517016890817e-05,4.82396347423835e-05,5.64072740940724e-05,7.40271912467444e-05,7.15105673107496e-05,"calcite_flush_4","TEsd2",929
