"","curr_inflow_rate","curr_diffusion_coef","curr_porosity","curr_gypsum_rate_constant","curr_calcite_rate_constant","curr_gypsum_surface_area","curr_calcite_surface_area","dfn_volume","output_var","sobol_type","boot_num"
"1",0.0198854519418999,-0.0025959696639503,0.000254540743606635,0.000343359735406524,-0.00063083761877355,0.00239164087284342,0.00153628882308038,-0.0056852057840707,"calcite_flush_6","FOmean",1050
"2",0.0365171878907713,0.00312273584165105,0.0159013845060354,0.00694503764795994,0.00462260465261118,0.00242752744598988,0.00312580520083193,0.0208397098876967,"calcite_flush_6","TEmean",1050
"3",0.999936193615366,0.999916867888917,0.999924794198344,0.999924247691733,0.999936171373925,0.999888468354231,0.999925389750545,0.999927912472234,"calcite_flush_6","FOsd2",1050
"4",3.72801836969299e-05,2.11721571382522e-05,4.07407624683766e-05,4.60824553582299e-05,3.55446011898467e-05,1.59939744035251e-05,1.86649357959431e-05,3.41047857734535e-05,"calcite_flush_6","TEsd2",1050
