"","curr_inflow_rate","curr_diffusion_coef","curr_porosity","curr_gypsum_rate_constant","curr_calcite_rate_constant","curr_gypsum_surface_area","curr_calcite_surface_area","dfn_volume","output_var","sobol_type","boot_num"
"1",1.03123035612684,0.0705120268606432,0.0988026306582293,0.0707116772741633,0.0468139799151993,0.0252579941549667,0.00293188843054147,-0.0365352127833169,"calcite_flush_0","FOmean",1884
"2",2.2266362273085,0.706879481928493,0.700805651357762,0.801795312671354,0.546844363259173,0.450385193188584,0.430993316231463,0.716846310078776,"calcite_flush_0","TEmean",1884
"3",1,1,1,1,1,1,1,1,"calcite_flush_0","FOsd2",1884
"4",1.78498283158429e-34,9.99414576614362e-35,8.2588134992649e-35,4.53671475822746e-35,4.82775738196529e-35,6.90941381494546e-35,3.26291688566356e-35,7.09002846332695e-35,"calcite_flush_0","TEsd2",1884
