"","curr_inflow_rate","curr_diffusion_coef","curr_porosity","curr_gypsum_rate_constant","curr_calcite_rate_constant","curr_gypsum_surface_area","curr_calcite_surface_area","dfn_volume","output_var","sobol_type","boot_num"
"1",0.815558293378255,0.0421362548297024,0.136429442308901,-0.0926469305705016,0.0303345084416264,0.0665943489399887,0.164548343840496,0.0934060308845966,"calcite_flush_1","FOmean",1451
"2",1.40594130729397,0.362552101219329,0.427412058872439,0.334548563832766,0.2146849464677,0.462576145593695,0.380167207033072,0.310022198931472,"calcite_flush_1","TEmean",1451
"3",1,1,1,1,1,1,1,1,"calcite_flush_1","FOsd2",1451
"4",1.55197532150055e-30,1.17620643036378e-30,9.57937547048931e-31,7.93517764000393e-31,1.17711626260672e-30,9.67093731610712e-31,1.04240037027081e-30,1.00390058851517e-30,"calcite_flush_1","TEsd2",1451
