"","curr_inflow_rate","curr_diffusion_coef","curr_porosity","curr_gypsum_rate_constant","curr_calcite_rate_constant","curr_gypsum_surface_area","curr_calcite_surface_area","dfn_volume","output_var","sobol_type","boot_num"
"1",0.264480732759931,0.00107946065960125,-0.00185346046955297,0.00422497162191703,0.0107414666243868,0.00266451863310311,-0.002613985363369,-0.00378105657687479,"calcite_flush_3","FOmean",1523
"2",0.270319199353477,0.00335073658943264,0.00397791432147433,0.00617704138326983,0.0148218836355622,0.00269880451923808,0.00435609987288908,0.0125577559357832,"calcite_flush_3","TEmean",1523
"3",0.853966551882996,0.861648189860337,0.68027777348465,0.814095584909437,0.683691639381641,0.809378315293135,0.823092222374928,0.706549793459304,"calcite_flush_3","FOsd2",1523
"4",0.116126308139736,0.0745674776519506,0.0778484019297468,0.0190310768169073,0.160925269673292,0.0539801031391532,0.0167190850899138,0.0890525297154603,"calcite_flush_3","TEsd2",1523
