"","curr_inflow_rate","curr_diffusion_coef","curr_porosity","curr_gypsum_rate_constant","curr_calcite_rate_constant","curr_gypsum_surface_area","curr_calcite_surface_area","dfn_volume","output_var","sobol_type","boot_num"
"1",0.279864006869895,0.00614659528023338,0.00672661377988268,0.000398478841580101,0.0317012129834028,-0.000464569959455044,0.00428036155139806,-0.00110538675325991,"calcite_flush_3","FOmean",95
"2",0.319744395644987,0.00873884877367812,0.00280908051646302,0.00463794584515734,0.0422822075969701,0.00264225695699391,0.00801759121763457,0.0241647636080319,"calcite_flush_3","TEmean",95
"3",-3.22603455503722,-11.8951340914801,-2.52883218852173,-2.09855330441282,-5.66141124726496,-1.96134541783089,-3.36446277501934,-2.01669389555061,"calcite_flush_3","FOsd2",95
"4",4.0455186522816,2.96370114762217,1.73556066331896,2.15185791672174,0.431599808434238,2.34586868497177,2.45232973005663,2.24009074252448,"calcite_flush_3","TEsd2",95
