"","curr_inflow_rate","curr_diffusion_coef","curr_porosity","curr_gypsum_rate_constant","curr_calcite_rate_constant","curr_gypsum_surface_area","curr_calcite_surface_area","dfn_volume","output_var","sobol_type","boot_num"
"1",0.0890603485432116,0.00441933693487599,0.00149331709539644,0.00105124687076689,0.00649787959866012,0.000187515372025519,0.0037528939996204,0.0009202382137118,"calcite_flush_2","FOmean",1802
"2",0.105692108350106,0.00852731662085493,0.00297029199501851,0.00580485305109796,0.00909673258781354,0.00237952115498286,0.00801990226302316,0.00756190653448676,"calcite_flush_2","TEmean",1802
"3",-0.504023201935931,-0.898022680261111,-0.580916290790054,-0.560942891714671,-0.627480433627532,-0.449590102214794,-0.532335069890325,-0.541446445881538,"calcite_flush_2","FOsd2",1802
"4",0.149368270649701,0.430108420817151,0.17034901013802,0.0475716415995827,0.196128006077338,0.0655724111101757,0.0610977863559026,0.0615090230873302,"calcite_flush_2","TEsd2",1802
