"","curr_inflow_rate","curr_diffusion_coef","curr_porosity","curr_gypsum_rate_constant","curr_calcite_rate_constant","curr_gypsum_surface_area","curr_calcite_surface_area","dfn_volume","output_var","sobol_type","boot_num"
"1",0.0920345582394186,-5.08867666208334e-06,0.00469488175698321,0.00214677012499787,-0.000684466606520287,0.00341883436016201,-0.00563062072525275,0.00943930197256226,"calcite_flush_5","FOmean",825
"2",0.123166805264765,0.00344262743952846,0.00935713771783185,0.00624699536722662,0.00550650536036955,0.00336797966621667,0.00522482211784666,0.0328990242778481,"calcite_flush_5","TEmean",825
"3",0.998031538639854,0.998187415840867,0.998628072188766,0.998624446156377,0.996999560132308,0.998288434096644,0.997572567411892,0.998456402945136,"calcite_flush_5","FOsd2",825
"4",0.000162191627803201,0.00019039513158202,0.000934875025080523,0.000986660777007841,0.0023230614367133,0.000237048688825083,0.00014032654072174,0.000491704843610007,"calcite_flush_5","TEsd2",825
