"","curr_inflow_rate","curr_diffusion_coef","curr_porosity","curr_gypsum_rate_constant","curr_calcite_rate_constant","curr_gypsum_surface_area","curr_calcite_surface_area","dfn_volume","output_var","sobol_type","boot_num"
"1",0.030380735830884,0.000880564558642182,0.00377101169951853,-0.00303810503052071,0.000698905116720055,-0.0025752449791542,0.00222847088167358,0.00343594084935615,"calcite_flush_6","FOmean",161
"2",0.040144862803285,0.00355014298565491,0.016863330108062,0.0039300852953206,0.00437709762843824,0.00281058195865322,0.00191447320766921,0.0141156288512575,"calcite_flush_6","TEmean",161
"3",0.999943896809063,0.999937849714778,0.999950148808805,0.999951542982274,0.999947968667818,0.999946260191692,0.999939543406346,0.999925098913014,"calcite_flush_6","FOsd2",161
"4",2.48413251917063e-05,1.53059293331689e-05,9.73591289138799e-06,2.19082492371069e-05,2.14003855320256e-05,5.85571814843826e-06,1.70623029252989e-05,3.16463621080626e-05,"calcite_flush_6","TEsd2",161
