"","curr_inflow_rate","curr_diffusion_coef","curr_porosity","curr_gypsum_rate_constant","curr_calcite_rate_constant","curr_gypsum_surface_area","curr_calcite_surface_area","dfn_volume","output_var","sobol_type","boot_num"
"1",0.210865421361111,0.0242579838891047,0.231430619129253,0.0490311864867485,0.104567022033452,0.091689967251154,0.0234192647795876,0.0562734822075289,"calcite_flush_0","FOmean",862
"2",0.885218836185928,0.447825909659889,0.396066505947929,0.434303959303769,0.392782838325515,0.404872257866816,0.267538774164504,0.279962225766251,"calcite_flush_0","TEmean",862
"3",1,1,1,1,1,1,1,1,"calcite_flush_0","FOsd2",862
"4",3.31009088202065e-25,2.71863267746125e-25,2.27600999009684e-25,2.40187969331958e-25,1.54592234075597e-25,2.41232017325105e-25,2.24404542093906e-25,1.8926751025152e-25,"calcite_flush_0","TEsd2",862
