"","curr_inflow_rate","curr_diffusion_coef","curr_porosity","curr_gypsum_rate_constant","curr_calcite_rate_constant","curr_gypsum_surface_area","curr_calcite_surface_area","dfn_volume","output_var","sobol_type","boot_num"
"1",0.0741676797405487,-0.0009093068729032,0.0146238025653477,0.00108367148987205,0.0017592171524581,0.00242438549160903,0.00433639106960116,0.00519060680986811,"calcite_flush_5","FOmean",874
"2",0.112331512782635,0.00552073837481713,0.0104250105795483,0.00374624099902396,0.00431202939466446,0.00419909572404662,0.00358982995733081,0.0311123251286299,"calcite_flush_5","TEmean",874
"3",0.999541154048587,0.999600548151456,0.999685565672662,0.999604633078085,0.999592483970031,0.999610571900712,0.99960782898438,0.99952260140945,"calcite_flush_5","FOsd2",874
"4",0.000159464464206134,8.56525345280224e-05,0.000136316217435274,0.000115754858830286,7.69860103744458e-05,7.25750453784323e-05,0.000131121980627113,0.000157386346602093,"calcite_flush_5","TEsd2",874
