"","curr_inflow_rate","curr_diffusion_coef","curr_porosity","curr_gypsum_rate_constant","curr_calcite_rate_constant","curr_gypsum_surface_area","curr_calcite_surface_area","dfn_volume","output_var","sobol_type","boot_num"
"1",0.0407631934896146,-0.00160945331215565,0.00107452695058084,0.000403832238072381,0.00106166756976363,0.000925994047531684,0.00120147053678936,0.00104600417869502,"calcite_flush_2","FOmean",1375
"2",0.0480878341990894,0.00301887925559158,0.00191458588810679,0.00254992841118135,0.0052699329650862,0.00116578154667855,0.00342742887017448,0.00728251571043721,"calcite_flush_2","TEmean",1375
"3",0.918332775687089,-0.417322783683361,0.236962375971824,0.0992829807589832,0.8041635268304,0.618346810596342,-1.39030024471255,0.883046446242435,"calcite_flush_2","FOsd2",1375
"4",1.399462480796,0.0763845585361731,1.73396904121135,0.118303639254318,0.827873120041918,0.523650511566714,0.784098211502433,1.35678956586751,"calcite_flush_2","TEsd2",1375
