"","curr_inflow_rate","curr_diffusion_coef","curr_porosity","curr_gypsum_rate_constant","curr_calcite_rate_constant","curr_gypsum_surface_area","curr_calcite_surface_area","dfn_volume","output_var","sobol_type","boot_num"
"1",0.0852055584503483,-0.000770670366815187,-0.000375066204012002,0.00282161130445154,0.00921119296326291,-0.000991503173863656,-0.000725012542964573,-0.0108858010878294,"calcite_flush_5","FOmean",1826
"2",0.126830283296021,0.0043935929787317,0.00809807933710793,0.00728150107709022,0.0067541416685454,0.00367806561022627,0.00537676379154725,0.0292818803525555,"calcite_flush_5","TEmean",1826
"3",0.99890366856662,0.998730162136347,0.998923612638378,0.998725525200684,0.998812622934844,0.998758344363773,0.998160901579626,0.998787690892615,"calcite_flush_5","FOsd2",1826
"4",0.000184215348625074,0.000101326143162325,0.000381488544877747,0.000154856455930646,0.000337188425870184,9.24537981238361e-05,0.00068814302182048,0.000260487139381593,"calcite_flush_5","TEsd2",1826
