"","curr_inflow_rate","curr_diffusion_coef","curr_porosity","curr_gypsum_rate_constant","curr_calcite_rate_constant","curr_gypsum_surface_area","curr_calcite_surface_area","dfn_volume","output_var","sobol_type","boot_num"
"1",0.100782124516883,0.00567705570005994,-0.000231209920475881,0.00714515035237345,0.0125106703445229,-1.53458177998232e-05,0.00231660047999676,0.000423663151361333,"calcite_flush_2","FOmean",1508
"2",0.113705499282493,0.00621832217106402,0.00162474925696548,0.0121192690647992,0.0125817758285434,0.00215303041082864,0.00799228540761294,0.00635778811139934,"calcite_flush_2","TEmean",1508
"3",0.52120964138687,0.228370937834802,0.469459336461625,-0.676243975531936,0.270503559945107,-1.32392162312866,-0.449191888541637,-0.125670792381809,"calcite_flush_2","FOsd2",1508
"4",1.69712535920986,1.29101280530194,1.52649024073256,0.196083395496218,0.657851920552658,0.400963849909514,2.31217662359694,1.76416045436879,"calcite_flush_2","TEsd2",1508
