"","curr_inflow_rate","curr_diffusion_coef","curr_porosity","curr_gypsum_rate_constant","curr_calcite_rate_constant","curr_gypsum_surface_area","curr_calcite_surface_area","dfn_volume","output_var","sobol_type","boot_num"
"1",0.122463526910365,-0.00361435294316851,0.004904353706561,0.00188787886916957,0.00216141149928578,0.000968186640545111,-0.00107931165937968,0.00589356106887148,"calcite_flush_4","FOmean",621
"2",0.152829703123621,0.00484347376774422,0.00520417398625806,0.00540854466610158,0.00940109667067108,0.00415165696613046,0.00489751934664955,0.0291547104582485,"calcite_flush_4","TEmean",621
"3",0.999608862495203,0.999612869520026,0.99961211333757,0.999600519724342,0.999584987313412,0.999534627108663,0.999591337700351,0.999586512486017,"calcite_flush_4","FOsd2",621
"4",0.000147504713040023,5.98684508939621e-05,0.000117574521300769,6.83698729683299e-05,9.71983391388671e-05,6.68954658314294e-05,0.000126689891271346,0.000100850072101807,"calcite_flush_4","TEsd2",621
