"","curr_inflow_rate","curr_diffusion_coef","curr_porosity","curr_gypsum_rate_constant","curr_calcite_rate_constant","curr_gypsum_surface_area","curr_calcite_surface_area","dfn_volume","output_var","sobol_type","boot_num"
"1",0.113681800477838,-0.000195928558473386,-0.00108334271225236,0.00894788873260678,0.0109636564291027,-9.518330821523e-05,-0.00228541344157629,0.00455473359094193,"calcite_flush_2","FOmean",1928
"2",0.149716528807844,0.00141546758664285,0.0034426919423938,0.0215472837976641,0.0234326839455693,0.00209860440848715,0.00872104398395813,0.0125054991923033,"calcite_flush_2","TEmean",1928
"3",-2.00036874983325,-0.568876908851342,0.188319390009399,-0.619691794993438,0.0308823404876928,0.116635763574594,0.0675518615315776,-2.94429992805593,"calcite_flush_2","FOsd2",1928
"4",3.31211727732367,0.445277072838488,0.475262496430518,0.749687054049396,0.394404320726595,0.63863320451429,1.49896629515405,0.995092317550283,"calcite_flush_2","TEsd2",1928
