"","curr_inflow_rate","curr_diffusion_coef","curr_porosity","curr_gypsum_rate_constant","curr_calcite_rate_constant","curr_gypsum_surface_area","curr_calcite_surface_area","dfn_volume","output_var","sobol_type","boot_num"
"1",0.103062331824747,0.00298256199136989,-0.00104957586388661,-0.00264611746139695,0.00251186648075628,-0.0026001509432508,-0.00536523188413989,-0.00199137155850853,"calcite_flush_4","FOmean",1846
"2",0.126073100625733,0.00374597080487091,0.00400230366971465,0.00395641977700022,0.00661320253775747,0.00308237411988463,0.00627968009036627,0.0354866793605951,"calcite_flush_4","TEmean",1846
"3",0.999577275768406,0.999659827157272,0.999007052660786,0.999578204696918,0.999347868483696,0.99959928385083,0.99950669408707,0.99954782584747,"calcite_flush_4","FOsd2",1846
"4",0.000225636308633866,0.000209039148492201,0.00061437847718178,0.000156380877681145,0.000198407406583578,0.000118216891861002,6.2663212592278e-05,0.000252788519949518,"calcite_flush_4","TEsd2",1846
