"","curr_inflow_rate","curr_diffusion_coef","curr_porosity","curr_gypsum_rate_constant","curr_calcite_rate_constant","curr_gypsum_surface_area","curr_calcite_surface_area","dfn_volume","output_var","sobol_type","boot_num"
"1",0.0948331063217811,0.000627472575772037,-0.00227617682414101,0.0018164613730487,0.00525282972789702,0.00192750597876529,-0.00204626046844889,-9.07063052295157e-05,"calcite_flush_5","FOmean",1924
"2",0.133682149740023,0.00494335373643152,0.00963258828482425,0.00513064151771832,0.00544576391057072,0.00354897300348959,0.00425275893663142,0.0288403163641456,"calcite_flush_5","TEmean",1924
"3",0.999399301020208,0.999400028150409,0.999522006324633,0.99939399248896,0.999376407781735,0.999356273651329,0.999417626682057,0.999375201982346,"calcite_flush_5","FOsd2",1924
"4",0.000161901181985015,9.75932186920398e-05,0.000236498527132988,0.000121694193028091,0.000155912853732377,8.04099563428344e-05,0.000136826096762629,0.00021234172867153,"calcite_flush_5","TEsd2",1924
