"","curr_inflow_rate","curr_diffusion_coef","curr_porosity","curr_gypsum_rate_constant","curr_calcite_rate_constant","curr_gypsum_surface_area","curr_calcite_surface_area","dfn_volume","output_var","sobol_type","boot_num"
"1",0.922856298763954,0.0690534674316988,0.0256684424892288,0.036631001025682,-0.0216113419636728,0.0842355714990811,0.0210576611825753,-0.00610558433869349,"calcite_flush_1","FOmean",1178
"2",1.39306429760975,0.440011439142509,0.281528055617786,0.303630589213022,0.270369684912962,0.320759314057153,0.293230362166264,0.373387804270877,"calcite_flush_1","TEmean",1178
"3",1,1,1,1,1,1,1,1,"calcite_flush_1","FOsd2",1178
"4",4.17543266298194e-25,3.22139478198247e-25,2.17935128343251e-25,2.89189702228721e-25,3.9000262584733e-25,2.29993141016026e-25,1.92590610858364e-25,1.8403865118406e-25,"calcite_flush_1","TEsd2",1178
