"","curr_inflow_rate","curr_diffusion_coef","curr_porosity","curr_gypsum_rate_constant","curr_calcite_rate_constant","curr_gypsum_surface_area","curr_calcite_surface_area","dfn_volume","output_var","sobol_type","boot_num"
"1",0.0333662583243235,0.00140925734840942,0.0070752523468528,0.000741555471197075,0.0023258086825944,0.00326963879905938,-0.00011005768399501,0.0179755657321967,"calcite_flush_6","FOmean",966
"2",0.0449239888647977,0.00311973508028143,0.0153281226623017,0.00617200183966894,0.00307705787858267,0.0034754607684579,0.00350322952408789,0.0164484198963691,"calcite_flush_6","TEmean",966
"3",0.999799511595551,0.99980508539632,0.999774064952534,0.999801770316452,0.99978371218865,0.999785829496628,0.999739078354015,0.999797934080922,"calcite_flush_6","FOsd2",966
"4",5.26686069754842e-05,3.30092071236147e-05,1.63039921260954e-05,4.71067121878406e-05,2.89714045605538e-05,3.19317704238814e-05,4.46547858082551e-05,3.89680657507734e-05,"calcite_flush_6","TEsd2",966
