"","curr_inflow_rate","curr_diffusion_coef","curr_porosity","curr_gypsum_rate_constant","curr_calcite_rate_constant","curr_gypsum_surface_area","curr_calcite_surface_area","dfn_volume","output_var","sobol_type","boot_num"
"1",0.296045772272856,-0.000225229954880853,-0.00128621848143186,0.0133067379067867,0.0287300394717463,0.00299903536455169,0.00969867467033992,0.00177053432216761,"calcite_flush_3","FOmean",2090
"2",0.326591480409154,0.00556788220139376,0.00300912370766124,0.0235459302507827,0.035940200775437,0.00388850857825173,0.0202016894450893,0.0158519149206767,"calcite_flush_3","TEmean",2090
"3",0.950668215247036,0.967920326135877,0.932579687896783,0.94796992752944,0.966764365216182,0.955143960943965,0.928992081830854,0.951205567785999,"calcite_flush_3","FOsd2",2090
"4",0.0264947948394955,0.0166757374250571,0.0492925291820154,0.0252066465611136,0.0125996122590125,0.0182764387171237,0.0535576875850817,0.0266678513715311,"calcite_flush_3","TEsd2",2090
