"","curr_inflow_rate","curr_diffusion_coef","curr_porosity","curr_gypsum_rate_constant","curr_calcite_rate_constant","curr_gypsum_surface_area","curr_calcite_surface_area","dfn_volume","output_var","sobol_type","boot_num"
"1",0.108893080291238,0.00134074525780641,0.00137315397678381,-0.000185119587734397,0.00132340624212591,-0.00211947533965294,-0.00336831454165387,-0.00527853050035199,"calcite_flush_4","FOmean",1741
"2",0.152309797246675,0.00441423638340735,0.0042467979819153,0.00554952408271083,0.00890290450543407,0.00298777458272038,0.00830667761593989,0.0309912103547478,"calcite_flush_4","TEmean",1741
"3",0.999728369768745,0.999689226200378,0.999727427671371,0.999686577501448,0.999669471857229,0.999680439333447,0.999678380724276,0.999667411842398,"calcite_flush_4","FOsd2",1741
"4",0.000107947358745271,8.00012263022954e-05,0.000115444782007813,6.33704524500277e-05,7.69307856104697e-05,7.61330571528432e-05,9.98701264785293e-05,0.000134814691101066,"calcite_flush_4","TEsd2",1741
