"","curr_inflow_rate","curr_diffusion_coef","curr_porosity","curr_gypsum_rate_constant","curr_calcite_rate_constant","curr_gypsum_surface_area","curr_calcite_surface_area","dfn_volume","output_var","sobol_type","boot_num"
"1",0.59059843500369,0.0117901323771597,0.032680450068533,0.0464103469145767,0.0491239207434764,-0.00542468659479241,0.0240160493612275,-0.0186773404329562,"calcite_flush_0","FOmean",2024
"2",1.1913147848853,0.253827510231755,0.214378047488637,0.485094164665552,0.267152509423134,0.310923232465038,0.19577710696352,0.204010533907187,"calcite_flush_0","TEmean",2024
"3",1,1,1,1,1,1,1,1,"calcite_flush_0","FOsd2",2024
"4",6.60808773519875e-27,8.32697297573766e-27,6.3971040884275e-27,4.96857653344103e-27,6.23843754074918e-27,8.15829288555245e-27,6.97399684447433e-27,9.02694051279268e-27,"calcite_flush_0","TEsd2",2024
