"","curr_inflow_rate","curr_diffusion_coef","curr_porosity","curr_gypsum_rate_constant","curr_calcite_rate_constant","curr_gypsum_surface_area","curr_calcite_surface_area","dfn_volume","output_var","sobol_type","boot_num"
"1",0.0960686336224538,0.00365940855780607,0.00432828359415274,0.000236425592820487,-0.000588283386151121,0.00227795793641317,0.00112953290247232,0.00205989497645636,"calcite_flush_4","FOmean",1048
"2",0.136677494352571,0.00694801425899431,0.00652957985696958,0.00617290964256894,0.0148544316146849,0.0046686957550768,0.00461371536669447,0.0321053880433007,"calcite_flush_4","TEmean",1048
"3",0.999769778748287,0.999760497808441,0.999796417822678,0.999778719537664,0.999760975709084,0.99975758021593,0.999754147500147,0.999764931205421,"calcite_flush_4","FOsd2",1048
"4",8.46555259983252e-05,3.69044437947438e-05,8.99910798887937e-05,4.78255195996257e-05,5.16790958306706e-05,4.39002286526483e-05,4.01940874672249e-05,6.4076553703746e-05,"calcite_flush_4","TEsd2",1048
