"","curr_inflow_rate","curr_diffusion_coef","curr_porosity","curr_gypsum_rate_constant","curr_calcite_rate_constant","curr_gypsum_surface_area","curr_calcite_surface_area","dfn_volume","output_var","sobol_type","boot_num"
"1",0.114040568698923,-4.51648263425893e-05,-0.000376532154088607,0.00196179295419528,0.00508910468125558,0.000673330797660079,0.00607506279393585,0.00341215652250742,"calcite_flush_2","FOmean",1312
"2",0.123975687582479,0.00295497400933245,0.00173901380079197,0.00892370238535151,0.00762376188662766,0.00172602690440746,0.0129029784543184,0.00549261052193251,"calcite_flush_2","TEmean",1312
"3",-693.498865461658,-6.40669143672701,-2.28682657921096,-1.63035906469309,-0.730108237536893,-1.26366873178513,-0.957306282478775,-6.899937255367,"calcite_flush_2","FOsd2",1312
"4",697.229751045785,7.84632265602291,3.87267209782589,0.176323548906499,1.69414070557635,0.713931004776466,1.08605045182772,4.69431885687538,"calcite_flush_2","TEsd2",1312
