"","curr_inflow_rate","curr_diffusion_coef","curr_porosity","curr_gypsum_rate_constant","curr_calcite_rate_constant","curr_gypsum_surface_area","curr_calcite_surface_area","dfn_volume","output_var","sobol_type","boot_num"
"1",0.400850496990099,-0.0202374896385713,-0.0330150967196526,0.0965708493958776,-0.0430855941386754,0.0685132998749017,0.111369645773967,-0.0623377333575127,"calcite_flush_1","FOmean",387
"2",1.39825285287861,0.92368315562805,0.515674736366476,1.06182738357189,0.576631652951995,0.526696727427089,0.488603266621484,0.631933034272349,"calcite_flush_1","TEmean",387
"3",1,1,1,1,1,1,1,1,"calcite_flush_1","FOsd2",387
"4",7.73421144182963e-25,7.19145377913908e-25,4.8303275458295e-25,3.44634798291694e-25,4.16666378409772e-25,8.29734573179631e-25,3.58494805644533e-25,4.45806972922996e-25,"calcite_flush_1","TEsd2",387
