"","curr_inflow_rate","curr_diffusion_coef","curr_porosity","curr_gypsum_rate_constant","curr_calcite_rate_constant","curr_gypsum_surface_area","curr_calcite_surface_area","dfn_volume","output_var","sobol_type","boot_num"
"1",0.132759034208888,0.00213881845668609,0.00127154989988246,0.00730730570968621,-0.00107833555315257,-0.00152529389182691,0.00411606697187377,0.00285085242860008,"calcite_flush_4","FOmean",1013
"2",0.150545760608073,0.00448670417603794,0.00431541872594267,0.00442492764766997,0.00752099373537819,0.00428411996552322,0.010763170804297,0.0302610114998093,"calcite_flush_4","TEmean",1013
"3",0.999742399729125,0.999777475939789,0.999768082930667,0.999723433806097,0.99973425440216,0.999779931152298,0.999776406560678,0.999681990173241,"calcite_flush_4","FOsd2",1013
"4",0.000107140805321528,7.7497717025181e-05,8.32953622515438e-05,6.2285422407722e-05,7.14909778524043e-05,6.09968860650713e-05,7.93526316025817e-05,8.42934404853589e-05,"calcite_flush_4","TEsd2",1013
