"","curr_inflow_rate","curr_diffusion_coef","curr_porosity","curr_gypsum_rate_constant","curr_calcite_rate_constant","curr_gypsum_surface_area","curr_calcite_surface_area","dfn_volume","output_var","sobol_type","boot_num"
"1",0.096057775515815,-0.00039569000127336,-0.000265688330537505,0.00390684232111164,0.00609378365999458,0.000505773904621404,0.000511324866900519,0.000740844976789264,"calcite_flush_2","FOmean",122
"2",0.10938374288577,0.00119178292165724,0.00182298489178877,0.00638221531233033,0.0113657597252595,0.00118645082265496,0.00569211515186883,0.00864228520728085,"calcite_flush_2","TEmean",122
"3",-1.81463329276068,-1.33338454969215,-0.726180805736031,-2.08431012313868,-3.89541413356126,-2.51102705891941,-1.19091859690168,-1.47019295699723,"calcite_flush_2","FOsd2",122
"4",1.3907190762656,1.26240242395516,2.53694244930339,3.42062384588973,2.84486817929286,1.90386303889756,0.76025620434481,0.418935157803687,"calcite_flush_2","TEsd2",122
