"","curr_inflow_rate","curr_diffusion_coef","curr_porosity","curr_gypsum_rate_constant","curr_calcite_rate_constant","curr_gypsum_surface_area","curr_calcite_surface_area","dfn_volume","output_var","sobol_type","boot_num"
"1",0.955794766629198,0.00268268155782232,-0.0517004874307675,0.0108071198346758,-0.06279699202906,0.000932076128473451,0.00709723801930293,-0.0331018253391387,"calcite_flush_1","FOmean",1710
"2",1.36469526001643,0.231074078063354,0.153523739657819,0.258015570922612,0.185684495249923,0.229779143955431,0.433418109537783,0.237990033229621,"calcite_flush_1","TEmean",1710
"3",1,1,1,1,1,1,1,1,"calcite_flush_1","FOsd2",1710
"4",2.57469012863146e-28,3.31577747592164e-28,3.24414692267432e-28,1.83515250401687e-28,4.65474106295593e-28,2.69304779340067e-28,3.26984828541859e-28,2.62495185013602e-28,"calcite_flush_1","TEsd2",1710
