"","curr_inflow_rate","curr_diffusion_coef","curr_porosity","curr_gypsum_rate_constant","curr_calcite_rate_constant","curr_gypsum_surface_area","curr_calcite_surface_area","dfn_volume","output_var","sobol_type","boot_num"
"1",1.25060941571346,-0.00120648300782457,0.0549267634220804,0.400295291474014,0.130483946230074,0.0348628914521729,0.136292051659652,-0.0386479811251953,"calcite_flush_0","FOmean",778
"2",1.88101204373429,0.280444379091722,0.19944878785123,0.656093026778094,0.28057103377943,0.360181669374465,0.521554041266515,0.223835653588856,"calcite_flush_0","TEmean",778
"3",1,1,1,1,1,1,1,1,"calcite_flush_0","FOsd2",778
"4",2.13770782490866e-27,2.8667615878462e-27,2.63336697397727e-27,4.15128102917641e-27,2.628038480726e-27,3.7082832339239e-27,1.55595392405581e-27,3.25469645924878e-27,"calcite_flush_0","TEsd2",778
