"","curr_inflow_rate","curr_diffusion_coef","curr_porosity","curr_gypsum_rate_constant","curr_calcite_rate_constant","curr_gypsum_surface_area","curr_calcite_surface_area","dfn_volume","output_var","sobol_type","boot_num"
"1",0.0197811047354925,-0.000668505929217539,0.0104105187732356,0.00353535717719651,0.00139672520415228,-0.00128582853831886,-0.00270433800228439,0.0135217756324594,"calcite_flush_6","FOmean",84
"2",0.0376430589031009,0.00229480382912196,0.0119495640400491,0.0037949081304892,0.00321225115926963,0.00228698958898026,0.00237677990857095,0.0186989170225,"calcite_flush_6","TEmean",84
"3",0.999950295103298,0.999945996508024,0.999945701393318,0.999945905395887,0.999950569802774,0.999935850417729,0.999944499391421,0.999943655184632,"calcite_flush_6","FOsd2",84
"4",1.26379574837629e-05,7.78368047425998e-06,1.06806795055044e-05,1.98087422738747e-05,1.75923461766128e-05,7.74925749225281e-06,1.26878233442835e-05,2.51224103971043e-05,"calcite_flush_6","TEsd2",84
