"","curr_inflow_rate","curr_diffusion_coef","curr_porosity","curr_gypsum_rate_constant","curr_calcite_rate_constant","curr_gypsum_surface_area","curr_calcite_surface_area","dfn_volume","output_var","sobol_type","boot_num"
"1",0.0824481371516819,0.00469242473668211,-0.00756240150126487,0.00243724596352185,6.82273257589127e-06,-0.00280862351130217,0.00408400603248101,-0.00274270580677721,"calcite_flush_4","FOmean",887
"2",0.119699929593629,0.00491593591560688,0.00465605778074487,0.00479107608871109,0.00648966125927539,0.00291997577114394,0.00530524112191502,0.0408828129185999,"calcite_flush_4","TEmean",887
"3",0.999495886891907,0.999558722560915,0.999326348150219,0.999495637282987,0.999445258674035,0.999465898969031,0.999411274090728,0.999424079954516,"calcite_flush_4","FOsd2",887
"4",0.000119430682227697,8.74369878992073e-05,0.000182522070992146,5.36480413887571e-05,8.19687793540058e-05,8.60075971289485e-05,0.000100832453753585,0.000175499015842654,"calcite_flush_4","TEsd2",887
