"","curr_inflow_rate","curr_diffusion_coef","curr_porosity","curr_gypsum_rate_constant","curr_calcite_rate_constant","curr_gypsum_surface_area","curr_calcite_surface_area","dfn_volume","output_var","sobol_type","boot_num"
"1",0.100300610982324,0.00133692476753421,0.00415252625166684,-0.00071609686424424,-0.00404848064586595,-0.00157237810546501,-0.0010000552114428,0.00213579366636191,"calcite_flush_5","FOmean",923
"2",0.116086638736641,0.0055212737149151,0.00756756969721257,0.00465691458815655,0.00623207453252014,0.00395907162812429,0.00449844832289971,0.0272447164095582,"calcite_flush_5","TEmean",923
"3",0.99939792917439,0.999421340307699,0.99949940917035,0.999408921075989,0.999242065559018,0.999424633418099,0.999264947120908,0.99945467779516,"calcite_flush_5","FOsd2",923
"4",8.50795542468952e-05,7.29968710108891e-05,0.00018329370117772,0.000196554289276168,0.000241368991481908,7.58696483468801e-05,0.000324882017093526,0.000168323323255239,"calcite_flush_5","TEsd2",923
