"","curr_inflow_rate","curr_diffusion_coef","curr_porosity","curr_gypsum_rate_constant","curr_calcite_rate_constant","curr_gypsum_surface_area","curr_calcite_surface_area","dfn_volume","output_var","sobol_type","boot_num"
"1",0.0357231535781437,-0.00336664638440691,0.0159899225224616,0.0052022048520972,0.00362656674654125,0.00167758236367372,0.00048646842714005,0.0091216314908589,"calcite_flush_6","FOmean",280
"2",0.0453042158891136,0.00376135212252141,0.021199339229996,0.00451288361274562,0.00321407719675445,0.00211077010512557,0.00303428365835316,0.0213794585914596,"calcite_flush_6","TEmean",280
"3",0.999943356587323,0.999933148830786,0.999922088457055,0.999933932981372,0.999928125939471,0.999925563336437,0.99993762614987,0.999947559020318,"calcite_flush_6","FOsd2",280
"4",2.46173394729289e-05,1.92416029138251e-05,2.73307517415436e-05,2.50897331447091e-05,3.27018467714734e-05,1.99269238591867e-05,1.5308626968188e-05,1.52284616527178e-05,"calcite_flush_6","TEsd2",280
