"","curr_inflow_rate","curr_diffusion_coef","curr_porosity","curr_gypsum_rate_constant","curr_calcite_rate_constant","curr_gypsum_surface_area","curr_calcite_surface_area","dfn_volume","output_var","sobol_type","boot_num"
"1",0.0206992638565529,0.00145391503622285,0.0165896652356565,0.000724309509465146,-0.00786906495752184,-0.00316673652124879,-0.000188074840165421,-0.000277598680555645,"calcite_flush_6","FOmean",287
"2",0.0434803677865754,0.00388465586378758,0.016215776953727,0.00464068342203462,0.003740920553009,0.00243407397485523,0.00206729147527486,0.0185169785151623,"calcite_flush_6","TEmean",287
"3",0.999811594583325,0.999779751212589,0.999778703804833,0.999806256860693,0.999469186934732,0.999800882160833,0.99980489551695,0.9997930821998,"calcite_flush_6","FOsd2",287
"4",3.55002918439482e-05,7.8311302177044e-06,1.36888601919575e-05,3.23658593629238e-05,0.000313061807049997,2.97052529860291e-05,1.45858888915292e-05,1.12091086293994e-05,"calcite_flush_6","TEsd2",287
