"","curr_inflow_rate","curr_diffusion_coef","curr_porosity","curr_gypsum_rate_constant","curr_calcite_rate_constant","curr_gypsum_surface_area","curr_calcite_surface_area","dfn_volume","output_var","sobol_type","boot_num"
"1",0.0325909884498049,0.0108445573659926,0.0215816558680711,0.0120311667003129,0.0041300321329798,0.00292759828834324,0.000901110918011597,0.01526219308932,"calcite_flush_6","FOmean",602
"2",0.053728938465591,0.00558671014506296,0.0164161163983613,0.00381277459699997,0.00509896836863642,0.00275395253639613,0.00382980756213473,0.0206345136060109,"calcite_flush_6","TEmean",602
"3",0.999933240791452,0.999931940020272,0.999944012271504,0.99993172899697,0.999939219677315,0.999928521620891,0.999927463405517,0.999931003706535,"calcite_flush_6","FOsd2",602
"4",1.90776953408189e-05,1.36056532718421e-05,1.61336354982207e-05,3.17036715190894e-05,2.54879417458667e-05,1.34180882615011e-05,1.70157121409872e-05,3.02055912492869e-05,"calcite_flush_6","TEsd2",602
