"","curr_inflow_rate","curr_diffusion_coef","curr_porosity","curr_gypsum_rate_constant","curr_calcite_rate_constant","curr_gypsum_surface_area","curr_calcite_surface_area","dfn_volume","output_var","sobol_type","boot_num"
"1",0.118942982516529,0.00147319612225248,-0.000285996041355584,0.00416302751897453,0.000588936439336835,0.000831689866827872,-0.000696114350506722,0.000665596881333368,"calcite_flush_4","FOmean",1244
"2",0.147856414371355,0.0044285445266196,0.00379696763997997,0.00440439168428965,0.0145925660722256,0.0039656812667537,0.00505323813962538,0.0309753733106549,"calcite_flush_4","TEmean",1244
"3",0.999666410037805,0.999548478471468,0.999628414453061,0.999601877932361,0.999664921593296,0.999617711967411,0.999666025577056,0.999700024561942,"calcite_flush_4","FOsd2",1244
"4",0.000172446748653007,9.18899515285562e-05,9.9423373012187e-05,0.00014815746995025,9.79031354193471e-05,5.3089527805904e-05,0.000131131601521286,0.000140508052217931,"calcite_flush_4","TEsd2",1244
