"","curr_inflow_rate","curr_diffusion_coef","curr_porosity","curr_gypsum_rate_constant","curr_calcite_rate_constant","curr_gypsum_surface_area","curr_calcite_surface_area","dfn_volume","output_var","sobol_type","boot_num"
"1",0.105745654240514,0.00520467182615247,0.00122694118954036,0.00237924262393037,-0.00238976960635764,0.00109500187019956,0.00283470624900387,0.0109025992330982,"calcite_flush_4","FOmean",1391
"2",0.14372397757496,0.00602481860299958,0.0051862838634761,0.00712633585753189,0.00742367914520611,0.00281470931965876,0.00689015325289789,0.0320549815890531,"calcite_flush_4","TEmean",1391
"3",0.999636641778352,0.999521073569284,0.999564725654669,0.99961689914072,0.999538485933821,0.999629957202092,0.999580478267832,0.999606825886038,"calcite_flush_4","FOsd2",1391
"4",0.000242583698571632,0.000131149528225021,0.000150176577532327,0.000109270678946793,0.000181902008262801,8.23640063997634e-05,0.000103414693384238,0.000155981020830913,"calcite_flush_4","TEsd2",1391
