"","curr_inflow_rate","curr_diffusion_coef","curr_porosity","curr_gypsum_rate_constant","curr_calcite_rate_constant","curr_gypsum_surface_area","curr_calcite_surface_area","dfn_volume","output_var","sobol_type","boot_num"
"1",0.0757907245606554,0.00285161695803665,0.000847897177126714,0.00881838384853759,0.00250511245861461,0.00495416028609016,0.00323032989591954,-0.00136789729130079,"calcite_flush_2","FOmean",675
"2",0.0957167578729207,0.00984415277724204,0.00289416327599679,0.0115265560044705,0.00346851628656575,0.00431651881420091,0.00861045785244492,0.00672094427574109,"calcite_flush_2","TEmean",675
"3",-10.9599503049981,-8.09774811991571,-8.66982370640394,-11.7076110254797,-7.84673452323191,-8.9388042414134,-8.0190925280842,-7.94054750318874,"calcite_flush_2","FOsd2",675
"4",6.0092148514682,0.778997201627518,1.05134523718078,2.2882595413169,0.180579417431615,1.81808959759476,0.170934740641339,0.594077680456686,"calcite_flush_2","TEsd2",675
