"","curr_inflow_rate","curr_diffusion_coef","curr_porosity","curr_gypsum_rate_constant","curr_calcite_rate_constant","curr_gypsum_surface_area","curr_calcite_surface_area","dfn_volume","output_var","sobol_type","boot_num"
"1",0.92854501020006,0.12005191532061,0.170976033354761,0.0100711371622962,0.104571184466852,-0.0151782107037166,0.188889650501906,0.0750163232287753,"calcite_flush_0","FOmean",2059
"2",2.22338018306464,0.518598629057369,0.418831475060768,0.63882360098422,0.413796443508999,0.537141863289569,0.426337578309594,0.464855269703918,"calcite_flush_0","TEmean",2059
"3",1,1,1,1,1,1,1,1,"calcite_flush_0","FOsd2",2059
"4",4.86980919577592e-25,4.37260934924271e-25,5.94412736687095e-25,4.75159473149177e-25,3.95719003206058e-25,4.99287244039242e-25,3.9183344835661e-25,3.05125505908864e-25,"calcite_flush_0","TEsd2",2059
