"","curr_inflow_rate","curr_diffusion_coef","curr_porosity","curr_gypsum_rate_constant","curr_calcite_rate_constant","curr_gypsum_surface_area","curr_calcite_surface_area","dfn_volume","output_var","sobol_type","boot_num"
"1",2.45761150566807,0.0305296512359702,-0.00780606935896013,0.0560282512484369,0.372785713864192,0.202735979667545,0.191523043258961,0.173875796390176,"calcite_flush_0","FOmean",631
"2",3.61505342739449,0.187435422665396,0.167502149153886,0.312725694688789,0.715803606857497,0.595448912142895,0.749274811572458,0.688545095559594,"calcite_flush_0","TEmean",631
"3",1,1,1,1,1,1,1,1,"calcite_flush_0","FOsd2",631
"4",1.89977901547802e-45,3.53259142821557e-45,2.3390690048439e-45,3.69024360188271e-45,2.96679510753401e-45,2.15184554862256e-45,2.28230863917987e-45,2.55887898970225e-44,"calcite_flush_0","TEsd2",631
