"","curr_inflow_rate","curr_diffusion_coef","curr_porosity","curr_gypsum_rate_constant","curr_calcite_rate_constant","curr_gypsum_surface_area","curr_calcite_surface_area","dfn_volume","output_var","sobol_type","boot_num"
"1",0.283031974685032,-0.00122430225787236,0.00266007513711691,0.00272959175836532,0.0235458216263332,-0.00154289999110922,-0.000773764552351302,0.00388939767247324,"calcite_flush_3","FOmean",1138
"2",0.313772118232147,0.00336132825403059,0.00476697609825765,0.00452548104182189,0.0392504237084021,0.00296102042809364,0.00905433847092939,0.0127771524807493,"calcite_flush_3","TEmean",1138
"3",-1240148.54575556,-764.782289905109,-2563.17333181711,-1303.57666526121,-2387.13590703658,-3749.28811376918,-927.746939547903,-2474.80856378883,"calcite_flush_3","FOsd2",1138
"4",1227496.16590241,5346.02574812168,2228.38736947199,5785.9522984064,1189.53319519304,576.180906182228,4841.6248639145,2217.86765034229,"calcite_flush_3","TEsd2",1138
