"","curr_inflow_rate","curr_diffusion_coef","curr_porosity","curr_gypsum_rate_constant","curr_calcite_rate_constant","curr_gypsum_surface_area","curr_calcite_surface_area","dfn_volume","output_var","sobol_type","boot_num"
"1",0.279612348552267,0.00326618884079854,3.04077260517716e-05,-0.00025479712735705,0.0110390296929015,-0.000453911600494775,0.00199548981943133,-0.00689022446805844,"calcite_flush_3","FOmean",424
"2",0.298055458843489,0.00391939290467548,0.00293879625216544,0.00337375081059446,0.0274026853226584,0.00391499576021028,0.00998810825251058,0.0163119020410325,"calcite_flush_3","TEmean",424
"3",0.780126294001969,0.888526976317642,0.683612247997759,0.848866439271156,0.910578560262157,0.815197320367785,0.901656034880734,0.84463578000909,"calcite_flush_3","FOsd2",424
"4",0.2170643189252,0.0519998132491095,0.166688958151078,0.117470218136373,0.0439766416170317,0.0860782820319354,0.046569231500817,0.0820652952423676,"calcite_flush_3","TEsd2",424
