"","curr_inflow_rate","curr_diffusion_coef","curr_porosity","curr_gypsum_rate_constant","curr_calcite_rate_constant","curr_gypsum_surface_area","curr_calcite_surface_area","dfn_volume","output_var","sobol_type","boot_num"
"1",1.04287885163246,0.000481656583248223,0.106252093320145,-0.0160247266144256,0.171831228437173,0.0415459084664531,0.23794741258877,0.183574467893139,"calcite_flush_1","FOmean",765
"2",1.85480093875593,0.473868709065858,0.366364444434049,0.616170586956654,0.482396952504316,0.478551816639931,0.536223328494455,0.586655272027736,"calcite_flush_1","TEmean",765
"3",1,1,1,1,1,1,1,1,"calcite_flush_1","FOsd2",765
"4",3.77642112039831e-25,3.67433616737323e-25,2.73953734408317e-25,2.80788075481951e-25,4.5586872086737e-25,5.5017538543666e-25,2.33707739349101e-25,2.46040829410653e-25,"calcite_flush_1","TEsd2",765
