"","curr_inflow_rate","curr_diffusion_coef","curr_porosity","curr_gypsum_rate_constant","curr_calcite_rate_constant","curr_gypsum_surface_area","curr_calcite_surface_area","dfn_volume","output_var","sobol_type","boot_num"
"1",0.108205870031081,-0.00336498001060089,-0.000540050198503669,0.00275159592909529,0.00407125395701675,-0.000790292671632416,-0.00443649927027541,-0.00122598972988899,"calcite_flush_4","FOmean",586
"2",0.146680793577895,0.00472819071069096,0.00357176676009683,0.00495103241470989,0.00924472520646508,0.00416794063446856,0.00824254159551264,0.0283802090558437,"calcite_flush_4","TEmean",586
"3",0.999721350642354,0.999707324463913,0.999744613326145,0.999703745987659,0.999731577645159,0.999721434314232,0.999719032553659,0.999709410442998,"calcite_flush_4","FOsd2",586
"4",0.000128817799261531,5.88332025012477e-05,8.34456667210499e-05,8.4738701272953e-05,6.48632355274025e-05,5.92878162888257e-05,4.98915795618543e-05,0.000115779882084797,"calcite_flush_4","TEsd2",586
