"","curr_inflow_rate","curr_diffusion_coef","curr_porosity","curr_gypsum_rate_constant","curr_calcite_rate_constant","curr_gypsum_surface_area","curr_calcite_surface_area","dfn_volume","output_var","sobol_type","boot_num"
"1",0.319480170911175,0.00586959001990478,0.00639342246710503,-0.000992730653813828,0.0232715999212907,0.00183745806273207,0.000626476941607292,0.00374254167984332,"calcite_flush_3","FOmean",963
"2",0.346509492901617,0.00478325831592949,0.00531961778505125,0.00495276400008357,0.029073699173854,0.0046634168200247,0.012732745502866,0.0213926889904799,"calcite_flush_3","TEmean",963
"3",-1.65431840556296,-2.31101191165789,0.236008274089521,-1.11252238071104,-2.74330861371391,-0.545370047393578,-6.54704725010112,-1.98255691574785,"calcite_flush_3","FOsd2",963
"4",1.52034762266178,2.20600642345935,0.593842510010418,1.94665587016073,3.72931560791259,0.252551793678899,6.30305040725641,1.92543845184945,"calcite_flush_3","TEsd2",963
