"","curr_inflow_rate","curr_diffusion_coef","curr_porosity","curr_gypsum_rate_constant","curr_calcite_rate_constant","curr_gypsum_surface_area","curr_calcite_surface_area","dfn_volume","output_var","sobol_type","boot_num"
"1",0.692882397988071,0.0108454326155546,0.013391500111854,0.00447427063438202,0.0297514058591625,0.0179420819545036,0.0653916934237874,-0.0151514834933738,"calcite_flush_1","FOmean",2060
"2",0.972535665673348,0.174234315103967,0.210946540335669,0.14036973393103,0.148489901435745,0.218511693789186,0.280704001277883,0.132784148851611,"calcite_flush_1","TEmean",2060
"3",1,1,1,1,1,1,1,1,"calcite_flush_1","FOsd2",2060
"4",3.46298146988864e-27,1.9503086261739e-27,3.1518590396991e-27,3.12852842207362e-27,1.97649863052142e-27,4.13964371398373e-27,1.5579659944558e-27,2.85989887167616e-27,"calcite_flush_1","TEsd2",2060
