"","curr_inflow_rate","curr_diffusion_coef","curr_porosity","curr_gypsum_rate_constant","curr_calcite_rate_constant","curr_gypsum_surface_area","curr_calcite_surface_area","dfn_volume","output_var","sobol_type","boot_num"
"1",0.555645498742739,0.0386506944292093,0.0675941173620123,0.0531177894713781,0.122698534909564,0.0540195678214698,0.0895328293430228,0.0483267283992445,"calcite_flush_1","FOmean",44
"2",1.16321887028681,0.333493296955452,0.444419899062505,0.310553538991339,0.381199207381439,0.4050502047208,0.560278451446755,0.28758517347808,"calcite_flush_1","TEmean",44
"3",1,1,1,1,1,1,1,1,"calcite_flush_1","FOsd2",44
"4",5.17362029071797e-27,5.78411256175068e-27,4.51383277861784e-27,3.90531635082856e-27,4.47540418387129e-27,4.09516613062156e-27,4.18727021168967e-27,7.42085062839192e-27,"calcite_flush_1","TEsd2",44
