"","curr_inflow_rate","curr_diffusion_coef","curr_porosity","curr_gypsum_rate_constant","curr_calcite_rate_constant","curr_gypsum_surface_area","curr_calcite_surface_area","dfn_volume","output_var","sobol_type","boot_num"
"1",1.2961763587153,0.0464515184924445,-0.0689211386996929,-0.000372119390024091,-0.0876098829544383,-0.0308292278858541,0.117813497451288,0.502511673174807,"calcite_flush_1","FOmean",1703
"2",2.24310160322673,0.524113191458734,0.486946670266207,0.975090097921902,0.560840063476697,0.442924586887151,0.384773589711785,0.757722843468725,"calcite_flush_1","TEmean",1703
"3",1,1,1,1,1,1,1,1,"calcite_flush_1","FOsd2",1703
"4",6.63687607447325e-24,2.73654318020959e-24,2.34959655502039e-24,3.51688357122492e-24,3.55916009479651e-24,2.55142236464269e-24,3.41448079981029e-24,2.19944504992575e-24,"calcite_flush_1","TEsd2",1703
