"","curr_inflow_rate","curr_diffusion_coef","curr_porosity","curr_gypsum_rate_constant","curr_calcite_rate_constant","curr_gypsum_surface_area","curr_calcite_surface_area","dfn_volume","output_var","sobol_type","boot_num"
"1",0.645842325286868,0.0253917731019023,0.0662725936270724,0.0975384031367162,0.0228884159769247,0.0400525824678045,0.0758961065718494,0.120989498916529,"calcite_flush_1","FOmean",1024
"2",0.961835078735241,0.169265153791933,0.24894633532764,0.319176379396871,0.174682800742245,0.214718981336809,0.236329815696328,0.255893428652672,"calcite_flush_1","TEmean",1024
"3",1,1,1,1,1,1,1,1,"calcite_flush_1","FOsd2",1024
"4",5.31010719863695e-28,8.70691538632516e-28,5.77295061159619e-28,4.27884917363923e-28,5.4428090428254e-28,4.39975298749863e-28,5.00597794618085e-28,5.11130724678219e-28,"calcite_flush_1","TEsd2",1024
