"","curr_inflow_rate","curr_diffusion_coef","curr_porosity","curr_gypsum_rate_constant","curr_calcite_rate_constant","curr_gypsum_surface_area","curr_calcite_surface_area","dfn_volume","output_var","sobol_type","boot_num"
"1",0.529421179415292,-0.00540745061407076,0.014151106086052,0.0563433973420451,0.0159766567723572,0.0371000281322907,0.104586276504337,0.0127312109277884,"calcite_flush_1","FOmean",1465
"2",1.06724019922976,0.250582162661924,0.26137514364368,0.402712335034699,0.263110614155066,0.172088788954307,0.430658307518518,0.167090870768668,"calcite_flush_1","TEmean",1465
"3",1,1,1,1,1,1,1,1,"calcite_flush_1","FOsd2",1465
"4",3.53034061131392e-46,4.22501493284126e-46,3.61337386503945e-46,4.23748853822156e-46,4.17301054822094e-46,3.96558255825264e-46,3.9301786186036e-46,2.09807283651288e-45,"calcite_flush_1","TEsd2",1465
