"","curr_inflow_rate","curr_diffusion_coef","curr_porosity","curr_gypsum_rate_constant","curr_calcite_rate_constant","curr_gypsum_surface_area","curr_calcite_surface_area","dfn_volume","output_var","sobol_type","boot_num"
"1",0.228958265698815,0.00316812805491526,0.00322241655233901,0.00103272713980661,0.0234939376272961,-0.000203363032974042,-0.000261249727295256,-0.0012743708415489,"calcite_flush_3","FOmean",1670
"2",0.246880029542032,0.00251447504058033,0.00344435889344938,0.00264233131531592,0.0290719273618396,0.00244493230599134,0.0165956422559323,0.0126140954968977,"calcite_flush_3","TEmean",1670
"3",0.975915756169095,0.81321677545489,0.978470471573963,0.968012555059179,0.976407157609116,0.970282505185372,0.980353888841473,0.973192602634106,"calcite_flush_3","FOsd2",1670
"4",0.0120372615897337,0.142483378822387,0.00631057381796582,0.0115844653262813,0.0108420854519943,0.0161375864181857,0.0109387282616493,0.0177982875768233,"calcite_flush_3","TEsd2",1670
