"","curr_inflow_rate","curr_diffusion_coef","curr_porosity","curr_gypsum_rate_constant","curr_calcite_rate_constant","curr_gypsum_surface_area","curr_calcite_surface_area","dfn_volume","output_var","sobol_type","boot_num"
"1",0.0980652274212099,-0.00482479825961537,-0.000223550560933881,-0.00310231601204548,-0.00383687885200224,0.00228360873596561,-0.00223462620640408,-0.00235451640741139,"calcite_flush_5","FOmean",83
"2",0.123265706102294,0.00547597107395985,0.0101584294571954,0.00413263928327671,0.00873975117553018,0.00370766980814275,0.00400095394668895,0.0298175079751612,"calcite_flush_5","TEmean",83
"3",0.999448028420588,0.999440653185611,0.999570731385059,0.999532213122014,0.999486054642678,0.999499388576761,0.999440224172461,0.999491042780687,"calcite_flush_5","FOsd2",83
"4",0.000136748296464376,0.000135633336767546,0.000186825575456862,0.000132483401535254,0.000154805681294322,8.21146445322359e-05,0.000113396318611402,0.000206889023036589,"calcite_flush_5","TEsd2",83
