"","curr_inflow_rate","curr_diffusion_coef","curr_porosity","curr_gypsum_rate_constant","curr_calcite_rate_constant","curr_gypsum_surface_area","curr_calcite_surface_area","dfn_volume","output_var","sobol_type","boot_num"
"1",0.00909622399147967,0.00126369984403331,0.0065931702348863,0.0101260489529099,-3.95922272849155e-05,-0.00100101015867303,-0.0011287460650709,0.00212177986827543,"calcite_flush_6","FOmean",1708
"2",0.0293200476583968,0.00194799088326494,0.0125138805832178,0.00492948283665898,0.0035310705647405,0.00220696822972173,0.00305203162379409,0.017095356054023,"calcite_flush_6","TEmean",1708
"3",0.999946645199148,0.999946532908629,0.999944646579022,0.999942203512695,0.999942639410569,0.99993644490783,0.999944291299476,0.999933354258795,"calcite_flush_6","FOsd2",1708
"4",7.88729985565616e-06,4.16691964278162e-06,4.25793168806938e-06,1.7341229192715e-05,7.22576854232457e-06,9.6229775629396e-06,7.71662966924994e-06,1.97494048345227e-05,"calcite_flush_6","TEsd2",1708
