"","curr_inflow_rate","curr_diffusion_coef","curr_porosity","curr_gypsum_rate_constant","curr_calcite_rate_constant","curr_gypsum_surface_area","curr_calcite_surface_area","dfn_volume","output_var","sobol_type","boot_num"
"1",0.503878560654989,0.0389014152618553,-0.0354402757711689,0.063281687808943,0.0462056787567199,0.00134750807275888,-0.0131880277999249,-0.012891898762613,"calcite_flush_1","FOmean",296
"2",0.882053702603873,0.243386227393578,0.130819467686069,0.424122274441522,0.221792502270651,0.139586766249657,0.207566660797464,0.110134815889429,"calcite_flush_1","TEmean",296
"3",1,1,1,1,1,1,1,1,"calcite_flush_1","FOsd2",296
"4",5.10901305218265e-45,4.20800505555118e-45,3.33261302611885e-45,3.23971899752291e-45,4.63306697895532e-45,4.66647159132131e-45,3.23899268498484e-45,2.35003484744231e-44,"calcite_flush_1","TEsd2",296
