"","curr_inflow_rate","curr_diffusion_coef","curr_porosity","curr_gypsum_rate_constant","curr_calcite_rate_constant","curr_gypsum_surface_area","curr_calcite_surface_area","dfn_volume","output_var","sobol_type","boot_num"
"1",0.0937344015259912,-0.00145246647807575,0.00517769981538089,0.00695063883128284,0.00076024218987893,0.00297630109926175,-0.00371590414924511,0.000972054059964039,"calcite_flush_4","FOmean",1720
"2",0.164665159839728,0.00619194433265128,0.00426465350242203,0.00592578390832788,0.00796485059683779,0.00457260512231468,0.00561972527391639,0.0417524787943313,"calcite_flush_4","TEmean",1720
"3",0.999731201694633,0.999648963202727,0.999675837185826,0.999687706478694,0.999650850221089,0.999655282973825,0.999712643123703,0.999695573602783,"calcite_flush_4","FOsd2",1720
"4",0.000132929663677095,5.04190851989541e-05,0.000100019467956657,7.62953905128872e-05,8.3748601745949e-05,0.000116302050732598,4.96928762745842e-05,0.000130083427772764,"calcite_flush_4","TEsd2",1720
