"","curr_inflow_rate","curr_diffusion_coef","curr_porosity","curr_gypsum_rate_constant","curr_calcite_rate_constant","curr_gypsum_surface_area","curr_calcite_surface_area","dfn_volume","output_var","sobol_type","boot_num"
"1",0.625079014919632,0.0654653418807092,-0.0616251718446966,0.0712497482406564,0.00436612047844709,-0.0264468616965202,0.0458270449213957,0.12651378177767,"calcite_flush_0","FOmean",211
"2",1.08467257932653,0.276287790867544,0.198024302900411,0.423036698208371,0.286992015126296,0.222365604747562,0.430587778229728,0.289852334630184,"calcite_flush_0","TEmean",211
"3",1,1,1,1,1,1,1,1,"calcite_flush_0","FOsd2",211
"4",2.77526538952469e-45,5.37843049961861e-45,4.26330473509145e-45,4.44240334836338e-45,5.27241318696103e-45,3.1091876625734e-45,2.36374516068756e-45,2.69126263470965e-44,"calcite_flush_0","TEsd2",211
