"","curr_inflow_rate","curr_diffusion_coef","curr_porosity","curr_gypsum_rate_constant","curr_calcite_rate_constant","curr_gypsum_surface_area","curr_calcite_surface_area","dfn_volume","output_var","sobol_type","boot_num"
"1",0.0251010959041211,-0.00182182068454621,0.0040885991980535,0.00469942307363362,0.0029829964390612,-0.00433709240816787,-0.00126935567219362,-0.00344100342088979,"calcite_flush_6","FOmean",532
"2",0.0453857440080037,0.0045250457572242,0.0198076161629992,0.00556281078450699,0.0044143455333749,0.00263130019078259,0.00308967903791875,0.0198103386864436,"calcite_flush_6","TEmean",532
"3",0.999891356904754,0.999910674780876,0.999864334443963,0.999900841633679,0.9999130454956,0.999893514584061,0.999907277189563,0.999894028674056,"calcite_flush_6","FOsd2",532
"4",2.88124486470513e-05,1.87440384278183e-05,3.01118863283123e-05,6.61676608577841e-05,3.97178534413125e-05,2.40538719091158e-05,3.88984562935479e-05,6.27568059438992e-05,"calcite_flush_6","TEsd2",532
