"","curr_inflow_rate","curr_diffusion_coef","curr_porosity","curr_gypsum_rate_constant","curr_calcite_rate_constant","curr_gypsum_surface_area","curr_calcite_surface_area","dfn_volume","output_var","sobol_type","boot_num"
"1",0.241827693076274,-0.00188115609874982,0.00197141543808666,-0.000200478633688305,0.0130045979263592,-0.000165187572844889,0.00720717846043597,0.0149808714749314,"calcite_flush_3","FOmean",2062
"2",0.275858032421765,0.00467656828522685,0.00301043215279557,0.00398422830027657,0.0175471405301485,0.00246587146981202,0.0113629343670805,0.0197471272524152,"calcite_flush_3","TEmean",2062
"3",0.791793827727351,-3.78919986663749,0.440524164530624,0.359791223590455,0.565404595357554,0.629035644600978,0.0137411938374199,0.606778021290419,"calcite_flush_3","FOsd2",2062
"4",0.569753236433067,2.9860080094071,0.423778819096031,0.240301954500993,0.101264689556749,0.47633280583845,0.791944529277,0.109035826247373,"calcite_flush_3","TEsd2",2062
