"","curr_inflow_rate","curr_diffusion_coef","curr_porosity","curr_gypsum_rate_constant","curr_calcite_rate_constant","curr_gypsum_surface_area","curr_calcite_surface_area","dfn_volume","output_var","sobol_type","boot_num"
"1",0.0761517070056098,0.000176421839210649,-0.000533653017792922,0.00273377757106213,0.00237067888388964,-0.000843012007713303,0.00502927198670145,0.0010461903348406,"calcite_flush_2","FOmean",1473
"2",0.0866279196904948,0.00294165170026627,0.00102793943657709,0.00416443452235745,0.00649049665784348,0.00283505952480135,0.00870746114313734,0.00528316943588323,"calcite_flush_2","TEmean",1473
"3",-3.29205449372226,-3.49110916300831,-7.65913779991438,-2.41748379416731,-3.32984680165115,-2.35975685002728,-1.97083693435878,-4.16005776811987,"calcite_flush_2","FOsd2",1473
"4",1.08220271187617,1.16552861443365,5.55734251311567,0.330604442230055,1.62846220578862,0.368805271526255,0.964813565286446,1.57318067208668,"calcite_flush_2","TEsd2",1473
