"","curr_inflow_rate","curr_diffusion_coef","curr_porosity","curr_gypsum_rate_constant","curr_calcite_rate_constant","curr_gypsum_surface_area","curr_calcite_surface_area","dfn_volume","output_var","sobol_type","boot_num"
"1",0.0829371395153505,-0.00246136136143785,-0.00250216036126985,0.00299986191980842,0.00565615008254851,0.000434719729909254,3.87571155298131e-06,0.00734949359469799,"calcite_flush_5","FOmean",797
"2",0.103095746640973,0.00492192005336314,0.00729503256962746,0.00528681025501266,0.0058746819161634,0.0030045510971777,0.00426088629593813,0.0339784291184747,"calcite_flush_5","TEmean",797
"3",0.999571060692341,0.999480116380397,0.999604549401604,0.99951347364168,0.999196353400227,0.998475622858897,0.999523549574974,0.999589747119715,"calcite_flush_5","FOsd2",797
"4",8.70496465799885e-05,0.000240817103680078,0.000300678525009203,0.00016891191818456,0.000325975071857199,0.000730168163088367,0.000199635518152949,0.000217173756078403,"calcite_flush_5","TEsd2",797
