"","curr_inflow_rate","curr_diffusion_coef","curr_porosity","curr_gypsum_rate_constant","curr_calcite_rate_constant","curr_gypsum_surface_area","curr_calcite_surface_area","dfn_volume","output_var","sobol_type","boot_num"
"1",0.030703939224547,-0.00604522280193006,-0.00424900355803716,-0.00863081092118681,-0.0124316246389815,0.00323998434209067,-0.00125602038353917,0.000515671149193123,"calcite_flush_6","FOmean",154
"2",0.0352912609384997,0.00433598731025144,0.0147187416999447,0.00533931356989902,0.00544248630992348,0.00278300856168698,0.00347918234822717,0.0174375830131268,"calcite_flush_6","TEmean",154
"3",0.999913674685017,0.999887996188876,0.999902464063318,0.999866395147529,0.999904554968501,0.999894426297429,0.999869565413225,0.999898724534589,"calcite_flush_6","FOsd2",154
"4",6.66380484445555e-05,1.14777013380641e-05,1.90021681072858e-05,6.82905181804701e-05,1.64013671352584e-05,2.80073596289774e-05,2.88820523395906e-05,3.49339350215613e-05,"calcite_flush_6","TEsd2",154
