"","curr_inflow_rate","curr_diffusion_coef","curr_porosity","curr_gypsum_rate_constant","curr_calcite_rate_constant","curr_gypsum_surface_area","curr_calcite_surface_area","dfn_volume","output_var","sobol_type","boot_num"
"1",0.523268130849084,0.0548911332999506,0.0180219452203381,0.0328080555002583,0.196949778005568,-0.00805936134138859,0.0107010381750119,0.0428174851322222,"calcite_flush_0","FOmean",1380
"2",0.946074435025173,0.41088655923767,0.387107346953974,0.501224991031488,0.291438484153055,0.309077084804409,0.2757044093901,0.29893869617344,"calcite_flush_0","TEmean",1380
"3",1,1,1,1,1,1,1,1,"calcite_flush_0","FOsd2",1380
"4",4.1820801209589e-25,4.19039438107973e-25,2.89691944446547e-25,3.7821379772916e-25,3.60009364321328e-25,5.0674434362483e-25,4.31730143548018e-25,2.34368671041262e-25,"calcite_flush_0","TEsd2",1380
