"","curr_inflow_rate","curr_diffusion_coef","curr_porosity","curr_gypsum_rate_constant","curr_calcite_rate_constant","curr_gypsum_surface_area","curr_calcite_surface_area","dfn_volume","output_var","sobol_type","boot_num"
"1",1.08940130092436,0.0157789948781263,0.0918181434194461,-0.0209093836490601,0.0530882702770243,0.111732909030919,0.161627368719327,0.0382124805029431,"calcite_flush_1","FOmean",184
"2",1.70542764162127,0.205959992272468,0.238261103420668,0.366862201992386,0.175812233855616,0.424766104647829,0.40297642172434,0.275355075402082,"calcite_flush_1","TEmean",184
"3",1,1,1,1,1,1,1,1,"calcite_flush_1","FOsd2",184
"4",6.93340495879026e-26,5.3294148929978e-26,3.45145082307117e-26,2.79525669041147e-26,2.40099846661661e-26,1.94748476041192e-26,6.77037492874309e-26,6.05103714168312e-26,"calcite_flush_1","TEsd2",184
