"","curr_inflow_rate","curr_diffusion_coef","curr_porosity","curr_gypsum_rate_constant","curr_calcite_rate_constant","curr_gypsum_surface_area","curr_calcite_surface_area","dfn_volume","output_var","sobol_type","boot_num"
"1",0.115268077626788,-0.00776000434263646,0.00382165024839863,0.00720584441629184,0.000380837611847323,0.00275078247316695,-0.00475908938881471,-0.00646722108472187,"calcite_flush_4","FOmean",1293
"2",0.156359094451712,0.00538426433175816,0.00408867120316268,0.00549081056213573,0.00772100699424347,0.00448281898295445,0.00505433516099473,0.0275013877971435,"calcite_flush_4","TEmean",1293
"3",0.999493988783793,0.999415421030986,0.999531088543453,0.999381156490439,0.999453467304433,0.999500467867746,0.999378017114834,0.999495011370354,"calcite_flush_4","FOsd2",1293
"4",0.000179963839883999,0.00017622107293975,0.000158267519374065,0.000135443508531744,0.000101945150350308,0.000147956646610657,0.000168922946081378,0.000229507207514863,"calcite_flush_4","TEsd2",1293
