"","curr_inflow_rate","curr_diffusion_coef","curr_porosity","curr_gypsum_rate_constant","curr_calcite_rate_constant","curr_gypsum_surface_area","curr_calcite_surface_area","dfn_volume","output_var","sobol_type","boot_num"
"1",0.599574995555643,-0.00203923798915238,0.0375812711191503,-0.0812205724820552,0.187321833830585,-0.0397603388031221,0.0186640889835296,0.0448981665194846,"calcite_flush_0","FOmean",2038
"2",1.22188034555136,0.327752484027801,0.332664739328903,0.250703565186674,0.349139250398979,0.309495077990072,0.459555560470332,0.242701361757607,"calcite_flush_0","TEmean",2038
"3",1,1,1,1,1,1,1,1,"calcite_flush_0","FOsd2",2038
"4",3.4981812800178e-27,1.36215002334429e-27,1.45107993443491e-27,1.61629186445204e-27,1.92822307855965e-27,1.16087818199703e-27,1.7942117730182e-27,3.32160730711517e-27,"calcite_flush_0","TEsd2",2038
