"","curr_inflow_rate","curr_diffusion_coef","curr_porosity","curr_gypsum_rate_constant","curr_calcite_rate_constant","curr_gypsum_surface_area","curr_calcite_surface_area","dfn_volume","output_var","sobol_type","boot_num"
"1",0.0728080529992288,0.00199816109675298,0.00480657885142933,-0.00275526885837784,-0.00596310662349474,-0.00103039053059499,-0.000663251484561082,0.00649537136784198,"calcite_flush_5","FOmean",1378
"2",0.108660428489268,0.00370997907174098,0.0107027970592071,0.00542430224272074,0.00529183563899543,0.00460428875643597,0.00271734003191593,0.0298642338799729,"calcite_flush_5","TEmean",1378
"3",0.999561706400249,0.999555288608835,0.999561627603003,0.999510163119025,0.999527098101306,0.999565211138157,0.999538677976738,0.999451234846305,"calcite_flush_5","FOsd2",1378
"4",0.000179081001270224,8.30181924223784e-05,0.000153898258033698,0.000145025512140021,0.000130645217678677,0.000103124883401545,0.000176393651281727,0.00020283998272693,"calcite_flush_5","TEsd2",1378
