"","curr_inflow_rate","curr_diffusion_coef","curr_porosity","curr_gypsum_rate_constant","curr_calcite_rate_constant","curr_gypsum_surface_area","curr_calcite_surface_area","dfn_volume","output_var","sobol_type","boot_num"
"1",0.846945633394133,-0.042180080543489,-0.0429972675276322,0.0511746022504464,0.0372505300325625,0.0262466012512742,0.0553432628033593,0.00330885233136333,"calcite_flush_1","FOmean",793
"2",1.12368831314143,0.200345834102088,0.23755757556578,0.353602741528456,0.209981095976291,0.103381099127565,0.285813281828484,0.136869982674936,"calcite_flush_1","TEmean",793
"3",1,1,1,1,1,1,1,1,"calcite_flush_1","FOsd2",793
"4",4.15423092693273e-27,3.19136573383293e-27,4.46082895077217e-27,4.8451710214986e-27,4.08047614419453e-27,2.89343658592265e-27,7.15456071403747e-27,3.81952518726443e-27,"calcite_flush_1","TEsd2",793
