"","curr_inflow_rate","curr_diffusion_coef","curr_porosity","curr_gypsum_rate_constant","curr_calcite_rate_constant","curr_gypsum_surface_area","curr_calcite_surface_area","dfn_volume","output_var","sobol_type","boot_num"
"1",0.46275352920871,0.151554644941805,-0.00170014145708038,0.272771145219099,0.0877757570387021,0.0160710060020426,0.0673654389345039,0.662761500609894,"calcite_flush_1","FOmean",1619
"2",1.3791749597771,0.869988513525106,0.380831079556664,0.753520616604694,0.492897329662833,0.534706277747524,0.542388415051359,1.08589359803808,"calcite_flush_1","TEmean",1619
"3",1,1,1,1,1,1,1,1,"calcite_flush_1","FOsd2",1619
"4",5.31108522699994e-25,7.03551648162456e-25,6.19846375689831e-25,4.04792317247986e-25,3.82820521242471e-25,4.35183302662956e-25,3.08938624475843e-25,4.0556560563104e-25,"calcite_flush_1","TEsd2",1619
