"","curr_inflow_rate","curr_diffusion_coef","curr_porosity","curr_gypsum_rate_constant","curr_calcite_rate_constant","curr_gypsum_surface_area","curr_calcite_surface_area","dfn_volume","output_var","sobol_type","boot_num"
"1",0.179099991748403,-0.0119030842245691,0.0400170895727494,0.151237828255347,0.0134094367067038,0.0208578067230006,0.00731261984916934,-0.0575893918455914,"calcite_flush_0","FOmean",1674
"2",1.0377466036142,0.350767261364972,0.504800958257533,0.55498051909722,0.267219326444093,0.234976765233729,0.182824521102619,0.296585175574603,"calcite_flush_0","TEmean",1674
"3",1,1,1,1,1,1,1,1,"calcite_flush_0","FOsd2",1674
"4",3.37498608536524e-25,3.03673358888955e-25,5.00827813964722e-25,3.07220148424123e-25,3.05879291997378e-25,3.44819804640129e-25,1.54441699704217e-25,2.62401764383129e-25,"calcite_flush_0","TEsd2",1674
