"","curr_inflow_rate","curr_diffusion_coef","curr_porosity","curr_gypsum_rate_constant","curr_calcite_rate_constant","curr_gypsum_surface_area","curr_calcite_surface_area","dfn_volume","output_var","sobol_type","boot_num"
"1",0.0542640853693221,0.00281036252106771,0.000393433722417428,-0.000571378246993758,0.000991910336169787,6.71018928981524e-05,0.00166215458792405,0.00028126758429082,"calcite_flush_2","FOmean",2082
"2",0.062070731198649,0.00332801768324606,0.00189573630200996,0.00337716699524307,0.00376497860763329,0.00130667851489119,0.00496365540327914,0.00345729983802482,"calcite_flush_2","TEmean",2082
"3",-1.76534506624989,-0.732188382261209,-1.07231001089567,-1.40397670637242,-1.54136795949252,-0.557365491053132,-0.714332057961686,-0.520457688492556,"calcite_flush_2","FOsd2",2082
"4",1.14568257432418,0.199250098297385,0.590861049312847,0.803481195021608,0.688229688128747,0.0743886703444218,0.142026133791202,0.0847197767543302,"calcite_flush_2","TEsd2",2082
