"","curr_inflow_rate","curr_diffusion_coef","curr_porosity","curr_gypsum_rate_constant","curr_calcite_rate_constant","curr_gypsum_surface_area","curr_calcite_surface_area","dfn_volume","output_var","sobol_type","boot_num"
"1",0.282510420651456,0.00668519426103821,0.00096021812758912,0.00914342895420269,0.00913059896017449,4.6466364937215e-05,0.0111438420332675,0.0034142691718516,"calcite_flush_3","FOmean",1726
"2",0.321941022817057,0.00605042325281251,0.00459632741291993,0.0097530650768709,0.0179784064351888,0.00259090462398152,0.0238419031349573,0.00943992422638287,"calcite_flush_3","TEmean",1726
"3",0.74677748573579,-8.36848259427253,0.825474039062979,0.826873811808802,0.749584791434177,0.88764791942939,0.879727715241111,0.841810166155623,"calcite_flush_3","FOsd2",1726
"4",0.21518016194503,9.18003835607027,0.0842695422534178,0.0830570279514717,0.0846847656949891,0.0216377132464359,0.0421355452729344,0.0607781547254471,"calcite_flush_3","TEsd2",1726
