"","curr_inflow_rate","curr_diffusion_coef","curr_porosity","curr_gypsum_rate_constant","curr_calcite_rate_constant","curr_gypsum_surface_area","curr_calcite_surface_area","dfn_volume","output_var","sobol_type","boot_num"
"1",0.0326428273766814,-0.00300068639223635,0.0149036598466617,-0.000102479960177847,0.00208265840842982,-0.00284591756327972,0.00106851172379561,0.0184269284727504,"calcite_flush_6","FOmean",1449
"2",0.0549380128873156,0.00323737764419559,0.0149379268184883,0.00525178551468112,0.00367057047414788,0.0022110439048389,0.00304914779920828,0.0192233868221018,"calcite_flush_6","TEmean",1449
"3",0.999948053242445,0.99992454157322,0.999935127538235,0.999935977140815,0.999940598227628,0.999936345294522,0.999936708171899,0.999912869987991,"calcite_flush_6","FOsd2",1449
"4",4.56329539838645e-05,1.61839936885007e-05,2.13142957605675e-05,2.64045993438565e-05,2.9321303748721e-05,1.70771069203484e-05,1.27980712371341e-05,4.21422644170072e-05,"calcite_flush_6","TEsd2",1449
