"","curr_inflow_rate","curr_diffusion_coef","curr_porosity","curr_gypsum_rate_constant","curr_calcite_rate_constant","curr_gypsum_surface_area","curr_calcite_surface_area","dfn_volume","output_var","sobol_type","boot_num"
"1",0.977909443263984,0.0440289194932481,0.0337193889375539,0.068568338808973,0.0213198076318375,0.0368157255221652,0.108247699708041,0.0383134247439224,"calcite_flush_0","FOmean",449
"2",1.53883547902994,0.199362604936316,0.169669149219381,0.274437505663188,0.141797997881555,0.255338626372273,0.480414529897332,0.327027621737229,"calcite_flush_0","TEmean",449
"3",1,1,1,1,1,1,1,1,"calcite_flush_0","FOsd2",449
"4",1.05994872121062e-26,6.17382575203334e-27,2.5987621265661e-27,1.99437635227102e-27,4.17067503945708e-27,4.88367022815267e-27,4.41973230361977e-27,7.80655996774687e-27,"calcite_flush_0","TEsd2",449
