"","curr_inflow_rate","curr_diffusion_coef","curr_porosity","curr_gypsum_rate_constant","curr_calcite_rate_constant","curr_gypsum_surface_area","curr_calcite_surface_area","dfn_volume","output_var","sobol_type","boot_num"
"1",0.023380880727363,0.00174391795495742,0.00988547599488759,0.00600216990680993,-0.00285806302085012,0.00375534058811076,0.00334259798051817,0.0063982266358225,"calcite_flush_6","FOmean",238
"2",0.0376658287245384,0.0029810704630307,0.0130311945108397,0.00487512929439875,0.00234411286487997,0.00296944511092818,0.00299725218663603,0.0146069194855184,"calcite_flush_6","TEmean",238
"3",0.999830537472891,0.999810621399735,0.999775019496121,0.999853483112686,0.99985928851969,0.999715494475652,0.999865563322871,0.999821854733139,"calcite_flush_6","FOsd2",238
"4",9.66095363829029e-05,1.17911016166888e-05,9.7937132383437e-06,9.49185948032467e-05,7.57438558914937e-05,0.000114460022666263,7.36826367704386e-05,0.00011277728843448,"calcite_flush_6","TEsd2",238
