"","curr_inflow_rate","curr_diffusion_coef","curr_porosity","curr_gypsum_rate_constant","curr_calcite_rate_constant","curr_gypsum_surface_area","curr_calcite_surface_area","dfn_volume","output_var","sobol_type","boot_num"
"1",0.118280841041127,0.00794759342368302,0.00383568148957738,0.0077652129222211,0.00542722615898878,0.00646414776592007,0.00459925724131557,0.00898545543491814,"calcite_flush_2","FOmean",38
"2",0.141255506570864,0.00988744790596765,0.00498967323502381,0.0118657687703455,0.0113924093423308,0.00661876273223647,0.00752839652134881,0.0123426123102909,"calcite_flush_2","TEmean",38
"3",-2.72380159582148,-11.7301672580717,-8.57574177060674,-7.1286446631231,-4.5911603989476,-3.86421803528876,-6.01832635605754,-34.4550162724143,"calcite_flush_2","FOsd2",38
"4",22.8927315108473,4.92233460851245,5.1514109170034,11.2810679528251,15.7342591144359,11.5299396990839,7.732562714418,6.80714738283559,"calcite_flush_2","TEsd2",38
