"","curr_inflow_rate","curr_diffusion_coef","curr_porosity","curr_gypsum_rate_constant","curr_calcite_rate_constant","curr_gypsum_surface_area","curr_calcite_surface_area","dfn_volume","output_var","sobol_type","boot_num"
"1",0.135444314716558,1.04143080266492e-05,0.000775044824303139,0.0103682106673205,0.0077037917197739,-0.000434446465703093,0.00259802628954009,0.00116997832616122,"calcite_flush_2","FOmean",1662
"2",0.152839688895093,0.00240887611916311,0.00329491910223471,0.0188373418499558,0.0102687300113355,0.00453762507121367,0.00855192479190053,0.0094846555307792,"calcite_flush_2","TEmean",1662
"3",-248857.426799285,-114264.422276318,-55393.630445263,-94310.9605356563,-60056.9565572341,-103603.232564082,-63061.9708501623,-94283.4511568234,"calcite_flush_2","FOsd2",1662
"4",118542.013577974,49766.5815421083,16459.1080873995,46439.0497049258,17933.9593174613,20877.271570298,23148.2392134419,35591.3607707215,"calcite_flush_2","TEsd2",1662
