"","curr_inflow_rate","curr_diffusion_coef","curr_porosity","curr_gypsum_rate_constant","curr_calcite_rate_constant","curr_gypsum_surface_area","curr_calcite_surface_area","dfn_volume","output_var","sobol_type","boot_num"
"1",0.0982448611599206,0.00139504862554599,0.000652880505214857,-0.00634413760383191,0.00179019337248086,0.0015229540609169,0.00671095784727381,0.00919878275939891,"calcite_flush_4","FOmean",215
"2",0.136853848252257,0.00400429946746238,0.00494082818628998,0.00492653374522979,0.0122230202599135,0.003084538929285,0.0064693924857144,0.0338134995231298,"calcite_flush_4","TEmean",215
"3",0.999804772117573,0.999756554237646,0.999677137718982,0.999689579920375,0.999707011318342,0.99976978446776,0.999771603224243,0.999733706321272,"calcite_flush_4","FOsd2",215
"4",0.000102733896267186,6.07978460563752e-05,0.000158435087630936,7.84095948800337e-05,0.000114370127008738,3.88144025881511e-05,0.000118778738841241,0.000140999203311259,"calcite_flush_4","TEsd2",215
