"","curr_inflow_rate","curr_diffusion_coef","curr_porosity","curr_gypsum_rate_constant","curr_calcite_rate_constant","curr_gypsum_surface_area","curr_calcite_surface_area","dfn_volume","output_var","sobol_type","boot_num"
"1",0.0550223388064689,0.00208068931604354,-4.52166346803024e-05,-0.000933212662314354,0.000899325350170601,-0.000275671817073897,0.00148403476468879,0.00335554420633572,"calcite_flush_2","FOmean",871
"2",0.0657368566390216,0.00289474921939426,0.00122858355048861,0.00369906425839521,0.00566459855914496,0.00131894655445081,0.00367794407463853,0.00525437162054509,"calcite_flush_2","TEmean",871
"3",0.518282617386886,-0.0923382625216689,0.382281533823843,0.479274028140469,0.539018457166497,0.336618946219434,0.381784234281555,-0.400794101064696,"calcite_flush_2","FOsd2",871
"4",0.474293575298485,0.746384035178353,0.299949369048878,0.21513395733322,0.457752211165882,0.386042855984621,0.487860914887808,0.855902079413232,"calcite_flush_2","TEsd2",871
