"","curr_inflow_rate","curr_diffusion_coef","curr_porosity","curr_gypsum_rate_constant","curr_calcite_rate_constant","curr_gypsum_surface_area","curr_calcite_surface_area","dfn_volume","output_var","sobol_type","boot_num"
"1",0.080266693355379,-0.00463126041674864,-0.00129288838420059,0.000300499085769199,-0.000660136421088127,-0.000480037441304087,0.00310569140113856,-0.00166707088935938,"calcite_flush_5","FOmean",447
"2",0.125322403064363,0.00332161716759429,0.00764267984814604,0.00599017164227752,0.00484748914994159,0.00293074262445231,0.00297617087906045,0.0322715374958151,"calcite_flush_5","TEmean",447
"3",0.999379686003625,0.99936770676367,0.999459128305212,0.999344504927799,0.999396503714239,0.999343698183995,0.999351510216467,0.999359721780459,"calcite_flush_5","FOsd2",447
"4",0.000108702309093516,9.79395681150244e-05,0.000198500936926454,0.000278000222116865,0.000128624558197052,9.25007282973768e-05,9.47776942269713e-05,0.000154982525196487,"calcite_flush_5","TEsd2",447
