"","curr_inflow_rate","curr_diffusion_coef","curr_porosity","curr_gypsum_rate_constant","curr_calcite_rate_constant","curr_gypsum_surface_area","curr_calcite_surface_area","dfn_volume","output_var","sobol_type","boot_num"
"1",0.111538322906841,-0.00238504594774103,-0.00186141268511961,-5.07919962367419e-05,0.0084519237886899,-0.00506453221720667,-0.00367939277655506,0.00824847785743585,"calcite_flush_5","FOmean",503
"2",0.131113734916294,0.00485584978152339,0.00782206104583649,0.00382926277641713,0.00577675941495922,0.00390741114670827,0.00514755018177581,0.0277797567019079,"calcite_flush_5","TEmean",503
"3",0.999646819525342,0.999691210496107,0.999771509100462,0.999626554638964,0.999663537364085,0.999694407927014,0.999721495749352,0.999652216510677,"calcite_flush_5","FOsd2",503
"4",6.44453620587845e-05,4.62811350511905e-05,0.000130757480214333,8.82137699320138e-05,9.63401891681796e-05,3.71306969525079e-05,6.50080870560255e-05,6.11977119182074e-05,"calcite_flush_5","TEsd2",503
