"","curr_inflow_rate","curr_diffusion_coef","curr_porosity","curr_gypsum_rate_constant","curr_calcite_rate_constant","curr_gypsum_surface_area","curr_calcite_surface_area","dfn_volume","output_var","sobol_type","boot_num"
"1",0.115324987999782,0.00127246212234862,-0.000426106716030939,0.00515295518269264,0.00541955792343176,0.00275754161258122,0.00933479331383104,-0.00208829866672163,"calcite_flush_2","FOmean",668
"2",0.139580447849716,0.0102831820103908,0.00280217941164388,0.0146301246082052,0.00860979222601717,0.00504668637416506,0.0137789244222773,0.00676153784503277,"calcite_flush_2","TEmean",668
"3",-14.5011679184387,-28.0348957697451,-8.69348803562815,-114.992000557738,-191.705480935258,-16.715267902161,-32.3239763924617,-30.5031812686561,"calcite_flush_2","FOsd2",668
"4",26.9909594877669,16.35652317783,11.2282558355267,89.629098645684,167.701473386354,6.92976799239871,12.8265713840172,19.2588634993375,"calcite_flush_2","TEsd2",668
