"","curr_inflow_rate","curr_diffusion_coef","curr_porosity","curr_gypsum_rate_constant","curr_calcite_rate_constant","curr_gypsum_surface_area","curr_calcite_surface_area","dfn_volume","output_var","sobol_type","boot_num"
"1",0.131131010222373,0.00121153946955329,-0.00148242655385252,0.00664976171686333,0.00896279624303217,-0.000103503328021675,-0.000158153454248961,0.00457136735672905,"calcite_flush_2","FOmean",731
"2",0.154032467509986,0.0024614765598519,0.00394625974722442,0.0125304321688027,0.0146457062946879,0.00188560466801877,0.0109409667519841,0.0124718738484858,"calcite_flush_2","TEmean",731
"3",0.918324930794602,0.969064449595849,0.945302850511681,0.963682327862191,0.936611948924358,0.928020946744414,-6.23909189408278,0.970548311256135,"calcite_flush_2","FOsd2",731
"4",0.0733499991104243,0.0235025132532392,0.0381755690437574,0.023350466333711,0.0212851626589622,0.0391424280678645,7.18876660597059,0.0183849596831825,"calcite_flush_2","TEsd2",731
