"","curr_inflow_rate","curr_diffusion_coef","curr_porosity","curr_gypsum_rate_constant","curr_calcite_rate_constant","curr_gypsum_surface_area","curr_calcite_surface_area","dfn_volume","output_var","sobol_type","boot_num"
"1",0.075531119363287,0.00308998152684402,0.00168926095370726,0.00472504803078244,0.00263322406062589,-0.000635205594885335,0.00326958817965429,-0.000949986479052002,"calcite_flush_2","FOmean",409
"2",0.0881645889106202,0.00269713467079899,0.00235573170741441,0.00799492978174692,0.00410613134663738,0.00317613326684471,0.00869687750789073,0.00419033677652271,"calcite_flush_2","TEmean",409
"3",0.445661176821922,0.490273855435145,0.494336824809145,0.263796527651143,0.343899561463504,0.207675471524113,-0.488423648238446,0.516270883839302,"calcite_flush_2","FOsd2",409
"4",0.33162680349124,0.212607999088961,0.115430827078496,0.416786270591727,0.0678782179990253,0.376061381767981,0.615056786001497,0.084985398684235,"calcite_flush_2","TEsd2",409
