"","curr_inflow_rate","curr_diffusion_coef","curr_porosity","curr_gypsum_rate_constant","curr_calcite_rate_constant","curr_gypsum_surface_area","curr_calcite_surface_area","dfn_volume","output_var","sobol_type","boot_num"
"1",0.176091667091882,0.0701857052482232,0.0537835028556273,0.0645469700224252,0.0517941168673607,0.0448632933291905,0.0851385819474854,0.0359512514329792,"calcite_flush_0","FOmean",638
"2",1.10846201898916,0.530972901706515,0.399119990406476,0.592192547385331,0.395997408791426,0.403169414704288,0.297796711020299,0.40744194239288,"calcite_flush_0","TEmean",638
"3",1,1,1,1,1,1,1,1,"calcite_flush_0","FOsd2",638
"4",2.95299396452585e-25,2.62615050809787e-25,3.02425357080921e-25,2.37030122858037e-25,2.98183314021936e-25,2.36966759269208e-25,4.13894193612915e-25,1.44129502147993e-25,"calcite_flush_0","TEsd2",638
