"","curr_inflow_rate","curr_diffusion_coef","curr_porosity","curr_gypsum_rate_constant","curr_calcite_rate_constant","curr_gypsum_surface_area","curr_calcite_surface_area","dfn_volume","output_var","sobol_type","boot_num"
"1",0.777099047265517,0.020823171759031,-0.0359188031110045,-0.00806038702146421,-0.052440652370635,-0.0366007186969551,0.0442587417531358,-0.054954985909166,"calcite_flush_1","FOmean",1129
"2",1.57180674100548,0.336385643885713,0.404257399805613,0.400334865279579,0.333959463398562,0.469844154356398,0.292235537106811,0.421138671069225,"calcite_flush_1","TEmean",1129
"3",1,1,1,1,1,1,1,1,"calcite_flush_1","FOsd2",1129
"4",6.92117472056798e-34,3.81696159998089e-34,6.53947419167953e-34,4.09271479353498e-34,4.87769570377415e-34,3.29837689391045e-34,2.35232841823886e-34,5.77651340835442e-34,"calcite_flush_1","TEsd2",1129
