"","curr_inflow_rate","curr_diffusion_coef","curr_porosity","curr_gypsum_rate_constant","curr_calcite_rate_constant","curr_gypsum_surface_area","curr_calcite_surface_area","dfn_volume","output_var","sobol_type","boot_num"
"1",0.102283995824531,-0.00478330062403045,0.00397358591286603,9.55213521912527e-05,0.0035461817716482,0.00307680855618046,0.00088362649409345,0.0100323065608761,"calcite_flush_4","FOmean",684
"2",0.131394681782824,0.0041869448972041,0.00447959285021604,0.00500185485788496,0.00949744971953815,0.00421170421627663,0.00475828954308203,0.0357322779632775,"calcite_flush_4","TEmean",684
"3",0.999569972779696,0.999624238911938,0.999714901719127,0.999736360417906,0.999653494319634,0.999677568865987,0.999702916878432,0.999729089558773,"calcite_flush_4","FOsd2",684
"4",9.77607836509077e-05,0.000128511894409849,0.00013765973535663,0.00013863310262522,0.000103924298073363,0.000102280620609448,9.11902283028184e-05,0.000243421736236387,"calcite_flush_4","TEsd2",684
