"","curr_inflow_rate","curr_diffusion_coef","curr_porosity","curr_gypsum_rate_constant","curr_calcite_rate_constant","curr_gypsum_surface_area","curr_calcite_surface_area","dfn_volume","output_var","sobol_type","boot_num"
"1",0.0852259143327247,0.000367013275755271,0.000137237753819127,0.00662951018549969,0.00560464223349237,0.00106280110819006,0.00206859656321666,0.000863810368215597,"calcite_flush_2","FOmean",1557
"2",0.0999378307912233,0.000843698622782136,0.00141551780545232,0.0101761683675292,0.00976604476026068,0.00250738336581871,0.00461456621385551,0.00551917697051194,"calcite_flush_2","TEmean",1557
"3",-46.8320839635585,-57.5615272508282,-49.9435818085283,-52.6771971003399,-36.2989303253407,-46.3660217561152,-49.8314624048615,-38.0514610766537,"calcite_flush_2","FOsd2",1557
"4",31.6806019567634,2.431392949648,3.54075149621837,8.58691944759352,21.2656270130642,8.03327509633505,14.4213750569806,20.8321048794726,"calcite_flush_2","TEsd2",1557
