"","curr_inflow_rate","curr_diffusion_coef","curr_porosity","curr_gypsum_rate_constant","curr_calcite_rate_constant","curr_gypsum_surface_area","curr_calcite_surface_area","dfn_volume","output_var","sobol_type","boot_num"
"1",0.331876705010555,0.00608475923978539,0.002384519189679,0.00131038829501793,0.0210062935683633,0.00289050623335688,0.00563925605564416,-0.00045839697810474,"calcite_flush_3","FOmean",592
"2",0.393305011416309,0.00769036131368641,0.00590127739643666,0.0060579196953906,0.0337967224579109,0.00480172367549091,0.0159312678893323,0.0133388218329705,"calcite_flush_3","TEmean",592
"3",-3.9463805071675,-6.16092460408218,-53.8772675184913,-3.87765534300038,-4.72004419875362,-7.46089114618976,-6.94653696681379,-4.47688181984369,"calcite_flush_3","FOsd2",592
"4",1.42017168576209,1.57346194906785,45.3445177068208,1.02112407598703,2.5256260313251,2.82218413270139,2.37053223692074,1.59218903811429,"calcite_flush_3","TEsd2",592
