"","curr_inflow_rate","curr_diffusion_coef","curr_porosity","curr_gypsum_rate_constant","curr_calcite_rate_constant","curr_gypsum_surface_area","curr_calcite_surface_area","dfn_volume","output_var","sobol_type","boot_num"
"1",0.102784801447474,-0.000273400875395403,-0.00268322088017275,-0.00517149645843883,0.00786565929782652,-0.00424110352006488,0.00583115154146396,-0.000485520526175237,"calcite_flush_5","FOmean",6
"2",0.14200401311267,0.00897518226002081,0.0105731158339152,0.00507630295955934,0.00569911532921928,0.00308761829621279,0.00530363707182056,0.0277925441395654,"calcite_flush_5","TEmean",6
"3",0.999097086957415,0.999116526376611,0.999429847236675,0.999079166801668,0.999174590834156,0.999125388958854,0.999075994994718,0.999278186315376,"calcite_flush_5","FOsd2",6
"4",0.000277567670014022,9.99483342101492e-05,0.00046867391679893,0.000275471936342254,0.000169146927502945,0.000152356702472801,0.000109879094654039,0.00031568690953862,"calcite_flush_5","TEsd2",6
