"","curr_inflow_rate","curr_diffusion_coef","curr_porosity","curr_gypsum_rate_constant","curr_calcite_rate_constant","curr_gypsum_surface_area","curr_calcite_surface_area","dfn_volume","output_var","sobol_type","boot_num"
"1",0.486230393929042,0.10473268179726,-0.0017259431553152,0.182613702473459,0.094464295653828,0.0515534370337596,-0.0109135615776947,-0.019690237185964,"calcite_flush_1","FOmean",534
"2",1.0804226716577,0.251702994268765,0.194818366327245,0.433228524895082,0.316880945469255,0.472761081445116,0.100743132330991,0.248921188964527,"calcite_flush_1","TEmean",534
"3",1,1,1,1,1,1,1,1,"calcite_flush_1","FOsd2",534
"4",1.37851485086792e-26,8.53247354689415e-27,5.00216150666803e-27,6.51975103258779e-27,6.59133793519306e-27,5.33272726028541e-27,5.44028749989268e-27,4.26610881560692e-27,"calcite_flush_1","TEsd2",534
