"","curr_inflow_rate","curr_diffusion_coef","curr_porosity","curr_gypsum_rate_constant","curr_calcite_rate_constant","curr_gypsum_surface_area","curr_calcite_surface_area","dfn_volume","output_var","sobol_type","boot_num"
"1",0.0346686710499171,-0.00309159381161394,0.00857467355764305,0.00246379711177704,0.00213211552881103,0.00211988229244269,0.00773184325888853,-0.000561345052486813,"calcite_flush_6","FOmean",399
"2",0.0408956419117472,0.00251488866999751,0.0122317788130668,0.00490349878669161,0.00291536106011449,0.00282796723802324,0.00344993826241584,0.0156057490106049,"calcite_flush_6","TEmean",399
"3",0.999950072906328,0.999962836213248,0.99995662378181,0.999945378565942,0.999959136077558,0.999957230198504,0.999953744942191,0.999941143250902,"calcite_flush_6","FOsd2",399
"4",1.53693928282928e-05,5.64213006519512e-06,7.02543611465624e-06,2.35020991487609e-05,1.11245447052032e-05,1.05770497917713e-05,9.21618868159365e-06,3.50205243264662e-05,"calcite_flush_6","TEsd2",399
