"","curr_inflow_rate","curr_diffusion_coef","curr_porosity","curr_gypsum_rate_constant","curr_calcite_rate_constant","curr_gypsum_surface_area","curr_calcite_surface_area","dfn_volume","output_var","sobol_type","boot_num"
"1",0.282902486434581,-0.00219351459306326,-0.000858456536179899,0.00440021214965489,0.0122625779683841,0.00124639062635687,0.00434959549188788,-0.00234892683963833,"calcite_flush_3","FOmean",809
"2",0.301654726804875,0.00513103775763452,0.0038364020497471,0.00771120758867106,0.0195689706176713,0.00199066743648223,0.0112144149823662,0.0157042917672751,"calcite_flush_3","TEmean",809
"3",-0.940051063429884,-1.55831128630652,-1.42674567750195,-0.819480944590543,-1.33201115656933,-1.09590739862418,-0.736605774335757,-0.712107136508453,"calcite_flush_3","FOsd2",809
"4",0.314779654111498,0.85927639456624,0.728228184300896,0.0957208557479192,0.560341753895429,0.449619123715378,0.047321602824696,0.0850685541035931,"calcite_flush_3","TEsd2",809
