"","curr_inflow_rate","curr_diffusion_coef","curr_porosity","curr_gypsum_rate_constant","curr_calcite_rate_constant","curr_gypsum_surface_area","curr_calcite_surface_area","dfn_volume","output_var","sobol_type","boot_num"
"1",0.125067319763722,0.0018263375673532,-0.0018094501103825,0.00186198855076891,0.00744499097255472,0.00266881370248961,0.00278758444208018,-0.00180592476865598,"calcite_flush_4","FOmean",1447
"2",0.155085450768806,0.00373378998008728,0.00593036461096283,0.00366305437758609,0.00589733341226601,0.00458772345163465,0.00504453750093775,0.0297876124255635,"calcite_flush_4","TEmean",1447
"3",0.999614941997463,0.999648063433687,0.999677512910487,0.999650360636252,0.999680539216179,0.999647746270869,0.999640500491192,0.999659623532384,"calcite_flush_4","FOsd2",1447
"4",0.000176643453327864,6.50507316146813e-05,8.93271543346868e-05,8.1733672300628e-05,7.81723892853809e-05,0.000106158486755359,8.12230911902859e-05,0.000108996980687601,"calcite_flush_4","TEsd2",1447
