"","curr_inflow_rate","curr_diffusion_coef","curr_porosity","curr_gypsum_rate_constant","curr_calcite_rate_constant","curr_gypsum_surface_area","curr_calcite_surface_area","dfn_volume","output_var","sobol_type","boot_num"
"1",0.0819211966585099,0.000235364636955655,-0.00483207624648365,-0.00341761795854323,-0.00378998872852897,-0.00218814249010789,0.000738483436816048,-0.00466457264952608,"calcite_flush_5","FOmean",1476
"2",0.104451377678785,0.00629684238307676,0.00740013716584722,0.00451347067207397,0.00506685987881855,0.00348944176452086,0.00353881192887062,0.0335021122866539,"calcite_flush_5","TEmean",1476
"3",0.99951105483235,0.999604823964613,0.999675136747084,0.999512542911041,0.999674386180226,0.999408965902113,0.999564863752669,0.999539156902738,"calcite_flush_5","FOsd2",1476
"4",0.000260360448044122,0.000128146505026853,0.000189841573536759,0.00026890419026682,0.000131621603708997,0.00015644173853735,0.000128411440956155,0.000204245573264483,"calcite_flush_5","TEsd2",1476
