"","curr_inflow_rate","curr_diffusion_coef","curr_porosity","curr_gypsum_rate_constant","curr_calcite_rate_constant","curr_gypsum_surface_area","curr_calcite_surface_area","dfn_volume","output_var","sobol_type","boot_num"
"1",0.704361323634025,0.26695605146612,-0.0406883078695734,0.083571431771985,0.00843515219801995,0.163501736211388,0.192546627050995,0.0451473142128056,"calcite_flush_1","FOmean",9
"2",1.49875961682045,0.828057631278583,0.356099940901377,0.810217267842761,0.363413006227605,0.579514490361439,0.651931119262745,0.699113894468387,"calcite_flush_1","TEmean",9
"3",1,1,1,1,1,1,1,1,"calcite_flush_1","FOsd2",9
"4",8.03105793555155e-24,7.43926515202306e-24,6.00082169754317e-24,4.0428317560777e-24,5.44545200387459e-24,5.06902221651354e-24,1.92280264275154e-24,4.23398126204e-24,"calcite_flush_1","TEsd2",9
