"","curr_inflow_rate","curr_diffusion_coef","curr_porosity","curr_gypsum_rate_constant","curr_calcite_rate_constant","curr_gypsum_surface_area","curr_calcite_surface_area","dfn_volume","output_var","sobol_type","boot_num"
"1",0.0967174674851304,0.0103424465947074,0.00842814196210982,0.00605880164987609,0.00117358694632361,0.00249129975628242,0.00553561560875562,0.00540336754026622,"calcite_flush_5","FOmean",1819
"2",0.116750120702842,0.00406058852218939,0.00670080242867564,0.00428240646824874,0.00624933719011068,0.00325250782169407,0.00382692719224112,0.0348724415649896,"calcite_flush_5","TEmean",1819
"3",0.999498253219926,0.99954585585847,0.999636471642539,0.999600972532779,0.9996228271619,0.99939311089077,0.999594646575266,0.999675683772569,"calcite_flush_5","FOsd2",1819
"4",0.000102911710950275,0.000122925355656514,0.000306563809766851,0.000131805209532847,0.000156859966457266,0.00027897901140991,0.000120550312553344,0.000168731784355189,"calcite_flush_5","TEsd2",1819
