"","curr_inflow_rate","curr_diffusion_coef","curr_porosity","curr_gypsum_rate_constant","curr_calcite_rate_constant","curr_gypsum_surface_area","curr_calcite_surface_area","dfn_volume","output_var","sobol_type","boot_num"
"1",0.0287418485614856,-0.000489895552492147,0.0149168363433187,0.00886561334825723,0.00133356023682911,0.0046343946275742,0.000236661039946,0.0111789212656041,"calcite_flush_6","FOmean",406
"2",0.0421902805679067,0.00306140275185174,0.0128670227775573,0.00733844746023622,0.00388304633141652,0.00365554881989602,0.00306037936542242,0.0228944133513753,"calcite_flush_6","TEmean",406
"3",0.9998569733697,0.999875958540308,0.999870682418267,0.999920642326307,0.999857280925039,0.999894429517597,0.999826515266181,0.999898007958787,"calcite_flush_6","FOsd2",406
"4",0.000105547110661323,3.17688705827146e-05,2.32697736395449e-05,5.39905681758922e-05,3.59643423203201e-05,1.90564775254437e-05,8.70178755562413e-05,3.63723377209066e-05,"calcite_flush_6","TEsd2",406
