"","curr_inflow_rate","curr_diffusion_coef","curr_porosity","curr_gypsum_rate_constant","curr_calcite_rate_constant","curr_gypsum_surface_area","curr_calcite_surface_area","dfn_volume","output_var","sobol_type","boot_num"
"1",0.47330788165643,0.0167363954197345,-0.00304770306511311,0.0484076833932967,0.0307589778780227,-0.00872673121405945,-0.0218454570189395,-0.0292013285158214,"calcite_flush_1","FOmean",751
"2",1.11436209635869,0.306262780515044,0.205542552418596,0.532251544577945,0.282774384187422,0.27772440417378,0.199639951298088,0.252788679690057,"calcite_flush_1","TEmean",751
"3",1,1,1,1,1,1,1,1,"calcite_flush_1","FOsd2",751
"4",3.03657747052031e-25,2.26722932726257e-25,2.22545883619348e-25,1.92692045242164e-25,2.13291155807261e-25,1.53064663525496e-25,1.29696568867565e-25,1.11038565592781e-25,"calcite_flush_1","TEsd2",751
