"","curr_inflow_rate","curr_diffusion_coef","curr_porosity","curr_gypsum_rate_constant","curr_calcite_rate_constant","curr_gypsum_surface_area","curr_calcite_surface_area","dfn_volume","output_var","sobol_type","boot_num"
"1",0.096162204793903,0.000160765139486081,0.00254957673803743,0.00165475853947646,-0.000660425094180722,0.000421447810775954,-0.00609381498775089,0.00345249440322179,"calcite_flush_4","FOmean",1363
"2",0.128007775833189,0.00589990670028064,0.00465755980625436,0.00443845425508184,0.00614684554517185,0.00334453270866416,0.00610212252328301,0.0348036459915662,"calcite_flush_4","TEmean",1363
"3",0.999512686033502,0.99949200628399,0.999446751960924,0.999481390812837,0.999507195987617,0.999558757193766,0.999486068253303,0.999466769903964,"calcite_flush_4","FOsd2",1363
"4",0.000261070255155011,0.00013535116840229,0.00026487352086679,0.000156306581791459,8.91309048309671e-05,8.44837499839795e-05,9.96236040156954e-05,0.000285465645022504,"calcite_flush_4","TEsd2",1363
