"","curr_inflow_rate","curr_diffusion_coef","curr_porosity","curr_gypsum_rate_constant","curr_calcite_rate_constant","curr_gypsum_surface_area","curr_calcite_surface_area","dfn_volume","output_var","sobol_type","boot_num"
"1",0.832342817460567,-0.0282434054213154,0.0163516448049828,-0.0113611451022949,0.105724450539424,0.297187456023864,0.210021963419178,0.0490871101471399,"calcite_flush_0","FOmean",1268
"2",1.78767854184318,0.351594473979389,0.250717494905358,0.353125370071102,0.431096336345522,0.677286586446194,0.809431583570146,0.220075531507484,"calcite_flush_0","TEmean",1268
"3",1,1,1,1,1,1,1,1,"calcite_flush_0","FOsd2",1268
"4",1.03970078231502e-34,5.79011672418021e-35,4.26895056822367e-35,8.87045961638369e-35,8.35037159732438e-35,6.57982144469916e-35,8.42256541172188e-35,6.98082373838506e-35,"calcite_flush_0","TEsd2",1268
