"","curr_inflow_rate","curr_diffusion_coef","curr_porosity","curr_gypsum_rate_constant","curr_calcite_rate_constant","curr_gypsum_surface_area","curr_calcite_surface_area","dfn_volume","output_var","sobol_type","boot_num"
"1",0.5438813222345,0.138683631417698,0.00366549984268627,0.0943953277275784,0.0482669817451135,0.134927632696028,0.0326890204936555,0.0374653142689843,"calcite_flush_1","FOmean",1976
"2",1.04463328890935,0.389934474850714,0.259246412329556,0.402420144378043,0.317530617238592,0.365422450215817,0.327003953687369,0.430535268099738,"calcite_flush_1","TEmean",1976
"3",1,1,1,1,1,1,1,1,"calcite_flush_1","FOsd2",1976
"4",3.61780430970886e-25,2.58353826139812e-25,2.21170048346701e-25,2.63337305228165e-25,3.38080132821509e-25,2.80402267703175e-25,2.08368815294152e-25,1.39667656879352e-25,"calcite_flush_1","TEsd2",1976
