"","curr_inflow_rate","curr_diffusion_coef","curr_porosity","curr_gypsum_rate_constant","curr_calcite_rate_constant","curr_gypsum_surface_area","curr_calcite_surface_area","dfn_volume","output_var","sobol_type","boot_num"
"1",0.115951126522084,0.00104915799983653,-0.00117177282417806,-0.000188354987552692,-0.000968031342477558,-0.000997000665905711,0.000636899841724292,0.000182116345125352,"calcite_flush_4","FOmean",1286
"2",0.155066712979604,0.00446616671120575,0.00388587370694877,0.00670376143431798,0.00819239902852792,0.00393641903142505,0.00476972423921472,0.0301731776993037,"calcite_flush_4","TEmean",1286
"3",0.999444314130852,0.999220002775878,0.999332876329912,0.999468390439435,0.999371791171929,0.999349550138835,0.999351980086343,0.999408138213224,"calcite_flush_4","FOsd2",1286
"4",0.000177183874955407,0.000294443027172867,0.000213337339027993,0.000144382870615724,8.7444185640871e-05,0.000136496299707252,0.000147376633258302,0.000140872176280223,"calcite_flush_4","TEsd2",1286
