"","curr_inflow_rate","curr_diffusion_coef","curr_porosity","curr_gypsum_rate_constant","curr_calcite_rate_constant","curr_gypsum_surface_area","curr_calcite_surface_area","dfn_volume","output_var","sobol_type","boot_num"
"1",0.0627831731136258,-0.00391668238191248,-0.00172387734271622,1.55986117052559e-05,0.00702114963867953,0.00449197242524872,-0.00137747118862643,-0.00075103171782694,"calcite_flush_5","FOmean",118
"2",0.100824935238737,0.00319784605292399,0.0082271458891652,0.00403570560294202,0.00463418512522979,0.00464919695272753,0.00386346502943022,0.0379344943923212,"calcite_flush_5","TEmean",118
"3",0.998915665202818,0.998622022011379,0.998873611911035,0.999299217671411,0.999428711406433,0.99885335870235,0.998680878764581,0.998849272779233,"calcite_flush_5","FOsd2",118
"4",9.03883412063772e-05,0.000219067121295177,0.000256030963828982,0.000539269201841079,0.000699861005644164,0.000118675970041483,0.000270350910500311,0.000241143507272806,"calcite_flush_5","TEsd2",118
