"","curr_inflow_rate","curr_diffusion_coef","curr_porosity","curr_gypsum_rate_constant","curr_calcite_rate_constant","curr_gypsum_surface_area","curr_calcite_surface_area","dfn_volume","output_var","sobol_type","boot_num"
"1",0.106760351590256,-0.00562811329588561,0.00391897184342618,-0.000241084809085136,0.00197940613948481,-0.00136860441461224,0.00608224313741044,0.00195046843925224,"calcite_flush_4","FOmean",1216
"2",0.138157095214511,0.00484293523356246,0.00670120279836996,0.00474949444668531,0.0078187863198755,0.0051524670071634,0.00705560989683784,0.0255561885681427,"calcite_flush_4","TEmean",1216
"3",0.999766404546672,0.99976507064963,0.999768077498737,0.999743505348806,0.999760216516801,0.999723883755761,0.999773901592748,0.999774804752727,"calcite_flush_4","FOsd2",1216
"4",0.000105492021405018,8.76013836413278e-05,7.35475836159248e-05,6.24776037374948e-05,5.17899223987852e-05,4.78442203420348e-05,6.25723326244014e-05,8.89477799782927e-05,"calcite_flush_4","TEsd2",1216
