"","curr_inflow_rate","curr_diffusion_coef","curr_porosity","curr_gypsum_rate_constant","curr_calcite_rate_constant","curr_gypsum_surface_area","curr_calcite_surface_area","dfn_volume","output_var","sobol_type","boot_num"
"1",0.0809204698540849,-0.000124900429221776,-0.001708770823265,0.0053535283833555,0.00710442663725888,0.000503545695945281,0.00496197525224894,0.00289452490888437,"calcite_flush_2","FOmean",1165
"2",0.101241402218426,0.00206963792777066,0.00181659182899335,0.00773352761735905,0.012502963986504,0.00162500810716535,0.0150310721077273,0.0106143122567668,"calcite_flush_2","TEmean",1165
"3",-6.03172016839993,-7.29226433242052,-9.02132694584784,-7.37913045820221,-7.2009420682369,-9.09957843050573,-7.87228108665223,-38.0890146435598,"calcite_flush_2","FOsd2",1165
"4",2.10754880531338,1.9359821897588,2.48736211089974,0.965170401741153,0.812840054236303,2.68821138227322,0.944338015837237,26.6738568921512,"calcite_flush_2","TEsd2",1165
