"","curr_inflow_rate","curr_diffusion_coef","curr_porosity","curr_gypsum_rate_constant","curr_calcite_rate_constant","curr_gypsum_surface_area","curr_calcite_surface_area","dfn_volume","output_var","sobol_type","boot_num"
"1",0.272989545068591,0.00223730113523288,0.00228174791578577,0.0059246394003682,0.0122461579873169,0.00544204362759773,0.00171671755768815,0.00723756988364481,"calcite_flush_3","FOmean",1593
"2",0.334619523677026,0.00518319744638488,0.00290597785690864,0.00760272199170114,0.0266482075676713,0.00428111901228863,0.0147239088903714,0.0263809969584773,"calcite_flush_3","TEmean",1593
"3",-1.122406960961,0.560792413504095,0.711198581386042,0.698835507752372,0.133816028729499,0.659329557852721,0.553615227052525,0.618038225705935,"calcite_flush_3","FOsd2",1593
"4",1.82262223023368,0.134012548822992,0.0221315341683679,0.0370513349930099,0.58097950392782,0.0408826487363723,0.126305085558698,0.12317160766809,"calcite_flush_3","TEsd2",1593
