"","curr_inflow_rate","curr_diffusion_coef","curr_porosity","curr_gypsum_rate_constant","curr_calcite_rate_constant","curr_gypsum_surface_area","curr_calcite_surface_area","dfn_volume","output_var","sobol_type","boot_num"
"1",0.0996697574443692,0.00587232132579969,0.000150480087891079,0.00573608058272894,0.00897610741052695,-0.000125245715255278,0.00777658810813118,0.00324170942341703,"calcite_flush_2","FOmean",1046
"2",0.119302160063002,0.00712249742079133,0.00191547772363973,0.00945502704911388,0.0102719846393564,0.00153203348734144,0.0116528680620801,0.00436607528080361,"calcite_flush_2","TEmean",1046
"3",-99.3937637869344,-97.0341276951809,-20.1037498692355,-19.2015729726987,-14.4933322107911,-17.7414634080185,-62.6769904212176,-52.0640016296592,"calcite_flush_2","FOsd2",1046
"4",77.1176787708257,89.1555329403927,5.33150685298561,2.48879727441192,3.32073703015992,9.39882990715657,53.1177290689817,32.6714243688226,"calcite_flush_2","TEsd2",1046
