"","curr_inflow_rate","curr_diffusion_coef","curr_porosity","curr_gypsum_rate_constant","curr_calcite_rate_constant","curr_gypsum_surface_area","curr_calcite_surface_area","dfn_volume","output_var","sobol_type","boot_num"
"1",0.264473666934502,0.00245196208540296,0.000490749718083947,0.00105298507190387,0.0121111084528771,-0.00348079905624072,0.00258686697747628,0.000667769092887219,"calcite_flush_3","FOmean",837
"2",0.295751840708654,0.00463205444518448,0.00550720975163164,0.00315498512211358,0.0144614792625602,0.00383102911174973,0.0104684800183117,0.010363360957341,"calcite_flush_3","TEmean",837
"3",-461.209895317839,-4.64646118001939,-5.35312489147959,-14.9380208666044,-4.86689368593107,-5.96052288245674,-5.58970139512783,-5.28262993165301,"calcite_flush_3","FOsd2",837
"4",457.824038427433,1.25696531712817,0.330964594595537,5.37266764174492,0.556445433045344,0.190103771389709,1.08108774676324,0.678273872903568,"calcite_flush_3","TEsd2",837
