"","curr_inflow_rate","curr_diffusion_coef","curr_porosity","curr_gypsum_rate_constant","curr_calcite_rate_constant","curr_gypsum_surface_area","curr_calcite_surface_area","dfn_volume","output_var","sobol_type","boot_num"
"1",0.116058223758377,-0.00140347829817575,0.000298579343336574,0.000687023881078121,0.00881199170046957,-0.00225009205708451,-0.00399194060919074,0.000942202776041661,"calcite_flush_4","FOmean",474
"2",0.166232050896406,0.00547860466961691,0.00494533706770851,0.00524844546232059,0.00876626086243274,0.00465397842681391,0.00964590279481607,0.0292489725640585,"calcite_flush_4","TEmean",474
"3",0.999520067737402,0.999532472409987,0.999558504605159,0.999573921918677,0.999502666891114,0.999572831777861,0.999551128531392,0.999367592406608,"calcite_flush_4","FOsd2",474
"4",0.000135514260618141,0.000151184721994225,0.000128015318566629,5.49342783654577e-05,7.82454264806698e-05,9.93595654495917e-05,7.72240128085982e-05,0.000192780975845538,"calcite_flush_4","TEsd2",474
