"","curr_inflow_rate","curr_diffusion_coef","curr_porosity","curr_gypsum_rate_constant","curr_calcite_rate_constant","curr_gypsum_surface_area","curr_calcite_surface_area","dfn_volume","output_var","sobol_type","boot_num"
"1",0.116264393884374,0.00555333821144596,0.00193326175850498,0.00536839094387666,0.00311431938541947,-0.000765858921368262,0.00964465535577634,-3.81728878514996e-05,"calcite_flush_2","FOmean",59
"2",0.127568826774938,0.0108878438766682,0.00705822424765632,0.00953585039660595,0.0100456936341285,0.00227791726974595,0.00959081073404345,0.00598424788596169,"calcite_flush_2","TEmean",59
"3",0.606977944627242,0.178348276103309,0.598809316625412,-0.431768089728264,-2.11865965330409,0.305133445826345,0.0215110014887381,-0.0772450937513913,"calcite_flush_2","FOsd2",59
"4",0.485403061543199,0.569002626969065,0.207209558689858,0.351388806589307,1.4648804900418,0.696326716267978,0.947805386398426,0.144228527036252,"calcite_flush_2","TEsd2",59
