"","curr_inflow_rate","curr_diffusion_coef","curr_porosity","curr_gypsum_rate_constant","curr_calcite_rate_constant","curr_gypsum_surface_area","curr_calcite_surface_area","dfn_volume","output_var","sobol_type","boot_num"
"1",0.118676990954429,-0.00110633738454648,0.000124924348579287,0.010669169269657,0.00689886433545522,0.0021705736825388,0.00171154357546958,-0.000219443805332544,"calcite_flush_2","FOmean",591
"2",0.134346713697875,0.00448631092923513,0.00233386044036402,0.0139532063147278,0.0114162247404369,0.00269556095605,0.00851707557596284,0.00701655745628624,"calcite_flush_2","TEmean",591
"3",-262.087977419289,-494.854669123374,-684.648999220645,-516.771373090228,-867.099626447664,-874.707216038944,-26219.4612295204,-3588.74866077537,"calcite_flush_2","FOsd2",591
"4",539.063275987504,495.149846840092,249.035460878768,122.218213507372,1061.53370231034,1205.39395057175,18899.1323170283,1661.96796606595,"calcite_flush_2","TEsd2",591
