"","curr_inflow_rate","curr_diffusion_coef","curr_porosity","curr_gypsum_rate_constant","curr_calcite_rate_constant","curr_gypsum_surface_area","curr_calcite_surface_area","dfn_volume","output_var","sobol_type","boot_num"
"1",0.272232115511423,-0.000273348548045631,-0.00160144055481397,-0.000555724994160065,0.0207664491141835,0.000658583030331836,0.0132249655635655,0.00125991168037945,"calcite_flush_3","FOmean",732
"2",0.293070324507165,0.00328836580151922,0.00222041159802405,0.0027096584474465,0.0265778894705638,0.00333398100681889,0.018264586154771,0.0181123555778578,"calcite_flush_3","TEmean",732
"3",0.659506462641854,0.631279586316004,0.625612955219292,-1.6334014210219,0.512491375623024,0.518036406881908,0.63948726722964,0.396735019132397,"calcite_flush_3","FOsd2",732
"4",0.0593861703984749,0.059266072873558,0.0191622714549712,2.36289757281736,0.0784383677853296,0.0579301054751864,0.0166788763913952,0.283665350492046,"calcite_flush_3","TEsd2",732
