"","curr_inflow_rate","curr_diffusion_coef","curr_porosity","curr_gypsum_rate_constant","curr_calcite_rate_constant","curr_gypsum_surface_area","curr_calcite_surface_area","dfn_volume","output_var","sobol_type","boot_num"
"1",0.476528880641625,0.0138648354950296,0.349624779136611,0.0087188149082415,0.0594795150653614,0.150076358849799,0.0137011066744527,0.0357828325494328,"calcite_flush_0","FOmean",330
"2",0.779196825248965,0.126825586442976,0.857892221278373,0.53938248979945,0.256399447854426,0.336809572399382,0.141394216510604,0.397688609296661,"calcite_flush_0","TEmean",330
"3",1,1,1,1,1,1,1,1,"calcite_flush_0","FOsd2",330
"4",9.71270342632236e-31,4.80703679039755e-31,6.54229345101201e-31,5.92455269421357e-31,7.70286003399825e-31,1.00383113962794e-30,9.24631515158609e-31,1.08966529415811e-30,"calcite_flush_0","TEsd2",330
