"","curr_inflow_rate","curr_diffusion_coef","curr_porosity","curr_gypsum_rate_constant","curr_calcite_rate_constant","curr_gypsum_surface_area","curr_calcite_surface_area","dfn_volume","output_var","sobol_type","boot_num"
"1",0.0894449734022825,0.00404834327005767,0.00901709036514565,-0.00451994761787302,-0.00325819703891167,0.00169442895356751,-0.00247065501900114,0.00380161384389083,"calcite_flush_5","FOmean",1308
"2",0.126299431325782,0.00518037667871107,0.0108347804563244,0.00354442668202537,0.00545998482195046,0.00260609373219322,0.00403372141081777,0.0307237373110991,"calcite_flush_5","TEmean",1308
"3",0.99958815597329,0.999529791587696,0.99971928968496,0.999645814486921,0.999574167857991,0.999487375771922,0.999427044841097,0.999620373035406,"calcite_flush_5","FOsd2",1308
"4",0.000213514712668451,0.000168475911072996,0.000335932354810042,0.000190555961155461,0.000158603343847319,9.87212770884298e-05,0.00017421050558787,0.000226588735143636,"calcite_flush_5","TEsd2",1308
