"","curr_inflow_rate","curr_diffusion_coef","curr_porosity","curr_gypsum_rate_constant","curr_calcite_rate_constant","curr_gypsum_surface_area","curr_calcite_surface_area","dfn_volume","output_var","sobol_type","boot_num"
"1",0.0201745563439132,0.00591888742521255,0.00857220287867658,-0.00282621882856904,-0.000380923677165186,-0.00780529815254588,0.00336923995129538,-0.00242440151346569,"calcite_flush_6","FOmean",560
"2",0.0482209230271286,0.00461496928021235,0.018486443093119,0.00445041551895457,0.00474038997183772,0.00357519876725148,0.00303862977988267,0.0177905461481171,"calcite_flush_6","TEmean",560
"3",0.999899998911543,0.999958209342738,0.999952467490857,0.999951297026808,0.999959760804962,0.999958827417418,0.99994853720595,0.99996069726629,"calcite_flush_6","FOsd2",560
"4",7.30567511748847e-05,9.54628577000588e-06,1.49820024179662e-05,2.58359019077681e-05,1.83909715398299e-05,8.92911224559068e-06,1.5814723314659e-05,9.56519605043853e-06,"calcite_flush_6","TEsd2",560
