"","curr_inflow_rate","curr_diffusion_coef","curr_porosity","curr_gypsum_rate_constant","curr_calcite_rate_constant","curr_gypsum_surface_area","curr_calcite_surface_area","dfn_volume","output_var","sobol_type","boot_num"
"1",0.102668944591398,-0.00642708246562109,0.00640649988154564,-0.000941228174615,0.00103403760005947,0.00188496546177324,9.98220888642519e-05,-0.00104929538420425,"calcite_flush_5","FOmean",223
"2",0.140991431310819,0.00487156035119146,0.00754574075081345,0.00388942322568728,0.00512919350506752,0.00347716840169489,0.00405017364151988,0.030263040694822,"calcite_flush_5","TEmean",223
"3",0.999570033575487,0.99953419972149,0.999609974198301,0.999510121552062,0.999478887060819,0.999414299885851,0.999534260896864,0.999473818922386,"calcite_flush_5","FOsd2",223
"4",0.000123798262567087,6.77050063643206e-05,0.000235271934838962,0.000165676656940991,7.51976637261031e-05,0.00010960880367967,6.81178761035039e-05,0.000117874608093043,"calcite_flush_5","TEsd2",223
