"","curr_inflow_rate","curr_diffusion_coef","curr_porosity","curr_gypsum_rate_constant","curr_calcite_rate_constant","curr_gypsum_surface_area","curr_calcite_surface_area","dfn_volume","output_var","sobol_type","boot_num"
"1",0.325032066209629,0.0174425544673105,-0.0145710296915602,0.114383164411952,0.0466792203188469,0.00809592272072776,-0.0187577502636678,-0.00884042416470237,"calcite_flush_0","FOmean",309
"2",0.918531356852384,0.148955457970087,0.350433331900014,0.473144331373479,0.273891559474476,0.270941986648094,0.179652442259643,0.240215466153433,"calcite_flush_0","TEmean",309
"3",1,1,1,1,1,1,1,1,"calcite_flush_0","FOsd2",309
"4",9.52428408656438e-28,1.25768998475171e-27,8.72055282224994e-28,1.21730903514385e-27,1.61023775092682e-27,9.41066849169506e-28,1.78905576374869e-27,2.20673639237828e-27,"calcite_flush_0","TEsd2",309
