"","curr_inflow_rate","curr_diffusion_coef","curr_porosity","curr_gypsum_rate_constant","curr_calcite_rate_constant","curr_gypsum_surface_area","curr_calcite_surface_area","dfn_volume","output_var","sobol_type","boot_num"
"1",0.0764925721056646,0.00436170372875202,0.00364661670349955,0.0111243340511717,0.00423789244079179,-0.00460492484644913,-0.00222388931953605,-0.00663806704935128,"calcite_flush_5","FOmean",580
"2",0.115208032809374,0.00548751640420159,0.00948819834965228,0.00563419206780288,0.00488924084526247,0.00318273683641576,0.00356140556500788,0.0312761946415419,"calcite_flush_5","TEmean",580
"3",0.999516577566869,0.999449764405975,0.999519961089413,0.999545142843159,0.999411176328686,0.999424222719028,0.999445235454588,0.999396287339345,"calcite_flush_5","FOsd2",580
"4",0.000122288525666872,7.96173911134836e-05,0.000168903171004367,0.000163845059025567,0.000207702028747657,5.79012224154555e-05,0.000207373556550963,0.000193155743236417,"calcite_flush_5","TEsd2",580
