"","curr_inflow_rate","curr_diffusion_coef","curr_porosity","curr_gypsum_rate_constant","curr_calcite_rate_constant","curr_gypsum_surface_area","curr_calcite_surface_area","dfn_volume","output_var","sobol_type","boot_num"
"1",1.0889779530765,0.0457931987829953,0.125782262880972,0.455902519598746,0.0630421542400565,-0.00155888556511527,0.113131210941874,0.233149446344915,"calcite_flush_0","FOmean",694
"2",2.06709394752004,0.152073134398116,0.317606835102236,1.16916320474041,0.154931110043603,0.153516019412934,0.308387692028693,0.580987834484952,"calcite_flush_0","TEmean",694
"3",1,1,1,1,1,1,1,1,"calcite_flush_0","FOsd2",694
"4",2.02282159733975e-27,2.50308473097347e-27,1.1569040057105e-27,6.88307410410277e-28,8.69708705401037e-28,1.24379940373047e-27,1.38566628969901e-27,1.37886184953867e-27,"calcite_flush_0","TEsd2",694
