"","curr_inflow_rate","curr_diffusion_coef","curr_porosity","curr_gypsum_rate_constant","curr_calcite_rate_constant","curr_gypsum_surface_area","curr_calcite_surface_area","dfn_volume","output_var","sobol_type","boot_num"
"1",0.040832734575206,0.00104199515605073,0.00925790715185471,0.00441455361333433,-0.0024030017755938,-0.0075153445992726,-0.000452422513137828,-0.00176480038910815,"calcite_flush_6","FOmean",1316
"2",0.0501682341393535,0.00408077739909996,0.0145701305248795,0.00683666327165787,0.00350569846362686,0.00205107213619724,0.00276086632862662,0.0145919397091414,"calcite_flush_6","TEmean",1316
"3",0.999906243383013,0.999896657020644,0.999877635031625,0.999884396206007,0.99988342703604,0.999891748850708,0.999896102411452,0.999864406745843,"calcite_flush_6","FOsd2",1316
"4",2.5696310241281e-05,9.81487737904572e-06,1.45701278098179e-05,1.84487237711583e-05,2.98448320194306e-05,3.26589416983364e-05,8.25782169351538e-05,0.000123860659520912,"calcite_flush_6","TEsd2",1316
