"","curr_inflow_rate","curr_diffusion_coef","curr_porosity","curr_gypsum_rate_constant","curr_calcite_rate_constant","curr_gypsum_surface_area","curr_calcite_surface_area","dfn_volume","output_var","sobol_type","boot_num"
"1",0.079954920525268,0.00337609825982417,0.00304563233408458,-0.00187669226738371,-0.00183413126150583,-0.00399202143974645,0.00196709553413021,0.00514893228120322,"calcite_flush_4","FOmean",1902
"2",0.142436367672947,0.00366602563087169,0.00418793385828511,0.00433982214513706,0.012454832653188,0.00390329872029841,0.00660395228963601,0.039570438030138,"calcite_flush_4","TEmean",1902
"3",0.999538035726429,0.999523761659854,0.999623786970835,0.999658533012693,0.999617701047222,0.999505143137354,0.999517033231309,0.999587228154692,"calcite_flush_4","FOsd2",1902
"4",0.000118877229816606,0.000100405991457382,9.73875396784764e-05,0.000184647105605808,0.000120639690821941,7.05024549300139e-05,0.000117908525246331,0.000257381027420585,"calcite_flush_4","TEsd2",1902
