"","curr_inflow_rate","curr_diffusion_coef","curr_porosity","curr_gypsum_rate_constant","curr_calcite_rate_constant","curr_gypsum_surface_area","curr_calcite_surface_area","dfn_volume","output_var","sobol_type","boot_num"
"1",0.450448154654065,0.0176127426204221,0.10630722894365,0.0657629869814887,0.0411140931909498,-0.0226774174140398,0.0255205351778776,0.126475166914197,"calcite_flush_0","FOmean",1030
"2",0.781235324039926,0.244378279212967,0.210230948604691,0.277069392506683,0.209325659462057,0.188567557016527,0.243635922298075,0.322302193541521,"calcite_flush_0","TEmean",1030
"3",1,1,1,1,1,1,1,1,"calcite_flush_0","FOsd2",1030
"4",1.80644275625722e-26,1.70475040687889e-26,9.14763011065524e-27,1.53590165378567e-26,2.96808443938766e-26,2.23201580280754e-26,1.31684316022215e-26,2.04669013018221e-26,"calcite_flush_0","TEsd2",1030
