"","curr_inflow_rate","curr_diffusion_coef","curr_porosity","curr_gypsum_rate_constant","curr_calcite_rate_constant","curr_gypsum_surface_area","curr_calcite_surface_area","dfn_volume","output_var","sobol_type","boot_num"
"1",0.102192161833599,0.00755730083364488,0.00653934562806471,0.00639650151982267,0.00642409357603895,0.00519299961542927,0.00648426237932692,0.0160552041765722,"calcite_flush_5","FOmean",1994
"2",0.121767997106112,0.00497024780284942,0.0101977253247432,0.00584516110086296,0.00595698928752765,0.00338686777498917,0.00544183682811766,0.0247562355823493,"calcite_flush_5","TEmean",1994
"3",0.999070539753938,0.99911693865706,0.999135914913487,0.998943185544556,0.999104391719608,0.999073425320347,0.999130122094579,0.999195831895886,"calcite_flush_5","FOsd2",1994
"4",0.000185224625874366,9.47192507814934e-05,0.000280030108961574,0.000433833731472545,0.000250538449681996,0.000102159757086119,0.000239366357828806,0.000155881335815243,"calcite_flush_5","TEsd2",1994
