"","curr_inflow_rate","curr_diffusion_coef","curr_porosity","curr_gypsum_rate_constant","curr_calcite_rate_constant","curr_gypsum_surface_area","curr_calcite_surface_area","dfn_volume","output_var","sobol_type","boot_num"
"1",1.24072298900159,0.210308354294434,0.0629115535331538,-0.0162745882033198,0.0253796964695082,-0.0225958181324819,0.213300034026766,-0.0157011795196089,"calcite_flush_1","FOmean",226
"2",1.9592934222757,0.762226881047805,0.36579943641258,0.39743420148924,0.23096104591601,0.325296541027527,0.710740463491331,0.47348099323778,"calcite_flush_1","TEmean",226
"3",1,1,1,1,1,1,1,1,"calcite_flush_1","FOsd2",226
"4",2.07646847365445e-44,2.3155570735503e-44,1.70954409763434e-44,2.50777061162257e-44,3.01356898668562e-44,2.36156320699891e-44,1.53923830166413e-44,2.06630834326426e-43,"calcite_flush_1","TEsd2",226
