"","curr_inflow_rate","curr_diffusion_coef","curr_porosity","curr_gypsum_rate_constant","curr_calcite_rate_constant","curr_gypsum_surface_area","curr_calcite_surface_area","dfn_volume","output_var","sobol_type","boot_num"
"1",0.0194128414051188,0.00274800587055585,0.00191930057176846,-0.00105806319168639,-0.00170291287817785,-0.000991437659685604,0.00686181715463275,0.00820289614758575,"calcite_flush_6","FOmean",1512
"2",0.0372567124789592,0.00263953596458106,0.0132815510827095,0.00439188155407982,0.00342631626207592,0.00298210305318543,0.00247811041189348,0.0130148903256771,"calcite_flush_6","TEmean",1512
"3",0.999838004425938,0.999867819604095,0.999878414924618,0.999910114405175,0.999879388700755,0.999872019340263,0.999863643607958,0.999888063843442,"calcite_flush_6","FOsd2",1512
"4",8.88577125570103e-05,5.34660308252421e-05,1.69908727502683e-05,6.91904159272632e-05,3.83665266556671e-05,2.66130484829311e-05,3.68614626251962e-05,3.92922129704528e-05,"calcite_flush_6","TEsd2",1512
