"","curr_inflow_rate","curr_diffusion_coef","curr_porosity","curr_gypsum_rate_constant","curr_calcite_rate_constant","curr_gypsum_surface_area","curr_calcite_surface_area","dfn_volume","output_var","sobol_type","boot_num"
"1",0.0341594476755085,-0.000507779317331055,0.0247496311677721,0.00632523104644371,0.000398843775556235,0.00142886186898139,-0.00255031296719065,0.0095328764978802,"calcite_flush_6","FOmean",1113
"2",0.0491804678621794,0.00611527906249485,0.0213495192840396,0.0053411154277028,0.00347534482737708,0.00303768344800888,0.00270014590879922,0.0184048367474125,"calcite_flush_6","TEmean",1113
"3",0.99984350958892,0.999915759484891,0.999930221513582,0.999928077255602,0.999930162154922,0.999940666232173,0.999912620438195,0.999917807776111,"calcite_flush_6","FOsd2",1113
"4",4.80831116383416e-05,2.40747467815755e-05,4.43413490202137e-05,3.68212168599534e-05,4.62307068050669e-05,2.86566730718632e-05,3.52126312722154e-05,2.81653689760076e-05,"calcite_flush_6","TEsd2",1113
