"","curr_inflow_rate","curr_diffusion_coef","curr_porosity","curr_gypsum_rate_constant","curr_calcite_rate_constant","curr_gypsum_surface_area","curr_calcite_surface_area","dfn_volume","output_var","sobol_type","boot_num"
"1",0.357376401912334,0.0144900161033068,0.0926045830175953,0.0356172724625087,-0.0218780050774733,0.115739484005114,0.0460058453720371,0.0330961616419656,"calcite_flush_0","FOmean",351
"2",0.92168888705651,0.167050728589231,0.298874145022757,0.242212623298259,0.191474522741302,0.3197497924109,0.282701884633261,0.215646531708872,"calcite_flush_0","TEmean",351
"3",1,1,1,1,1,1,1,1,"calcite_flush_0","FOsd2",351
"4",2.3954239398004e-26,1.91693960973977e-26,2.580311223335e-26,1.41382284941051e-26,1.82234785218871e-26,1.63586007967156e-26,1.51929802442377e-26,2.14055520938373e-26,"calcite_flush_0","TEsd2",351
