"","curr_inflow_rate","curr_diffusion_coef","curr_porosity","curr_gypsum_rate_constant","curr_calcite_rate_constant","curr_gypsum_surface_area","curr_calcite_surface_area","dfn_volume","output_var","sobol_type","boot_num"
"1",0.0957116188994388,-0.00249061573964222,-0.00219506682981783,-0.00412979052563654,0.00601147101907359,-0.00382052724553753,0.00274750769688266,-0.00502841377398683,"calcite_flush_4","FOmean",1412
"2",0.141243761312821,0.00537735992791403,0.00477044600765772,0.00415196150309654,0.0117752201774517,0.00377487869210771,0.00606904277586833,0.0300704103623081,"calcite_flush_4","TEmean",1412
"3",0.999681355112911,0.999637860163179,0.999575375557022,0.999626598465239,0.999666667593775,0.999647085735499,0.999607032114516,0.999652036037816,"calcite_flush_4","FOsd2",1412
"4",0.000103204535997718,0.000115286845356882,0.000142521166771857,0.000118993976344312,9.42474003162444e-05,5.17952138744752e-05,0.000101293992321789,0.000140954573501679,"calcite_flush_4","TEsd2",1412
