"","curr_inflow_rate","curr_diffusion_coef","curr_porosity","curr_gypsum_rate_constant","curr_calcite_rate_constant","curr_gypsum_surface_area","curr_calcite_surface_area","dfn_volume","output_var","sobol_type","boot_num"
"1",0.488046241040254,0.0527849057319082,0.120418772606174,0.0119557010732224,0.0994464219708286,0.0853016863546073,0.135667882455587,0.128631412726855,"calcite_flush_1","FOmean",618
"2",0.958487660415671,0.226685655806351,0.374959913793355,0.326731343257651,0.279156678756773,0.447727439472567,0.35628519523685,0.381868975039201,"calcite_flush_1","TEmean",618
"3",1,1,1,1,1,1,1,1,"calcite_flush_1","FOsd2",618
"4",1.48108880246843e-27,1.22504522061733e-27,2.02859886375854e-27,1.43919388799269e-27,9.84475543708029e-28,1.50212099708239e-27,1.4229504744642e-27,1.36496209999448e-27,"calcite_flush_1","TEsd2",618
