"","curr_inflow_rate","curr_diffusion_coef","curr_porosity","curr_gypsum_rate_constant","curr_calcite_rate_constant","curr_gypsum_surface_area","curr_calcite_surface_area","dfn_volume","output_var","sobol_type","boot_num"
"1",0.30327363531737,0.00263719726319609,-0.000595236597257949,0.00565443610007032,0.0103500500564165,-0.0037659899350037,0.00865495862419101,-0.0018401328745281,"calcite_flush_3","FOmean",277
"2",0.315268721341266,0.00431563912671356,0.00203375964823106,0.00526497602380281,0.0208422550173298,0.00372916708779766,0.00867802467231033,0.0122801371246926,"calcite_flush_3","TEmean",277
"3",-72.6317191202731,0.346784820934706,0.596946106119127,0.279409054785428,0.46514689037189,0.598139630079346,0.514096295345833,-0.163185488380263,"calcite_flush_3","FOsd2",277
"4",61.7480261042668,0.284647330670367,0.601700824607396,0.730728386082238,0.231895305159438,0.563902590580167,0.493842831853292,0.202171280692509,"calcite_flush_3","TEsd2",277
