"","curr_inflow_rate","curr_diffusion_coef","curr_porosity","curr_gypsum_rate_constant","curr_calcite_rate_constant","curr_gypsum_surface_area","curr_calcite_surface_area","dfn_volume","output_var","sobol_type","boot_num"
"1",0.0959322384671802,-0.00163608524446342,-0.00232689689813398,-0.00488471288637697,0.00163277923141402,-0.000988302880330963,-0.00235505393257703,-0.0149834751802068,"calcite_flush_4","FOmean",2084
"2",0.170626671696629,0.00604361515202522,0.00499803038571577,0.00433796411554914,0.00969406456256833,0.00475143390757349,0.00492081649469268,0.0425886374197059,"calcite_flush_4","TEmean",2084
"3",0.999705171368351,0.999619246898941,0.999613149472382,0.999568034178207,0.999671102119851,0.999684433770628,0.999679772937407,0.999746416396667,"calcite_flush_4","FOsd2",2084
"4",0.000184095235089768,0.000107162241454838,0.00026137953800451,9.62467501041781e-05,0.000123748411850689,0.000100804194206417,0.000114597147454942,0.000197774852795063,"calcite_flush_4","TEsd2",2084
