"","curr_inflow_rate","curr_diffusion_coef","curr_porosity","curr_gypsum_rate_constant","curr_calcite_rate_constant","curr_gypsum_surface_area","curr_calcite_surface_area","dfn_volume","output_var","sobol_type","boot_num"
"1",1.16455939965935,0.0807249607771341,0.0675061472496382,0.106244919218408,0.157062664953785,-0.130550303808117,0.015865696219591,0.158898195976026,"calcite_flush_1","FOmean",303
"2",1.85531836642699,0.618339748898734,0.503707522904097,0.872155555350912,0.468824574144757,0.375228586288468,0.284847707900416,0.455887203150689,"calcite_flush_1","TEmean",303
"3",1,1,1,1,1,1,1,1,"calcite_flush_1","FOsd2",303
"4",7.16655479633499e-25,7.6350538147423e-25,6.27947177059009e-25,4.79826268892073e-25,5.91979427988694e-25,6.64585816857057e-25,1.73435362882649e-25,3.38402444977835e-25,"calcite_flush_1","TEsd2",303
