"","curr_inflow_rate","curr_diffusion_coef","curr_porosity","curr_gypsum_rate_constant","curr_calcite_rate_constant","curr_gypsum_surface_area","curr_calcite_surface_area","dfn_volume","output_var","sobol_type","boot_num"
"1",0.0874442445078036,-0.00066914523064987,-0.000724214941098273,0.0020753562823744,0.00385448525106867,8.71523222923941e-05,0.00315261092151743,-0.00263557850476923,"calcite_flush_2","FOmean",1851
"2",0.107775011639957,0.00415716021823763,0.00157618502461806,0.00435277665747111,0.00573483601822033,0.00143972744398979,0.00859854519943231,0.0120581810389534,"calcite_flush_2","TEmean",1851
"3",-39.5509338424747,-31.7658833185604,-35.8793544120623,-38.0629025122408,-33.7269520785273,-37.2392844635987,-30.9556973107207,-35.8696494355082,"calcite_flush_2","FOsd2",1851
"4",14.4548303610497,12.6903697125909,9.54234835039856,14.6537155388512,10.8393257873771,3.73635440363805,17.2417824608668,23.7050625786441,"calcite_flush_2","TEsd2",1851
