"","curr_inflow_rate","curr_diffusion_coef","curr_porosity","curr_gypsum_rate_constant","curr_calcite_rate_constant","curr_gypsum_surface_area","curr_calcite_surface_area","dfn_volume","output_var","sobol_type","boot_num"
"1",0.069934093558424,0.000192569925720685,0.00125558169286758,0.00627805225886997,0.00416636210536561,-0.000607510798144008,0.00294612200016893,0.00109037600420228,"calcite_flush_2","FOmean",1809
"2",0.0836739835069212,0.000869410464872617,0.00130671520537389,0.00608919774943484,0.00682847913801098,0.00104978825812482,0.00663295352994895,0.00705722769803991,"calcite_flush_2","TEmean",1809
"3",0.247589619614018,0.171415917831481,-2.64457220784328,0.275796523010437,-0.156041821486804,0.00376539625669614,-4.77892361985688,-0.0550239926898382,"calcite_flush_2","FOsd2",1809
"4",0.311384664477616,0.289113083337708,2.5841861935445,0.226679256447415,0.36118256883812,0.0633304318911162,4.98567088000228,0.395444898942707,"calcite_flush_2","TEsd2",1809
