"","curr_inflow_rate","curr_diffusion_coef","curr_porosity","curr_gypsum_rate_constant","curr_calcite_rate_constant","curr_gypsum_surface_area","curr_calcite_surface_area","dfn_volume","output_var","sobol_type","boot_num"
"1",1.36995903620612,-0.011617929436984,-0.0173223751793092,0.0451318138849744,0.067343323272488,0.0616664145334655,0.00676640723607742,0.0683443384848284,"calcite_flush_1","FOmean",548
"2",1.98700053772861,0.290935731251711,0.192200775890901,0.454424027740729,0.305052754365507,0.239806947233638,0.397204870080754,0.26647773359498,"calcite_flush_1","TEmean",548
"3",1,1,1,1,1,1,1,1,"calcite_flush_1","FOsd2",548
"4",7.67903219985008e-45,6.96337639013201e-45,5.71282860747356e-45,5.66829414858917e-45,7.10972403269065e-45,6.70784940787812e-45,6.77028370007442e-45,4.84191603799517e-44,"calcite_flush_1","TEsd2",548
