"","curr_inflow_rate","curr_diffusion_coef","curr_porosity","curr_gypsum_rate_constant","curr_calcite_rate_constant","curr_gypsum_surface_area","curr_calcite_surface_area","dfn_volume","output_var","sobol_type","boot_num"
"1",0.140108348075398,-0.00114773553370046,0.000482207121977142,0.00828966368355504,0.0063172000711881,0.0031289665935975,-0.00144801887948401,-0.000726320194036177,"calcite_flush_2","FOmean",1760
"2",0.161544884142729,0.0029006089894426,0.00398381202296303,0.01600017803362,0.0125772519940536,0.00508477519721491,0.00709083867892612,0.00841635944338118,"calcite_flush_2","TEmean",1760
"3",-39.1183360194459,-4891.9740181594,-1829.79722242998,-5536.87473218169,-246.270070575377,-200.492536972514,-1015.44527416335,-507.255323683483,"calcite_flush_2","FOsd2",1760
"4",4738.82202636817,327.746056066627,717.010578913892,40.4250008387746,3198.73554998052,4426.45698787331,5672.95347402894,4197.59375243133,"calcite_flush_2","TEsd2",1760
