"","curr_inflow_rate","curr_diffusion_coef","curr_porosity","curr_gypsum_rate_constant","curr_calcite_rate_constant","curr_gypsum_surface_area","curr_calcite_surface_area","dfn_volume","output_var","sobol_type","boot_num"
"1",0.762468099237131,-0.00762156569820162,-0.0061643744972067,0.100136972020947,0.0426121761580059,0.0223321582779187,-0.0253410834015244,0.0576571107558791,"calcite_flush_0","FOmean",1709
"2",1.11397812949834,0.142676584603734,0.172503185624514,0.302494378620007,0.204684706001088,0.19643791403148,0.188167929337327,0.211304933068135,"calcite_flush_0","TEmean",1709
"3",1,1,1,1,1,1,1,1,"calcite_flush_0","FOsd2",1709
"4",9.14887363689174e-27,5.45590678580585e-27,9.7338401058089e-27,6.08760357444684e-27,9.01246092673861e-27,5.85958844754553e-27,7.45256806262892e-27,6.07838746592695e-27,"calcite_flush_0","TEsd2",1709
