"","curr_inflow_rate","curr_diffusion_coef","curr_porosity","curr_gypsum_rate_constant","curr_calcite_rate_constant","curr_gypsum_surface_area","curr_calcite_surface_area","dfn_volume","output_var","sobol_type","boot_num"
"1",0.855698071342874,0.115334837724105,0.0310733653895145,0.245113684085986,0.0584800839530355,-0.014081844758769,0.0511178670875556,0.0937067259531322,"calcite_flush_0","FOmean",1646
"2",1.62089904194966,0.539886261245765,0.227399325174221,0.688473224191583,0.175381154002781,0.276893780558414,0.456562839210427,0.60085598276847,"calcite_flush_0","TEmean",1646
"3",1,1,1,1,1,1,1,1,"calcite_flush_0","FOsd2",1646
"4",2.1309941436821e-46,3.00018489845321e-46,1.71398683744756e-46,2.72865200454334e-46,3.81669848070404e-46,2.67762280701709e-46,2.37901438028285e-46,1.86450150005325e-45,"calcite_flush_0","TEsd2",1646
