"","curr_inflow_rate","curr_diffusion_coef","curr_porosity","curr_gypsum_rate_constant","curr_calcite_rate_constant","curr_gypsum_surface_area","curr_calcite_surface_area","dfn_volume","output_var","sobol_type","boot_num"
"1",0.242391817831596,-0.00227862482793695,-0.00187130538177343,0.00102447842808151,0.018644632465659,0.00582298575640812,0.005270928007147,0.0129818057873965,"calcite_flush_3","FOmean",753
"2",0.272689359534218,0.00490827695570438,0.00413832430176399,0.00810643018103469,0.0254711167074024,0.00477591032610139,0.0182839727964583,0.0235911261636422,"calcite_flush_3","TEmean",753
"3",0.735460740296937,0.714354199913446,0.381342820820626,0.859919947746563,0.858887233772785,0.481839143654994,0.844158684095325,0.834604483281915,"calcite_flush_3","FOsd2",753
"4",0.173406102145437,0.163607342651239,0.474134222636041,0.0532235301077629,0.046527600455685,0.389861311715625,0.0412535621180026,0.0581469054624958,"calcite_flush_3","TEsd2",753
