"","curr_inflow_rate","curr_diffusion_coef","curr_porosity","curr_gypsum_rate_constant","curr_calcite_rate_constant","curr_gypsum_surface_area","curr_calcite_surface_area","dfn_volume","output_var","sobol_type","boot_num"
"1",0.95312573385031,-0.0225560685742399,0.107486901266443,0.0420760579106534,0.104413383466495,-0.0449922225090187,0.142344324450302,0.26741920266737,"calcite_flush_0","FOmean",1471
"2",1.63395249475004,0.370545332516183,0.396616348925005,0.517001169800854,0.408511113171609,0.491817067850548,0.288328943102232,0.677912518060461,"calcite_flush_0","TEmean",1471
"3",1,1,1,1,1,1,1,1,"calcite_flush_0","FOsd2",1471
"4",7.48621330239452e-25,4.45375064540029e-25,3.93622188369773e-25,3.91207613329283e-25,3.55946368564997e-25,3.55157846964763e-25,3.62174319105838e-25,4.81736010310882e-25,"calcite_flush_0","TEsd2",1471
