"","curr_inflow_rate","curr_diffusion_coef","curr_porosity","curr_gypsum_rate_constant","curr_calcite_rate_constant","curr_gypsum_surface_area","curr_calcite_surface_area","dfn_volume","output_var","sobol_type","boot_num"
"1",0.103160065610079,0.00567600392243645,0.00690968947297361,0.0101381930249243,-0.00251396792062952,-0.00855776322672943,0.00353650597522631,0.0137186299594469,"calcite_flush_5","FOmean",1798
"2",0.137692651596991,0.00442026894465503,0.00887484203753673,0.00368533558332896,0.00723291848257678,0.00391407212376657,0.00548084480618626,0.0305933566220196,"calcite_flush_5","TEmean",1798
"3",0.999494205443613,0.999555533846896,0.999594396474658,0.999501803564565,0.999429402459096,0.999447032772815,0.999521739103311,0.999514910703551,"calcite_flush_5","FOsd2",1798
"4",0.000102710803215762,0.000128327971180186,0.000186618717629022,0.000103233601916678,0.000125485932546154,0.000146608342576195,0.000143715115299363,8.06893621314981e-05,"calcite_flush_5","TEsd2",1798
