"","curr_inflow_rate","curr_diffusion_coef","curr_porosity","curr_gypsum_rate_constant","curr_calcite_rate_constant","curr_gypsum_surface_area","curr_calcite_surface_area","dfn_volume","output_var","sobol_type","boot_num"
"1",0.0694537036067824,-0.00152127079550201,0.00847172481643513,0.00742784964576741,0.00415357246785946,-0.00355619896801809,-0.00793944032444195,0.00216813603729417,"calcite_flush_5","FOmean",1168
"2",0.114079053938088,0.00384616546520376,0.00818094889482362,0.00592917873714717,0.00421415998031367,0.00399885228277867,0.0027238060995567,0.0345271965169861,"calcite_flush_5","TEmean",1168
"3",0.999312586960637,0.999298451725759,0.999298347343441,0.999378385418275,0.999300500218674,0.999190405263433,0.999251957090197,0.999359857411146,"calcite_flush_5","FOsd2",1168
"4",0.000149757674353626,0.000128534966629772,0.000211436049797068,0.000322831694571317,0.000191463532186689,9.50993456645163e-05,0.000149733502422613,0.000274803342166551,"calcite_flush_5","TEsd2",1168
