"","curr_inflow_rate","curr_diffusion_coef","curr_porosity","curr_gypsum_rate_constant","curr_calcite_rate_constant","curr_gypsum_surface_area","curr_calcite_surface_area","dfn_volume","output_var","sobol_type","boot_num"
"1",0.826149093896818,0.178960406907032,0.104444192402442,0.144620051915149,0.0659736838413358,0.125237395638287,0.155809175088229,0.172650538579216,"calcite_flush_1","FOmean",1724
"2",1.50809953731706,0.400254753824513,0.24412005232508,0.465668439437058,0.271400327203491,0.469557157398679,0.316692936550845,0.380734770777295,"calcite_flush_1","TEmean",1724
"3",1,1,1,1,1,1,1,1,"calcite_flush_1","FOsd2",1724
"4",1.8925839407769e-31,1.55206659195912e-31,1.33428129122172e-31,1.45855980795554e-31,2.20251084712043e-31,1.50665281146597e-31,2.02824117471025e-31,1.81355973125697e-31,"calcite_flush_1","TEsd2",1724
