"","curr_inflow_rate","curr_diffusion_coef","curr_porosity","curr_gypsum_rate_constant","curr_calcite_rate_constant","curr_gypsum_surface_area","curr_calcite_surface_area","dfn_volume","output_var","sobol_type","boot_num"
"1",0.115193400468699,-0.00135273958478942,0.00396940842572702,-0.00212704268033647,0.00765100230768571,-0.00153605524381013,0.00101629486241261,0.00906768524769199,"calcite_flush_4","FOmean",1090
"2",0.154074953190146,0.00618073184090987,0.00485867097193733,0.00492962258266501,0.0107956175652821,0.00367289284188853,0.00576854516389217,0.0281048206117577,"calcite_flush_4","TEmean",1090
"3",0.99960609423062,0.999564216761732,0.999500924481997,0.999627838060583,0.999609937162345,0.999539317525616,0.999579702769142,0.999581850076713,"calcite_flush_4","FOsd2",1090
"4",0.000107115429437786,0.000150983689009519,0.000122262713448603,6.01089577137174e-05,9.76273688309024e-05,0.000108471598824026,9.35189785988531e-05,0.000345814755296182,"calcite_flush_4","TEsd2",1090
