"","curr_inflow_rate","curr_diffusion_coef","curr_porosity","curr_gypsum_rate_constant","curr_calcite_rate_constant","curr_gypsum_surface_area","curr_calcite_surface_area","dfn_volume","output_var","sobol_type","boot_num"
"1",0.104558151627203,0.00195958570194989,-0.00364205730829702,0.00236979479019575,0.00881286508857826,0.00317544093351532,0.000517500282705762,-0.00283694309251627,"calcite_flush_4","FOmean",180
"2",0.153373802026231,0.00432788798576709,0.00442174072314591,0.00494399276390823,0.0115955130635294,0.00386945048961834,0.00741150432409276,0.0316868151872148,"calcite_flush_4","TEmean",180
"3",0.999722180806536,0.999620743814685,0.999546283472556,0.999697481252695,0.999441421614843,0.999733278598405,0.999564997628629,0.999791398734245,"calcite_flush_4","FOsd2",180
"4",0.000245650768948407,9.43049202248238e-05,0.000100403703319809,0.000148648137909133,5.77865659589004e-05,0.000324163587025327,0.000203919807360785,0.000342041041770128,"calcite_flush_4","TEsd2",180
