"","curr_inflow_rate","curr_diffusion_coef","curr_porosity","curr_gypsum_rate_constant","curr_calcite_rate_constant","curr_gypsum_surface_area","curr_calcite_surface_area","dfn_volume","output_var","sobol_type","boot_num"
"1",0.102365807235919,0.00389345085260327,-0.00196659919810577,0.00958576579448366,0.000430728204403697,0.00231784406313808,0.00345478009941767,0.00417076827410033,"calcite_flush_2","FOmean",346
"2",0.113375307765131,0.0081282020136044,0.00240428476455761,0.0172595053134154,0.004083020814228,0.00420818250976959,0.00645168567656353,0.00575334871572528,"calcite_flush_2","TEmean",346
"3",-162.218326870354,-135.563405718983,-614.270969270175,-152.932444482818,-1065.92681814558,-142.75746242199,-128.652511589957,-233.619529983832,"calcite_flush_2","FOsd2",346
"4",1260.51991596277,1250.98303466101,182.117026046683,1247.28974503329,32.3158525027763,1220.12330708983,1218.90180440365,628.176747520495,"calcite_flush_2","TEsd2",346
