"","curr_inflow_rate","curr_diffusion_coef","curr_porosity","curr_gypsum_rate_constant","curr_calcite_rate_constant","curr_gypsum_surface_area","curr_calcite_surface_area","dfn_volume","output_var","sobol_type","boot_num"
"1",0.155864507600715,0.00309851891958089,-0.000509522808252777,0.00721408344180254,0.00636660094399461,0.0032919557688609,0.0106717824259992,0.00686845975982807,"calcite_flush_2","FOmean",2068
"2",0.169788155281879,0.0114532889160297,0.00186995120634542,0.0164183552785386,0.0142637017093446,0.00421919207578129,0.012762131821615,0.00958374805192457,"calcite_flush_2","TEmean",2068
"3",-2.5162448933607,-2.63113655499568,-12.1045563681369,-2.46635748702345,-3.48257967926296,-2.81796282249417,-3.77251887634872,-57.6412983958124,"calcite_flush_2","FOsd2",2068
"4",0.536481922363369,0.254434996175612,9.80468055025541,0.234578092734991,1.21778951826196,0.57865216019114,1.53275835878097,55.5406394737458,"calcite_flush_2","TEsd2",2068
