"","curr_inflow_rate","curr_diffusion_coef","curr_porosity","curr_gypsum_rate_constant","curr_calcite_rate_constant","curr_gypsum_surface_area","curr_calcite_surface_area","dfn_volume","output_var","sobol_type","boot_num"
"1",0.0338641843157615,-0.00075866020984458,0.00910438751619539,0.00327105835076809,0.00783926046792844,-0.000806103566667665,-0.00512993106152686,0.0067051585903488,"calcite_flush_6","FOmean",1883
"2",0.037745642923439,0.00319317177949256,0.0182713648838698,0.00395164793522,0.00384866068959386,0.00433079286711532,0.00240598047845803,0.0223204895529671,"calcite_flush_6","TEmean",1883
"3",0.99992025881999,0.999923975371167,0.999925801433198,0.999920029681188,0.999922044538469,0.999921502661041,0.999913203112221,0.999924908905218,"calcite_flush_6","FOsd2",1883
"4",2.93901341585643e-05,1.81230440956056e-05,1.46843559991363e-05,1.85754441394775e-05,2.83986650550724e-05,1.30441645879555e-05,1.68248210158031e-05,1.99203552680727e-05,"calcite_flush_6","TEsd2",1883
