"","curr_inflow_rate","curr_diffusion_coef","curr_porosity","curr_gypsum_rate_constant","curr_calcite_rate_constant","curr_gypsum_surface_area","curr_calcite_surface_area","dfn_volume","output_var","sobol_type","boot_num"
"1",0.0342537455675761,0.0011683945480526,0.00342006688159631,-0.00353548825578758,-0.00503614802573829,0.00122539839668746,-0.00259462593151727,0.00459396960644899,"calcite_flush_6","FOmean",1372
"2",0.0447642828265108,0.00329950222378193,0.0101397849676631,0.00581286411188629,0.00346237198697007,0.00193389095830611,0.00307247595064503,0.0145779816036531,"calcite_flush_6","TEmean",1372
"3",0.999963760340251,0.999966264693953,0.999965437099849,0.999949420288255,0.999970986702779,0.999962283980809,0.999969923277406,0.999968555412345,"calcite_flush_6","FOsd2",1372
"4",2.26161831018128e-05,6.74433926955582e-06,9.25581379449464e-06,3.73536053643963e-05,1.07902136389953e-05,8.58414014068205e-06,1.08486878741506e-05,1.10661089940759e-05,"calcite_flush_6","TEsd2",1372
