"","curr_inflow_rate","curr_diffusion_coef","curr_porosity","curr_gypsum_rate_constant","curr_calcite_rate_constant","curr_gypsum_surface_area","curr_calcite_surface_area","dfn_volume","output_var","sobol_type","boot_num"
"1",0.100683441845584,0.00268805333913273,-0.00110261741126772,-0.000138563733685558,0.00574338505493789,0.00166319935021165,0.00890584411491439,0.00730955728662555,"calcite_flush_4","FOmean",362
"2",0.145331245481865,0.00421651044396938,0.00636797937105572,0.0047431648338809,0.00887905818683638,0.00344507915218774,0.0064769862421168,0.0268214884628254,"calcite_flush_4","TEmean",362
"3",0.999693729404641,0.999651559568081,0.999654649133028,0.999667200910324,0.999674816049829,0.999639181006426,0.999665878343684,0.999625687475181,"calcite_flush_4","FOsd2",362
"4",0.0001402938680496,6.55575909883548e-05,0.000121146004737043,0.000103730839314892,8.02743834094967e-05,0.000127475544610228,9.79615154635853e-05,0.00011194564257269,"calcite_flush_4","TEsd2",362
