"","curr_inflow_rate","curr_diffusion_coef","curr_porosity","curr_gypsum_rate_constant","curr_calcite_rate_constant","curr_gypsum_surface_area","curr_calcite_surface_area","dfn_volume","output_var","sobol_type","boot_num"
"1",0.0716812154545014,-0.00612068750892833,0.00230747569255943,0.00109087693664218,0.00123297240977244,-0.00221955965858627,0.00130130290256992,-0.0172095235208555,"calcite_flush_4","FOmean",1349
"2",0.112852455147202,0.00334305757373912,0.00436368560945869,0.00320444899053577,0.00689620537609767,0.00264544983788729,0.00680558535705118,0.0429213415092132,"calcite_flush_4","TEmean",1349
"3",0.999692082824871,0.999672759680191,0.999551061910183,0.999704010299018,0.999683115167558,0.999730743971357,0.999703087179596,0.999699111342833,"calcite_flush_4","FOsd2",1349
"4",0.000176873499402101,0.000100919625979664,0.00013514505543917,0.000102525365126346,6.97111265720997e-05,7.58467501935074e-05,5.11617881647011e-05,0.000164239428424928,"calcite_flush_4","TEsd2",1349
