"","curr_inflow_rate","curr_diffusion_coef","curr_porosity","curr_gypsum_rate_constant","curr_calcite_rate_constant","curr_gypsum_surface_area","curr_calcite_surface_area","dfn_volume","output_var","sobol_type","boot_num"
"1",0.108252032824899,0.000916892050866297,-0.000293357774642601,0.0047792493278219,0.0035407717123385,0.00236980966860548,0.00403524189701601,0.0112035028994203,"calcite_flush_4","FOmean",957
"2",0.153365908035379,0.00588791879071572,0.0050041205333989,0.00466132400081779,0.00706144685960595,0.00338990007427845,0.00777984443553247,0.0298319176174542,"calcite_flush_4","TEmean",957
"3",0.999641538416227,0.999626085747116,0.999601980393852,0.999632578774514,0.999587043057104,0.999599171068853,0.999477070645114,0.999551426308433,"calcite_flush_4","FOsd2",957
"4",0.000121464306158363,0.000115860850369171,0.000144361466714189,9.46241283082102e-05,9.47128510227698e-05,6.80210176215988e-05,0.000203306308281432,0.000147050435492293,"calcite_flush_4","TEsd2",957
