"","curr_inflow_rate","curr_diffusion_coef","curr_porosity","curr_gypsum_rate_constant","curr_calcite_rate_constant","curr_gypsum_surface_area","curr_calcite_surface_area","dfn_volume","output_var","sobol_type","boot_num"
"1",1.15740605847487,0.0377810717025727,0.0628544723849812,0.0528229295471039,0.0452903435400851,-0.0791175924723695,0.0878233741270427,-0.00361475545030107,"calcite_flush_0","FOmean",274
"2",2.08385109307641,0.330344528230101,0.353180576391793,0.3697105423325,0.353920842574353,0.491225486935588,0.249457428308764,0.350685086377455,"calcite_flush_0","TEmean",274
"3",1,1,1,1,1,1,1,1,"calcite_flush_0","FOsd2",274
"4",1.66275685765505e-27,1.02685907002178e-27,9.81758610520487e-28,1.51833386725362e-27,1.22819490927022e-27,1.50775277651824e-27,1.05617739190149e-27,9.27899883479951e-28,"calcite_flush_0","TEsd2",274
