"","curr_inflow_rate","curr_diffusion_coef","curr_porosity","curr_gypsum_rate_constant","curr_calcite_rate_constant","curr_gypsum_surface_area","curr_calcite_surface_area","dfn_volume","output_var","sobol_type","boot_num"
"1",0.0252943028069201,0.000299875349628216,0.0121139929783603,-0.00271157497811252,0.000383643746182692,7.92637393926311e-05,-0.00318159753989128,0.0153260120797375,"calcite_flush_6","FOmean",147
"2",0.0411348805394746,0.00277241013380195,0.0163650174485529,0.00320007133139756,0.00251906328081053,0.00307630937542962,0.00173889018559658,0.0140339077592741,"calcite_flush_6","TEmean",147
"3",0.999955862298393,0.9999543558029,0.999947821528869,0.999950510637662,0.999946087275875,0.999914728634559,0.999937269244834,0.999956604669857,"calcite_flush_6","FOsd2",147
"4",2.75772540915472e-05,1.74924867581292e-05,1.25974565611987e-05,3.89392109686214e-05,1.589170700919e-05,2.88044272096855e-05,2.48378616336233e-05,2.46424388408641e-05,"calcite_flush_6","TEsd2",147
