"","curr_inflow_rate","curr_diffusion_coef","curr_porosity","curr_gypsum_rate_constant","curr_calcite_rate_constant","curr_gypsum_surface_area","curr_calcite_surface_area","dfn_volume","output_var","sobol_type","boot_num"
"1",0.099394729302085,-0.00242161277821732,-0.000583031627914955,0.00459398824808255,-0.00400566975068915,-0.00742483346484533,0.00400966121355727,-0.00558660938154349,"calcite_flush_5","FOmean",846
"2",0.13241962310362,0.00456433780315741,0.0120221354598011,0.00655569141423809,0.00494515550215887,0.0037075911980035,0.00497011850555971,0.0267138599682609,"calcite_flush_5","TEmean",846
"3",0.999674041169707,0.999638164499238,0.99970385746318,0.999686931065891,0.99965804909091,0.999626145638731,0.999672439629736,0.999518900306116,"calcite_flush_5","FOsd2",846
"4",7.49733696171652e-05,5.09068795780587e-05,0.000111179910428718,0.000128626163341347,9.12940162540939e-05,7.46420254658777e-05,9.04515353373063e-05,0.000178954755160496,"calcite_flush_5","TEsd2",846
