"","curr_inflow_rate","curr_diffusion_coef","curr_porosity","curr_gypsum_rate_constant","curr_calcite_rate_constant","curr_gypsum_surface_area","curr_calcite_surface_area","dfn_volume","output_var","sobol_type","boot_num"
"1",0.720610353661143,0.0238607033746968,0.0258311407597607,0.0525210630840339,0.101479488023864,0.0625316688050334,-0.022400670015756,-0.028070140475005,"calcite_flush_0","FOmean",141
"2",1.87467858039336,0.29033905425423,0.711936095168252,0.418832873653299,0.382320143979714,0.516180552212916,0.269966003428118,0.269877751597643,"calcite_flush_0","TEmean",141
"3",1,1,1,1,1,1,1,1,"calcite_flush_0","FOsd2",141
"4",1.0300656940156e-25,6.77746061527414e-26,2.58614097135614e-26,4.0149106777719e-26,7.87684539126687e-26,6.18186055984291e-26,6.70668127497019e-26,1.14426514413966e-25,"calcite_flush_0","TEsd2",141
