"","curr_inflow_rate","curr_diffusion_coef","curr_porosity","curr_gypsum_rate_constant","curr_calcite_rate_constant","curr_gypsum_surface_area","curr_calcite_surface_area","dfn_volume","output_var","sobol_type","boot_num"
"1",0.492052236856582,0.0117417723671088,-0.0238173902141181,0.0438999504561054,0.00903774915373667,-0.000457188364246864,0.214027729077818,0.0650514420861564,"calcite_flush_1","FOmean",1115
"2",0.841915718271068,0.254147091020925,0.224298102215505,0.403529616468834,0.123749047171322,0.121454231691667,0.438067857222209,0.161537280935937,"calcite_flush_1","TEmean",1115
"3",1,1,1,1,1,1,1,1,"calcite_flush_1","FOsd2",1115
"4",9.65817488255202e-28,8.83017977853856e-28,4.99054772157518e-28,6.02144741077131e-28,3.00298826103989e-28,8.26551576700436e-28,6.29980076581373e-28,1.09288004026312e-27,"calcite_flush_1","TEsd2",1115
