"","curr_inflow_rate","curr_diffusion_coef","curr_porosity","curr_gypsum_rate_constant","curr_calcite_rate_constant","curr_gypsum_surface_area","curr_calcite_surface_area","dfn_volume","output_var","sobol_type","boot_num"
"1",0.409225511322449,-0.0177228082250555,-0.0298492483634293,-0.0552802839252948,0.0239987262471655,-0.015036481066728,0.125720296434249,-0.0310928279494738,"calcite_flush_0","FOmean",281
"2",0.984154284961936,0.46800056151784,0.505661937415849,0.700008144811403,0.301583217576932,0.409943938311716,0.420982894590321,0.297923857940994,"calcite_flush_0","TEmean",281
"3",1,1,1,1,1,1,1,1,"calcite_flush_0","FOsd2",281
"4",4.79102659528422e-33,3.6495594493027e-33,3.77648279567477e-33,2.23467747311086e-33,5.53825821793169e-33,3.86518227415742e-33,7.45519110049708e-33,5.04852090069807e-33,"calcite_flush_0","TEsd2",281
