"","curr_inflow_rate","curr_diffusion_coef","curr_porosity","curr_gypsum_rate_constant","curr_calcite_rate_constant","curr_gypsum_surface_area","curr_calcite_surface_area","dfn_volume","output_var","sobol_type","boot_num"
"1",1.04017468804835,0.0854110645057954,-0.00192614590167861,0.0740720503902318,-0.00127654465323668,0.0465353920516261,0.105190399496587,0.101022461653965,"calcite_flush_1","FOmean",1311
"2",2.23270562213386,0.764253121067806,0.249402732721822,0.745077429971921,0.341554639193203,0.469179919314982,0.519538510802402,0.491236768624078,"calcite_flush_1","TEmean",1311
"3",1,1,1,1,1,1,1,1,"calcite_flush_1","FOsd2",1311
"4",9.77170168350876e-27,1.00439566933434e-26,9.03491667110888e-27,4.03210170117327e-27,9.69466726519343e-27,5.10434225059429e-27,8.23647677369345e-27,1.07387563102477e-26,"calcite_flush_1","TEsd2",1311
