"","curr_inflow_rate","curr_diffusion_coef","curr_porosity","curr_gypsum_rate_constant","curr_calcite_rate_constant","curr_gypsum_surface_area","curr_calcite_surface_area","dfn_volume","output_var","sobol_type","boot_num"
"1",0.259233335168517,-0.000853459463362235,0.000363532068579036,-0.00131785268226281,0.0346680740115809,0.00166961492523366,0.0080048952387676,0.00243369215525633,"calcite_flush_3","FOmean",438
"2",0.281773626527723,0.00366009007604369,0.00337072114514705,0.002327015791289,0.0301731545002186,0.00327037128825445,0.0151280898525592,0.0186955313137446,"calcite_flush_3","TEmean",438
"3",0.353571275343281,0.798888978164758,0.924788854128814,0.915672966258956,0.914544911112125,0.937960827382442,0.626670962414983,0.928605203658442,"calcite_flush_3","FOsd2",438
"4",0.64251551110606,0.167964816822898,0.0188885722786632,0.0275287796732419,0.0385991064978299,0.0196033194195003,0.325636333922599,0.0544021181167704,"calcite_flush_3","TEsd2",438
