"","curr_inflow_rate","curr_diffusion_coef","curr_porosity","curr_gypsum_rate_constant","curr_calcite_rate_constant","curr_gypsum_surface_area","curr_calcite_surface_area","dfn_volume","output_var","sobol_type","boot_num"
"1",0.0969474173079858,0.00254069268844447,0.000509213675769253,0.00887335078115037,0.000424393931023006,-0.00124900721415208,0.00771472512592728,2.61554460716917e-05,"calcite_flush_2","FOmean",1893
"2",0.109215780969154,0.00779657815042877,0.00393128775325623,0.0139885287868916,0.00393278214453741,0.00472077221842504,0.0131325322695939,0.00476608890950002,"calcite_flush_2","TEmean",1893
"3",-35.7318018024885,-19728.8403247711,-158.608839942013,-39379.0710196392,-62086.3508853226,-113113.080144537,-286981.7835945,-42515.6108457858,"calcite_flush_2","FOsd2",1893
"4",89230.3769977069,47553.4474439069,87385.0294870331,11280.9787806592,2549.08101456902,1614.5071122027,56293.538232337,8812.41823802564,"calcite_flush_2","TEsd2",1893
