"","curr_inflow_rate","curr_diffusion_coef","curr_porosity","curr_gypsum_rate_constant","curr_calcite_rate_constant","curr_gypsum_surface_area","curr_calcite_surface_area","dfn_volume","output_var","sobol_type","boot_num"
"1",0.261682029847327,0.00192274664264208,0.00130695476303616,0.00491015375573471,0.0192263577282297,0.00174575002102804,0.00967981012121205,0.0153048767559288,"calcite_flush_3","FOmean",1446
"2",0.308886848145115,0.00499693052649587,0.00270588466631592,0.00931529358659283,0.0394294359120573,0.00331759484152209,0.0131237038478304,0.0224497935107068,"calcite_flush_3","TEmean",1446
"3",0.470263438837858,0.589506459486371,0.416071472575964,0.130473320537459,0.644401107503091,0.568508826964045,0.609310602713371,0.54772735406026,"calcite_flush_3","FOsd2",1446
"4",0.170110154138476,0.151761932025138,0.370740322126085,0.26241574920015,0.165690142941516,0.19770818529202,0.105793595166531,0.180228724410741,"calcite_flush_3","TEsd2",1446
