"","curr_inflow_rate","curr_diffusion_coef","curr_porosity","curr_gypsum_rate_constant","curr_calcite_rate_constant","curr_gypsum_surface_area","curr_calcite_surface_area","dfn_volume","output_var","sobol_type","boot_num"
"1",0.0420908889725497,0.0054153961558001,0.00439037551539791,0.00280117240601032,0.00114084635839482,-0.00106484872570914,-0.00238396976356728,0.00331890012688838,"calcite_flush_6","FOmean",385
"2",0.05267323038283,0.00446947529402909,0.017854684933743,0.00582360925287206,0.00494401745324353,0.00301611952915738,0.00277855189055632,0.0189567338954805,"calcite_flush_6","TEmean",385
"3",0.999915725026483,0.999911548198921,0.999857578185019,0.999918325302958,0.999904057153578,0.99986883433362,0.999900837746865,0.999909690606012,"calcite_flush_6","FOsd2",385
"4",4.53566906784787e-05,2.06888119947986e-05,1.93066292573218e-05,4.22164388878712e-05,4.07818809546375e-05,6.40630628392675e-05,2.00014583729009e-05,4.07931189008976e-05,"calcite_flush_6","TEsd2",385
