"","curr_inflow_rate","curr_diffusion_coef","curr_porosity","curr_gypsum_rate_constant","curr_calcite_rate_constant","curr_gypsum_surface_area","curr_calcite_surface_area","dfn_volume","output_var","sobol_type","boot_num"
"1",0.064735461050533,-0.000380986522058393,-0.00022631829980198,0.00235961933812738,0.00456168095456078,0.000425106114202181,0.00321314986569574,0.000429640377426535,"calcite_flush_2","FOmean",1725
"2",0.0786589006197139,0.00238419170583339,0.00132754763506401,0.00497231462273294,0.00769004875779753,0.00148618849896669,0.00668722883452445,0.00528760628738212,"calcite_flush_2","TEmean",1725
"3",-59.8863103873014,-17.2407104133725,-16.1186642118139,-215.299685260046,-14.9817414952258,-17.0870740577926,-17.3319630347912,-20.0857794051167,"calcite_flush_2","FOsd2",1725
"4",49.7816501158214,1.98349814598092,1.44318626397409,200.534854038581,0.726940293981477,2.54515399409644,1.93011659239114,5.09845639863117,"calcite_flush_2","TEsd2",1725
