"","curr_inflow_rate","curr_diffusion_coef","curr_porosity","curr_gypsum_rate_constant","curr_calcite_rate_constant","curr_gypsum_surface_area","curr_calcite_surface_area","dfn_volume","output_var","sobol_type","boot_num"
"1",0.0306969867293277,-0.00783941225914362,0.00130413534997405,-0.000407174064729844,0.00083963582864464,1.04230510562071e-05,0.00423213989074127,0.00255361694544511,"calcite_flush_6","FOmean",490
"2",0.040507281172825,0.00274327616250115,0.0122388217493089,0.00464881720511798,0.00547040412637341,0.00355469150987998,0.00282023685953845,0.0197704843284327,"calcite_flush_6","TEmean",490
"3",0.999937165258432,0.999929832815408,0.999915645164125,0.999917771741181,0.999928058410637,0.999860611654544,0.999926335432855,0.999923714689592,"calcite_flush_6","FOsd2",490
"4",4.65685198709775e-05,1.6893630832556e-05,2.64092405912145e-05,4.63835974338848e-05,3.04092738794088e-05,9.47092381778288e-05,1.91529397698144e-05,3.14673820455392e-05,"calcite_flush_6","TEsd2",490
