"","curr_inflow_rate","curr_diffusion_coef","curr_porosity","curr_gypsum_rate_constant","curr_calcite_rate_constant","curr_gypsum_surface_area","curr_calcite_surface_area","dfn_volume","output_var","sobol_type","boot_num"
"1",0.258318256388369,0.00294479647410496,-0.000649382800913557,0.00237861414275866,0.0133527415554956,-0.000381084036054295,0.0020861828757022,0.00870964451720012,"calcite_flush_3","FOmean",1327
"2",0.285726675986101,0.00503795806171124,0.00164734248206412,0.00442261469930702,0.0233287334978981,0.00262431474156954,0.00551995990841678,0.018248350522111,"calcite_flush_3","TEmean",1327
"3",0.735243997372147,0.757055275776463,0.735090053632834,0.771551696107918,0.789065526284722,0.453688131644118,0.798406060250212,0.619565931345674,"calcite_flush_3","FOsd2",1327
"4",0.114564964765058,0.0950003224654129,0.0354974744655449,0.077195726693325,0.0560448227326926,0.168493383042993,0.0577521222091502,0.213242185997041,"calcite_flush_3","TEsd2",1327
