"","curr_inflow_rate","curr_diffusion_coef","curr_porosity","curr_gypsum_rate_constant","curr_calcite_rate_constant","curr_gypsum_surface_area","curr_calcite_surface_area","dfn_volume","output_var","sobol_type","boot_num"
"1",0.0833904431653249,-0.00348816645494277,0.00510817281105455,0.000534692523862929,-0.000214195934847007,-0.00153781018516736,-0.00219574620826398,0.0106643870424787,"calcite_flush_5","FOmean",783
"2",0.12013580796949,0.00438910016106222,0.00862896126234509,0.00494527200699599,0.00862303938494807,0.0027651449603079,0.00559828423677054,0.0327628194725591,"calcite_flush_5","TEmean",783
"3",0.999341705354733,0.999607039788804,0.999673073903731,0.999658310760058,0.999445167659374,0.99948791082962,0.998701989020492,0.999436065519246,"calcite_flush_5","FOsd2",783
"4",0.000302930139609539,0.000119068044707041,0.000230121132043664,0.000228471976520255,0.000251661168308596,4.88507029382634e-05,0.000837454789446397,0.000354708083504241,"calcite_flush_5","TEsd2",783
