"","curr_inflow_rate","curr_diffusion_coef","curr_porosity","curr_gypsum_rate_constant","curr_calcite_rate_constant","curr_gypsum_surface_area","curr_calcite_surface_area","dfn_volume","output_var","sobol_type","boot_num"
"1",0.494349025640856,-0.00356130086874785,0.00200537454947916,0.0151767283114915,0.0155882274101004,-0.00576132204967194,-0.0300035432938927,-0.00140811632262541,"calcite_flush_0","FOmean",1926
"2",0.681268452192998,0.17752123780348,0.166390031691992,0.133662017258345,0.160864005749003,0.173294215510885,0.266475081210753,0.129112287401218,"calcite_flush_0","TEmean",1926
"3",1,1,1,1,1,1,1,1,"calcite_flush_0","FOsd2",1926
"4",1.4926131479806e-27,1.02871075715465e-27,1.57697400834358e-27,9.56336144214509e-28,1.73917428228257e-27,1.80998128146829e-27,1.7044135005571e-27,1.67027784799982e-27,"calcite_flush_0","TEsd2",1926
