"","curr_inflow_rate","curr_diffusion_coef","curr_porosity","curr_gypsum_rate_constant","curr_calcite_rate_constant","curr_gypsum_surface_area","curr_calcite_surface_area","dfn_volume","output_var","sobol_type","boot_num"
"1",0.094756871518494,0.000210573273164879,0.00184765849058481,0.0105307507659442,0.00739153896427819,0.000697332192011659,0.00729338617124793,-0.00246280459072914,"calcite_flush_2","FOmean",1522
"2",0.109791379422704,0.00726301659637921,0.00178125728322512,0.0118879343514017,0.0100777108392496,0.0014044890949399,0.00967515495480424,0.00400374847027079,"calcite_flush_2","TEmean",1522
"3",-1.77883463259097,-22.2908811899584,-16.5839784854712,-3.56258252007391,-286.799308373959,-12.3121346975339,-1.59587183418934,-1.34349197620403,"calcite_flush_2","FOsd2",1522
"4",239.478957145617,153.486916789888,138.464018098626,238.568195169386,2.64681974102538,242.938743209942,217.304593680692,236.677876333794,"calcite_flush_2","TEsd2",1522
