"","curr_inflow_rate","curr_diffusion_coef","curr_porosity","curr_gypsum_rate_constant","curr_calcite_rate_constant","curr_gypsum_surface_area","curr_calcite_surface_area","dfn_volume","output_var","sobol_type","boot_num"
"1",0.769918704676393,0.0197167213803361,-0.06791112535467,0.108805731040257,0.120938977797824,0.0303736007237029,0.0559744927736181,-0.00920276190755805,"calcite_flush_0","FOmean",512
"2",1.96879671814471,0.625096460518455,0.431490512994632,0.490068355785471,0.610726410926019,0.449566469578711,0.440744973655199,0.433584324911807,"calcite_flush_0","TEmean",512
"3",1,1,1,1,1,1,1,1,"calcite_flush_0","FOsd2",512
"4",3.77279831244027e-25,4.3139941916094e-25,2.89978455653291e-25,2.837099120866e-25,4.34419387567612e-25,2.47379662929606e-25,1.66666702011568e-25,2.42846320623273e-25,"calcite_flush_0","TEsd2",512
