"","curr_inflow_rate","curr_diffusion_coef","curr_porosity","curr_gypsum_rate_constant","curr_calcite_rate_constant","curr_gypsum_surface_area","curr_calcite_surface_area","dfn_volume","output_var","sobol_type","boot_num"
"1",0.31795294805384,0.00739935363924272,-0.00109269117054057,0.00398739793103031,0.0133758157171591,0.00524661204935881,0.000459561414123973,-0.000123438654067961,"calcite_flush_3","FOmean",312
"2",0.338144944227516,0.00481033573963422,0.00286319950792168,0.0122812632045002,0.028705463200356,0.00359556041126181,0.00956318291486664,0.0182571789315976,"calcite_flush_3","TEmean",312
"3",-586.422404475453,-529.5231000974,-183.842821290473,-60.2662284973173,-88.0480814909984,-1736.8637898634,-2009.00861847078,-475.732553876045,"calcite_flush_3","FOsd2",312
"4",451.829102267268,402.099884036048,142.520013749849,157.489738519659,138.563494501387,1760.80622507679,2032.82675073,287.486294721828,"calcite_flush_3","TEsd2",312
