"","curr_inflow_rate","curr_diffusion_coef","curr_porosity","curr_gypsum_rate_constant","curr_calcite_rate_constant","curr_gypsum_surface_area","curr_calcite_surface_area","dfn_volume","output_var","sobol_type","boot_num"
"1",0.0504036638541783,-7.45145751385177e-05,0.000859374617701931,0.000584118478775915,0.000442657990207392,0.000450510775013284,5.88585707865586e-05,0.00242099488695606,"calcite_flush_2","FOmean",1865
"2",0.0549193291771566,0.00250421540328774,0.00129981561610038,0.00291144155791501,0.00537096114239721,0.00159467852419824,0.00221260238961278,0.00647664345370133,"calcite_flush_2","TEmean",1865
"3",0.327226596405002,0.43314212365006,0.436350436041357,0.446990274533859,-2.62871913186095,0.501097833725163,0.48376002988024,-0.536765239970956,"calcite_flush_2","FOsd2",1865
"4",0.254617451149957,0.0269219292092624,0.0459175919354418,0.154324910830779,2.40215434226705,0.0586016041044795,0.0553625581913856,0.97178381610016,"calcite_flush_2","TEsd2",1865
