"","curr_inflow_rate","curr_diffusion_coef","curr_porosity","curr_gypsum_rate_constant","curr_calcite_rate_constant","curr_gypsum_surface_area","curr_calcite_surface_area","dfn_volume","output_var","sobol_type","boot_num"
"1",0.0981027187839499,0.000477190061290672,0.00490881109179674,0.0101418200309109,0.00377601015466712,0.00207436775281898,0.0131973081515065,-0.00162607575388925,"calcite_flush_2","FOmean",1144
"2",0.11353406778735,0.00339209768581182,0.0036387708965484,0.0196782317392847,0.0114446852795529,0.00213791868285829,0.0210081134251065,0.00364153696743325,"calcite_flush_2","TEmean",1144
"3",-8033.89629660412,-6871.03148954461,-1744.71916252952,-354.730877633498,-6813.46968874481,-3500.92706094185,-2858.69143347133,-11674.651714374,"calcite_flush_2","FOsd2",1144
"4",6741.87349586129,3532.26250509337,2760.953784581,3024.6131703597,9468.20118026825,3279.26755130056,3882.30074367599,3372.60623594037,"calcite_flush_2","TEsd2",1144
