"","curr_inflow_rate","curr_diffusion_coef","curr_porosity","curr_gypsum_rate_constant","curr_calcite_rate_constant","curr_gypsum_surface_area","curr_calcite_surface_area","dfn_volume","output_var","sobol_type","boot_num"
"1",0.0852209622401687,-0.00465893022641972,-0.0090805214901852,-0.00629976875284332,-0.00151208843724143,-0.00247394807680793,0.00252661981397463,0.0169494984229869,"calcite_flush_5","FOmean",1749
"2",0.129224637464463,0.00733368122391362,0.00814185965340173,0.00353463284592391,0.00704995705241182,0.00413655600213754,0.00583102453381064,0.0258705762875736,"calcite_flush_5","TEmean",1749
"3",0.999354171744643,0.9992902343219,0.999397079191217,0.999405346661061,0.999077177570649,0.999346505653915,0.999269239829916,0.999276348570885,"calcite_flush_5","FOsd2",1749
"4",0.00017349265479976,0.000146463385944939,0.000325087173778695,0.000225247350043598,0.0005197134267256,0.000107590671853597,0.000165646909192714,0.000241134228621817,"calcite_flush_5","TEsd2",1749
