"","curr_inflow_rate","curr_diffusion_coef","curr_porosity","curr_gypsum_rate_constant","curr_calcite_rate_constant","curr_gypsum_surface_area","curr_calcite_surface_area","dfn_volume","output_var","sobol_type","boot_num"
"1",0.106885873732804,0.00391469287335786,-0.000999112600165649,-0.00104686087910928,-0.00209489122142627,-0.000631551750602502,-0.0012087966070331,0.00592932431221339,"calcite_flush_4","FOmean",348
"2",0.136429687026524,0.00504311702402148,0.00460873405889174,0.00635328233251132,0.010111741586303,0.00407544709078727,0.00662095091059969,0.0390080288799601,"calcite_flush_4","TEmean",348
"3",0.999646118671762,0.999667212997544,0.999664019117732,0.999648692231826,0.999657841086047,0.99963953509485,0.999649042449118,0.999666146851474,"calcite_flush_4","FOsd2",348
"4",0.000190116536382381,5.35074277051882e-05,9.80035139000372e-05,7.21221343999626e-05,6.21533126638073e-05,5.93815423106146e-05,7.53681005256411e-05,0.000176369792655323,"calcite_flush_4","TEsd2",348
