"","curr_inflow_rate","curr_diffusion_coef","curr_porosity","curr_gypsum_rate_constant","curr_calcite_rate_constant","curr_gypsum_surface_area","curr_calcite_surface_area","dfn_volume","output_var","sobol_type","boot_num"
"1",1.78632629748684,0.0422771834599043,0.178573198331617,-0.0151729753394621,0.00896163124220476,0.0361457641911181,0.0372868273866981,0.0609192023690569,"calcite_flush_1","FOmean",604
"2",2.54515722194212,0.330381874464864,0.283563069050711,0.305275266184143,0.347337410578961,0.491684175395637,0.227078339435795,0.334762938521703,"calcite_flush_1","TEmean",604
"3",1,1,1,1,1,1,1,1,"calcite_flush_1","FOsd2",604
"4",1.28928133941837e-44,1.46642960109307e-44,1.0146445674701e-44,1.4674473260017e-44,1.2200799265508e-44,1.14404181216336e-44,7.74421386199318e-45,9.38822527889857e-44,"calcite_flush_1","TEsd2",604
