"","curr_inflow_rate","curr_diffusion_coef","curr_porosity","curr_gypsum_rate_constant","curr_calcite_rate_constant","curr_gypsum_surface_area","curr_calcite_surface_area","dfn_volume","output_var","sobol_type","boot_num"
"1",0.934071922145208,0.0719385639584208,-0.0341015511634078,0.295833848648227,0.0454716921762452,0.0281996415129457,0.0770858457428256,0.174533573628395,"calcite_flush_0","FOmean",1723
"2",1.63746051440195,0.17816702268638,0.175801181411589,0.911151645040312,0.168673262065842,0.16809324766658,0.404154298151643,0.438823973878917,"calcite_flush_0","TEmean",1723
"3",1,1,1,1,1,1,1,1,"calcite_flush_0","FOsd2",1723
"4",1.21070487114078e-27,8.42675492189734e-28,8.29243397059691e-28,9.34305839113512e-28,7.37930821637867e-28,7.50704057704945e-28,7.10765774084217e-28,9.97765006825732e-28,"calcite_flush_0","TEsd2",1723
