"","curr_inflow_rate","curr_diffusion_coef","curr_porosity","curr_gypsum_rate_constant","curr_calcite_rate_constant","curr_gypsum_surface_area","curr_calcite_surface_area","dfn_volume","output_var","sobol_type","boot_num"
"1",0.471327632549808,-0.0490052232249029,-0.022449293924179,0.577666693154674,0.147589896936583,-0.00566988167497009,0.0530068932911491,-0.00680558879131569,"calcite_flush_1","FOmean",2039
"2",1.45211600157944,0.545758738650382,0.825456522911309,1.19429655639332,0.606750834824167,0.478421543614676,0.250784021721678,0.728393179781263,"calcite_flush_1","TEmean",2039
"3",1,1,1,1,1,1,1,1,"calcite_flush_1","FOsd2",2039
"4",7.42803456082366e-25,5.44548989083265e-25,8.08680486979402e-25,6.17811030063175e-25,7.39596206078339e-25,7.98764342474275e-25,3.05117121196459e-25,4.30353638645701e-25,"calcite_flush_1","TEsd2",2039
