"","curr_inflow_rate","curr_diffusion_coef","curr_porosity","curr_gypsum_rate_constant","curr_calcite_rate_constant","curr_gypsum_surface_area","curr_calcite_surface_area","dfn_volume","output_var","sobol_type","boot_num"
"1",0.290446961739059,0.00190645525688259,0.000325758488610999,0.00125240355323444,0.00755266056839971,-0.00160634371063877,0.00612763140323545,0.0137241966765544,"calcite_flush_3","FOmean",1355
"2",0.322722488411541,0.00498213696412598,0.00360653173160703,0.0167454421869145,0.0202894109933576,0.003556247947335,0.0151557895698378,0.0273828875547902,"calcite_flush_3","TEmean",1355
"3",0.936717467783113,0.962089000595671,0.952485046707099,0.919732000682667,0.95699162995563,0.962145384423923,0.958342073099056,0.927932810903522,"calcite_flush_3","FOsd2",1355
"4",0.0487986322469107,0.00897336361872564,0.010799600964539,0.053480377272183,0.0204630695698965,0.00585250615597459,0.00950475629114373,0.0336056291943044,"calcite_flush_3","TEsd2",1355
