"","curr_inflow_rate","curr_diffusion_coef","curr_porosity","curr_gypsum_rate_constant","curr_calcite_rate_constant","curr_gypsum_surface_area","curr_calcite_surface_area","dfn_volume","output_var","sobol_type","boot_num"
"1",0.0812179314683709,0.000358441858115661,-0.000254727259639151,1.01263601154565e-05,-0.00392970001357706,0.00188250184078256,-0.00640649732875375,-0.00172496225414298,"calcite_flush_5","FOmean",286
"2",0.130494129909836,0.006800588604282,0.00934590054296036,0.00375570933509784,0.00558038362532732,0.00248535461050237,0.00402442146332751,0.0382921779462468,"calcite_flush_5","TEmean",286
"3",0.999752626086432,0.999665782250335,0.999743241977985,0.999696022148415,0.999714779056995,0.999670056646624,0.999734763430773,0.999701677261973,"calcite_flush_5","FOsd2",286
"4",0.000101122936445263,9.98531930652849e-05,0.000126651043475609,0.000118740159371591,9.91965105669801e-05,9.46201753411628e-05,6.69378219358104e-05,9.76652814724798e-05,"calcite_flush_5","TEsd2",286
