"","curr_inflow_rate","curr_diffusion_coef","curr_porosity","curr_gypsum_rate_constant","curr_calcite_rate_constant","curr_gypsum_surface_area","curr_calcite_surface_area","dfn_volume","output_var","sobol_type","boot_num"
"1",0.100949224245646,0.00237957889033999,0.00778572064737281,0.000641713720268967,0.00237044310458532,0.00292528574568425,0.00356632258466347,0.0058562311956528,"calcite_flush_5","FOmean",2050
"2",0.132383965414681,0.0043160626072842,0.00857907821152607,0.00351112663646675,0.00686075520006933,0.00291210637575493,0.00383043337930312,0.0336181503194724,"calcite_flush_5","TEmean",2050
"3",0.999732765200873,0.999572778982572,0.999745158745984,0.999630405276864,0.999603663006824,0.999693176082435,0.999542587377275,0.999592978651047,"calcite_flush_5","FOsd2",2050
"4",7.70003810938548e-05,0.000114873436661685,0.000137365740299185,0.000155060488008182,0.000134498250951476,4.66489683999459e-05,0.000214871386264887,0.000190602795095643,"calcite_flush_5","TEsd2",2050
