"","curr_inflow_rate","curr_diffusion_coef","curr_porosity","curr_gypsum_rate_constant","curr_calcite_rate_constant","curr_gypsum_surface_area","curr_calcite_surface_area","dfn_volume","output_var","sobol_type","boot_num"
"1",0.284249376830638,-0.00114848013862812,0.00178508254462655,0.00202991831455477,0.0078285497644038,0.00562545591934803,0.00567673434350011,0.0025077848399395,"calcite_flush_3","FOmean",1740
"2",0.330482299423061,0.00549205035415196,0.00254933008444194,0.00483814521134158,0.0285394129635703,0.0051409454651035,0.00788470350256343,0.0183695944563915,"calcite_flush_3","TEmean",1740
"3",0.834221532983406,0.799779667835777,0.808097304168864,0.500127020178756,0.648332386429003,0.791415008374817,0.787321658540806,0.56204562818094,"calcite_flush_3","FOsd2",1740
"4",0.100580272398891,0.0346953731564804,0.018569548647216,0.293268200903659,0.10195320864807,0.0137349368507222,0.00996199626733884,0.266351521238226,"calcite_flush_3","TEsd2",1740
