"","curr_inflow_rate","curr_diffusion_coef","curr_porosity","curr_gypsum_rate_constant","curr_calcite_rate_constant","curr_gypsum_surface_area","curr_calcite_surface_area","dfn_volume","output_var","sobol_type","boot_num"
"1",0.0333930974547875,-0.0100256096727389,0.00989614245859022,-0.00871083497211676,-0.00800752684813005,-0.0125648617240167,-0.00894668684710699,0.0098490949865559,"calcite_flush_6","FOmean",1904
"2",0.0524790122527038,0.00362112015228628,0.0191798095694375,0.00501418366256532,0.00459814556126646,0.00494436061778593,0.00488447855728974,0.0193005461902711,"calcite_flush_6","TEmean",1904
"3",0.999812125827006,0.999796077949619,0.999772862047655,0.999761963242634,0.999780420095768,0.999754577155511,0.999742664462173,0.999743176103236,"calcite_flush_6","FOsd2",1904
"4",7.30429643669239e-05,5.75848016325566e-05,3.948425054438e-05,3.60133838178398e-05,5.86464959893889e-05,2.36679010715899e-05,2.0545657640161e-05,7.04366059808231e-05,"calcite_flush_6","TEsd2",1904
