"","curr_inflow_rate","curr_diffusion_coef","curr_porosity","curr_gypsum_rate_constant","curr_calcite_rate_constant","curr_gypsum_surface_area","curr_calcite_surface_area","dfn_volume","output_var","sobol_type","boot_num"
"1",0.236071307585757,-0.000892757965490803,-9.29560918869467e-05,0.00296488954402418,0.0260178899100959,0.000208112002460682,0.00506668787499468,-0.00613650583482279,"calcite_flush_3","FOmean",830
"2",0.2720093517185,0.00705509661113172,0.00268411280302971,0.00342591811155473,0.0390007158630557,0.00298421670821623,0.0172028936418785,0.014398088216898,"calcite_flush_3","TEmean",830
"3",0.942058792682533,0.897380966167195,0.777895154317297,0.842400790177488,0.898282688501522,0.845173492566394,0.116278464883254,0.837133165260989,"calcite_flush_3","FOsd2",830
"4",0.10260923147408,0.142629210336278,0.0980926794671244,0.16246409420057,0.0469422161007693,0.0818744639412316,0.690608323247063,0.124045129317566,"calcite_flush_3","TEsd2",830
