"","curr_inflow_rate","curr_diffusion_coef","curr_porosity","curr_gypsum_rate_constant","curr_calcite_rate_constant","curr_gypsum_surface_area","curr_calcite_surface_area","dfn_volume","output_var","sobol_type","boot_num"
"1",0.0865968942842037,5.88501187511577e-05,0.0031159450610796,0.0114582167328878,-0.00224611874354044,0.00384400621074403,-0.00289226550825657,0.0119504337866233,"calcite_flush_4","FOmean",1132
"2",0.134156774264362,0.00528098983333563,0.00469298551796819,0.00583147429593526,0.0120061868810353,0.00437599660528942,0.00645378335450076,0.0337836462834846,"calcite_flush_4","TEmean",1132
"3",0.999626494277066,0.999655727172228,0.999566504914641,0.999665438443769,0.99965892294321,0.999666044092013,0.999670039909287,0.999648083925393,"calcite_flush_4","FOsd2",1132
"4",0.000170019446625115,0.000217828750842832,0.000253933171985339,0.000134173294261192,9.73100393003596e-05,0.000122785401276075,9.53669265227514e-05,0.000131515715152848,"calcite_flush_4","TEsd2",1132
