"","curr_inflow_rate","curr_diffusion_coef","curr_porosity","curr_gypsum_rate_constant","curr_calcite_rate_constant","curr_gypsum_surface_area","curr_calcite_surface_area","dfn_volume","output_var","sobol_type","boot_num"
"1",1.28222585973016,0.0664953086588368,0.028123331010609,0.0799018908079984,0.0238918010475074,0.0875183632548184,0.0306554174845815,0.115450060549303,"calcite_flush_1","FOmean",1752
"2",1.89531280680325,0.238282269040907,0.313940116011245,0.341740115964613,0.284274562700605,0.326878214156093,0.440665255160266,0.281767423461333,"calcite_flush_1","TEmean",1752
"3",1,1,1,1,1,1,1,1,"calcite_flush_1","FOsd2",1752
"4",6.36308923229082e-29,3.58801865124322e-29,1.81515515805093e-29,2.83430289404587e-29,2.15891743494389e-29,3.39966514793753e-29,2.27535894830044e-29,4.09353483551853e-29,"calcite_flush_1","TEsd2",1752
