"","curr_inflow_rate","curr_diffusion_coef","curr_porosity","curr_gypsum_rate_constant","curr_calcite_rate_constant","curr_gypsum_surface_area","curr_calcite_surface_area","dfn_volume","output_var","sobol_type","boot_num"
"1",0.029745786712549,0.00188356993306429,-0.000261289313134602,-0.00141394134649572,-0.00259174144146012,0.00467132864793631,-0.00239465461563137,0.0148068954310755,"calcite_flush_6","FOmean",1330
"2",0.050837900730925,0.0031476949434522,0.0158054396017999,0.00427455708237616,0.00405065015991905,0.00229214144252338,0.00254798052397167,0.0178635428153716,"calcite_flush_6","TEmean",1330
"3",0.999927761365942,0.999928245383788,0.999864825441831,0.999898445597753,0.999946157396337,0.9999175245437,0.999929380813364,0.999933270136564,"calcite_flush_6","FOsd2",1330
"4",2.79759656521092e-05,1.62937064281428e-05,3.10025227295777e-05,8.09381466105782e-05,4.40479481589356e-05,2.66906013585032e-05,6.68973986825654e-05,4.38299128626838e-05,"calcite_flush_6","TEsd2",1330
