"","curr_inflow_rate","curr_diffusion_coef","curr_porosity","curr_gypsum_rate_constant","curr_calcite_rate_constant","curr_gypsum_surface_area","curr_calcite_surface_area","output_var","sobol_type","boot_num"
"1",0.0117396697620058,1.85902344840497e-05,0.000147629350780321,0.000870411858155694,0.000972735940180899,3.95481622530405e-05,8.60966881682111e-05,"calcite_flush_3_nondim","FOmean",1690
"2",0.0121880564436097,0.000159104924747433,0.000227001865147633,0.000872963678191726,0.00160740955449617,5.22589768255639e-05,0.000463410624240848,"calcite_flush_3_nondim","TEmean",1690
"3",-127.735750441172,-183.534125604152,-156.479531323321,-136.417430586691,-208.599355369973,-129.341921484835,-173.096581805837,"calcite_flush_3_nondim","FOsd2",1690
"4",15.6452327285568,52.6329102319897,13.0193852441486,4.03042348662817,88.0048516718215,2.87946987022255,25.3581388343285,"calcite_flush_3_nondim","TEsd2",1690
