"","curr_inflow_rate","curr_diffusion_coef","curr_porosity","curr_gypsum_rate_constant","curr_calcite_rate_constant","curr_gypsum_surface_area","curr_calcite_surface_area","output_var","sobol_type","boot_num"
"1",0.0049275149012935,0.00026174759994114,0.00210329370681472,0.0100910514496412,0.000149317152033483,0.00265825961227024,3.02359591528439e-05,"calcite_flush_7_nondim","FOmean",742
"2",0.00515305743636107,0.000288852156976006,0.0019076605338873,0.0105078871212618,0.000274890966735017,0.00215104489992861,7.57121629953615e-06,"calcite_flush_7_nondim","TEmean",742
"3",0.984888322227198,0.984901122718741,0.984367350776217,0.989236481392189,0.9882127958422,0.983796889827643,0.983329310271374,"calcite_flush_7_nondim","FOsd2",742
"4",0.00242376151385197,0.00101708168303231,0.000806223410358273,0.00838933815996127,0.00690059285260699,1.39147440097341e-05,0.00085730995915192,"calcite_flush_7_nondim","TEsd2",742
