"","curr_inflow_rate","curr_diffusion_coef","curr_porosity","curr_gypsum_rate_constant","curr_calcite_rate_constant","curr_gypsum_surface_area","curr_calcite_surface_area","output_var","sobol_type","boot_num"
"1",0.0247293537269741,-0.000301866175377863,9.16109475210627e-05,0.00094411175328851,0.00294219725440427,2.36878196471484e-05,0.000135262801450424,"calcite_flush_3_nondim","FOmean",1346
"2",0.0257037715683181,0.000101198843586859,0.000631572538943174,0.00139910549528631,0.00334565630806701,8.53557965057579e-05,0.000686377710286678,"calcite_flush_3_nondim","TEmean",1346
"3",0.558402052993805,0.614178833585463,0.674964415600926,0.384147844688898,0.632766025333702,0.487325620048252,0.677043320922867,"calcite_flush_3_nondim","FOsd2",1346
"4",0.195208084883721,0.038249313310796,0.0173594956093784,0.119331689832098,0.106495669517176,0.140943271341737,0.023409647215167,"calcite_flush_3_nondim","TEsd2",1346
