"","curr_inflow_rate","curr_diffusion_coef","curr_porosity","curr_gypsum_rate_constant","curr_calcite_rate_constant","curr_gypsum_surface_area","curr_calcite_surface_area","output_var","sobol_type","boot_num"
"1",0.260352507727406,0.00390200731729474,0.00301821697860366,0.0225052435741187,0.0565967560969786,0.0198703538273482,0.0055494943657689,"calcite_flush_5_nondim","FOmean",700
"2",0.351279886098151,0.0204073714379514,0.0155620920147275,0.0535137489766495,0.0886245930154519,0.0200758743508757,0.0344499631697166,"calcite_flush_5_nondim","TEmean",700
"3",0.954069400817018,0.926945213832914,0.96733362216964,0.962871368409957,0.935828901053631,0.965482907596614,0.92833649912659,"calcite_flush_5_nondim","FOsd2",700
"4",0.0239204700808385,0.0442869406236843,0.0129548530391541,0.0139222834459707,0.0470522628829335,0.0229943358366177,0.048044815296531,"calcite_flush_5_nondim","TEsd2",700
