"","curr_inflow_rate","curr_diffusion_coef","curr_porosity","curr_gypsum_rate_constant","curr_calcite_rate_constant","curr_gypsum_surface_area","curr_calcite_surface_area","output_var","sobol_type","boot_num"
"1",0.0770888233014801,-0.00328515966657067,0.00291935914277991,0.0396468555571384,-0.00104867875074645,0.00441171438235419,0.0103725179715163,"calcite_flush_9_nondim","FOmean",1552
"2",0.104839713910836,0.0096173493108613,0.00859618590431431,0.0508993231521023,0.0241949897636161,0.0060269537960273,0.0211686648391891,"calcite_flush_9_nondim","TEmean",1552
"3",0.435994795282018,-1.53439173206535,0.523973164557674,-0.531227534787756,-1.43279543370233,-207.832719118763,0.604180712711664,"calcite_flush_9_nondim","FOsd2",1552
"4",1.01877264576563,0.728087068478059,1.35396941647085,0.208420475898457,3.41060256124832,209.734230875962,0.565235484443597,"calcite_flush_9_nondim","TEsd2",1552
