"","curr_inflow_rate","curr_diffusion_coef","curr_porosity","curr_gypsum_rate_constant","curr_calcite_rate_constant","curr_gypsum_surface_area","curr_calcite_surface_area","output_var","sobol_type","boot_num"
"1",0.00278166402838959,1.16949297733086e-05,2.26863892291255e-05,0.000114553474343739,0.000169895456628806,9.66417441235704e-06,4.67552766764755e-05,"calcite_flush_2_nondim","FOmean",1817
"2",0.00284821407379129,8.10612883925945e-06,4.52540446266434e-05,0.000216625611160519,0.000258713889473107,1.30018881360017e-05,8.69282126393769e-05,"calcite_flush_2_nondim","TEmean",1817
"3",-43.829723106382,-49.0162687368127,-45.8046254096166,-44.2867657700311,-43.852623295726,-68.1167934000668,-44.0587650281717,"calcite_flush_2_nondim","FOsd2",1817
"4",142.970994964707,108.129957096146,111.371613514419,142.627618873491,142.81737213095,50.0921470189021,135.309054127885,"calcite_flush_2_nondim","TEsd2",1817
