"","curr_inflow_rate","curr_diffusion_coef","curr_porosity","curr_gypsum_rate_constant","curr_calcite_rate_constant","curr_gypsum_surface_area","curr_calcite_surface_area","output_var","sobol_type","boot_num"
"1",0.00298497294569371,-1.62132724174515e-05,2.61561239066559e-05,0.000136401198571448,0.000258883752779781,1.03077575070152e-05,0.000103556872607223,"calcite_flush_2_nondim","FOmean",929
"2",0.00299269227602249,1.07863640032997e-05,3.60054275478109e-05,0.000179003149235072,0.000308483416319419,1.61787361281167e-05,7.90996880221237e-05,"calcite_flush_2_nondim","TEmean",929
"3",0.697884075183204,-1506.39843092808,-530.394383536806,-2107.26001810488,-10.8536360459305,-239.619547580256,-966.567554588253,"calcite_flush_2_nondim","FOsd2",929
"4",671.39421524507,166.977519565262,8.26295716956282,400.728839004547,682.438523234469,108.503219189356,27.1031728222593,"calcite_flush_2_nondim","TEsd2",929
