"","curr_inflow_rate","curr_diffusion_coef","curr_porosity","curr_gypsum_rate_constant","curr_calcite_rate_constant","curr_gypsum_surface_area","curr_calcite_surface_area","output_var","sobol_type","boot_num"
"1",0.0544407825011353,0.00114945308411837,0.00137433151133238,0.00620499292916889,0.00908476404353661,0.000196330490998204,0.000681310624298052,"calcite_flush_4_nondim","FOmean",2043
"2",0.056468994536695,0.000713110882225045,0.000636399847570871,0.0102150755605078,0.0124260257773416,0.000437587500332886,0.0026406698683448,"calcite_flush_4_nondim","TEmean",2043
"3",-5.54032307846145,-0.361278334770426,0.893457766125814,0.898666843344719,0.848103437963783,-1.46326447981461,-0.0872091499132281,"calcite_flush_4_nondim","FOsd2",2043
"4",8.1631222567738,0.571043727290527,1.63266661644019,1.6546230684192,1.68346501876066,0.230347437732314,0.181067614553245,"calcite_flush_4_nondim","TEsd2",2043
