"","curr_inflow_rate","curr_diffusion_coef","curr_porosity","curr_gypsum_rate_constant","curr_calcite_rate_constant","curr_gypsum_surface_area","curr_calcite_surface_area","output_var","sobol_type","boot_num"
"1",0.0907307583076981,-0.00672743286513015,-0.000740755264708671,0.0352880496391907,-0.00563521590153466,-0.00360623036311404,0.00424959270909856,"calcite_flush_8_nondim","FOmean",2215
"2",0.117005207858824,0.00891464780299318,0.0101301927984845,0.0452743176854541,0.0196782229254784,0.00677169680791513,0.0157842067761801,"calcite_flush_8_nondim","TEmean",2215
"3",-6.31763278319383,-6.04264053337799,-7.40686253417242,-5.6352284104522,-5.70377388035104,-5.7289313787851,-6.17892783424078,"calcite_flush_8_nondim","FOsd2",2215
"4",0.614874969439129,3.13059457411653,0.783289911359734,2.64254119155666,2.53080965845232,1.59307035199221,0.935548079149846,"calcite_flush_8_nondim","TEsd2",2215
