"","curr_inflow_rate","curr_diffusion_coef","curr_porosity","curr_gypsum_rate_constant","curr_calcite_rate_constant","curr_gypsum_surface_area","curr_calcite_surface_area","output_var","sobol_type","boot_num"
"1",0.000516166651530023,3.83660425320264e-06,0.000453570302654197,0.0038328117336071,0.000255294462951455,1.05215074528558e-05,6.21193554788797e-05,"calcite_flush_6_nondim","FOmean",1925
"2",0.000433904798023426,3.09067632626472e-06,0.00049606934531892,0.00361800104767193,0.000180017270726639,1.30171797831606e-05,3.78365836491607e-05,"calcite_flush_6_nondim","TEmean",1925
"3",0.990925437694139,0.989440430420921,0.989950833501968,0.993434160022631,0.990595848282276,0.989621271286492,0.991079027482304,"calcite_flush_6_nondim","FOsd2",1925
"4",0.00159352301810325,4.19465130296731e-05,0.000929045637525727,0.0054347983758376,0.0018407248063254,5.45482716838052e-05,0.0014102138077902,"calcite_flush_6_nondim","TEsd2",1925
