"","curr_inflow_rate","curr_diffusion_coef","curr_porosity","curr_gypsum_rate_constant","curr_calcite_rate_constant","curr_gypsum_surface_area","curr_calcite_surface_area","output_var","sobol_type","boot_num"
"1",0.0913660501369794,-0.00584831758201709,-0.000573796124002345,0.0254381727567486,0.00615027392740308,0.00167285885475799,0.000312706829892436,"calcite_flush_8_nondim","FOmean",1271
"2",0.12602609879503,0.0128942892799473,0.013163363457282,0.0446969835835083,0.0241957414596958,0.0124891598850059,0.011458103586033,"calcite_flush_8_nondim","TEmean",1271
"3",0.959269578187374,0.860146938834176,0.964281309011897,0.894204489487202,0.954663277806117,0.977500416300795,0.953323515508205,"calcite_flush_8_nondim","FOsd2",1271
"4",0.0239309733332073,0.142185455131813,0.0144776707609706,0.0713282595579473,0.0351838499995887,0.00931697826393983,0.0286029565613856,"calcite_flush_8_nondim","TEsd2",1271
