"","curr_inflow_rate","curr_diffusion_coef","curr_porosity","curr_gypsum_rate_constant","curr_calcite_rate_constant","curr_gypsum_surface_area","curr_calcite_surface_area","output_var","sobol_type","boot_num"
"1",0.0169967005443851,5.19270265829771e-05,-4.07509442664519e-05,0.000573341850889669,0.00192841554178491,6.21841739380507e-05,0.000401704771940557,"calcite_flush_3_nondim","FOmean",1930
"2",0.0169727121193388,8.73372377264475e-05,0.000144466719853038,0.00165230454145839,0.00198889996317376,4.79157754849879e-05,0.000633159114166061,"calcite_flush_3_nondim","TEmean",1930
"3",-7.10616404038682,-7.06694987625522,-6.98046784642352,-6.93200628097466,-5.67597224356834,-6.9757422332773,-6.36313259861442,"calcite_flush_3_nondim","FOsd2",1930
"4",0.146154060938155,0.101916622147881,0.0120176853015749,0.00318015120848034,0.0797690026697049,0.00431850582881565,0.0132494624560366,"calcite_flush_3_nondim","TEsd2",1930
