"","curr_inflow_rate","curr_diffusion_coef","curr_porosity","curr_gypsum_rate_constant","curr_calcite_rate_constant","curr_gypsum_surface_area","curr_calcite_surface_area","output_var","sobol_type","boot_num"
"1",0.205466567064087,-0.00761726589283815,0.00388130405698563,0.018608978155768,0.0791104659397147,0.0134687218868844,-4.16245947839784e-05,"calcite_flush_5_nondim","FOmean",1260
"2",0.24093258473457,0.0166388326515166,0.0230295681002391,0.0708293466192154,0.112142618863843,0.0227394889479637,0.0347739683738953,"calcite_flush_5_nondim","TEmean",1260
"3",-11.7329768118218,-11.5836935548526,-11.6193402508003,-11.5425972589603,-12.4344842547929,-11.6338270246888,-14.5317183651072,"calcite_flush_5_nondim","FOsd2",1260
"4",0.686872048837017,0.601112472543177,0.641743231903767,0.491307444629074,0.410797139474821,0.59568175646888,3.75892232792231,"calcite_flush_5_nondim","TEsd2",1260
