"","curr_inflow_rate","curr_diffusion_coef","curr_porosity","curr_gypsum_rate_constant","curr_calcite_rate_constant","curr_gypsum_surface_area","curr_calcite_surface_area","output_var","sobol_type","boot_num"
"1",0.00155227954900423,-6.6071270508815e-06,0.00147251476878017,0.00624735241914099,9.83651290586917e-07,0.000599238720099023,7.02565442515192e-05,"calcite_flush_7_nondim","FOmean",2254
"2",0.00167396494231585,1.26664132939186e-05,0.00159241892745524,0.00641216013973301,3.52146314476384e-07,0.000629106335110677,6.02683209724358e-05,"calcite_flush_7_nondim","TEmean",2254
"3",0.982916565489015,0.982354949373523,0.981732670124586,0.989196179403471,0.985516453404369,0.981842891055052,0.984497917032181,"calcite_flush_7_nondim","FOsd2",2254
"4",0.002514949234165,0.000305895062330878,0.000730051333659503,0.011705682091973,0.00695611958945124,1.72960134937294e-05,0.00228894471481219,"calcite_flush_7_nondim","TEsd2",2254
