"","curr_inflow_rate","curr_diffusion_coef","curr_porosity","curr_gypsum_rate_constant","curr_calcite_rate_constant","curr_gypsum_surface_area","curr_calcite_surface_area","output_var","sobol_type","boot_num"
"1",0.104223879737241,0.00323669639613448,0.00363900124336643,0.0215711023973308,0.0143318116379592,0.0014176598070885,-0.000311845717179337,"calcite_flush_9_nondim","FOmean",2216
"2",0.136154175777717,0.0116566229418075,0.0175888002227158,0.0310944730342555,0.0290911251042725,0.0080778426956184,0.0194017057067974,"calcite_flush_9_nondim","TEmean",2216
"3",0.69033098715094,-0.0227395351764685,0.790006298719052,0.88317744440287,0.739278918018313,0.88442266396559,0.829601872384491,"calcite_flush_9_nondim","FOsd2",2216
"4",0.844499194408919,1.50438751421018,0.700826491422716,0.662734459221494,0.792324029183974,0.609601917856943,0.33685940353008,"calcite_flush_9_nondim","TEsd2",2216
