"","curr_inflow_rate","curr_diffusion_coef","curr_porosity","curr_gypsum_rate_constant","curr_calcite_rate_constant","curr_gypsum_surface_area","curr_calcite_surface_area","output_var","sobol_type","boot_num"
"1",0.00658918561150541,1.99234854832681e-06,0.00113362043149017,0.00865964112118342,0.000205363007876315,0.00040549211647298,9.52634570206413e-05,"calcite_flush_7_nondim","FOmean",2046
"2",0.00640286929993073,3.86316196479219e-07,0.000964549398109968,0.00904260473860514,5.96528481376679e-05,0.000344171380158325,3.68698805611833e-05,"calcite_flush_7_nondim","TEmean",2046
"3",0.979540245570032,0.976067298792838,0.978625726620448,0.985085933894004,0.980641187444403,0.977475130653876,0.979917377018787,"calcite_flush_7_nondim","FOsd2",2046
"4",0.00351365123775587,0.00073875264165535,0.00105008441669132,0.0150367691375495,0.00816522254666803,9.5260642168774e-05,0.00198873755787966,"calcite_flush_7_nondim","TEsd2",2046
