"","curr_inflow_rate","curr_diffusion_coef","curr_porosity","curr_gypsum_rate_constant","curr_calcite_rate_constant","curr_gypsum_surface_area","curr_calcite_surface_area","output_var","sobol_type","boot_num"
"1",0.118262069323415,0.00202575137249087,0.00527546018515391,0.0269529723471825,0.000275640712634053,0.00455439987026337,0.008967978949346,"calcite_flush_8_nondim","FOmean",1319
"2",0.157901971193414,0.0122114204733647,0.0165487087773748,0.0564271802840455,0.0216738980738933,0.0123417395300057,0.0167668883477537,"calcite_flush_8_nondim","TEmean",1319
"3",0.949676059959249,0.937841583108139,0.94857437407806,0.965340917813191,0.929229564070992,0.967167566722499,0.935648439994161,"calcite_flush_8_nondim","FOsd2",1319
"4",0.174816293621742,0.160676936350106,0.291455340068772,0.332198498031361,0.284664924924411,0.292739931865557,0.253126797952617,"calcite_flush_8_nondim","TEsd2",1319
