"","curr_inflow_rate","curr_diffusion_coef","curr_porosity","curr_gypsum_rate_constant","curr_calcite_rate_constant","curr_gypsum_surface_area","curr_calcite_surface_area","output_var","sobol_type","boot_num"
"1",0.00314922685050644,7.86260247644734e-06,0.00240012485663754,0.00933150033969188,0.000289888613285746,0.00401438361486709,2.50031308194477e-05,"calcite_flush_7_nondim","FOmean",694
"2",0.00284716652252688,1.02094452962695e-05,0.00253812635668337,0.00944068937457092,0.000298161230872197,0.00412583466161044,5.56343653735926e-06,"calcite_flush_7_nondim","TEmean",694
"3",0.985924209416325,0.98397780655408,0.983461561832057,0.98874757827198,0.989887984695125,0.983355976393399,0.9856901922927,"calcite_flush_7_nondim","FOsd2",694
"4",0.00163633272454791,0.000310524045867105,0.00108387920013456,0.00674572253932016,0.00806832834243757,2.42839534018545e-06,0.00325118676683073,"calcite_flush_7_nondim","TEsd2",694
