"","curr_inflow_rate","curr_diffusion_coef","curr_porosity","curr_gypsum_rate_constant","curr_calcite_rate_constant","curr_gypsum_surface_area","curr_calcite_surface_area","output_var","sobol_type","boot_num"
"1",0.000994718225361521,0.000275129618700712,0.00144444902400705,0.00866713610849713,0.000556092447857574,7.84807235851782e-05,2.8017205616474e-05,"calcite_flush_6_nondim","FOmean",2365
"2",0.00100775870965641,0.000170847252511878,0.00119039022426755,0.00867612930613242,0.000508573104435072,0.000179970649203618,6.50985651210077e-05,"calcite_flush_6_nondim","TEmean",2365
"3",0.986042315563068,0.985362717932444,0.985617389336579,0.993411194180274,0.986984261233058,0.985358591326392,0.987528921191776,"calcite_flush_6_nondim","FOsd2",2365
"4",0.00101639908291013,2.83125613326323e-06,0.000272799829785602,0.0095623980238372,0.00268614479730173,2.69017057277488e-05,0.00277032622935645,"calcite_flush_6_nondim","TEsd2",2365
