"","curr_inflow_rate","curr_diffusion_coef","curr_porosity","curr_gypsum_rate_constant","curr_calcite_rate_constant","curr_gypsum_surface_area","curr_calcite_surface_area","output_var","sobol_type","boot_num"
"1",0.00267881675375256,0.000493483682376731,0.00450628880654204,0.0108580530653532,0.0020404687675437,0.0015509069527964,0.0014999488123573,"calcite_flush_7_nondim","FOmean",1942
"2",0.00245151797951448,0.000495097953801163,0.00433495134822331,0.0116750253151821,0.00199693174150655,0.00174086692081833,0.000949708549611374,"calcite_flush_7_nondim","TEmean",1942
"3",0.698875862208022,0.465155153334097,0.649827120941969,-1.63580407505106,0.56998814545845,0.708631421137946,-0.19213640048636,"calcite_flush_7_nondim","FOsd2",1942
"4",0.369528998451761,0.213132528100446,0.418377316471426,1.21433714387831,0.252177619047183,0.433633459895906,0.380505299445759,"calcite_flush_7_nondim","TEsd2",1942
