"","curr_inflow_rate","curr_diffusion_coef","curr_porosity","curr_gypsum_rate_constant","curr_calcite_rate_constant","curr_gypsum_surface_area","curr_calcite_surface_area","output_var","sobol_type","boot_num"
"1",0.237795081417787,-0.0024353532162339,-0.00045973494504927,0.0323139479957841,0.0408243292680879,0.000178886565120075,0.00134028050732531,"calcite_flush_4_nondim","FOmean",1035
"2",0.233493649873281,0.00100160998458039,0.0006790502348213,0.0456564713237096,0.0485142027615626,0.00091071432352089,0.00706054910308395,"calcite_flush_4_nondim","TEmean",1035
"3",-3648473.87254524,-3652493.02003502,-3738651.73229319,-3715366.88299204,-3649023.31087319,-3648567.46244241,-3652455.70572229,"calcite_flush_4_nondim","FOsd2",1035
"4",2307.89390187446,285.130199733875,92468.3382064592,68992.9706579828,2655.85226965219,2352.64335207596,318.654725919447,"calcite_flush_4_nondim","TEsd2",1035
