"","curr_inflow_rate","curr_diffusion_coef","curr_porosity","curr_gypsum_rate_constant","curr_calcite_rate_constant","curr_gypsum_surface_area","curr_calcite_surface_area","output_var","sobol_type","boot_num"
"1",0.0010436216550492,-2.85293804095579e-06,1.29532447038535e-06,5.48018620089236e-05,3.68877997423141e-05,-3.27188267529452e-06,3.56984414056527e-05,"calcite_flush_2_nondim","FOmean",2073
"2",0.0010639716682163,3.95674441174882e-06,1.43114985714466e-05,5.83582338856452e-05,7.4046051111994e-05,7.32052274540244e-06,3.75043789748742e-05,"calcite_flush_2_nondim","TEmean",2073
"3",0.938596086621007,0.862101869498792,0.939746877039825,0.938004554846142,0.942493919499969,0.931805845048036,0.913027832107295,"calcite_flush_2_nondim","FOsd2",2073
"4",0.00490084280619669,0.0715418148520553,0.00497021847583418,0.00509139912800393,0.00354348014749863,0.00376837345255311,0.0323419943403525,"calcite_flush_2_nondim","TEsd2",2073
