"","curr_inflow_rate","curr_diffusion_coef","curr_porosity","curr_gypsum_rate_constant","curr_calcite_rate_constant","curr_gypsum_surface_area","curr_calcite_surface_area","output_var","sobol_type","boot_num"
"1",0.152633496008886,0.00131409100660082,0.00331160081448887,0.017607911045975,0.0264528437373266,0.00097523284695902,0.000476050394033499,"calcite_flush_4_nondim","FOmean",971
"2",0.155616379612276,0.00156998885775515,0.00159022166867882,0.0223339339356648,0.0317167622104195,0.00152237975070493,0.00278005211124321,"calcite_flush_4_nondim","TEmean",971
"3",-0.432538681047836,0.969927110066218,0.974459872191367,0.960466121649792,-0.950304955748558,0.983061055572783,0.922553673553754,"calcite_flush_4_nondim","FOsd2",971
"4",1.43751184713724,0.0135688125617637,0.0157001675545048,0.00741929723463789,1.89145926968585,0.00837540741013709,0.0489478564600026,"calcite_flush_4_nondim","TEsd2",971
