"","curr_inflow_rate","curr_diffusion_coef","curr_porosity","curr_gypsum_rate_constant","curr_calcite_rate_constant","curr_gypsum_surface_area","curr_calcite_surface_area","output_var","sobol_type","boot_num"
"1",0.190331179043189,-0.00187088915406273,0.011572367078817,0.0161817020285361,0.0703016606320421,0.0126212095065045,0.00161116687043568,"calcite_flush_5_nondim","FOmean",1116
"2",0.248201555390952,0.0151648002037282,0.0187497482593567,0.0713796110269621,0.0908272962950885,0.0171167254570932,0.0441990108821923,"calcite_flush_5_nondim","TEmean",1116
"3",-216.143214900405,-1.49661445502835,-8.78882125544591,-1.65412515674882,-0.90841305918134,-14.2911020849737,-48.6557322363292,"calcite_flush_5_nondim","FOsd2",1116
"4",3.18172967909047,175.887570065708,120.411966025102,177.135137096254,163.157882126163,109.670802795054,44.8483256932587,"calcite_flush_5_nondim","TEsd2",1116
