"","curr_inflow_rate","curr_diffusion_coef","curr_porosity","curr_gypsum_rate_constant","curr_calcite_rate_constant","curr_gypsum_surface_area","curr_calcite_surface_area","output_var","sobol_type","boot_num"
"1",0.0169458592554782,1.24057379601953e-05,0.000117674959836464,0.00194656159378247,0.00180966449162513,-1.49864159838004e-05,0.000303998029220161,"calcite_flush_3_nondim","FOmean",1010
"2",0.0171919348513359,5.71554280433862e-05,0.000176095642012319,0.00187618756431014,0.00196046258739126,2.10175424942891e-05,0.000317037305103197,"calcite_flush_3_nondim","TEmean",1010
"3",-2.02569222887685,-1.37082368602386,-1.3577411987484,-1.33449374022648,-1.53598889886516,-1.34497014339866,-1.35369588568404,"calcite_flush_3_nondim","FOsd2",1010
"4",0.706920332556618,0.0174410467075004,0.00483709958107997,0.0133177244861109,0.194039816655178,0.0142465540328343,0.00168835240629175,"calcite_flush_3_nondim","TEsd2",1010
