"","curr_inflow_rate","curr_diffusion_coef","curr_porosity","curr_gypsum_rate_constant","curr_calcite_rate_constant","curr_gypsum_surface_area","curr_calcite_surface_area","output_var","sobol_type","boot_num"
"1",0.0799626041446937,0.00137322229668888,0.00749659216268918,0.0158343809020221,0.00159855823464142,0.000108756364027939,0.00493768846645643,"calcite_flush_8_nondim","FOmean",1367
"2",0.102916210510809,0.00661559740168373,0.0085540639996217,0.0304413371309988,0.0171042153069002,0.00862165151033163,0.0128470993204838,"calcite_flush_8_nondim","TEmean",1367
"3",0.633668938432143,0.920169759693455,0.680631581826383,0.929378804479937,0.380801690145753,0.933187564199489,-0.035655244259134,"calcite_flush_8_nondim","FOsd2",1367
"4",0.294503422229684,0.297923234434843,0.185071977000349,0.253589056683686,0.208042445252239,0.352945789269738,0.443330542606544,"calcite_flush_8_nondim","TEsd2",1367
