"","curr_inflow_rate","curr_diffusion_coef","curr_porosity","curr_gypsum_rate_constant","curr_calcite_rate_constant","curr_gypsum_surface_area","curr_calcite_surface_area","output_var","sobol_type","boot_num"
"1",0.104325617926653,0.00368282410675575,0.00252385545214782,0.0367576376079187,0.00730956443567944,0.000986883485856699,0.0149834892810793,"calcite_flush_8_nondim","FOmean",519
"2",0.130382319513469,0.010525118672522,0.0116433585289981,0.0513275157037448,0.0232018073151713,0.0122061942667475,0.0234720898443893,"calcite_flush_8_nondim","TEmean",519
"3",-161.839374377076,-5.06380238866052,-99.8996369931786,-17.0420150454942,0.463505901055741,-1.20711776853698,-43.2801996771809,"calcite_flush_8_nondim","FOsd2",519
"4",51.6176437133567,18.7220018552858,16.6912009391865,3.15026301062073,35.7771757505572,37.8857352188972,0.504945945497677,"calcite_flush_8_nondim","TEsd2",519
