"","curr_inflow_rate","curr_diffusion_coef","curr_porosity","curr_gypsum_rate_constant","curr_calcite_rate_constant","curr_gypsum_surface_area","curr_calcite_surface_area","output_var","sobol_type","boot_num"
"1",0.00336028482367078,2.04820844961412e-05,2.44608801128389e-05,0.000138855333987699,6.74724214087399e-05,-8.92333926128395e-06,7.56185914818299e-05,"calcite_flush_3_nondim","FOmean",1586
"2",0.0034765857694291,2.76121606734098e-05,4.55340442223849e-05,0.000293720672211034,0.000299906298218663,2.85935451307974e-05,8.60718154259366e-05,"calcite_flush_3_nondim","TEmean",1586
"3",-12.4109293403939,-9436.54987449003,-23.0538449230586,-195653.760813623,-19.7866964869292,-93.0299561912934,-22.8084120016917,"calcite_flush_3_nondim","FOsd2",1586
"4",440.868001933587,5957.56892781917,436.134928037211,177535.001446766,439.905415775768,147.123212176203,394.663077227805,"calcite_flush_3_nondim","TEsd2",1586
