"","curr_inflow_rate","curr_diffusion_coef","curr_porosity","curr_gypsum_rate_constant","curr_calcite_rate_constant","curr_gypsum_surface_area","curr_calcite_surface_area","output_var","sobol_type","boot_num"
"1",0.101690400974047,-0.00377875936837351,0.00391244518004037,0.0327806400342806,0.00571719746789864,0.000286230980291603,0.00910300101081004,"calcite_flush_9_nondim","FOmean",1600
"2",0.128645205593258,0.0095985912688778,0.0119427658305645,0.0584785230992698,0.0224067199370704,0.0194671544510523,0.0192827048621862,"calcite_flush_9_nondim","TEmean",1600
"3",0.33160178835754,-1.08819347051951,-0.118858369138283,-1.17365836280553,-0.801673288112393,-0.648179532304822,0.298444523182991,"calcite_flush_9_nondim","FOsd2",1600
"4",0.736472256947469,1.71414353028845,0.503319408322526,2.26447149319015,1.35840283118927,1.00805690709199,0.665310520304686,"calcite_flush_9_nondim","TEsd2",1600
