"","curr_inflow_rate","curr_diffusion_coef","curr_porosity","curr_gypsum_rate_constant","curr_calcite_rate_constant","curr_gypsum_surface_area","curr_calcite_surface_area","output_var","sobol_type","boot_num"
"1",0.0992426352221285,0.00195961148644565,0.00667029634879302,0.0311055740605201,0.00143493196906635,0.00302126177027216,0.00207923180183668,"calcite_flush_9_nondim","FOmean",1128
"2",0.144615874277422,0.00846053640299532,0.0172609039827138,0.0515698499484418,0.0294014248040369,0.013721777042091,0.016667329485869,"calcite_flush_9_nondim","TEmean",1128
"3",0.183768895172595,0.1942503502514,0.124149248408676,0.148488269264593,0.218536143356574,0.208452751317956,0.199052773009664,"calcite_flush_9_nondim","FOsd2",1128
"4",0.00689047818010283,0.0375313874492011,0.113654121630211,0.109214992064991,0.0218183811341162,0.0308137478338636,0.0167206196764337,"calcite_flush_9_nondim","TEsd2",1128
