"","curr_inflow_rate","curr_diffusion_coef","curr_porosity","curr_gypsum_rate_constant","curr_calcite_rate_constant","curr_gypsum_surface_area","curr_calcite_surface_area","output_var","sobol_type","boot_num"
"1",0.00203829402170803,2.3377563185827e-05,0.00130991006402721,0.00736621096435237,0.000602033579806389,0.000384789000047154,9.94018997888608e-05,"calcite_flush_6_nondim","FOmean",1485
"2",0.00186903219599894,3.38354647050475e-05,0.00153067745188849,0.00760743373453645,0.000503935453920283,0.000350250414399919,0.000177007874626609,"calcite_flush_6_nondim","TEmean",1485
"3",0.987852352505847,0.98669913156671,0.986530253087436,0.994426860028207,0.989065240546736,0.986637261341949,0.987006469408685,"calcite_flush_6_nondim","FOsd2",1485
"4",0.00182597172402671,2.84424091716013e-05,0.000424883577295552,0.0093038303764908,0.00315386127944554,8.01035543610685e-05,0.000511310752405737,"calcite_flush_6_nondim","TEsd2",1485
