"","curr_inflow_rate","curr_diffusion_coef","curr_porosity","curr_gypsum_rate_constant","curr_calcite_rate_constant","curr_gypsum_surface_area","curr_calcite_surface_area","output_var","sobol_type","boot_num"
"1",0.2203393319875,0.0160790510725091,-0.00777449599602872,0.0323485982765766,0.112876720459962,-0.00533014889769908,0.0202964592118707,"calcite_flush_5_nondim","FOmean",1052
"2",0.27078622094375,0.0265114300680819,0.0222470131374754,0.0892601141157898,0.122695786664951,0.0146533412203253,0.0408854490438695,"calcite_flush_5_nondim","TEmean",1052
"3",-0.280785048228837,-0.253220017874368,-0.766173196378899,-0.329408494679835,-0.790725843142764,-21.1976602209013,-0.392368484298985,"calcite_flush_5_nondim","FOsd2",1052
"4",0.308877717763242,0.283600482005987,0.681834150506646,0.560112726330402,0.700384199938181,21.0459492048447,0.362245883046138,"calcite_flush_5_nondim","TEsd2",1052
