"","curr_inflow_rate","curr_diffusion_coef","curr_porosity","curr_gypsum_rate_constant","curr_calcite_rate_constant","curr_gypsum_surface_area","curr_calcite_surface_area","output_var","sobol_type","boot_num"
"1",0.00269718594247943,-5.1341862840498e-06,1.50080279466377e-05,0.000100410754034677,0.000246176742528171,-1.23982937598693e-06,6.90562119248926e-05,"calcite_flush_2_nondim","FOmean",1201
"2",0.00274807171844356,1.40424852852523e-05,2.60665056085566e-05,0.000159814132869805,0.000251768669462853,1.21662760551604e-05,6.51317183387918e-05,"calcite_flush_2_nondim","TEmean",1201
"3",-170.904127119354,-170.840659964278,-170.830518077163,-176.714943388935,-170.902439023776,-170.835396054628,-170.840827168955,"calcite_flush_2_nondim","FOsd2",1201
"4",0.0918860190318023,0.0110408052480526,0.0135335391382244,5.88631195854736,0.0899776764477892,0.00525177415408933,0.0272558691623727,"calcite_flush_2_nondim","TEsd2",1201
