"","curr_inflow_rate","curr_diffusion_coef","curr_porosity","curr_gypsum_rate_constant","curr_calcite_rate_constant","curr_gypsum_surface_area","curr_calcite_surface_area","output_var","sobol_type","boot_num"
"1",0.0718176853777533,0.00443516970964223,0.000223956061307488,0.0280081329259296,-0.00193309151377029,0.000676896590617483,-0.0022936262800776,"calcite_flush_9_nondim","FOmean",1880
"2",0.0888714425596865,0.00737754641531681,0.00726595057494166,0.032219195081118,0.0183813159405532,0.00872307696157133,0.00949803902172849,"calcite_flush_9_nondim","TEmean",1880
"3",0.84219556107796,0.836291039629043,0.828687288496449,0.847389444612522,0.83788532765357,0.843837337349807,0.834920632147586,"calcite_flush_9_nondim","FOsd2",1880
"4",0.0128135736535718,0.00246667818524547,0.00715097412595431,0.0236278066213981,0.0231546507583929,0.0129241799641753,0.0153559698317647,"calcite_flush_9_nondim","TEsd2",1880
