"","curr_inflow_rate","curr_diffusion_coef","curr_porosity","curr_gypsum_rate_constant","curr_calcite_rate_constant","curr_gypsum_surface_area","curr_calcite_surface_area","output_var","sobol_type","boot_num"
"1",0.00145330617804784,4.96537200062857e-06,0.000844905253767981,0.0115653352315792,0.000344844423800444,0.000137043652883896,-1.97474645085987e-05,"calcite_flush_6_nondim","FOmean",1429
"2",0.00130520980670985,2.83099873915776e-05,0.00062466463623618,0.0108525449225357,0.000264396125120611,0.000208876686753372,2.66980120940982e-05,"calcite_flush_6_nondim","TEmean",1429
"3",0.983488619033288,0.980658814220348,0.984160333115766,0.988842599270618,0.985060615007501,0.980684438711192,0.982146321161847,"calcite_flush_6_nondim","FOsd2",1429
"4",0.00213887122386312,3.14539278396772e-05,0.00228435638557445,0.0100430700580295,0.00556461796888494,1.85251927978055e-05,0.00123312231102206,"calcite_flush_6_nondim","TEsd2",1429
