"","curr_inflow_rate","curr_diffusion_coef","curr_porosity","curr_gypsum_rate_constant","curr_calcite_rate_constant","curr_gypsum_surface_area","curr_calcite_surface_area","output_var","sobol_type","boot_num"
"1",0.0943207708634716,3.31437085610557e-06,0.00118626830985134,0.0179684798737776,0.0156645182768898,0.000681237786389171,0.00456271721727896,"calcite_flush_4_nondim","FOmean",2283
"2",0.0952486429078803,0.000386456718969828,0.00149161362759061,0.0152553942987646,0.0155543525056537,0.000758733314600604,0.00392460974748807,"calcite_flush_4_nondim","TEmean",2283
"3",0.399017285706607,0.684495386617916,0.651250571493527,0.690570589063354,0.63791131453828,0.617934816746379,0.681430397014406,"calcite_flush_4_nondim","FOsd2",2283
"4",0.344279253319472,0.00790914212403693,0.0466998580539428,0.0147788867916334,0.0903488932969609,0.0468865888231652,0.0313238937245225,"calcite_flush_4_nondim","TEsd2",2283
