"","curr_inflow_rate","curr_diffusion_coef","curr_porosity","curr_gypsum_rate_constant","curr_calcite_rate_constant","curr_gypsum_surface_area","curr_calcite_surface_area","output_var","sobol_type","boot_num"
"1",0.00448876559506219,-3.84999201352102e-05,6.62753767654775e-05,4.66774371242664e-05,0.000471933699021604,4.18062933363252e-05,3.0895434331412e-05,"calcite_flush_3_nondim","FOmean",1162
"2",0.0046457513843551,2.77054812574237e-05,6.91660008897308e-05,0.000234843510000722,0.000518364042131135,2.14690310661516e-05,0.00010319764788836,"calcite_flush_3_nondim","TEmean",1162
"3",0.938299686021288,0.950333454430367,0.952298213240935,0.95352112533212,0.9393608455501,0.953475778833246,0.949298024318581,"calcite_flush_3_nondim","FOsd2",1162
"4",0.0239085957644837,0.00220130954385749,0.00133957524724362,0.000834211008709446,0.020419385937287,0.00145296804368094,0.00290638428574543,"calcite_flush_3_nondim","TEsd2",1162
