"","curr_inflow_rate","curr_diffusion_coef","curr_porosity","curr_gypsum_rate_constant","curr_calcite_rate_constant","curr_gypsum_surface_area","curr_calcite_surface_area","output_var","sobol_type","boot_num"
"1",0.0606064725746517,-0.00149124354287802,0.00258591502031765,0.0165870247698053,-0.00206214675157773,0.00431529306193923,0.00116006267640555,"calcite_flush_9_nondim","FOmean",1816
"2",0.0900496368728863,0.00404221031760163,0.00723063003725666,0.0294382676048529,0.020892559569334,0.00743675060455515,0.0101543959603968,"calcite_flush_9_nondim","TEmean",1816
"3",0.977715380473111,0.979763849300312,0.979943874960276,0.972376396724245,0.978437868384418,0.927465460183664,0.98309605584842,"calcite_flush_9_nondim","FOsd2",1816
"4",0.00490681640885069,0.00576735929210054,0.00692920705682708,0.012859624070607,0.00585543807599276,0.0579513527385841,0.00372194970682029,"calcite_flush_9_nondim","TEsd2",1816
