"","curr_inflow_rate","curr_diffusion_coef","curr_porosity","curr_gypsum_rate_constant","curr_calcite_rate_constant","curr_gypsum_surface_area","curr_calcite_surface_area","output_var","sobol_type","boot_num"
"1",0.137303076124051,-0.00369977041540438,9.49726636386805e-05,0.0434198329519448,0.00753037787525643,-0.00323118817750701,0.00321494055666153,"calcite_flush_8_nondim","FOmean",2255
"2",0.160900529601349,0.0091207212821326,0.0139040818409626,0.0650598085245801,0.0207577493990321,0.010387932809938,0.0151368039719494,"calcite_flush_8_nondim","TEmean",2255
"3",0.306752104443116,0.88697411939069,-7.42218758145133,-16.3013860328341,0.363139207999562,0.190328927710641,0.750752349708777,"calcite_flush_8_nondim","FOsd2",2255
"4",1.31603374108839,3.62446783683505,1.01805766799248,20.4433975462224,4.09037481150924,1.50733156722685,3.28801203149181,"calcite_flush_8_nondim","TEsd2",2255
