"","curr_inflow_rate","curr_diffusion_coef","curr_porosity","curr_gypsum_rate_constant","curr_calcite_rate_constant","curr_gypsum_surface_area","curr_calcite_surface_area","output_var","sobol_type","boot_num"
"1",0.0826512076826325,-0.00573298221567827,0.00285436996028345,0.0190658859758234,-0.0017757698060626,0.000522930620429351,-0.00116233939790735,"calcite_flush_9_nondim","FOmean",736
"2",0.112969931221266,0.0086689762351716,0.00961516362931887,0.028465655515905,0.0189043813571389,0.00506700175541918,0.0103014336485353,"calcite_flush_9_nondim","TEmean",736
"3",-2.66883311267324,-44.7935216882551,-9.47889282582863,-1.87182743665102,-1.77630074852746,-2.49025090810453,-23.2848702446002,"calcite_flush_9_nondim","FOsd2",736
"4",41.008206019022,0.333009804390563,18.5696696228282,39.4960525052823,41.5500071398213,44.8543077068238,7.88364987119612,"calcite_flush_9_nondim","TEsd2",736
