"","curr_inflow_rate","curr_diffusion_coef","curr_porosity","curr_gypsum_rate_constant","curr_calcite_rate_constant","curr_gypsum_surface_area","curr_calcite_surface_area","output_var","sobol_type","boot_num"
"1",0.121893039575385,0.000600126861701711,-0.000713063622051665,0.020741478313188,0.0182489272073425,0.000530564120758188,0.00409476133730081,"calcite_flush_4_nondim","FOmean",1635
"2",0.128682042246185,0.00113348401279531,0.00138118337680733,0.025406514427052,0.0237736647502255,0.000769289627123088,0.00472675484222813,"calcite_flush_4_nondim","TEmean",1635
"3",0.804669255145608,0.612938750526876,0.667372160762661,0.844481037729995,0.422651918305886,0.764994595095815,0.815451232495501,"calcite_flush_4_nondim","FOsd2",1635
"4",0.171018883833779,0.0623086998243556,0.218529074101538,0.131174256530949,0.500577610457177,0.00863486684715917,0.0965199478331602,"calcite_flush_4_nondim","TEsd2",1635
