"","curr_inflow_rate","curr_diffusion_coef","curr_porosity","curr_gypsum_rate_constant","curr_calcite_rate_constant","curr_gypsum_surface_area","curr_calcite_surface_area","output_var","sobol_type","boot_num"
"1",0.280865894078682,0.00734351723349594,0.00882467711160301,0.0501326224511037,0.0415206557547663,0.0333739168485568,0.0235232064530335,"calcite_flush_5_nondim","FOmean",2260
"2",0.306683809354111,0.0184098236701927,0.0151873455674042,0.0630737167231557,0.096485089934312,0.0264890681936685,0.0385783501313601,"calcite_flush_5_nondim","TEmean",2260
"3",-4.98374550585649,0.691574510238842,0.909376475678332,0.943595504555712,0.811412886200825,0.893138547156995,0.940672909006112,"calcite_flush_5_nondim","FOsd2",2260
"4",6.0885885369772,0.295620342132367,0.0502398328441704,0.0322028133282491,0.105918620323373,0.0709188165687674,0.0246544033357471,"calcite_flush_5_nondim","TEsd2",2260
