"","curr_inflow_rate","curr_diffusion_coef","curr_porosity","curr_gypsum_rate_constant","curr_calcite_rate_constant","curr_gypsum_surface_area","curr_calcite_surface_area","output_var","sobol_type","boot_num"
"1",0.000795196587660074,8.84653813879362e-05,5.99508443082987e-05,0.00431057285739282,7.5121558176218e-05,8.75624363646874e-05,1.13699325610286e-05,"calcite_flush_6_nondim","FOmean",949
"2",0.000750743511659752,6.26418599863482e-05,0.000108636296433621,0.00435018818819916,8.9563027540856e-05,6.31860301503251e-05,4.20879328653715e-06,"calcite_flush_6_nondim","TEmean",949
"3",0.988189091526809,0.986908622453535,0.986933114389481,0.993352826875018,0.99088273641725,0.987159656100303,0.987761928974807,"calcite_flush_6_nondim","FOsd2",949
"4",0.00155234605585389,6.10028594599655e-06,2.36436657387897e-06,0.00660005555568103,0.00391687956710612,7.31560512193253e-05,0.00112955811494922,"calcite_flush_6_nondim","TEsd2",949
