"","curr_inflow_rate","curr_diffusion_coef","curr_porosity","curr_gypsum_rate_constant","curr_calcite_rate_constant","curr_gypsum_surface_area","curr_calcite_surface_area","output_var","sobol_type","boot_num"
"1",0.222644120523287,3.747287684432e-05,-0.0068525503668153,0.0301647401849165,0.0912034631147859,0.00739435372804217,0.0229801284127411,"calcite_flush_5_nondim","FOmean",1436
"2",0.261131269529504,0.019730903705908,0.0215623353442203,0.0769867363458978,0.111626809246161,0.0237372104071022,0.0535187906353734,"calcite_flush_5_nondim","TEmean",1436
"3",-1.0135370234164,-0.808412310797154,-0.778629589648628,-0.793210411882924,-0.797579945993523,-0.876717682160164,-0.929889149081174,"calcite_flush_5_nondim","FOsd2",1436
"4",0.18627289984361,0.0624287026712325,0.0421421047180085,0.0536291792735744,0.0462618224169233,0.100455898622581,0.165695741064052,"calcite_flush_5_nondim","TEsd2",1436
