"","curr_inflow_rate","curr_diffusion_coef","curr_porosity","curr_gypsum_rate_constant","curr_calcite_rate_constant","curr_gypsum_surface_area","curr_calcite_surface_area","output_var","sobol_type","boot_num"
"1",0.0011819277622831,9.25898705568832e-06,0.000493017324627615,0.00236613485878843,0.000432684477989324,0.000365336248063682,0.000151352694248818,"calcite_flush_6_nondim","FOmean",1965
"2",0.00127885851289825,1.23371265082693e-05,0.000510445838597735,0.00261841762890106,0.000487477580939268,0.000343482362413755,0.000155872099526721,"calcite_flush_6_nondim","TEmean",1965
"3",0.989885559517318,0.988510972206721,0.988003591406489,0.991589703912613,0.99046449851872,0.987857223664498,0.989334994238736,"calcite_flush_6_nondim","FOsd2",1965
"4",0.00298972633530163,0.000511050104494397,0.000117793727585965,0.0044688740263902,0.00288109207898846,1.76241187537318e-05,0.00195857246006737,"calcite_flush_6_nondim","TEsd2",1965
