"","curr_inflow_rate","curr_diffusion_coef","curr_porosity","curr_gypsum_rate_constant","curr_calcite_rate_constant","curr_gypsum_surface_area","curr_calcite_surface_area","output_var","sobol_type","boot_num"
"1",0.104345780707963,0.00364679146883707,-0.00176358252789948,0.023305057156698,-0.00433196747860972,-0.00223939599488385,-0.00258335005054241,"calcite_flush_8_nondim","FOmean",2007
"2",0.120686222361166,0.00858040700668347,0.00947192312274876,0.0420690686142635,0.0210241029964868,0.00953180305691587,0.0150675608688707,"calcite_flush_8_nondim","TEmean",2007
"3",0.959259225121903,0.946382047962128,0.894598656786905,0.956910852655383,0.952396088226952,0.950800566201164,0.947348607680616,"calcite_flush_8_nondim","FOsd2",2007
"4",0.148264360831877,0.133666195894348,0.0993796763987727,0.144634784582807,0.148240616568923,0.0806059095813896,0.128284195701373,"calcite_flush_8_nondim","TEsd2",2007
