"","curr_inflow_rate","curr_diffusion_coef","curr_porosity","curr_gypsum_rate_constant","curr_calcite_rate_constant","curr_gypsum_surface_area","curr_calcite_surface_area","output_var","sobol_type","boot_num"
"1",0.00183962597485017,3.14968762151535e-05,0.00159117027633869,0.00813325428355118,0.000169864714707088,0.000309773727014366,0.000175841964938233,"calcite_flush_7_nondim","FOmean",798
"2",0.00216582780660986,5.24980259004565e-05,0.001734680223291,0.00834962587371183,0.000161716862376777,0.000403156718879239,0.000142910509663428,"calcite_flush_7_nondim","TEmean",798
"3",0.987962845375637,0.986679069591363,0.986073334767084,0.991847130738632,0.989883920989469,0.986822289186412,0.98762725181809,"calcite_flush_7_nondim","FOsd2",798
"4",0.00180047302003102,4.78749292209723e-05,0.00135191711876886,0.00725457009520334,0.00529623539779187,0.000148908756897138,0.00162451277226926,"calcite_flush_7_nondim","TEsd2",798
