"","curr_inflow_rate","curr_diffusion_coef","curr_porosity","curr_gypsum_rate_constant","curr_calcite_rate_constant","curr_gypsum_surface_area","curr_calcite_surface_area","output_var","sobol_type","boot_num"
"1",0.196908514899131,-0.000557389463889504,0.00157794847831319,0.0463092905044839,0.0464820791367041,-1.61595510445823e-05,0.00263124139895545,"calcite_flush_4_nondim","FOmean",1643
"2",0.198325201637164,0.000747396080926399,0.000649204548983994,0.0460520737677319,0.0409385002231749,0.000505760292709404,0.00637303549690969,"calcite_flush_4_nondim","TEmean",1643
"3",-6518562.17726848,-1826.47869853134,-80511624.1367315,-3860672.94683748,-15087.2262147338,-40822177.4771041,-8523796.45192901,"calcite_flush_4_nondim","FOsd2",1643
"4",1203227.87057665,13242894.0954087,28332150.6353578,2839932.08733718,13336766.9903806,54144650.8969803,533640.908982616,"calcite_flush_4_nondim","TEsd2",1643
