"","curr_inflow_rate","curr_diffusion_coef","curr_porosity","curr_gypsum_rate_constant","curr_calcite_rate_constant","curr_gypsum_surface_area","curr_calcite_surface_area","output_var","sobol_type","boot_num"
"1",0.00278674219385314,7.6839554824862e-05,0.000578228439129315,0.00610557451765922,0.000531416554891546,0.000752865724921819,0.000143778824716344,"calcite_flush_6_nondim","FOmean",1757
"2",0.00249507165988481,7.68289462480455e-05,0.000750997422694199,0.0066522621029519,0.00055909874427337,0.00105734577135021,7.43988610850717e-05,"calcite_flush_6_nondim","TEmean",1757
"3",0.989141394828905,0.987395828863356,0.987435966237507,0.993890957688773,0.989897382904697,0.987309069101597,0.987832489210232,"calcite_flush_6_nondim","FOsd2",1757
"4",0.00258927130457295,6.13990128785571e-05,0.000550292674861712,0.00716111065902482,0.00328827128601132,3.55958002594091e-07,0.000675864424898695,"calcite_flush_6_nondim","TEsd2",1757
