"","curr_inflow_rate","curr_diffusion_coef","curr_porosity","curr_gypsum_rate_constant","curr_calcite_rate_constant","curr_gypsum_surface_area","curr_calcite_surface_area","output_var","sobol_type","boot_num"
"1",0.127762992778899,-0.00169277735360564,0.00422857888641716,0.0479949502941238,0.00163623296401308,0.0050848416779777,-0.00298385551596234,"calcite_flush_8_nondim","FOmean",1167
"2",0.155714026889638,0.0102767943965359,0.0167080620341677,0.0636961958322312,0.0203764008601986,0.00810529829602936,0.0179002829509438,"calcite_flush_8_nondim","TEmean",1167
"3",-2.59905020785251,-937.675295854667,0.357194337497529,-14.1660912419254,0.421018649092929,-1936.12599941783,-1.2101098287486,"calcite_flush_8_nondim","FOsd2",1167
"4",4.76948853407878,866.727757678261,1.94708443796556,16.7090798386581,2.1643918457676,1835.10782027704,0.848524116565459,"calcite_flush_8_nondim","TEsd2",1167
