"","curr_inflow_rate","curr_diffusion_coef","curr_porosity","curr_gypsum_rate_constant","curr_calcite_rate_constant","curr_gypsum_surface_area","curr_calcite_surface_area","output_var","sobol_type","boot_num"
"1",0.107489944433225,0.00514440951547685,0.000393234475657078,0.0521573143320936,-0.00732819174798628,-0.00609888819239461,-0.00591075952439308,"calcite_flush_9_nondim","FOmean",1720
"2",0.164993676731121,0.0123659426633696,0.0212828619436799,0.0745753210866496,0.0281447663679406,0.00969202145717019,0.0191537584906546,"calcite_flush_9_nondim","TEmean",1720
"3",-17.5469108350127,-18.1413660174903,-40.6014606873948,-21.3488448508671,-22.7875346228447,-17.6224906309666,-223.015977942592,"calcite_flush_9_nondim","FOsd2",1720
"4",0.985429808377305,1.56403812491783,23.7143713249004,4.36111793919814,5.39355770404249,1.01113200028564,178.233592320367,"calcite_flush_9_nondim","TEsd2",1720
