"","curr_inflow_rate","curr_diffusion_coef","curr_porosity","curr_gypsum_rate_constant","curr_calcite_rate_constant","curr_gypsum_surface_area","curr_calcite_surface_area","output_var","sobol_type","boot_num"
"1",0.0761738138729715,-0.00304147327246595,0.00465684082480637,0.0179307853515388,0.00345699067002274,-0.00159021447237955,-0.00122570697511441,"calcite_flush_9_nondim","FOmean",1080
"2",0.0962802321868271,0.00856986081708846,0.00869199777632483,0.0359544011880159,0.0216572705098184,0.00656041208078778,0.0151020127333668,"calcite_flush_9_nondim","TEmean",1080
"3",0.522392326589998,0.618677499251405,0.590013422408168,0.60460141827046,0.585596353974044,0.634927529278813,0.625966523424209,"calcite_flush_9_nondim","FOsd2",1080
"4",0.0576736568705022,0.0827182090434871,0.00395780982768303,0.106768042668901,0.00588798735975815,0.0655034272605355,0.0202221460743133,"calcite_flush_9_nondim","TEsd2",1080
