"","curr_inflow_rate","curr_diffusion_coef","curr_porosity","curr_gypsum_rate_constant","curr_calcite_rate_constant","curr_gypsum_surface_area","curr_calcite_surface_area","output_var","sobol_type","boot_num"
"1",0.112519044003938,-0.00123678453608686,0.00553511243275042,0.0417552735812265,0.000816076813094604,-0.00124668005856168,0.00135643231139417,"calcite_flush_8_nondim","FOmean",1991
"2",0.158595844720809,0.013292418612531,0.0149509692792126,0.0688581483710807,0.0245789446395253,0.00750518905565138,0.0156758732345775,"calcite_flush_8_nondim","TEmean",1991
"3",-3.83444396704437,-0.677869598405128,0.686061872811549,-6.74983439875562,-9.20862510660792,0.686557001574574,0.663183054400155,"calcite_flush_8_nondim","FOsd2",1991
"4",4.8757624275071,11.7073737477718,10.7289025548066,0.367114762131444,0.116488103531215,10.7614462746973,10.7181643600474,"calcite_flush_8_nondim","TEsd2",1991
