"","curr_inflow_rate","curr_diffusion_coef","curr_porosity","curr_gypsum_rate_constant","curr_calcite_rate_constant","curr_gypsum_surface_area","curr_calcite_surface_area","output_var","sobol_type","boot_num"
"1",0.208410449199157,0.00673015634688758,0.00998378674923615,0.050845286775371,0.0747600143159801,-0.0114607511303031,0.0279776172917181,"calcite_flush_5_nondim","FOmean",1068
"2",0.25380809210608,0.0131598294685461,0.0206010595334511,0.0672263753222143,0.0860754957638639,0.032550333889452,0.050824006815452,"calcite_flush_5_nondim","TEmean",1068
"3",0.543847723026117,0.890085574717341,0.900481642071339,0.858200917399094,0.911706572621134,0.890939642105053,0.703641687513613,"calcite_flush_5_nondim","FOsd2",1068
"4",0.434915866877729,0.0517814618879552,0.08022388597701,0.0601861655938991,0.0492739212008705,0.048941131957755,0.215027750343754,"calcite_flush_5_nondim","TEsd2",1068
