"","curr_inflow_rate","curr_diffusion_coef","curr_porosity","curr_gypsum_rate_constant","curr_calcite_rate_constant","curr_gypsum_surface_area","curr_calcite_surface_area","output_var","sobol_type","boot_num"
"1",0.00130029737414887,0.00012063664464996,0.00607569971457189,0.0113746114441416,0.000830752121014974,0.00153605400909018,0.000332407832304553,"calcite_flush_7_nondim","FOmean",838
"2",0.00126531585832229,0.000172179004739482,0.00593565069302063,0.0113980887365905,0.000859731136095775,0.00129040280387439,0.000320644620659855,"calcite_flush_7_nondim","TEmean",838
"3",0.221229302784019,0.309346516057317,0.198958445422755,-8.43243033915932,0.257328689806918,0.478770477329446,-0.0896553031865901,"calcite_flush_7_nondim","FOsd2",838
"4",0.964801260003,0.124736819852025,0.671362455982337,7.01110681075199,0.700628925211828,0.367232863850365,0.169495088859677,"calcite_flush_7_nondim","TEsd2",838
