"","curr_inflow_rate","curr_diffusion_coef","curr_porosity","curr_gypsum_rate_constant","curr_calcite_rate_constant","curr_gypsum_surface_area","curr_calcite_surface_area","output_var","sobol_type","boot_num"
"1",0.0768936466314519,-7.30189692005051e-05,-0.000287479746516807,0.0132804337553517,0.0115969434340226,-0.000581318489340282,0.00226046596528532,"calcite_flush_4_nondim","FOmean",1339
"2",0.0812668209418603,0.000619376028615662,0.000801441450711993,0.0159982797151839,0.0170781010179181,0.000986592807090706,0.00330873149349085,"calcite_flush_4_nondim","TEmean",1339
"3",-22.0431757519338,-14.7387719535726,-14.3373556748754,-13.9420461876456,-13.9191133385427,-14.2966914423725,-14.0192729170843,"calcite_flush_4_nondim","FOsd2",1339
"4",8.58503185755479,0.404632844651337,0.923364088260027,0.471449960551004,0.323854990014391,0.408952398297284,0.153055234094285,"calcite_flush_4_nondim","TEsd2",1339
