"","curr_inflow_rate","curr_diffusion_coef","curr_porosity","curr_gypsum_rate_constant","curr_calcite_rate_constant","curr_gypsum_surface_area","curr_calcite_surface_area","output_var","sobol_type","boot_num"
"1",0.00554659834513333,-1.4001694320751e-05,9.66121245296581e-05,0.000381629271109701,0.000776756403071625,3.83854944942662e-06,8.11901022379007e-05,"calcite_flush_3_nondim","FOmean",1898
"2",0.00575859011857841,3.36108084428303e-05,0.000136313538478978,0.000490881279194413,0.000706498020841698,1.7265686364469e-05,0.000100670594908551,"calcite_flush_3_nondim","TEmean",1898
"3",-18.10587817171,-4.25691495599664,-107.080135747477,-1.0983539186453,-45.5633187536053,-58.6244415005929,-27.3367994264608,"calcite_flush_3_nondim","FOsd2",1898
"4",23.6210357067535,3.00383969014998,82.0920878913782,1.81382122861656,51.2129001807566,60.8573014900761,11.4027662425494,"calcite_flush_3_nondim","TEsd2",1898
