"","curr_inflow_rate","curr_diffusion_coef","curr_porosity","curr_gypsum_rate_constant","curr_calcite_rate_constant","curr_gypsum_surface_area","curr_calcite_surface_area","output_var","sobol_type","boot_num"
"1",0.238215363451819,0.00990394072888292,0.011419552985092,0.0233085827890799,0.0712359497015675,-0.0117798756036373,-0.000392078956763822,"calcite_flush_5_nondim","FOmean",2044
"2",0.274786236857446,0.0153507047467689,0.0146922389718697,0.0651506945930506,0.114328139761245,0.0152587899822033,0.0404466355170489,"calcite_flush_5_nondim","TEmean",2044
"3",0.595912710071385,-0.3029436293132,0.599321073272791,0.546020567371677,0.572811095387435,0.638598664769243,0.512284106474971,"calcite_flush_5_nondim","FOsd2",2044
"4",0.0790814230124289,0.951417223683618,0.136574713016009,0.19506317566387,0.109621708818458,0.0807728640520203,0.173492787504602,"calcite_flush_5_nondim","TEsd2",2044
