"","curr_inflow_rate","curr_diffusion_coef","curr_porosity","curr_gypsum_rate_constant","curr_calcite_rate_constant","curr_gypsum_surface_area","curr_calcite_surface_area","output_var","sobol_type","boot_num"
"1",0.00186640424058428,2.84727175597054e-06,3.23252750490467e-06,9.85454865911202e-05,0.000135892756945925,6.23204970353307e-06,1.5488256137698e-05,"calcite_flush_2_nondim","FOmean",2065
"2",0.0019327283087465,1.98167536287753e-06,1.54094832130272e-05,0.000117727226884833,0.000129408374293786,9.03228239189878e-06,4.25547133159086e-05,"calcite_flush_2_nondim","TEmean",2065
"3",0.992744965123934,0.966536312698142,0.962089518014512,0.999155910782434,0.944571534304084,0.978681665964929,0.936972895016055,"calcite_flush_2_nondim","FOsd2",2065
"4",0.0204948162417997,0.00140315329652544,0.00583291089844367,0.0155348430163737,0.0751491618450372,5.25879440902957e-05,0.0575345350628464,"calcite_flush_2_nondim","TEsd2",2065
