"","curr_inflow_rate","curr_diffusion_coef","curr_porosity","curr_gypsum_rate_constant","curr_calcite_rate_constant","curr_gypsum_surface_area","curr_calcite_surface_area","output_var","sobol_type","boot_num"
"1",0.00115812574999214,5.39061295439933e-06,0.000710421298864412,0.00572394256285304,-8.82875404507611e-06,0.000474037474204836,0.000186794316512524,"calcite_flush_6_nondim","FOmean",1349
"2",0.00121216910036112,3.03235386980393e-05,0.000697508540446634,0.00560967294202657,6.17423168965206e-06,0.000348768599988244,0.000213957098570804,"calcite_flush_6_nondim","TEmean",1349
"3",0.98349185858258,0.979470502560638,0.979554049526721,0.985934569864204,0.98632837538598,0.979238015664911,0.979370423278457,"calcite_flush_6_nondim","FOsd2",1349
"4",0.0054390850768224,0.000340882708556583,0.000431337197186762,0.00607278031477443,0.00702844931817562,0.000599788993252414,0.00155692161192306,"calcite_flush_6_nondim","TEsd2",1349
