"","curr_inflow_rate","curr_diffusion_coef","curr_porosity","curr_gypsum_rate_constant","curr_calcite_rate_constant","curr_gypsum_surface_area","curr_calcite_surface_area","output_var","sobol_type","boot_num"
"1",0.00203042740788231,9.36030355051749e-06,0.00108722128277514,0.00627028508241821,0.000226934323729442,0.000229039315540434,0.000333703127491028,"calcite_flush_6_nondim","FOmean",1533
"2",0.0020039285114551,2.39834798464857e-05,0.00124396858980791,0.0059233000705515,0.000136698164845988,0.000159578472613917,0.000305520910930467,"calcite_flush_6_nondim","TEmean",1533
"3",0.985713172228398,0.984217293457741,0.984696301191884,0.992541710275499,0.986268963300089,0.98398584238672,0.984808777458425,"calcite_flush_6_nondim","FOsd2",1533
"4",0.00150743352152392,0.000220863663935618,0.00105266250642284,0.0102650039449456,0.00370358905205663,6.80526939743258e-06,0.00115564064055315,"calcite_flush_6_nondim","TEsd2",1533
