"","curr_inflow_rate","curr_diffusion_coef","curr_porosity","curr_gypsum_rate_constant","curr_calcite_rate_constant","curr_gypsum_surface_area","curr_calcite_surface_area","output_var","sobol_type","boot_num"
"1",0.0023296768952668,7.46155982739823e-05,0.00221862786344481,0.0114024261635541,0.00103951121984505,0.00165876628417365,0.000383116162393088,"calcite_flush_7_nondim","FOmean",374
"2",0.00208942216625802,9.36119190561242e-05,0.00212379901315076,0.0113395504640415,0.00103553464299858,0.00153889319706655,0.000481226975862083,"calcite_flush_7_nondim","TEmean",374
"3",0.831695152718216,0.717379288273027,0.839586103020597,0.609805182449141,0.808204999925597,0.618745617667027,0.789257755827235,"calcite_flush_7_nondim","FOsd2",374
"4",0.145304054302337,0.0770065335686226,0.0491756653002851,0.184180132799413,0.0888718898035926,0.101469097483758,0.030997256571181,"calcite_flush_7_nondim","TEsd2",374
