"","curr_inflow_rate","curr_diffusion_coef","curr_porosity","curr_gypsum_rate_constant","curr_calcite_rate_constant","curr_gypsum_surface_area","curr_calcite_surface_area","output_var","sobol_type","boot_num"
"1",0.00302410126879147,3.1005813021237e-07,0.000962936257956179,0.0045795126757277,0.000446609143429069,0.000938725690546253,0.000160422054597774,"calcite_flush_6_nondim","FOmean",1677
"2",0.00273996590351216,2.93516789106756e-07,0.000900950977349187,0.00471226754087936,0.000427641818143441,0.000999320101299833,0.000217715879209878,"calcite_flush_6_nondim","TEmean",1677
"3",0.978601261401474,0.973905679169049,0.974396061536792,0.98405225318609,0.977542357239717,0.973963905576508,0.977528014654183,"calcite_flush_6_nondim","FOsd2",1677
"4",0.007849278698006,0.000135146439556903,0.000533124202911675,0.0101219556187101,0.0088750567324864,0.000110659667570933,0.00322888412491066,"calcite_flush_6_nondim","TEsd2",1677
