"","curr_inflow_rate","curr_diffusion_coef","curr_porosity","curr_gypsum_rate_constant","curr_calcite_rate_constant","curr_gypsum_surface_area","curr_calcite_surface_area","output_var","sobol_type","boot_num"
"1",0.087749765064549,0.00672278887743399,0.00659765675418837,0.0360915604571238,0.00594166886914323,-0.00467175462003643,0.0063677693445807,"calcite_flush_9_nondim","FOmean",920
"2",0.124719904487755,0.0102432350636799,0.0126388899070068,0.045622981635124,0.0260069860904317,0.00770419672679305,0.0155336730441092,"calcite_flush_9_nondim","TEmean",920
"3",0.945231744342331,0.958593573248121,0.938847346252254,0.922184666172585,0.953854198660499,0.941884944276332,0.928066484428445,"calcite_flush_9_nondim","FOsd2",920
"4",0.0137478109665485,0.0174079864316902,0.0396449173480735,0.0808710584947943,0.0542893823622515,0.0557217065958042,0.0427630620468826,"calcite_flush_9_nondim","TEsd2",920
