"","curr_inflow_rate","curr_diffusion_coef","curr_porosity","curr_gypsum_rate_constant","curr_calcite_rate_constant","curr_gypsum_surface_area","curr_calcite_surface_area","output_var","sobol_type","boot_num"
"1",4.93131735537105e-05,1.22148351165105e-05,0.000125930827635409,0.0025525816254938,0.000204596876810487,0.00012005136074768,0.000137812708412209,"calcite_flush_6_nondim","FOmean",1053
"2",5.31668229071527e-05,2.7896506346616e-05,0.000100217207433126,0.00244115350985158,0.000269732279765347,0.00011624425249542,0.000110867580800126,"calcite_flush_6_nondim","TEmean",1053
"3",0.999933099503466,0.999928347116574,0.999929980782121,0.999975338297272,0.999941985379069,0.999928566487653,0.999928068555678,"calcite_flush_6_nondim","FOsd2",1053
"4",4.95014191554721e-06,2.14691786024274e-07,3.35823212830109e-06,4.94376112732233e-05,1.44066307477886e-05,7.77714071107979e-07,1.13105629650365e-06,"calcite_flush_6_nondim","TEsd2",1053
