"","curr_inflow_rate","curr_diffusion_coef","curr_porosity","curr_gypsum_rate_constant","curr_calcite_rate_constant","curr_gypsum_surface_area","curr_calcite_surface_area","output_var","sobol_type","boot_num"
"1",0.255170064398687,0.00117436194829795,0.00090665468903484,0.00310959391434588,0.092975156643445,0.0040973452009379,0.00856485042241964,"calcite_flush_5_nondim","FOmean",1820
"2",0.309778755611055,0.022727497753449,0.0228750649539102,0.0591510267445538,0.114271217340894,0.0182105617157532,0.032574108073578,"calcite_flush_5_nondim","TEmean",1820
"3",0.643101277493999,0.765575631936718,0.801332206563071,0.637120891724733,0.765202923352475,-0.869131311440868,0.742600087907888,"calcite_flush_5_nondim","FOsd2",1820
"4",0.253476437079313,0.117335617520995,0.0871771832749634,0.203301456427155,0.0452296105264932,1.45747689337092,0.108866924305869,"calcite_flush_5_nondim","TEsd2",1820
