"","curr_inflow_rate","curr_diffusion_coef","curr_porosity","curr_gypsum_rate_constant","curr_calcite_rate_constant","curr_gypsum_surface_area","curr_calcite_surface_area","output_var","sobol_type","boot_num"
"1",0.00180015601462239,4.39026485133028e-05,0.000648363663461158,0.00380718989922503,0.00025101591738667,0.000360918603508,5.96682636107794e-05,"calcite_flush_7_nondim","FOmean",1350
"2",0.0018719838650526,3.32017294481313e-05,0.000617653878414903,0.00412053157402485,0.000183046552529796,0.000354729580074897,4.95758706855422e-05,"calcite_flush_7_nondim","TEmean",1350
"3",0.986491592777002,0.985736189372874,0.985579605111536,0.99435757271234,0.986745071557858,0.985345076527507,0.986253062273271,"calcite_flush_7_nondim","FOsd2",1350
"4",0.00276017462330138,0.000127075209288344,0.0014950048209411,0.0113219338244326,0.00192931117759999,0.000226917890687501,0.000688433575805321,"calcite_flush_7_nondim","TEsd2",1350
