"","curr_inflow_rate","curr_diffusion_coef","curr_porosity","curr_gypsum_rate_constant","curr_calcite_rate_constant","curr_gypsum_surface_area","curr_calcite_surface_area","output_var","sobol_type","boot_num"
"1",0.0213748264671248,2.05147992010242e-05,-4.76134945217237e-05,0.00079466976161535,0.00277415300964293,0.000154123205979037,0.000599330748793004,"calcite_flush_3_nondim","FOmean",866
"2",0.0208393772785337,0.000113593441269127,0.000168055181553271,0.00120645303680056,0.00209729855716257,0.000134534765007563,0.000581501454260038,"calcite_flush_3_nondim","TEmean",866
"3",-2.0536383697667,-1.22455493404396,-1.25881868835929,-1.4251941261641,-2.88816408573621,-1.25648372295316,-8.84680339855838,"calcite_flush_3_nondim","FOsd2",866
"4",1.15613061363879,0.68310400818047,0.94779119857244,0.325976451205291,2.13440756137821,0.48672060314769,3.88657159567616,"calcite_flush_3_nondim","TEsd2",866
