"","curr_inflow_rate","curr_diffusion_coef","curr_porosity","curr_gypsum_rate_constant","curr_calcite_rate_constant","curr_gypsum_surface_area","curr_calcite_surface_area","output_var","sobol_type","boot_num"
"1",0.205524222212827,0.00320880031305058,0.00358970745764704,0.0381020781306358,0.0159326694517634,0.00655848127869314,0.0370510428763083,"calcite_flush_5_nondim","FOmean",1380
"2",0.269129935561544,0.0168747558990819,0.0174895843517779,0.10117590746105,0.0973820842044177,0.0269414749112721,0.0433695027482894,"calcite_flush_5_nondim","TEmean",1380
"3",-3.49763937264243,-3.73229348972266,-3.20379287504188,-2.96459910689234,-2.74835900148099,-7.94348825961668,-3.12742341783017,"calcite_flush_5_nondim","FOsd2",1380
"4",1.05467473517023,0.714238402326773,0.164762110098312,0.853697387701648,0.636275807056514,4.30415266400521,0.614908272185296,"calcite_flush_5_nondim","TEsd2",1380
