"","curr_inflow_rate","curr_diffusion_coef","curr_porosity","curr_gypsum_rate_constant","curr_calcite_rate_constant","curr_gypsum_surface_area","curr_calcite_surface_area","output_var","sobol_type","boot_num"
"1",0.109122067136123,0.00194277395261346,0.000939232037293657,0.0259121755078223,0.0193827534534903,0.000560020375951094,0.00547523494770749,"calcite_flush_4_nondim","FOmean",1699
"2",0.116420044394617,0.000540609330389875,0.00127648089096073,0.0269888097427958,0.022122940013241,0.000311138114939308,0.00995026817991346,"calcite_flush_4_nondim","TEmean",1699
"3",0.806260205333604,0.468003626403286,-21.6250407845043,-72.3558925404919,-0.0630739830565679,0.3665520054584,0.846726693695627,"calcite_flush_4_nondim","FOsd2",1699
"4",0.814548104949046,0.274286028780576,20.8321614708641,61.5173988472802,1.00031344032986,0.613378210898611,0.735450191086102,"calcite_flush_4_nondim","TEsd2",1699
