"","curr_inflow_rate","curr_diffusion_coef","curr_porosity","curr_gypsum_rate_constant","curr_calcite_rate_constant","curr_gypsum_surface_area","curr_calcite_surface_area","output_var","sobol_type","boot_num"
"1",0.0492679582006711,0.000266258813952925,0.00896895815712495,0.0137414920018341,-0.00215834612090434,0.00143342937952926,0.00767806468601534,"calcite_flush_9_nondim","FOmean",1328
"2",0.0703531909704647,0.00468866671934657,0.00785997525029095,0.0223155422766969,0.0152924111384404,0.00642692348231585,0.0107398376419043,"calcite_flush_9_nondim","TEmean",1328
"3",0.93442713707598,0.960935855794511,0.979576749620286,0.955240127848174,0.646808804534897,0.875287097051235,0.917570846681577,"calcite_flush_9_nondim","FOsd2",1328
"4",0.0821746302494638,0.0422225913437709,0.0522602528545443,0.0505868219245678,0.363619015135456,0.0404159440413646,0.0754021848184636,"calcite_flush_9_nondim","TEsd2",1328
