"","curr_inflow_rate","curr_diffusion_coef","curr_porosity","curr_gypsum_rate_constant","curr_calcite_rate_constant","curr_gypsum_surface_area","curr_calcite_surface_area","output_var","sobol_type","boot_num"
"1",0.000809162047477352,6.50553755065419e-05,0.000360472014883704,0.00240873679046012,0.000346692904259181,0.000221660664809863,5.50523077302412e-05,"calcite_flush_6_nondim","FOmean",1405
"2",0.000869667765534469,4.5263267606188e-05,0.000354824821233886,0.00238883983142367,0.000310362384329143,0.00031807669617866,1.63495609623197e-05,"calcite_flush_6_nondim","TEmean",1405
"3",0.987411121798175,0.984950821359259,0.984830427557408,0.993748545987136,0.987430985931299,0.984901487434984,0.986048774944998,"calcite_flush_6_nondim","FOsd2",1405
"4",0.00263756311372528,1.28888324552755e-05,0.000296732535728387,0.00912504454271645,0.00318700344991244,3.05065093361039e-06,0.00139848336104127,"calcite_flush_6_nondim","TEsd2",1405
