"","curr_inflow_rate","curr_diffusion_coef","curr_porosity","curr_gypsum_rate_constant","curr_calcite_rate_constant","curr_gypsum_surface_area","curr_calcite_surface_area","output_var","sobol_type","boot_num"
"1",0.00809994720055304,0.000119098684585094,-5.17470249016371e-05,0.00069624526932968,0.00112456772361099,5.87527635263899e-05,0.000135139269836134,"calcite_flush_2_nondim","FOmean",2217
"2",0.00840612701969512,0.000100819881425695,7.33830795712999e-05,0.00106819006597057,0.00232729248450909,4.95219270953924e-05,0.000208717964733672,"calcite_flush_2_nondim","TEmean",2217
"3",-114060455393214,-14105361391745.3,-14113751710548,-14105332764732,-14137245521586.2,-14106790207486.5,-14134250555697.8,"calcite_flush_2_nondim","FOsd2",2217
"4",99937950970103,1166350370.8491,3192851154.8432,1245688105.88887,33163390141.9271,164489647.237463,19074414778.0271,"calcite_flush_2_nondim","TEsd2",2217
