"","curr_inflow_rate","curr_diffusion_coef","curr_porosity","curr_gypsum_rate_constant","curr_calcite_rate_constant","curr_gypsum_surface_area","curr_calcite_surface_area","output_var","sobol_type","boot_num"
"1",0.00725487015714202,3.45917854584639e-05,-3.38784730151052e-06,0.000561618778961403,0.000860260146285106,2.56469132396527e-05,0.000195136089909635,"calcite_flush_3_nondim","FOmean",1018
"2",0.00729299410155311,3.63360875280435e-05,3.66448999406454e-05,0.000622658957900114,0.00115662450099062,2.37447172260656e-05,0.000319748312855823,"calcite_flush_3_nondim","TEmean",1018
"3",0.994542550931556,0.991513847528036,0.997458820184112,0.98760726778965,0.950173944098802,0.993334797765121,0.971334969313155,"calcite_flush_3_nondim","FOsd2",1018
"4",0.00727715811621768,0.00924030796949623,0.00178939035073732,0.00610339987535221,0.0480735143999707,0.000126453407642564,0.0244550440513053,"calcite_flush_3_nondim","TEsd2",1018
