"","curr_inflow_rate","curr_diffusion_coef","curr_porosity","curr_gypsum_rate_constant","curr_calcite_rate_constant","curr_gypsum_surface_area","curr_calcite_surface_area","output_var","sobol_type","boot_num"
"1",0.0124629905595148,1.20931691724379e-05,3.08949638644035e-05,0.000762563989446433,0.00117036899193193,4.80420342091193e-05,0.000430669390446445,"calcite_flush_3_nondim","FOmean",1210
"2",0.0123919511231961,9.12339587339807e-05,0.000163328436242163,0.00137648070398174,0.00158591900991702,4.39171807730148e-05,0.000409287944023046,"calcite_flush_3_nondim","TEmean",1210
"3",0.963467232992408,0.988743231725314,0.98660736232175,0.987244283554776,0.97587918399236,0.987400464413243,0.985265419306998,"calcite_flush_3_nondim","FOsd2",1210
"4",0.0297991404982075,0.000675730084661205,0.00187217168630726,0.000226052376729053,0.0150594181373163,0.000644762789226687,0.000916702610618754,"calcite_flush_3_nondim","TEsd2",1210
