"","curr_inflow_rate","curr_diffusion_coef","curr_porosity","curr_gypsum_rate_constant","curr_calcite_rate_constant","curr_gypsum_surface_area","curr_calcite_surface_area","output_var","sobol_type","boot_num"
"1",0.16997533936938,-0.0051899309636091,0.00199601678927037,0.0349147058716927,0.016460076736003,0.00906385404359314,0.00157473531485515,"calcite_flush_8_nondim","FOmean",2343
"2",0.202850823941832,0.013942546982965,0.0171441326304118,0.0583688712987968,0.0309040368317931,0.0105144132407372,0.0265185191117348,"calcite_flush_8_nondim","TEmean",2343
"3",0.954232960451736,0.880069237310623,0.918543714695993,0.910230275660645,0.89839452896323,0.945120912481667,0.746142299290963,"calcite_flush_8_nondim","FOsd2",2343
"4",0.00902880733102652,0.0527833233724359,0.0328851745730077,0.0895871159336385,0.0707374928389157,0.0144184409797657,0.203193226025628,"calcite_flush_8_nondim","TEsd2",2343
