"","curr_inflow_rate","curr_diffusion_coef","curr_porosity","curr_gypsum_rate_constant","curr_calcite_rate_constant","curr_gypsum_surface_area","curr_calcite_surface_area","output_var","sobol_type","boot_num"
"1",0.00397240394478866,2.71806153888646e-05,2.92078119327466e-05,0.000225387598177575,0.000305608786858623,1.8801651708681e-06,4.48896566117779e-05,"calcite_flush_3_nondim","FOmean",1434
"2",0.00388102119708007,1.39955592938507e-05,4.6504861503043e-05,0.000240985384100636,0.000313730815258879,1.73609381630232e-05,5.11948457047377e-05,"calcite_flush_3_nondim","TEmean",1434
"3",0.997116433010297,0.997771454475874,0.957263130863092,0.991069176421633,0.99336879608855,0.997486397052793,0.967403763601899,"calcite_flush_3_nondim","FOsd2",1434
"4",0.00262017229828814,0.0034144497752169,0.0177151726774341,0.000401487705830925,0.00845881023688416,0.00223140772769316,0.0113126085172259,"calcite_flush_3_nondim","TEsd2",1434
