"","curr_inflow_rate","curr_diffusion_coef","curr_porosity","curr_gypsum_rate_constant","curr_calcite_rate_constant","curr_gypsum_surface_area","curr_calcite_surface_area","output_var","sobol_type","boot_num"
"1",0.0758966892796736,-0.00583764658148927,0.00274852574446639,0.0183010162979191,-0.00141728453156697,-0.002447429866192,0.00378514407989896,"calcite_flush_8_nondim","FOmean",983
"2",0.105434931781137,0.00552364567054157,0.00893419057885684,0.0415761130825033,0.021459936973332,0.00683754928542374,0.013680138036064,"calcite_flush_8_nondim","TEmean",983
"3",0.929854272770232,0.940451367073333,0.940108114716382,0.902533413362613,0.944799936917698,0.944291694314049,0.928163105737674,"calcite_flush_8_nondim","FOsd2",983
"4",0.021736478408899,0.0199695582051032,0.015962835529512,0.0692642598413642,0.0275554401149596,0.0144533998040371,0.0245538075658168,"calcite_flush_8_nondim","TEsd2",983
