"","curr_inflow_rate","curr_diffusion_coef","curr_porosity","curr_gypsum_rate_constant","curr_calcite_rate_constant","curr_gypsum_surface_area","curr_calcite_surface_area","output_var","sobol_type","boot_num"
"1",0.00508345967331102,4.23182774523314e-06,-1.83930389345809e-05,0.000255166953495554,0.000523539540155861,2.03722551652648e-05,0.000180054767474293,"calcite_flush_2_nondim","FOmean",521
"2",0.00506602274804686,3.63846101342734e-05,8.66198319487406e-05,0.000267105015209916,0.000490749482472063,6.37927301097102e-05,0.000215523049721457,"calcite_flush_2_nondim","TEmean",521
"3",0.0019100199588068,0.812281957835582,0.971481303947738,-0.979438153501273,0.956543235808173,0.992000384709306,-30.5369342884977,"calcite_flush_2_nondim","FOsd2",521
"4",1.85337979319679,0.60158887650791,0.723749377636022,0.252363762296491,0.897627481041506,0.84384608485277,22.0031675525853,"calcite_flush_2_nondim","TEsd2",521
