"","curr_inflow_rate","curr_diffusion_coef","curr_porosity","curr_gypsum_rate_constant","curr_calcite_rate_constant","curr_gypsum_surface_area","curr_calcite_surface_area","output_var","sobol_type","boot_num"
"1",0.0805368137288902,0.00968641728080193,0.0025317713551503,0.022883048885342,0.00988337440205409,0.00357390133611038,0.00540479332126415,"calcite_flush_9_nondim","FOmean",968
"2",0.105904235590836,0.00900341375427653,0.00985004428522107,0.0355137276737821,0.0204323054533822,0.006718819729502,0.0119162393845527,"calcite_flush_9_nondim","TEmean",968
"3",-59.8246939622284,-7.27381740339113,-5.42732752569394,-773.129668030423,-2.56487444346203,-4.3749513145878,-1.03600125334071,"calcite_flush_9_nondim","FOsd2",968
"4",42.4135792949002,5.35973144819885,5.96185748181663,775.48455087174,5.06574843095461,2.96914627391132,2.61116573508247,"calcite_flush_9_nondim","TEsd2",968
