"","curr_inflow_rate","curr_diffusion_coef","curr_porosity","curr_gypsum_rate_constant","curr_calcite_rate_constant","curr_gypsum_surface_area","curr_calcite_surface_area","output_var","sobol_type","boot_num"
"1",0.114825034141024,0.00384493673774888,0.00461446627711069,0.0324203398951913,0.0176556290317152,-0.00203171672687144,0.00964422681207969,"calcite_flush_8_nondim","FOmean",1127
"2",0.13269063845437,0.0202205029041112,0.0160978511989,0.0623915615139215,0.0329074916276391,0.0114434887739711,0.0206177698948769,"calcite_flush_8_nondim","TEmean",1127
"3",-1.9478686861335,-2.41093829193223,-3.68037692473004,-1.89546839623028,-2.54059739375024,-225.31531695577,-1.3559325102391,"calcite_flush_8_nondim","FOsd2",1127
"4",1.54493698533748,2.27898131938323,3.17277862164543,1.46134956489205,1.47894588270252,224.78615935731,1.2127182285103,"calcite_flush_8_nondim","TEsd2",1127
