"","curr_inflow_rate","curr_diffusion_coef","curr_porosity","curr_gypsum_rate_constant","curr_calcite_rate_constant","curr_gypsum_surface_area","curr_calcite_surface_area","output_var","sobol_type","boot_num"
"1",0.103968041863924,0.00281772024661194,-0.000170991484801997,0.0234383273883648,-0.00567962160016086,-0.00426277041736312,-0.00411189927277643,"calcite_flush_8_nondim","FOmean",1175
"2",0.13670346824587,0.0122786397811662,0.0162502082309162,0.0437749558870849,0.0279314976759988,0.0116104180069408,0.018248096506795,"calcite_flush_8_nondim","TEmean",1175
"3",0.899831792622467,0.379669137757999,0.948035979614129,0.291608343497233,0.966456085428721,0.847318920000546,0.95075403610603,"calcite_flush_8_nondim","FOsd2",1175
"4",0.0837422661111779,0.556698304011744,0.0228694466997652,0.598532233748822,0.0317828191619891,0.1315256198778,0.00780634623097614,"calcite_flush_8_nondim","TEsd2",1175
