"","curr_inflow_rate","curr_diffusion_coef","curr_porosity","curr_gypsum_rate_constant","curr_calcite_rate_constant","curr_gypsum_surface_area","curr_calcite_surface_area","output_var","sobol_type","boot_num"
"1",0.132296213550776,0.00375371323520402,0.00149105842127212,0.0577340650688047,-0.00172742401066671,0.00363275237085013,0.00513170549813047,"calcite_flush_8_nondim","FOmean",1735
"2",0.161054150960817,0.0149920183661911,0.0133622086314391,0.0889443803784395,0.027618305149201,0.0291719752964435,0.0171631158385233,"calcite_flush_8_nondim","TEmean",1735
"3",-2.97450429953954,-3.11775794177065,-21.7017990383485,-3.02549123310272,-3.20510672593957,-5.0230141221429,-4.19004176387338,"calcite_flush_8_nondim","FOsd2",1735
"4",0.108988948907744,0.168584450720867,19.0396060106566,0.585779474313094,0.355474197783684,2.26759915367172,0.731924906154922,"calcite_flush_8_nondim","TEsd2",1735
