"","curr_inflow_rate","curr_diffusion_coef","curr_porosity","curr_gypsum_rate_constant","curr_calcite_rate_constant","curr_gypsum_surface_area","curr_calcite_surface_area","output_var","sobol_type","boot_num"
"1",0.229774619172272,-0.000436754339546882,-0.00660075693033492,0.0604150263497736,0.053650273024211,0.0163599534890619,0.0215128379068188,"calcite_flush_5_nondim","FOmean",652
"2",0.275073418514072,0.0172666427375593,0.0213955444157113,0.088955192999923,0.0845691783827837,0.0252695863088772,0.0445598371406727,"calcite_flush_5_nondim","TEmean",652
"3",0.784751520975694,0.454020155667887,-1.52044934374318,-1.04441986256171,0.790744602763643,0.763519552667122,0.726385799471675,"calcite_flush_5_nondim","FOsd2",652
"4",0.0648528833796698,0.37411439081491,2.17636619250906,1.6733137475756,0.0362957806508976,0.0385180466424048,0.0316844149166512,"calcite_flush_5_nondim","TEsd2",652
