"","curr_inflow_rate","curr_diffusion_coef","curr_porosity","curr_gypsum_rate_constant","curr_calcite_rate_constant","curr_gypsum_surface_area","curr_calcite_surface_area","output_var","sobol_type","boot_num"
"1",0.240381239991539,0.0041043574818142,-0.00619276942144348,0.0305148073959142,0.0585342005036931,0.00365492976125613,0.0106861346497711,"calcite_flush_5_nondim","FOmean",1732
"2",0.266969065585486,0.0226713206264306,0.0185689049073118,0.0589614648378995,0.103182631831744,0.0195882012702469,0.0341586037982892,"calcite_flush_5_nondim","TEmean",1732
"3",0.265152764281124,0.718545972589608,0.626255201922272,0.464336267004889,-0.514007159997244,-1.49640061304248,0.663585260472094,"calcite_flush_5_nondim","FOsd2",1732
"4",0.569771515243485,0.180852889697532,0.182747246446726,0.509782641435892,1.40779249681128,2.13401083455831,0.276111398601817,"calcite_flush_5_nondim","TEsd2",1732
