"","curr_inflow_rate","curr_diffusion_coef","curr_porosity","curr_gypsum_rate_constant","curr_calcite_rate_constant","curr_gypsum_surface_area","curr_calcite_surface_area","output_var","sobol_type","boot_num"
"1",0.0899191040280979,0.00261024021023399,0.00352023870677573,0.0182510806321706,0.00833073819860786,0.00135827465549495,-0.00126547301050505,"calcite_flush_9_nondim","FOmean",2144
"2",0.117222074263839,0.0099939106796283,0.0132453836201443,0.0285130959338539,0.0230434740808277,0.00891471245457792,0.0152364934299197,"calcite_flush_9_nondim","TEmean",2144
"3",0.80225630515891,0.812564790242163,0.749861577400685,0.711200576405779,0.351104450492525,0.744109808270978,0.790893537645695,"calcite_flush_9_nondim","FOsd2",2144
"4",0.0759343831094887,0.0580820529505924,0.114602093590701,0.100763967898872,0.521154246201609,0.0455367958455586,0.0588685851229079,"calcite_flush_9_nondim","TEsd2",2144
