"","curr_inflow_rate","curr_diffusion_coef","curr_porosity","curr_gypsum_rate_constant","curr_calcite_rate_constant","curr_gypsum_surface_area","curr_calcite_surface_area","output_var","sobol_type","boot_num"
"1",0.000405523775255251,0.000209020930601478,0.00102952024243947,0.00710836201693377,0.0024202307103645,0.000192512621531339,3.17002799136411e-05,"calcite_flush_7_nondim","FOmean",622
"2",0.000399812374476839,0.00024500793346836,0.00107525974509908,0.00697007985725383,0.00224891439713627,4.75753662694034e-05,7.22035646155048e-06,"calcite_flush_7_nondim","TEmean",622
"3",0.640084707739387,0.679577310231245,0.58866313013391,0.6476507335138,0.599080565364003,0.759956462229199,0.628219604008763,"calcite_flush_7_nondim","FOsd2",622
"4",0.396320739205311,0.0861086750856075,0.224171226262592,0.268525306846395,0.09564173213513,0.262132628097412,0.0893808811655893,"calcite_flush_7_nondim","TEsd2",622
