"","curr_inflow_rate","curr_diffusion_coef","curr_porosity","curr_gypsum_rate_constant","curr_calcite_rate_constant","curr_gypsum_surface_area","curr_calcite_surface_area","output_var","sobol_type","boot_num"
"1",0.185514712824464,0.00082710691943988,0.00140935092005662,0.0218510731494647,0.0315437009255216,0.00114355261315834,0.00469354794238041,"calcite_flush_4_nondim","FOmean",667
"2",0.192108815668375,0.000488623586894267,0.00127656495866817,0.0268281077824187,0.0408363732810667,0.00113575701651359,0.00619970791700232,"calcite_flush_4_nondim","TEmean",667
"3",0.916404588948651,0.901851610527121,0.794044483508222,0.554591750903498,0.932579140580359,0.888997633539834,0.177476059549352,"calcite_flush_4_nondim","FOsd2",667
"4",0.105337989342179,0.0723041207518671,0.00545460756585948,0.479748505464819,0.116180112754766,0.0357914183664558,0.51996013702985,"calcite_flush_4_nondim","TEsd2",667
