"","curr_inflow_rate","curr_diffusion_coef","curr_porosity","curr_gypsum_rate_constant","curr_calcite_rate_constant","curr_gypsum_surface_area","curr_calcite_surface_area","output_var","sobol_type","boot_num"
"1",0.0762569506201878,0.00415968998435053,0.0020487335683277,0.0274084354890903,0.000711660376180849,-0.00124365665503652,0.00190675036947291,"calcite_flush_9_nondim","FOmean",1272
"2",0.101209774372248,0.0126816482951073,0.0114156179976262,0.0448686263683357,0.02684721909995,0.00674293291232687,0.0196770925285937,"calcite_flush_9_nondim","TEmean",1272
"3",0.73618152393481,0.785286260212817,0.045437293792353,0.840672420636218,-0.106461099910324,0.470925220035043,0.833406786590968,"calcite_flush_9_nondim","FOsd2",1272
"4",0.378664790593463,0.466197368943123,1.05533722567615,0.528220400303026,0.906856516882099,0.757000272179726,0.318075211498116,"calcite_flush_9_nondim","TEsd2",1272
