"","curr_inflow_rate","curr_diffusion_coef","curr_porosity","curr_gypsum_rate_constant","curr_calcite_rate_constant","curr_gypsum_surface_area","curr_calcite_surface_area","output_var","sobol_type","boot_num"
"1",0.135774538316741,0.00233329612137082,0.00213260202219459,0.0485021935959151,0.00372754512017538,0.00729268171487147,-0.00325293658737631,"calcite_flush_8_nondim","FOmean",375
"2",0.146012802759916,0.00869594008710113,0.0109725104914382,0.0684423754912768,0.0246706464455974,0.0163746319409658,0.0150477158177696,"calcite_flush_8_nondim","TEmean",375
"3",0.45208515570833,0.455471063523822,0.139526785030404,-2.57928590515787,0.408378886925806,0.308644687332191,0.32210555078122,"calcite_flush_8_nondim","FOsd2",375
"4",0.103078864557697,0.116168533159421,0.356031809647006,3.12787013492643,0.134829172077851,0.150377434708723,0.241964095890567,"calcite_flush_8_nondim","TEsd2",375
