"","curr_inflow_rate","curr_diffusion_coef","curr_porosity","curr_gypsum_rate_constant","curr_calcite_rate_constant","curr_gypsum_surface_area","curr_calcite_surface_area","output_var","sobol_type","boot_num"
"1",0.0486102613664901,-0.00102537448339966,0.00185915310300869,0.0163725214956201,0.00222977217718962,-0.00236609801982559,-0.000237075176612196,"calcite_flush_9_nondim","FOmean",328
"2",0.0718623518018495,0.00619245931169754,0.00719280864707366,0.0218221308684064,0.0105166013680803,0.00514587246523133,0.00905459009102404,"calcite_flush_9_nondim","TEmean",328
"3",0.965338331310156,0.970746059880711,0.979724906341449,0.972381283338407,0.966416192984264,0.953895249744154,0.937097847999998,"calcite_flush_9_nondim","FOsd2",328
"4",0.00587732296021955,0.0237418150075895,0.0208047220206082,0.0297619834750155,0.00572061986381666,0.0423203716163438,0.0256561549453626,"calcite_flush_9_nondim","TEsd2",328
