"","curr_inflow_rate","curr_diffusion_coef","curr_porosity","curr_gypsum_rate_constant","curr_calcite_rate_constant","curr_gypsum_surface_area","curr_calcite_surface_area","output_var","sobol_type","boot_num"
"1",0.00761963578267928,2.23316846759526e-06,3.76135434177612e-06,0.000681472956524526,0.000833258973488395,1.9843607808139e-05,0.000170247780760911,"calcite_flush_3_nondim","FOmean",1770
"2",0.00764095691803703,4.66233633811745e-05,5.40470816688716e-05,0.000758399413480076,0.000770036172103862,1.42933604670957e-05,0.000157614356966983,"calcite_flush_3_nondim","TEmean",1770
"3",-16.020238347499,-42.9752309899578,-39.1784020357808,-11738.6621388853,-25.4854633515527,-12.8082094981539,-1515.31763825361,"calcite_flush_3_nondim","FOsd2",1770
"4",16315.6279461143,15095.3295977428,15054.426159923,412.887888762074,16356.4056658981,16330.2356183489,14942.7859080146,"calcite_flush_3_nondim","TEsd2",1770
