"","curr_inflow_rate","curr_diffusion_coef","curr_porosity","curr_gypsum_rate_constant","curr_calcite_rate_constant","curr_gypsum_surface_area","curr_calcite_surface_area","output_var","sobol_type","boot_num"
"1",0.125958879446735,0.00170799381307287,0.00117625788233314,0.0075434993771898,0.020388805279242,0.000758647909142684,0.00776990987727021,"calcite_flush_2_nondim","FOmean",1273
"2",0.125546260271142,0.00123264840367204,0.000389500749487214,0.0105797315581171,0.0214237618857101,0.000626513352543468,0.00824910625016524,"calcite_flush_2_nondim","TEmean",1273
"3",-62837736554.6207,-8025737312424.11,-62845944103.8466,-157312040573744,-9405547559687.94,-14453342994527,-93463200394766.7,"calcite_flush_2_nondim","FOsd2",1273
"4",141868473305666,82668660436182.2,141868390169184,395756581674.465,151211183011175,156258867858756,5120632158796.83,"calcite_flush_2_nondim","TEsd2",1273
