"","curr_inflow_rate","curr_diffusion_coef","curr_porosity","curr_gypsum_rate_constant","curr_calcite_rate_constant","curr_gypsum_surface_area","curr_calcite_surface_area","output_var","sobol_type","boot_num"
"1",0.270708464830869,0.00504040823170312,-0.00750002884291864,0.00384057822806991,0.0186095631685744,0.00785685803486368,0.0184605709208708,"calcite_flush_5_nondim","FOmean",1396
"2",0.296589322245714,0.0163952197690072,0.0186594976868998,0.0743061888203685,0.121282698934707,0.0170103013929333,0.0350500753101223,"calcite_flush_5_nondim","TEmean",1396
"3",0.951561685286014,0.964924138629001,0.951614267140882,0.962216530613236,0.955360610406653,0.932313165845166,0.957218110489195,"calcite_flush_5_nondim","FOsd2",1396
"4",0.0354708322868934,0.0182254658171775,0.0266998943637133,0.0309424021710292,0.0299675335772134,0.0506320693653678,0.0286033559002696,"calcite_flush_5_nondim","TEsd2",1396
