"","curr_inflow_rate","curr_diffusion_coef","curr_porosity","curr_gypsum_rate_constant","curr_calcite_rate_constant","curr_gypsum_surface_area","curr_calcite_surface_area","output_var","sobol_type","boot_num"
"1",0.00350714019799513,0.000113279334246123,0.000644659259743039,0.0050249722108926,0.00016922667115406,0.00179634891325706,0.000181663964594671,"calcite_flush_7_nondim","FOmean",910
"2",0.00327672844635697,4.57368043097531e-05,0.000683195830265492,0.00501672429405047,0.000103915505665037,0.00151636597769215,9.7132577888339e-05,"calcite_flush_7_nondim","TEmean",910
"3",0.980914347107436,0.979077116316541,0.981611721369145,0.987616626705374,0.981879820476773,0.978946141739072,0.978902055595952,"calcite_flush_7_nondim","FOsd2",910
"4",0.00295842890969812,0.000111069412752378,0.00242795719880238,0.011073403844513,0.0042793463548378,2.00586490959821e-06,0.00108171713587999,"calcite_flush_7_nondim","TEsd2",910
