"","curr_inflow_rate","curr_diffusion_coef","curr_porosity","curr_gypsum_rate_constant","curr_calcite_rate_constant","curr_gypsum_surface_area","curr_calcite_surface_area","output_var","sobol_type","boot_num"
"1",0.101841150745823,-0.0011778658844031,0.000913519998211396,0.0222827547908483,0.00947077312063215,0.00441682227715297,-0.000560926630933154,"calcite_flush_8_nondim","FOmean",1287
"2",0.119395666959438,0.00770940491747757,0.0123154352378633,0.0423495084394216,0.0164613165891672,0.0145428038043883,0.0117043994429748,"calcite_flush_8_nondim","TEmean",1287
"3",0.940185228163131,-0.745978122707279,0.899941792556629,-1.3321817708693,-0.807738615811207,0.923601987840276,0.938639379359652,"calcite_flush_8_nondim","FOsd2",1287
"4",0.0459753842654165,1.69389866835682,0.0775501462432359,2.26268344923221,1.77880093301906,0.0732273607826705,0.0288565442818892,"calcite_flush_8_nondim","TEsd2",1287
