"","curr_inflow_rate","curr_diffusion_coef","curr_porosity","curr_gypsum_rate_constant","curr_calcite_rate_constant","curr_gypsum_surface_area","curr_calcite_surface_area","output_var","sobol_type","boot_num"
"1",0.110771551290254,0.000982550595217716,-0.00045441194944755,0.0156898306076642,0.0195933570355123,0.00147867391576276,0.00120651190089603,"calcite_flush_4_nondim","FOmean",1195
"2",0.112611423812927,0.000862280300406079,0.0015715547338329,0.0223723707196976,0.0226397892648664,0.000613241831257242,0.00388178388985929,"calcite_flush_4_nondim","TEmean",1195
"3",-0.360666158236628,0.269642004782209,0.259002287291381,0.251927105858021,-0.177023914334262,0.202239586146296,0.273610396906167,"calcite_flush_4_nondim","FOsd2",1195
"4",0.632475309818157,0.00174790165393072,0.0200404670272904,0.0357230112875538,0.454986880270221,0.0434321855461594,0.00723622314067645,"calcite_flush_4_nondim","TEsd2",1195
