"","curr_inflow_rate","curr_diffusion_coef","curr_porosity","curr_gypsum_rate_constant","curr_calcite_rate_constant","curr_gypsum_surface_area","curr_calcite_surface_area","output_var","sobol_type","boot_num"
"1",0.0117206240219674,4.58405172266776e-05,8.74175911098691e-05,0.000629753456955619,0.000835490516782733,4.02991290556158e-05,0.000260869189461918,"calcite_flush_3_nondim","FOmean",706
"2",0.0114211542134409,2.64871232333201e-05,0.000208288541754051,0.000735546241454097,0.00106847685973582,3.53782165152312e-05,0.000367779402489858,"calcite_flush_3_nondim","TEmean",706
"3",0.935709363531989,0.550698377308457,-0.795225928945292,0.931172694793412,-0.125924432143845,0.775727093778969,0.83019238135632,"calcite_flush_3_nondim","FOsd2",706
"4",0.413043553880543,0.0273289451085704,0.547730545850841,0.336697048206049,1.46731186995347,0.0451790941859111,0.120062061380736,"calcite_flush_3_nondim","TEsd2",706
