"","curr_inflow_rate","curr_diffusion_coef","curr_porosity","curr_gypsum_rate_constant","curr_calcite_rate_constant","curr_gypsum_surface_area","curr_calcite_surface_area","output_var","sobol_type","boot_num"
"1",0.000907812424521896,6.37687167211772e-05,0.00110866189012784,0.00678855093052413,0.000186983391177781,0.000360782847067465,2.00407320061145e-05,"calcite_flush_6_nondim","FOmean",1949
"2",0.000834771063923785,6.01618243412146e-05,0.000949686676748664,0.0066755438763317,0.000181965031268017,0.000381874395106354,8.58842339592055e-06,"calcite_flush_6_nondim","TEmean",1949
"3",0.984156037199917,0.982553021548071,0.984136686258148,0.986006295471758,0.985993775364544,0.982329530754175,0.983538206514854,"calcite_flush_6_nondim","FOsd2",1949
"4",0.00314525793386022,0.000817704556355929,0.00208736384660553,0.00490985229986268,0.00880829085967781,1.24488039928043e-05,0.00190309828134914,"calcite_flush_6_nondim","TEsd2",1949
