"","curr_inflow_rate","curr_diffusion_coef","curr_porosity","curr_gypsum_rate_constant","curr_calcite_rate_constant","curr_gypsum_surface_area","curr_calcite_surface_area","output_var","sobol_type","boot_num"
"1",0.00344469636839668,1.92956595863484e-05,0.00142058011803601,0.00762047119993155,0.000173812948083996,0.00136344021791165,-2.63438010506704e-08,"calcite_flush_7_nondim","FOmean",598
"2",0.00312444458218784,5.43629801659453e-06,0.00150150572074397,0.00762698073578491,8.61645524913425e-05,0.00121819693994615,2.51788655922347e-05,"calcite_flush_7_nondim","TEmean",598
"3",0.984608831907569,0.982443793188004,0.982324565397864,0.987637195487382,0.985065178968876,0.981055901589874,0.981718584574746,"calcite_flush_7_nondim","FOsd2",598
"4",0.00598770451325131,0.0010519866480158,0.00169907037432798,0.00870944602770314,0.00639285523489767,3.10041827853919e-06,0.00145678054265616,"calcite_flush_7_nondim","TEsd2",598
