"","curr_inflow_rate","curr_diffusion_coef","curr_porosity","curr_gypsum_rate_constant","curr_calcite_rate_constant","curr_gypsum_surface_area","curr_calcite_surface_area","output_var","sobol_type","boot_num"
"1",0.0541677417070512,0.00144544244119403,0.000511696925813446,0.00937434360716842,0.00318728681693961,0.000941268528452997,-0.00178370760066905,"calcite_flush_9_nondim","FOmean",2296
"2",0.0717192417865194,0.00746272494887125,0.00602846307595381,0.0184225520038353,0.0128306706459921,0.00593561331453388,0.011265756229727,"calcite_flush_9_nondim","TEmean",2296
"3",0.96813116416764,0.961556993202234,0.799431621436299,0.964231381815014,0.932765528771548,0.908454278444371,0.965530609289806,"calcite_flush_9_nondim","FOsd2",2296
"4",0.0333921896616997,0.0324602805176641,0.151394200160861,0.047460103070254,0.0190647413922308,0.0614961610432871,0.030285133299544,"calcite_flush_9_nondim","TEsd2",2296
