"","curr_inflow_rate","curr_diffusion_coef","curr_porosity","curr_gypsum_rate_constant","curr_calcite_rate_constant","curr_gypsum_surface_area","curr_calcite_surface_area","output_var","sobol_type","boot_num"
"1",0.197666231922845,0.0114096792532624,0.00511373266554993,0.00264804765800796,0.0724374915784868,0.0157948745955362,0.0151681874409784,"calcite_flush_5_nondim","FOmean",620
"2",0.251713319406401,0.0152838172980308,0.0190968228447806,0.0486298815632876,0.0981645483181972,0.0124072214764463,0.0320978455375993,"calcite_flush_5_nondim","TEmean",620
"3",-0.317216512916493,-0.343452541104333,-0.631726959628858,-0.927925301926688,-0.931246279616058,-0.911696617325319,-1.1060633448754,"calcite_flush_5_nondim","FOsd2",620
"4",0.864344876149619,0.947107548475665,0.66363282562998,0.345104496412162,0.774651968776798,0.230425651083189,0.254991882345362,"calcite_flush_5_nondim","TEsd2",620
