"","curr_inflow_rate","curr_diffusion_coef","curr_porosity","curr_gypsum_rate_constant","curr_calcite_rate_constant","curr_gypsum_surface_area","curr_calcite_surface_area","output_var","sobol_type","boot_num"
"1",0.00109094203038281,0.000136706342367697,0.000367577534859503,0.00588634713099731,0.000316455074893706,0.000203468380084545,2.8392105399947e-05,"calcite_flush_6_nondim","FOmean",1437
"2",0.00100536038306384,9.43083973642687e-05,0.000483598914208109,0.0057445315314609,0.00024464654616435,0.00017131701317933,8.40719070695012e-05,"calcite_flush_6_nondim","TEmean",1437
"3",0.993366987362249,0.991624418758549,0.991565162942228,0.994128120923359,0.994172772247597,0.991484141328915,0.991820246635934,"calcite_flush_6_nondim","FOsd2",1437
"4",0.00230122871591702,7.57784126961731e-05,0.000414167934901498,0.00312327222479012,0.00310906077551185,9.72911224879761e-06,0.000315297771559714,"calcite_flush_6_nondim","TEsd2",1437
