"","curr_inflow_rate","curr_diffusion_coef","curr_porosity","curr_gypsum_rate_constant","curr_calcite_rate_constant","curr_gypsum_surface_area","curr_calcite_surface_area","output_var","sobol_type","boot_num"
"1",0.00330330392278732,1.0884246227036e-05,0.0015206939013243,0.011742760489656,-2.58992992583837e-05,0.000733781694381513,0.000274740812390056,"calcite_flush_7_nondim","FOmean",1638
"2",0.00385737385637037,4.73358288519185e-06,0.0021973409711199,0.0122410420456656,8.56471972675968e-06,0.000743959302997179,0.000241158449221951,"calcite_flush_7_nondim","TEmean",1638
"3",0.984729961662717,0.985162866670995,0.985075599962647,0.988540653505222,0.987953560747273,0.984980323504686,0.985004306507145,"calcite_flush_7_nondim","FOsd2",1638
"4",0.00269440118652295,0.00025165612726302,0.00032457344670839,0.00765810881383924,0.00651146698906286,0.000121764299084772,0.00339252825090048,"calcite_flush_7_nondim","TEsd2",1638
