"","curr_inflow_rate","curr_diffusion_coef","curr_porosity","curr_gypsum_rate_constant","curr_calcite_rate_constant","curr_gypsum_surface_area","curr_calcite_surface_area","output_var","sobol_type","boot_num"
"1",0.00514397794344773,-4.06053076142941e-06,0.0032691019458527,0.0105989379613724,-1.42671076322905e-07,0.0011797740329776,1.46694708875902e-06,"calcite_flush_7_nondim","FOmean",1822
"2",0.00459176611079868,3.6152307771543e-05,0.00307949598368514,0.0110504447306413,1.55497723923734e-06,0.000868770314791425,7.38643561438731e-06,"calcite_flush_7_nondim","TEmean",1822
"3",0.976647857625937,0.974096293308756,0.975829401576208,0.986476459526331,0.98251890845731,0.973607154956152,0.976682917242994,"calcite_flush_7_nondim","FOsd2",1822
"4",0.0025236438061654,0.000132330511164876,0.00131074571442458,0.0139791010995296,0.0100961994149012,0.000107922194477362,0.00333956483279674,"calcite_flush_7_nondim","TEsd2",1822
