"","curr_inflow_rate","curr_diffusion_coef","curr_porosity","curr_gypsum_rate_constant","curr_calcite_rate_constant","curr_gypsum_surface_area","curr_calcite_surface_area","output_var","sobol_type","boot_num"
"1",0.149539303831244,0.0015266676393168,0.0120675941723708,0.0220263851725065,0.0231030385259036,0.0104880883720771,-0.00856175890618191,"calcite_flush_9_nondim","FOmean",1192
"2",0.175655991762159,0.0125715871529793,0.0174287263215983,0.0451813025309404,0.0408937975479157,0.0107462734850584,0.0225234099947787,"calcite_flush_9_nondim","TEmean",1192
"3",0.930340969230346,0.232266883536546,-0.676886142452361,0.865536496487426,0.694326649693009,0.356197237390514,-0.207981099247888,"calcite_flush_9_nondim","FOsd2",1192
"4",1.41796959550829,0.710080481236383,0.438628591969176,0.966391011632551,1.1111052339172,1.47589691414901,0.591394022738235,"calcite_flush_9_nondim","TEsd2",1192
