"","curr_inflow_rate","curr_diffusion_coef","curr_porosity","curr_gypsum_rate_constant","curr_calcite_rate_constant","curr_gypsum_surface_area","curr_calcite_surface_area","output_var","sobol_type","boot_num"
"1",0.27220443225473,0.00148390248810407,0.00733060193485993,0.021846590675201,0.090155647253594,-0.00324371833758907,0.00346200787208063,"calcite_flush_5_nondim","FOmean",436
"2",0.319140519884415,0.0294921697713696,0.0171579477842895,0.0860968022596154,0.118195420260401,0.0215437870803373,0.0427591859619241,"calcite_flush_5_nondim","TEmean",436
"3",0.602143985777098,0.126348513309168,0.577937823870656,0.30783140788248,0.5569862762811,0.20880260788552,0.676371237331591,"calcite_flush_5_nondim","FOsd2",436
"4",0.479678539804988,0.124248886438172,0.559278554409751,0.0822898577514062,0.368468626047162,0.725819714294402,0.58494040235639,"calcite_flush_5_nondim","TEsd2",436
