"","curr_inflow_rate","curr_diffusion_coef","curr_porosity","curr_gypsum_rate_constant","curr_calcite_rate_constant","curr_gypsum_surface_area","curr_calcite_surface_area","output_var","sobol_type","boot_num"
"1",0.00418838003101014,-3.19139982552879e-05,2.42528208796236e-06,0.000208632092964959,0.000264914811894057,1.45377433730591e-05,4.39726688862902e-05,"calcite_flush_3_nondim","FOmean",1818
"2",0.00415409870270256,1.55196716478659e-05,2.71797666106951e-05,0.000276167800513965,0.000311617574461066,1.21251696445485e-05,7.98523256145262e-05,"calcite_flush_3_nondim","TEmean",1818
"3",0.995054661788917,0.99349138871193,0.987369784877056,0.983129957255534,0.973277185942002,0.984641037773347,0.994086254545362,"calcite_flush_3_nondim","FOsd2",1818
"4",0.00760611070917969,0.00168339432704575,0.00126518159371679,0.0122263016258473,0.0250424058181866,0.0031526581307185,0.00172525902571056,"calcite_flush_3_nondim","TEsd2",1818
