"","curr_inflow_rate","curr_diffusion_coef","curr_porosity","curr_gypsum_rate_constant","curr_calcite_rate_constant","curr_gypsum_surface_area","curr_calcite_surface_area","output_var","sobol_type","boot_num"
"1",0.0837266078752894,0.000295374433008525,0.000965886493773672,0.0134295270579253,0.0142139247831403,0.000963014034117936,0.00315124896744777,"calcite_flush_4_nondim","FOmean",1163
"2",0.0862754177400667,0.00148198406600676,0.000466907735825978,0.0133262042801309,0.0181561959411412,0.00134616180468047,0.00438601188172412,"calcite_flush_4_nondim","TEmean",1163
"3",0.876443284659464,0.917703221438277,0.828433526717614,0.913350726593164,0.918996952673505,0.914401696360824,0.912317102280863,"calcite_flush_4_nondim","FOsd2",1163
"4",0.0585317848917973,0.00526637349794796,0.0679269484051924,0.0199820329037755,0.0132887456231372,0.0116020587522768,0.00721756468520798,"calcite_flush_4_nondim","TEsd2",1163
