"","curr_inflow_rate","curr_diffusion_coef","curr_porosity","curr_gypsum_rate_constant","curr_calcite_rate_constant","curr_gypsum_surface_area","curr_calcite_surface_area","output_var","sobol_type","boot_num"
"1",0.000985603690851585,9.84678672059992e-05,0.000224231574079059,0.00488842121532393,0.000433256093697963,7.07946113929484e-05,8.10232671721734e-06,"calcite_flush_6_nondim","FOmean",1573
"2",0.00108400884075215,7.16192355563495e-05,0.000148656548134583,0.00467629442838071,0.000268580042906403,7.74071544143574e-05,1.29566420974423e-06,"calcite_flush_6_nondim","TEmean",1573
"3",0.984928007897771,0.980838275459848,0.981016984802087,0.988816554843128,0.985759724399489,0.980645621380711,0.981756217467047,"calcite_flush_6_nondim","FOsd2",1573
"4",0.00427630044076056,7.43519077039555e-05,0.000296338752556201,0.00958991943962844,0.00615181272225996,0.000113815857005581,0.000726325029443636,"calcite_flush_6_nondim","TEsd2",1573
