"","curr_inflow_rate","curr_diffusion_coef","curr_porosity","curr_gypsum_rate_constant","curr_calcite_rate_constant","curr_gypsum_surface_area","curr_calcite_surface_area","output_var","sobol_type","boot_num"
"1",0.00367882535403641,5.64660867614907e-05,4.044153709919e-05,0.000424537636626847,0.0005380642395889,7.21860355925123e-05,3.08907080298624e-05,"calcite_flush_2_nondim","FOmean",1881
"2",0.00434677222661927,0.000166003334223908,6.98623417157666e-05,0.000612748911040889,0.000867227212109472,0.000206204503409319,0.000301949063121301,"calcite_flush_2_nondim","TEmean",1881
"3",-45630708.937665,-777077.594747514,-784963.822694655,-3103617.42544479,-7839280.87210533,-785900.316087276,-3456251827.00341,"calcite_flush_2_nondim","FOsd2",1881
"4",44854503.4282577,3385.64336066028,1251.97443667325,2323478.17090176,6805176.12068163,7403.52757744558,3454899483.36006,"calcite_flush_2_nondim","TEsd2",1881
