"","curr_inflow_rate","curr_diffusion_coef","curr_porosity","curr_gypsum_rate_constant","curr_calcite_rate_constant","curr_gypsum_surface_area","curr_calcite_surface_area","output_var","sobol_type","boot_num"
"1",0.00144766922202071,2.17969826492357e-07,0.000535564977156656,0.00346024261537726,0.000258996705183291,0.00030923561489363,0.000137017803370509,"calcite_flush_6_nondim","FOmean",1629
"2",0.00157025748834994,2.6706672986989e-06,0.000616812794679521,0.00358698762580855,0.00018843896577523,0.000292299923162124,0.00012871241651337,"calcite_flush_6_nondim","TEmean",1629
"3",0.984143113160571,0.979095936364699,0.978852298337285,0.988204226717837,0.983403655671143,0.978988552062587,0.980576583709746,"calcite_flush_6_nondim","FOsd2",1629
"4",0.00701721312779474,9.28686852419984e-05,5.02372198904443e-05,0.00981260217702661,0.00438037499698651,3.65785501423332e-05,0.00113849284240833,"calcite_flush_6_nondim","TEsd2",1629
