"","curr_inflow_rate","curr_diffusion_coef","curr_porosity","curr_gypsum_rate_constant","curr_calcite_rate_constant","curr_gypsum_surface_area","curr_calcite_surface_area","output_var","sobol_type","boot_num"
"1",0.000908241755455088,0.000105634683657908,0.00381364216914141,0.0143186737109333,1.97657555779771e-05,0.000333767070795512,0.000210016977570537,"calcite_flush_7_nondim","FOmean",1606
"2",0.00115522741779688,3.5922992425362e-05,0.00331832043689869,0.0138736109764033,9.119342188794e-05,0.000600917682327428,0.000139654411764098,"calcite_flush_7_nondim","TEmean",1606
"3",0.814866364129083,0.823524971629791,0.805172680260302,0.880306998615601,0.816850581107359,0.777018930399678,0.822110557614658,"calcite_flush_7_nondim","FOsd2",1606
"4",0.0785540588723729,0.027022007756172,0.0524713208109673,0.136246791589096,0.0523556030957185,0.0619813370132131,0.0533208774297228,"calcite_flush_7_nondim","TEsd2",1606
