"","curr_inflow_rate","curr_diffusion_coef","curr_porosity","curr_gypsum_rate_constant","curr_calcite_rate_constant","curr_gypsum_surface_area","curr_calcite_surface_area","output_var","sobol_type","boot_num"
"1",0.00792469077158611,7.05297219241277e-05,0.000124193303233093,0.000535839244484575,0.000240879885722906,3.1600804950865e-05,5.4142632885151e-05,"calcite_flush_3_nondim","FOmean",898
"2",0.0079986824016104,5.14252590183183e-05,0.000126008677599067,0.000565625028245473,0.000566717218335917,3.41947122608457e-05,0.000150708213587797,"calcite_flush_3_nondim","TEmean",898
"3",-13.1796034356667,0.211256871621596,-1.02435389044471,-15.504743568679,0.775981349074462,-0.653426832776073,-0.470977209780911,"calcite_flush_3_nondim","FOsd2",898
"4",15.0463408042316,0.588077897003827,0.0376609451504072,11.6567739190308,1.91752956487618,2.10180972774005,1.67781308925916,"calcite_flush_3_nondim","TEsd2",898
