"","curr_inflow_rate","curr_diffusion_coef","curr_porosity","curr_gypsum_rate_constant","curr_calcite_rate_constant","curr_gypsum_surface_area","curr_calcite_surface_area","output_var","sobol_type","boot_num"
"1",0.0675330037811831,-0.000373348153946509,0.00238257950481689,0.0193439400518481,-0.000410004650555568,-0.00435669430376608,0.00663081459663727,"calcite_flush_9_nondim","FOmean",1776
"2",0.0876489525473255,0.0129964403076449,0.0137204971826148,0.0334068621823454,0.0211966917478961,0.006693304271903,0.0100083520430201,"calcite_flush_9_nondim","TEmean",1776
"3",0.953192661483818,0.958687067643085,0.578920259881603,0.956987346632223,0.935882398688638,0.958611127287569,0.957243347206503,"calcite_flush_9_nondim","FOsd2",1776
"4",0.00587332128477695,0.0057716502184633,0.31731649101989,0.0166992502712383,0.0337045375163969,0.0104130652209022,0.00819821254579649,"calcite_flush_9_nondim","TEsd2",1776
