"","curr_inflow_rate","curr_diffusion_coef","curr_porosity","curr_gypsum_rate_constant","curr_calcite_rate_constant","curr_gypsum_surface_area","curr_calcite_surface_area","output_var","sobol_type","boot_num"
"1",0.00139919658787545,2.32574155324871e-05,0.000130330944555246,0.00199043637596284,0.000150922483239894,0.000114322652983743,1.33134970821744e-05,"calcite_flush_6_nondim","FOmean",2373
"2",0.00145269934582659,1.0112706240464e-05,0.000123522013838617,0.00208608562262195,0.000158580784571719,0.000111370795394308,4.66969579884907e-05,"calcite_flush_6_nondim","TEmean",2373
"3",0.982871065014659,0.981028742802801,0.980930383582639,0.988737601645631,0.986040617207023,0.980869069514387,0.981747304324569,"calcite_flush_6_nondim","FOsd2",2373
"4",0.00452403710333526,3.45288901891031e-05,0.000137035148079507,0.00989159118200322,0.00540431858799459,1.00380921612885e-05,0.000818080915646266,"calcite_flush_6_nondim","TEsd2",2373
