"","curr_inflow_rate","curr_diffusion_coef","curr_porosity","curr_gypsum_rate_constant","curr_calcite_rate_constant","curr_gypsum_surface_area","curr_calcite_surface_area","output_var","sobol_type","boot_num"
"1",0.0263627616840781,0.000212992172366589,-4.51590255903407e-05,0.00101324449137745,0.00226973627331673,0.000101601883409103,0.000964532360469155,"calcite_flush_3_nondim","FOmean",946
"2",0.0265501922474515,7.44376071011354e-05,7.78137858777623e-05,0.00223408877329576,0.00271175194126755,8.5010538207129e-05,0.000703138913661725,"calcite_flush_3_nondim","TEmean",946
"3",0.931695455733268,-1.63703839852697,0.71070097224464,-12.3504315843627,0.357395688117073,-2.51776805557309,-32.8791184915727,"calcite_flush_3_nondim","FOsd2",946
"4",9.90723871276851,2.38499071809611,7.44008542642583,0.262962938547774,10.4730948648418,1.66959381619763,7.16347438474298,"calcite_flush_3_nondim","TEsd2",946
