"","curr_inflow_rate","curr_diffusion_coef","curr_porosity","curr_gypsum_rate_constant","curr_calcite_rate_constant","curr_gypsum_surface_area","curr_calcite_surface_area","output_var","sobol_type","boot_num"
"1",0.0252388818334923,-7.64477901309254e-05,9.39395764452489e-05,0.00174545047453348,0.00167485747808908,4.60462469685159e-05,0.000572036605613052,"calcite_flush_2_nondim","FOmean",665
"2",0.0269683922985038,0.000103234868337567,0.000252248823166277,0.00206829295142542,0.00242732591959256,0.0001303590217884,0.00103140497819127,"calcite_flush_2_nondim","TEmean",665
"3",0.997357018077556,0.918428312503179,0.939132299351051,0.997422425941181,0.993035598888789,-12.6198379625487,0.993586956662438,"calcite_flush_2_nondim","FOsd2",665
"4",0.459491937653275,0.160069666248864,0.186420761040531,0.447056565910397,0.4638503722581,9.08830244111774,0.357922962934079,"calcite_flush_2_nondim","TEsd2",665
