"","curr_inflow_rate","curr_diffusion_coef","curr_porosity","curr_gypsum_rate_constant","curr_calcite_rate_constant","curr_gypsum_surface_area","curr_calcite_surface_area","output_var","sobol_type","boot_num"
"1",0.165463452537688,0.00299991124000054,0.00332243679066747,0.0346484045116004,0.0518652359502078,0.000309224736582259,0.00262747144266287,"calcite_flush_4_nondim","FOmean",1667
"2",0.168005391916941,0.000999473057843111,0.00101111184279611,0.0373568627832816,0.048214445520171,0.0015939933211151,0.00571362809345085,"calcite_flush_4_nondim","TEmean",1667
"3",-15251.8608536277,-15298.3603609581,-15321.5865949537,-15205.0076553914,-15207.3525680099,-15189.8839497059,-15228.2908895663,"calcite_flush_4_nondim","FOsd2",1667
"4",24.6144987740869,92.0431588766215,123.947755107365,6.65304393147816,1.17287834196691,7.36918293951796,25.5393730840655,"calcite_flush_4_nondim","TEsd2",1667
