"","curr_inflow_rate","curr_diffusion_coef","curr_porosity","curr_gypsum_rate_constant","curr_calcite_rate_constant","curr_gypsum_surface_area","curr_calcite_surface_area","output_var","sobol_type","boot_num"
"1",0.102755462305157,0.000182989634720581,0.00404892660185045,0.0232756451674808,0.0054303759290191,0.00142401373137004,-0.00529524060308354,"calcite_flush_9_nondim","FOmean",1352
"2",0.126336208462662,0.0108020402795375,0.0131330229086454,0.0393313574990811,0.0263359555625253,0.0129080687226433,0.0191303100114006,"calcite_flush_9_nondim","TEmean",1352
"3",0.678471422209448,0.688632859478898,0.702198302231002,0.647571982646989,-7.46869924725625,0.662979885132281,0.330656597613252,"calcite_flush_9_nondim","FOsd2",1352
"4",0.0154715305106239,0.0467435859136381,0.0556913964495917,0.128853640940422,7.34918642544837,0.0610541472598718,0.231034411064631,"calcite_flush_9_nondim","TEsd2",1352
