"","curr_inflow_rate","curr_diffusion_coef","curr_porosity","curr_gypsum_rate_constant","curr_calcite_rate_constant","curr_gypsum_surface_area","curr_calcite_surface_area","output_var","sobol_type","boot_num"
"1",0.000627830922795517,5.26507250288102e-05,0.000158498633318382,0.00229850036474167,0.000122329730522457,1.81243745849726e-05,1.46097346568268e-05,"calcite_flush_6_nondim","FOmean",1277
"2",0.000506308466165518,3.81314869804768e-05,0.000207535146112366,0.00225321487450508,0.000135736972277301,8.83402593133376e-06,3.32840631635264e-05,"calcite_flush_6_nondim","TEmean",1277
"3",0.994252431801066,0.992727040665952,0.992776263173081,0.99668104024672,0.994036125638747,0.992699539996632,0.99353116518185,"calcite_flush_6_nondim","FOsd2",1277
"4",0.00122864023638443,7.46993018487439e-06,2.85018082693332e-05,0.00371265187351083,0.00150170255840623,9.93100060278851e-05,0.000593499342517174,"calcite_flush_6_nondim","TEsd2",1277
