"","curr_inflow_rate","curr_diffusion_coef","curr_porosity","curr_gypsum_rate_constant","curr_calcite_rate_constant","curr_gypsum_surface_area","curr_calcite_surface_area","output_var","sobol_type","boot_num"
"1",0.00765599459736067,-7.43316760854126e-06,0.000125920736013809,0.000663549195215179,0.000751676425279662,-2.55756618496014e-05,0.000225879001427932,"calcite_flush_3_nondim","FOmean",1602
"2",0.00768519206477925,2.57257257788734e-05,0.00018445743655552,0.00080595705623333,0.000958309887681198,5.60522246063751e-05,0.000261350458678228,"calcite_flush_3_nondim","TEmean",1602
"3",-50.0443039090032,-85.2179818617921,-145.589777582602,-444.38010258209,-50.0885276228426,-51.8745508117541,-79.5441284732238,"calcite_flush_3_nondim","FOsd2",1602
"4",111.58901767775,24.8528939423665,1.07215106457606,86.8085630619645,109.819012858136,103.36140321597,39.4419213465077,"calcite_flush_3_nondim","TEsd2",1602
