"","curr_inflow_rate","curr_diffusion_coef","curr_porosity","curr_gypsum_rate_constant","curr_calcite_rate_constant","curr_gypsum_surface_area","curr_calcite_surface_area","output_var","sobol_type","boot_num"
"1",0.00144850779344511,0.00018013369762334,0.0049677852265679,0.0125115697851516,0.00166350867280536,0.000723450152230187,-3.57265338718904e-05,"calcite_flush_7_nondim","FOmean",1958
"2",0.00168579245380306,0.000196059564257465,0.00438269964121596,0.0127103741651406,0.00170977683251998,0.000499630380835617,6.73687648975814e-05,"calcite_flush_7_nondim","TEmean",1958
"3",0.681562699478186,0.760904647945239,0.749805205747601,0.742626456172252,0.777416782012174,0.71805303888556,0.76357734848513,"calcite_flush_7_nondim","FOsd2",1958
"4",0.163855425485583,0.0155862939504285,0.0436243176102533,0.160301105100112,0.0409620371413001,0.0403123901409047,0.019710266967061,"calcite_flush_7_nondim","TEsd2",1958
