"","curr_inflow_rate","curr_diffusion_coef","curr_porosity","curr_gypsum_rate_constant","curr_calcite_rate_constant","curr_gypsum_surface_area","curr_calcite_surface_area","output_var","sobol_type","boot_num"
"1",0.103133902449634,-0.000158839628367602,0.00761347663107244,0.0450509704180077,-0.00100932600522941,0.00400277045744449,0.00545070270938544,"calcite_flush_8_nondim","FOmean",759
"2",0.121382635792559,0.00724431122469296,0.00947125845757242,0.0542947683294096,0.0211451695327087,0.00891173252126524,0.0168171412676082,"calcite_flush_8_nondim","TEmean",759
"3",0.826035147063591,0.472370544045408,0.242659391579159,0.618083008322368,-0.105609695439296,0.692806877344973,-6.40587310458188,"calcite_flush_8_nondim","FOsd2",759
"4",0.56064943973503,0.0592404726319833,0.416976290429777,0.921638991582047,1.32042559607206,0.75330994267682,3.7396141251128,"calcite_flush_8_nondim","TEsd2",759
