"","curr_inflow_rate","curr_diffusion_coef","curr_porosity","curr_gypsum_rate_constant","curr_calcite_rate_constant","curr_gypsum_surface_area","curr_calcite_surface_area","output_var","sobol_type","boot_num"
"1",0.00670921666215955,-2.9513024693835e-05,4.93211823154323e-05,0.00041999778347916,0.000876767485313569,-2.60630252360001e-05,0.000149653065086528,"calcite_flush_3_nondim","FOmean",1410
"2",0.00668371844178505,2.6138440319233e-05,4.55711630738508e-05,0.000464232713370502,0.00088663661395504,2.97758816831645e-05,0.000195929672055111,"calcite_flush_3_nondim","TEmean",1410
"3",0.99940720291751,0.999127349584582,0.999558963474465,0.998471280961903,0.99926649192855,0.999543158505216,0.999581489027042,"calcite_flush_3_nondim","FOsd2",1410
"4",7.88292230365959e-05,0.000111976134875588,0.000132358737240578,0.00121726893506283,0.000418907858437576,8.54802653537325e-05,0.000196531079270244,"calcite_flush_3_nondim","TEsd2",1410
