"","curr_inflow_rate","curr_diffusion_coef","curr_porosity","curr_gypsum_rate_constant","curr_calcite_rate_constant","curr_gypsum_surface_area","curr_calcite_surface_area","output_var","sobol_type","boot_num"
"1",0.0558038514182128,0.00320878701892709,3.32010191981275e-05,0.0225511848759449,0.000472993080457763,0.000936648771752008,-0.00202484925192583,"calcite_flush_9_nondim","FOmean",1336
"2",0.0679873172957224,0.0089261208628656,0.00817416235921649,0.0361706687750679,0.0161889488241427,0.0130251766929028,0.0107823013208668,"calcite_flush_9_nondim","TEmean",1336
"3",0.168511625278295,0.443577834788127,0.456536877637339,-0.549977935774948,0.0362019751743455,0.368416492827482,0.472783890972492,"calcite_flush_9_nondim","FOsd2",1336
"4",0.0390711760076607,0.338772557808229,0.272809229583333,1.2169020779229,0.612310828546285,0.0728186970784176,0.320916409801482,"calcite_flush_9_nondim","TEsd2",1336
