"","curr_inflow_rate","curr_diffusion_coef","curr_porosity","curr_gypsum_rate_constant","curr_calcite_rate_constant","curr_gypsum_surface_area","curr_calcite_surface_area","output_var","sobol_type","boot_num"
"1",0.0770840054929267,0.00130273140502318,0.00470596139035648,0.0216717157619044,0.00299325108978237,0.000576901603956282,-0.00615041734436752,"calcite_flush_9_nondim","FOmean",1888
"2",0.105452094925618,0.00921418875959585,0.0161873536533928,0.0383501864145959,0.0246652059087175,0.00634500026679989,0.0150751161501747,"calcite_flush_9_nondim","TEmean",1888
"3",0.987642908745789,0.990154797904757,0.99010020816275,0.988163269659195,0.932222378105013,0.990948663290203,0.989779440962763,"calcite_flush_9_nondim","FOsd2",1888
"4",0.0137881793665047,0.016456511368248,0.0172012887308615,0.0190440654475742,0.0724478413205653,0.0105535570000036,0.00923082447908042,"calcite_flush_9_nondim","TEsd2",1888
