"","curr_inflow_rate","curr_diffusion_coef","curr_porosity","curr_gypsum_rate_constant","curr_calcite_rate_constant","curr_gypsum_surface_area","curr_calcite_surface_area","output_var","sobol_type","boot_num"
"1",0.0036399426691505,-1.03564581484447e-05,0.000476796415503524,0.00774029988601964,0.000212859466786623,0.000497294544831643,-4.29378233545786e-06,"calcite_flush_6_nondim","FOmean",829
"2",0.0041151845482818,3.59848662339475e-06,0.000674072110675295,0.00809587873365335,0.000301444501448898,0.000420323954740834,1.9782790032338e-06,"calcite_flush_6_nondim","TEmean",829
"3",0.985499900879296,0.984195671361155,0.984512557531597,0.992927431371029,0.988065086710936,0.984194717780731,0.985433696347082,"calcite_flush_6_nondim","FOsd2",829
"4",0.00217507826152706,3.01082608664727e-06,0.00118562771587588,0.00937932683852126,0.00336169364219766,1.01552148567421e-05,0.00178711054810568,"calcite_flush_6_nondim","TEsd2",829
