"","curr_inflow_rate","curr_diffusion_coef","curr_porosity","curr_gypsum_rate_constant","curr_calcite_rate_constant","curr_gypsum_surface_area","curr_calcite_surface_area","output_var","sobol_type","boot_num"
"1",0.0195783294809387,-6.93602217649035e-05,6.07354162540157e-05,0.000858692692175689,0.00224758155586197,-0.000123688637010241,0.000546480704850402,"calcite_flush_3_nondim","FOmean",1026
"2",0.019166151351613,6.65936580706803e-05,4.04141962253948e-05,0.00166396260410163,0.00273756494528628,3.54905575773455e-05,0.000760333450448887,"calcite_flush_3_nondim","TEmean",1026
"3",-23.3343718587249,-23.616699226467,-23.4166554294779,-23.1639771327053,-23.4819650614261,-22.9957815439649,-49.7095636989167,"calcite_flush_3_nondim","FOsd2",1026
"4",0.921926886378517,0.0523603828430612,0.0259694137446611,0.0817049970787133,0.811588447325202,0.269388060602598,20.883293098214,"calcite_flush_3_nondim","TEsd2",1026
