"","curr_inflow_rate","curr_diffusion_coef","curr_porosity","curr_gypsum_rate_constant","curr_calcite_rate_constant","curr_gypsum_surface_area","curr_calcite_surface_area","output_var","sobol_type","boot_num"
"1",0.00357214197745285,1.1452611216956e-05,2.05354541063119e-05,0.000202830195403486,0.000244098089349135,2.80660481968979e-05,7.267561467132e-05,"calcite_flush_3_nondim","FOmean",882
"2",0.00365947298410236,3.2969858589113e-05,3.11891978851228e-05,0.000364242541171066,0.00032247605920903,1.33440107945151e-05,0.000117240832530074,"calcite_flush_3_nondim","TEmean",882
"3",-16.4386708277649,-16.272829236626,-18.7280603385158,-63.4546432583305,-335.133342432885,-16.4480606488539,-17.9093919920111,"calcite_flush_3_nondim","FOsd2",882
"4",0.781430644751273,0.448930245087932,1.66743214685296,40.3716824148605,316.641157288035,0.320991472541403,1.24030353039654,"calcite_flush_3_nondim","TEsd2",882
