"","curr_inflow_rate","curr_diffusion_coef","curr_porosity","curr_gypsum_rate_constant","curr_calcite_rate_constant","curr_gypsum_surface_area","curr_calcite_surface_area","output_var","sobol_type","boot_num"
"1",0.233434115026535,0.00235455709719283,0.0147485107207194,0.0563866980743299,0.0442643915109422,0.0117923282256825,-0.0069954178617114,"calcite_flush_5_nondim","FOmean",1508
"2",0.247836288143877,0.0140876789289475,0.0233534016359737,0.0988245422070104,0.0956768081931044,0.0240918137312538,0.0352314740570177,"calcite_flush_5_nondim","TEmean",1508
"3",0.907847739618704,-0.753953975221123,0.441848227597889,0.620169064622631,0.958337197951582,0.64569680112157,0.885338985683999,"calcite_flush_5_nondim","FOsd2",1508
"4",2.50261622528799,0.340506200250693,1.21776723052211,1.50737679818401,3.25204866748072,1.79137769178695,2.59316415025729,"calcite_flush_5_nondim","TEsd2",1508
