"","curr_inflow_rate","curr_diffusion_coef","curr_porosity","curr_gypsum_rate_constant","curr_calcite_rate_constant","curr_gypsum_surface_area","curr_calcite_surface_area","output_var","sobol_type","boot_num"
"1",0.131891217687828,-9.24065527008866e-05,0.00197897649218769,0.0214157224160414,0.0181303659858851,0.00277742366673137,0.00133635184155152,"calcite_flush_4_nondim","FOmean",707
"2",0.129905679593021,0.000836103664935523,0.00170032281318764,0.027328327854207,0.0247786579534936,0.00208635382072881,0.00441347855925851,"calcite_flush_4_nondim","TEmean",707
"3",0.984681629478774,0.976136543051735,0.779053588418442,0.983845335427027,0.84522792175754,0.857149516742008,0.691477993137836,"calcite_flush_4_nondim","FOsd2",707
"4",0.0600206240945507,0.00883283274774644,0.14425328450696,0.0312687349804228,0.1878026080296,0.0617474455296533,0.16261289649465,"calcite_flush_4_nondim","TEsd2",707
