"","curr_inflow_rate","curr_diffusion_coef","curr_porosity","curr_gypsum_rate_constant","curr_calcite_rate_constant","curr_gypsum_surface_area","curr_calcite_surface_area","output_var","sobol_type","boot_num"
"1",0.00262573517416225,3.49364606082084e-05,0.00186611746072634,0.0083606582013476,9.77617813747578e-05,0.000709818744466777,3.78054423435874e-05,"calcite_flush_7_nondim","FOmean",934
"2",0.00291850544420606,0.000134472311767912,0.00173709561647158,0.00854398769346911,6.96354416906011e-05,0.000714683324529184,6.59096965754741e-06,"calcite_flush_7_nondim","TEmean",934
"3",0.987627620158321,0.98675295881273,0.987018521709947,0.994537942726132,0.988978611308984,0.987793397936623,0.986922098832337,"calcite_flush_7_nondim","FOsd2",934
"4",0.00207515318003755,1.13795189969771e-05,0.000374126495265874,0.00986654065269588,0.00278031498886357,0.000701133716497857,0.000218833101153602,"calcite_flush_7_nondim","TEsd2",934
