"","curr_inflow_rate","curr_diffusion_coef","curr_porosity","curr_gypsum_rate_constant","curr_calcite_rate_constant","curr_gypsum_surface_area","curr_calcite_surface_area","output_var","sobol_type","boot_num"
"1",0.0680995732624473,-0.00221340279349963,0.0113202598889221,0.0213866629549517,0.00380775093457416,0.00192989736476803,0.00687929382449656,"calcite_flush_9_nondim","FOmean",784
"2",0.0876494633410159,0.0070069426714381,0.0102108407851421,0.037980690239154,0.0180352201676986,0.00880915377738879,0.0113597461428637,"calcite_flush_9_nondim","TEmean",784
"3",-42.2015600483807,-2.84944263568284,0.76774617964017,0.911660135816798,0.24330672162311,0.516944612594615,-0.335193729057361,"calcite_flush_9_nondim","FOsd2",784
"4",39.3590304155389,3.57255660763111,0.297970396679636,0.211715614246072,0.792291203150906,0.214950951130281,1.00056813530823,"calcite_flush_9_nondim","TEsd2",784
