"","curr_inflow_rate","curr_diffusion_coef","curr_porosity","curr_gypsum_rate_constant","curr_calcite_rate_constant","curr_gypsum_surface_area","curr_calcite_surface_area","output_var","sobol_type","boot_num"
"1",0.241552399597005,0.0019365444850453,-0.00362849161307477,0.0421896443945469,0.0899043060356245,-0.00164831803551996,0.0144866869594035,"calcite_flush_5_nondim","FOmean",2164
"2",0.283096105086992,0.0188699630966879,0.0223925029531504,0.0733618762017134,0.112861532917517,0.0275921900972631,0.0389535066606812,"calcite_flush_5_nondim","TEmean",2164
"3",0.161645502737984,0.585317107125624,0.635747094431269,0.210758227503757,0.636112122585345,0.544964360844216,0.622829540070067,"calcite_flush_5_nondim","FOsd2",2164
"4",0.332473090808228,0.09452694811771,0.157139945699099,0.431363388600334,0.199508566157457,0.199301828332754,0.146007437114577,"calcite_flush_5_nondim","TEsd2",2164
