"","curr_inflow_rate","curr_diffusion_coef","curr_porosity","curr_gypsum_rate_constant","curr_calcite_rate_constant","curr_gypsum_surface_area","curr_calcite_surface_area","output_var","sobol_type","boot_num"
"1",0.00541050730312047,-2.55538690564082e-06,3.71525525677307e-05,0.000297464451335792,0.000349698488402196,1.88700428076712e-06,0.000147952937140911,"calcite_flush_2_nondim","FOmean",1937
"2",0.00511415839895806,2.60660781373127e-05,5.87318400352801e-05,0.000310808497537495,0.000378146238324877,4.1536207995856e-05,0.000227299194662041,"calcite_flush_2_nondim","TEmean",1937
"3",-1556.9629592026,-1417.30540846335,-716.703207703895,-274.981683354297,-48643.5547481347,-10.7861842531985,-7.05313577176465,"calcite_flush_2_nondim","FOsd2",1937
"4",1975.34083532985,443.580873447223,135.771005538468,32.6794040934207,49025.9761660567,329.014792743055,438.414022365004,"calcite_flush_2_nondim","TEsd2",1937
