"","curr_inflow_rate","curr_diffusion_coef","curr_porosity","curr_gypsum_rate_constant","curr_calcite_rate_constant","curr_gypsum_surface_area","curr_calcite_surface_area","output_var","sobol_type","boot_num"
"1",0.109295207269819,0.00137152976931242,-0.00270335770886018,0.0412440166859661,0.00252023317344443,0.00152212090772425,-0.000637135536270796,"calcite_flush_8_nondim","FOmean",1063
"2",0.147194066580128,0.00763056599408875,0.0116597056966166,0.0663398652348725,0.0193189024456799,0.0077530328115727,0.0147068330481496,"calcite_flush_8_nondim","TEmean",1063
"3",0.6244558487469,0.62630998543151,0.303434400198046,0.419875148054041,0.61012484452966,0.615748423813722,0.52863880429936,"calcite_flush_8_nondim","FOsd2",1063
"4",0.0736178269833056,0.0413528581168868,0.243768471306631,0.256367773048469,0.0959286136500135,0.0646116761238178,0.106651798422531,"calcite_flush_8_nondim","TEsd2",1063
