"","curr_inflow_rate","curr_diffusion_coef","curr_porosity","curr_gypsum_rate_constant","curr_calcite_rate_constant","curr_gypsum_surface_area","curr_calcite_surface_area","output_var","sobol_type","boot_num"
"1",3.69057841371137e-05,3.93317590440329e-06,4.13591789227271e-05,0.00180528845420231,0.000310559034908061,2.31602929997004e-05,3.38960763818421e-05,"calcite_flush_6_nondim","FOmean",757
"2",3.24332103818462e-05,4.33577973708754e-06,2.94368112298423e-05,0.00182466332615892,0.000294145413261081,2.46077727634043e-05,6.02845461915592e-05,"calcite_flush_6_nondim","TEmean",757
"3",0.999999999999237,0.99999999999918,0.999999999999181,0.999999999999749,0.999999999999325,0.999999999999198,0.999999999999208,"calcite_flush_6_nondim","FOsd2",757
"4",6.57807596394613e-14,1.30713610788085e-15,4.89541399503891e-15,5.44644891546721e-13,1.49848967028042e-13,1.49861916357075e-14,2.40568028475205e-14,"calcite_flush_6_nondim","TEsd2",757
