"","curr_inflow_rate","curr_diffusion_coef","curr_porosity","curr_gypsum_rate_constant","curr_calcite_rate_constant","curr_gypsum_surface_area","curr_calcite_surface_area","output_var","sobol_type","boot_num"
"1",0.142526327050384,0.0123687274937737,0.00756845103436555,0.0446011308751,0.0147842076915426,0.00730422947763895,0.00245755684061805,"calcite_flush_9_nondim","FOmean",1912
"2",0.19016268539204,0.0111560604754887,0.0187875823249106,0.0490982682319272,0.0309281371865531,0.010263558207645,0.0158890828451319,"calcite_flush_9_nondim","TEmean",1912
"3",0.905425376864287,0.789805606491071,0.883313827639212,0.815781674175543,0.871374874920616,0.891435584578513,0.913189815953761,"calcite_flush_9_nondim","FOsd2",1912
"4",0.0349038703427872,0.0691832745804639,0.0302999321037058,0.156346514337518,0.062780752253001,0.0739986950446574,0.060239252541003,"calcite_flush_9_nondim","TEsd2",1912
