"","curr_inflow_rate","curr_diffusion_coef","curr_porosity","curr_gypsum_rate_constant","curr_calcite_rate_constant","curr_gypsum_surface_area","curr_calcite_surface_area","output_var","sobol_type","boot_num"
"1",0.00239955555110374,-2.09702497598637e-05,2.6225100729475e-05,0.000137607281407782,0.000189742561253719,-3.81429532903258e-05,9.59318933600818e-05,"calcite_flush_2_nondim","FOmean",1009
"2",0.00243316268232619,1.56444494546103e-05,5.10830547307184e-05,0.000238060727411652,0.000302003294676295,2.1431813273533e-05,6.76315102408503e-05,"calcite_flush_2_nondim","TEmean",1009
"3",-2.75426973107343e+27,-2.35015502217636e+22,-2.35015496759353e+22,-2.81759905236678e+26,-2.35015496759554e+22,-2.35022261500327e+22,-2.35015496760185e+22,"calcite_flush_2_nondim","FOsd2",1009
"4",2.75424622952095e+27,545848732188544,8582553114.99475,2.81736403686948e+26,34925465741.5524,676447151092300800,50504508095.7584,"calcite_flush_2_nondim","TEsd2",1009
