"","curr_inflow_rate","curr_diffusion_coef","curr_porosity","curr_gypsum_rate_constant","curr_calcite_rate_constant","curr_gypsum_surface_area","curr_calcite_surface_area","output_var","sobol_type","boot_num"
"1",7.74677002671135e-05,7.63868534183395e-05,0.000704390439986072,0.00392032740294753,0.000210400863804648,4.86084775815981e-05,0.000133627924227851,"calcite_flush_6_nondim","FOmean",709
"2",4.94108774378336e-05,8.89275295161332e-05,0.000692224300937304,0.003812255688596,0.000179376175338884,0.000109714452246042,5.47912172712192e-05,"calcite_flush_6_nondim","TEmean",709
"3",0.984823169386559,0.98409581710981,0.984974355041313,0.988745905087134,0.988745621072551,0.984074617496206,0.986448297958789,"calcite_flush_6_nondim","FOsd2",709
"4",0.000796186112756528,9.97202960089177e-07,0.00104843120743731,0.00760851900720575,0.00551610712137161,2.90332253164625e-05,0.00288763267217045,"calcite_flush_6_nondim","TEsd2",709
