"","curr_inflow_rate","curr_diffusion_coef","curr_porosity","curr_gypsum_rate_constant","curr_calcite_rate_constant","curr_gypsum_surface_area","curr_calcite_surface_area","output_var","sobol_type","boot_num"
"1",0.0469959692725967,-0.000256050740724116,0.000650245846825432,0.00155217615995042,0.00324596184947154,0.000157297638344632,0.00121156902621796,"calcite_flush_2_nondim","FOmean",1081
"2",0.0471610180671615,0.000201226312181699,0.000743356079029769,0.0030820157344774,0.00348809732385334,0.000159928370190447,0.00148652877155092,"calcite_flush_2_nondim","TEmean",1081
"3",0.999342910544562,0.999291920359327,0.999680869636892,0.999283575466504,0.998146350351885,0.999710844158395,0.997561005422068,"calcite_flush_2_nondim","FOsd2",1081
"4",0.000618600087578109,0.00021040667112198,2.82283981845061e-05,0.000528555178689576,0.00107553847871727,8.20675928486658e-05,0.00189248195707191,"calcite_flush_2_nondim","TEsd2",1081
