"","curr_inflow_rate","curr_diffusion_coef","curr_porosity","curr_gypsum_rate_constant","curr_calcite_rate_constant","curr_gypsum_surface_area","curr_calcite_surface_area","output_var","sobol_type","boot_num"
"1",0.00219164859715927,0.000583247240444877,0.00205625834668411,0.00812039807137582,2.50296417167398e-05,0.000598221696108952,1.39085478006457e-05,"calcite_flush_7_nondim","FOmean",1590
"2",0.00248866083826003,0.000379178621504627,0.00215321150111031,0.00823692081586852,4.95473421071433e-05,0.000750270149778531,1.64391927981979e-05,"calcite_flush_7_nondim","TEmean",1590
"3",0.98853777663183,0.98837734660589,0.988251759435437,0.992941154584513,0.991530402226521,0.988454740916327,0.988906369299092,"calcite_flush_7_nondim","FOsd2",1590
"4",0.00267076650015725,7.09729131104979e-06,0.000451234704490679,0.00638662991654739,0.00473454064898247,0.000120401213512599,0.000813603504604168,"calcite_flush_7_nondim","TEsd2",1590
