"","curr_inflow_rate","curr_diffusion_coef","curr_porosity","curr_gypsum_rate_constant","curr_calcite_rate_constant","curr_gypsum_surface_area","curr_calcite_surface_area","output_var","sobol_type","boot_num"
"1",0.0567684860825339,-2.27081567481538e-05,0.000220593899807736,0.0113342925728161,0.0121638561318792,0.000194988505936663,-0.000329782939207309,"calcite_flush_4_nondim","FOmean",2035
"2",0.0576658273308452,0.000748936820877274,0.0004537331709133,0.013214485274591,0.0144860845098959,0.000564558487576929,0.00186002522684477,"calcite_flush_4_nondim","TEmean",2035
"3",0.552546802931493,0.804360912325173,0.817670482509954,0.653767141851756,0.847871968980869,0.913134064453222,0.815945238677666,"calcite_flush_4_nondim","FOsd2",2035
"4",0.425220436320861,0.0162104514471696,0.176237306307473,0.276325463553733,0.217629093391676,0.0526546026308727,0.171095639690042,"calcite_flush_4_nondim","TEsd2",2035
