"","curr_inflow_rate","curr_diffusion_coef","curr_porosity","curr_gypsum_rate_constant","curr_calcite_rate_constant","curr_gypsum_surface_area","curr_calcite_surface_area","output_var","sobol_type","boot_num"
"1",0.229824910915559,0.00387552242897577,0.000995186047537627,0.0265059322018288,0.0346708702862177,0.00295189007582812,0.00630901441845184,"calcite_flush_4_nondim","FOmean",2363
"2",0.248228108968517,0.00358773255462806,0.00148110273871587,0.035950097453568,0.0449400433301936,0.00287357733346399,0.00857204318624811,"calcite_flush_4_nondim","TEmean",2363
"3",0.742239600718118,0.350711221583622,0.701757973275698,0.545775366859906,0.70487334598617,0.754508040946468,0.688763947428106,"calcite_flush_4_nondim","FOsd2",2363
"4",0.0666021796379663,0.395251203524211,0.0128717013773255,0.125326905963654,0.0154642010656225,0.0225540474033397,0.0817863099850874,"calcite_flush_4_nondim","TEsd2",2363
