"","curr_inflow_rate","curr_diffusion_coef","curr_porosity","curr_gypsum_rate_constant","curr_calcite_rate_constant","curr_gypsum_surface_area","curr_calcite_surface_area","output_var","sobol_type","boot_num"
"1",0.0917547619392485,0.00563422918569925,0.00559735554270804,0.0472290079013429,-0.00413843780307349,0.00459821087992821,-0.000996431362691744,"calcite_flush_8_nondim","FOmean",727
"2",0.129263054198564,0.0147983312431003,0.0149445517158992,0.0596384776363766,0.0260259244713463,0.0121075644814222,0.0181558762186115,"calcite_flush_8_nondim","TEmean",727
"3",-4.53476833842438,-2.53215140964709,-1.96049891921237,-1.81580704242654,-1.38305444061948,-3.11058727260004,-137.74031584575,"calcite_flush_8_nondim","FOsd2",727
"4",2.02375866209973,1.7426104138513,0.601436993752389,1.25200735330428,1.14211521002309,0.32298722012569,122.345467725285,"calcite_flush_8_nondim","TEsd2",727
