"","curr_inflow_rate","curr_diffusion_coef","curr_porosity","curr_gypsum_rate_constant","curr_calcite_rate_constant","curr_gypsum_surface_area","curr_calcite_surface_area","output_var","sobol_type","boot_num"
"1",0.0060888531096399,4.46400990322996e-05,2.10407685675156e-05,0.000442166953960644,0.000422022601775298,2.64611604978245e-05,0.000100547375767301,"calcite_flush_3_nondim","FOmean",1546
"2",0.00599507485875208,2.513474005066e-05,5.18103348754393e-05,0.000617195795951109,0.000549029955452724,3.11262869644375e-05,0.000178652671951024,"calcite_flush_3_nondim","TEmean",1546
"3",-10.6501379790927,-12.0130619553497,-10.3500686436179,-10.5669962316402,-18.6785462370759,-10.9819602193035,-10.2598333652338,"calcite_flush_3_nondim","FOsd2",1546
"4",0.757803514262639,0.593493167391013,0.169994032517638,0.00995834263879103,5.59354618870415,0.763634982011408,0.218940477422988,"calcite_flush_3_nondim","TEsd2",1546
