"","curr_inflow_rate","curr_diffusion_coef","curr_porosity","curr_gypsum_rate_constant","curr_calcite_rate_constant","curr_gypsum_surface_area","curr_calcite_surface_area","output_var","sobol_type","boot_num"
"1",0.100277620491681,0.00138694359422177,0.00105458870039803,0.0330935254038933,0.00820307585008877,0.00419213281861227,-0.00452488784112738,"calcite_flush_9_nondim","FOmean",2136
"2",0.127361447051746,0.00697112182320432,0.00912946318725665,0.0540433884737133,0.0222014824034505,0.0149332425337393,0.0141091442132333,"calcite_flush_9_nondim","TEmean",2136
"3",0.889025317349451,0.980451113520224,0.963535879422521,0.974096644885964,0.112712309831404,0.986025850824482,0.887894718750277,"calcite_flush_9_nondim","FOsd2",2136
"4",0.0974880996537152,0.00519103959934091,0.025608040463877,0.0215659964663636,0.971746321694562,0.00603203788218645,0.0978538544586602,"calcite_flush_9_nondim","TEsd2",2136
