"","curr_inflow_rate","curr_diffusion_coef","curr_porosity","curr_gypsum_rate_constant","curr_calcite_rate_constant","curr_gypsum_surface_area","curr_calcite_surface_area","output_var","sobol_type","boot_num"
"1",0.00256376014645603,6.42735033448153e-06,3.97284996140163e-06,0.000101283806985118,0.00021594915475853,1.6426755387026e-05,3.01146812637353e-05,"calcite_flush_2_nondim","FOmean",601
"2",0.0025835112242551,1.47209607912946e-05,2.48635923168084e-05,0.000133099280760008,0.000248088152538256,2.32420119165252e-05,6.88970754702833e-05,"calcite_flush_2_nondim","TEmean",601
"3",0.949333463287292,0.925913071351531,0.902097534651407,0.790925921854124,0.978483689558043,0.968746572123965,0.979438958939243,"calcite_flush_2_nondim","FOsd2",601
"4",0.104096141977193,0.00768445922847216,0.0087296852109043,0.135916859238709,0.074078621521761,0.0402142495871393,0.045233549535994,"calcite_flush_2_nondim","TEsd2",601
