"","curr_inflow_rate","curr_diffusion_coef","curr_porosity","curr_gypsum_rate_constant","curr_calcite_rate_constant","curr_gypsum_surface_area","curr_calcite_surface_area","output_var","sobol_type","boot_num"
"1",0.00493972797294908,-4.06649115379307e-05,-6.63803112536896e-05,0.000204690397876246,0.000519427797164417,-3.30844309698757e-05,0.000113102517409441,"calcite_flush_2_nondim","FOmean",1857
"2",0.00565110177227638,0.000161783200744107,0.000108956252363566,0.000545177250396286,0.00133019349708174,3.85615823736882e-05,0.000152245354584433,"calcite_flush_2_nondim","TEmean",1857
"3",0.998178852094011,0.999905889868282,0.999871803707329,0.999720957668312,0.953030541956465,0.999941393062829,0.999968672175649,"calcite_flush_2_nondim","FOsd2",1857
"4",0.00182401033667951,5.40328537865028e-05,7.76737995417434e-05,0.000153220428885623,0.046941995691982,1.847888911126e-05,1.78411510649501e-05,"calcite_flush_2_nondim","TEsd2",1857
