"","curr_inflow_rate","curr_diffusion_coef","curr_porosity","curr_gypsum_rate_constant","curr_calcite_rate_constant","curr_gypsum_surface_area","curr_calcite_surface_area","output_var","sobol_type","boot_num"
"1",0.00132117446165963,0.00112795545732112,0.00490419491832897,0.00752614060910706,0.00199675839332008,0.000972940925909983,0.00181427722129465,"calcite_flush_7_nondim","FOmean",1318
"2",0.00156662341860578,0.00103447443847438,0.0043773153288529,0.00729160897314594,0.00268860313551315,0.000999085282470099,0.00197884748957691,"calcite_flush_7_nondim","TEmean",1318
"3",0.424112420192036,0.670046240741847,0.614830763267128,0.649870187499988,-0.293032114147775,0.277058227209677,0.748702704998411,"calcite_flush_7_nondim","FOsd2",1318
"4",0.52995737756438,0.0410705652879297,0.12004422000835,0.255233481068223,0.535986295830458,0.179841673224107,0.134023930149654,"calcite_flush_7_nondim","TEsd2",1318
