"","curr_inflow_rate","curr_diffusion_coef","curr_porosity","curr_gypsum_rate_constant","curr_calcite_rate_constant","curr_gypsum_surface_area","curr_calcite_surface_area","output_var","sobol_type","boot_num"
"1",0.00210217685466858,-6.41209293655335e-06,4.03038262998567e-05,0.000101907979031478,0.00013085352012092,-1.17742326183888e-05,4.38560547174961e-05,"calcite_flush_2_nondim","FOmean",225
"2",0.00218765476547823,9.12741137228894e-06,3.27627475554072e-05,0.000167724959975122,0.00018546983509524,8.93031903790683e-06,7.29741265333456e-05,"calcite_flush_2_nondim","TEmean",225
"3",0.935924959674124,0.999827091861089,0.989156799508223,0.999697086280662,0.976546381544853,0.999788133488243,0.994537925118939,"calcite_flush_2_nondim","FOsd2",225
"4",0.0632836707824062,0.000234067836537136,0.00694332061118974,0.000605681190742064,0.0238099743250755,6.59663102816337e-05,0.0052318053475058,"calcite_flush_2_nondim","TEsd2",225
