"","curr_inflow_rate","curr_diffusion_coef","curr_porosity","curr_gypsum_rate_constant","curr_calcite_rate_constant","curr_gypsum_surface_area","curr_calcite_surface_area","output_var","sobol_type","boot_num"
"1",0.00672720063595912,4.61955357767815e-05,1.4199287719884e-05,0.000282970460761421,0.000459160658177378,8.9356086981207e-05,0.000161580912716164,"calcite_flush_3_nondim","FOmean",922
"2",0.00680887640508412,1.71673730932886e-05,4.71874226745105e-05,0.000422250293020936,0.000524637114202005,4.33735136382484e-05,0.000124838363218662,"calcite_flush_3_nondim","TEmean",922
"3",0.947795658757136,0.498217995250616,0.993415803928078,0.989966495769289,0.927868725124096,0.982196871488504,0.985604691385201,"calcite_flush_3_nondim","FOsd2",922
"4",0.18854198569263,0.0904957091782682,0.135527184912427,0.163705331775052,0.233772106109304,0.13262792309364,0.0990555407876561,"calcite_flush_3_nondim","TEsd2",922
