"","curr_inflow_rate","curr_diffusion_coef","curr_porosity","curr_gypsum_rate_constant","curr_calcite_rate_constant","curr_gypsum_surface_area","curr_calcite_surface_area","output_var","sobol_type","boot_num"
"1",0.00270623664095818,6.02727213098155e-05,-1.19300694439999e-05,0.000149723994234516,0.00020902119253315,2.54013428599892e-05,4.66655727622585e-06,"calcite_flush_2_nondim","FOmean",2057
"2",0.00286230871021505,3.93140414030201e-05,5.01658909766994e-05,0.00019072021056158,0.000354696048633632,4.61399718148022e-05,0.000106999559444239,"calcite_flush_2_nondim","TEmean",2057
"3",0.593687476913231,0.265835385319007,0.450608590123182,-0.708247847103055,0.30237459207972,0.360312935142809,0.589686426813985,"calcite_flush_2_nondim","FOsd2",2057
"4",0.10188678870059,0.119465829107022,0.0808070268694199,0.912917189895872,0.345907682615297,0.322247406654747,0.0731543051717542,"calcite_flush_2_nondim","TEsd2",2057
