"","curr_inflow_rate","curr_diffusion_coef","curr_porosity","curr_gypsum_rate_constant","curr_calcite_rate_constant","curr_gypsum_surface_area","curr_calcite_surface_area","output_var","sobol_type","boot_num"
"1",0.00381022664834872,-1.43582428446346e-06,5.92434642367008e-06,0.000138507331467608,0.000239844712699658,7.87061401921915e-06,8.67770289848774e-05,"calcite_flush_2_nondim","FOmean",1057
"2",0.00404867109588916,3.97913560309273e-05,3.65573063502803e-05,0.000313709196974399,0.000402358527647742,4.12014914790064e-05,0.000230101541869989,"calcite_flush_2_nondim","TEmean",1057
"3",-862.986913856291,-771.801838971663,-19.4472388786829,-29.6434621504757,-36.863905916707,-25.7760779325174,-26.4307321968948,"calcite_flush_2_nondim","FOsd2",1057
"4",847.702946778215,581.525796290316,2.47302966088011,0.352129020552848,7.63182776861893,3.03564829286934,16.6626448650953,"calcite_flush_2_nondim","TEsd2",1057
