"","curr_inflow_rate","curr_diffusion_coef","curr_porosity","curr_gypsum_rate_constant","curr_calcite_rate_constant","curr_gypsum_surface_area","curr_calcite_surface_area","output_var","sobol_type","boot_num"
"1",0.102382405354116,-0.00292451378626896,0.00295695230109947,0.0229154735073289,0.00364645082359838,-0.000762313234762862,0.00499856387521169,"calcite_flush_9_nondim","FOmean",1112
"2",0.107364587997545,0.010004437018726,0.011391548170865,0.0306688061234056,0.0169257517030205,0.0054953318817842,0.0152311514090674,"calcite_flush_9_nondim","TEmean",1112
"3",0.974294234361657,0.651749436472302,0.915173384978106,0.67384107749341,0.978867880360498,0.976337324528581,0.958408430420647,"calcite_flush_9_nondim","FOsd2",1112
"4",0.29835584210578,0.11218767936231,0.283970746255658,0.0472985814131251,0.29940356590496,0.249379958120528,0.315350915829578,"calcite_flush_9_nondim","TEsd2",1112
