"","curr_inflow_rate","curr_diffusion_coef","curr_porosity","curr_gypsum_rate_constant","curr_calcite_rate_constant","curr_gypsum_surface_area","curr_calcite_surface_area","output_var","sobol_type","boot_num"
"1",0.235725672439447,-0.0100387126079142,-0.00944044614979833,0.0266893585640462,0.0441246611130866,0.00272471233064595,0.0188679855858568,"calcite_flush_5_nondim","FOmean",2004
"2",0.293521059893711,0.0234523555072232,0.0156596932138715,0.081133873032097,0.107628308052348,0.0173331195028618,0.0315539931495999,"calcite_flush_5_nondim","TEmean",2004
"3",0.718447812191226,0.636960538250972,0.420917627855257,0.127471787205784,0.0747439254968153,0.600518454683308,0.288078089500768,"calcite_flush_5_nondim","FOsd2",2004
"4",1.3017920913785,1.15392026083713,0.392131481309401,1.89766694402612,1.64528210231813,0.643710155444347,0.425106279077948,"calcite_flush_5_nondim","TEsd2",2004
