"","curr_inflow_rate","curr_diffusion_coef","curr_porosity","curr_gypsum_rate_constant","curr_calcite_rate_constant","curr_gypsum_surface_area","curr_calcite_surface_area","output_var","sobol_type","boot_num"
"1",0.138361355146553,0.00488882248543302,0.0089234418085112,0.0552924071013999,0.00551193645143053,0.00415657921229441,-0.00318007779889054,"calcite_flush_8_nondim","FOmean",903
"2",0.161002257518826,0.0149931739736399,0.0152271327624809,0.0868687355041316,0.0201825125964105,0.0145132048002897,0.0153038333538253,"calcite_flush_8_nondim","TEmean",903
"3",-1.57696446278103,-1.39645067041754,-1.13130258232191,-0.642691041286182,-1.02308415253699,-2.94777570256162,-0.649620520406928,"calcite_flush_8_nondim","FOsd2",903
"4",0.671243914386425,0.556738726622161,0.747488517634751,0.162286670416108,0.542404029810951,2.38533177367044,0.158599820826302,"calcite_flush_8_nondim","TEsd2",903
