"","curr_inflow_rate","curr_diffusion_coef","curr_porosity","curr_gypsum_rate_constant","curr_calcite_rate_constant","curr_gypsum_surface_area","curr_calcite_surface_area","output_var","sobol_type","boot_num"
"1",0.260058324833042,0.017250946505834,-0.0153650196029728,0.00851078753214136,0.0327896627544663,0.0145560417575093,-0.00949626747569023,"calcite_flush_5_nondim","FOmean",2068
"2",0.31274142320277,0.023543857092245,0.0194749131701701,0.0909187122881136,0.108674518797945,0.0198366503698793,0.0304714285322723,"calcite_flush_5_nondim","TEmean",2068
"3",-0.308649922536065,-0.217854764283794,-0.242072982833698,-0.265573530084421,-0.242869292902388,-0.361282226342377,-0.284625054671139,"calcite_flush_5_nondim","FOsd2",2068
"4",0.950096164630306,0.779985741009378,0.867254186248513,0.869447555070444,0.859055752090424,0.882533320617891,0.81316222921853,"calcite_flush_5_nondim","TEsd2",2068
