"","curr_inflow_rate","curr_diffusion_coef","curr_porosity","curr_gypsum_rate_constant","curr_calcite_rate_constant","curr_gypsum_surface_area","curr_calcite_surface_area","output_var","sobol_type","boot_num"
"1",0.00528244927355644,-3.61002192626661e-05,0.00516181481775119,0.0119337380369596,0.000185627862093498,0.000857986009367105,0.000489529119511848,"calcite_flush_7_nondim","FOmean",1974
"2",0.00491056373161547,9.15769508995661e-06,0.00460200790495355,0.0123183762758775,7.68702618317632e-05,0.000556339424118738,0.000376231873463485,"calcite_flush_7_nondim","TEmean",1974
"3",0.988306390061253,0.98707828971483,0.987183515914909,0.991032376946279,0.988123564708684,0.987120839403199,0.986597741014807,"calcite_flush_7_nondim","FOsd2",1974
"4",0.00313923507056865,0.000124951358265049,0.000174049619252591,0.0080752725328374,0.00367808934420361,0.000185837853578873,0.00121201702605945,"calcite_flush_7_nondim","TEsd2",1974
