"","curr_inflow_rate","curr_diffusion_coef","curr_porosity","curr_gypsum_rate_constant","curr_calcite_rate_constant","curr_gypsum_surface_area","curr_calcite_surface_area","output_var","sobol_type","boot_num"
"1",0.00194210313169456,1.39501180681804e-05,0.000876965027964556,0.00761647002391278,0.00031486363326588,1.37458604587361e-05,0.00030358237961542,"calcite_flush_6_nondim","FOmean",1717
"2",0.00186944000298086,8.89588443147486e-06,0.0010008045296475,0.00762557428081725,0.000207097911346071,5.60436013984171e-06,0.000299305704068083,"calcite_flush_6_nondim","TEmean",1717
"3",0.988115258061791,0.985684112400453,0.986262031501232,0.991218669420434,0.990120645647643,0.985686610387515,0.985762572792447,"calcite_flush_6_nondim","FOsd2",1717
"4",0.00290158900677727,2.05200630718729e-07,0.000488749133692468,0.00654201788492543,0.00550914758336018,8.95242811221098e-06,0.000698433232414817,"calcite_flush_6_nondim","TEsd2",1717
