"","curr_inflow_rate","curr_diffusion_coef","curr_porosity","curr_gypsum_rate_constant","curr_calcite_rate_constant","curr_gypsum_surface_area","curr_calcite_surface_area","output_var","sobol_type","boot_num"
"1",0.00246576536029868,3.69879652302402e-05,6.50919605716305e-06,2.53211477755291e-05,0.000138628458100544,-3.12711669148859e-08,7.0867327493287e-05,"calcite_flush_2_nondim","FOmean",1337
"2",0.00258979832770369,4.34311382582325e-05,4.89194318326435e-05,0.000121231494423534,0.000214375614352236,2.95035638149694e-05,0.000157487790589078,"calcite_flush_2_nondim","TEmean",1337
"3",-3433.18952348776,-6.21976325804177,-79.6450122791876,-42.5511477492311,-0.550999599124814,-6.74319762622516,-51.52769248609,"calcite_flush_2_nondim","FOsd2",1337
"4",3443.37661586857,6.99560662272817,79.3778375359086,41.1192615957105,11.9635486205757,4.83096900382746,48.5810944922076,"calcite_flush_2_nondim","TEsd2",1337
