"","curr_inflow_rate","curr_diffusion_coef","curr_porosity","curr_gypsum_rate_constant","curr_calcite_rate_constant","curr_gypsum_surface_area","curr_calcite_surface_area","output_var","sobol_type","boot_num"
"1",0.00273613977897224,8.97957253350139e-07,8.49641196395595e-06,0.0001551392433266,0.000367238241692685,-6.81521062155379e-06,0.000153796199256178,"calcite_flush_2_nondim","FOmean",529
"2",0.00273068197601939,8.45507844595601e-06,4.02665689786354e-05,0.00014095801393835,0.000336113137987364,9.10616039265234e-06,0.000135672259280498,"calcite_flush_2_nondim","TEmean",529
"3",-4293.17418185627,-4284.96255413767,-4281.99837926688,-4291.64935230608,-4281.22799187174,-4297.03907684388,-4283.68550413677,"calcite_flush_2_nondim","FOsd2",529
"4",13.9311105319487,1.33425352329304,0.418577009574482,4.95594544986382,1.98787402625384,15.9312396434216,0.260214417925112,"calcite_flush_2_nondim","TEsd2",529
