"","curr_inflow_rate","curr_diffusion_coef","curr_porosity","curr_gypsum_rate_constant","curr_calcite_rate_constant","curr_gypsum_surface_area","curr_calcite_surface_area","output_var","sobol_type","boot_num"
"1",0.121945604188081,-0.00140212558645616,-0.000374707300075752,0.0296643370649706,0.0112185688761216,0.0030010008234133,0.00939656067774994,"calcite_flush_9_nondim","FOmean",864
"2",0.154851160724382,0.00542022239221538,0.0136009104983754,0.0469672627325745,0.0280893751790826,0.00853325484164599,0.02202908930824,"calcite_flush_9_nondim","TEmean",864
"3",0.427938549136206,0.735315732957625,0.923655752405573,0.784705639185744,0.714498476558397,0.829205656191569,-0.104179139447821,"calcite_flush_9_nondim","FOsd2",864
"4",0.216897883395556,0.118203704943047,0.24152881102142,0.391528712387063,0.296083307655013,0.141302008181797,0.659384180206735,"calcite_flush_9_nondim","TEsd2",864
