"","curr_inflow_rate","curr_diffusion_coef","curr_porosity","curr_gypsum_rate_constant","curr_calcite_rate_constant","curr_gypsum_surface_area","curr_calcite_surface_area","output_var","sobol_type","boot_num"
"1",0.000194095483271599,0.000877362954068201,0.00416792137102296,0.00665057910653813,0.00690192801429317,0.000477134764526346,0.000620527147986709,"calcite_flush_6_nondim","FOmean",2205
"2",0.000134766676421401,0.000527873028598665,0.00403663889465116,0.00642944725564383,0.00607529562575359,0.000680006696624105,0.000653285413709049,"calcite_flush_6_nondim","TEmean",2205
"3",0.547457825601773,0.5366497989738,0.557199489803206,0.341598877822989,-0.138321193513533,0.484424259547497,0.540983916479405,"calcite_flush_6_nondim","FOsd2",2205
"4",0.241200156418316,0.0652133700947701,0.141232418285249,0.249249444857782,0.333641073150688,0.014840259339131,0.0336041695188106,"calcite_flush_6_nondim","TEsd2",2205
