"","curr_inflow_rate","curr_diffusion_coef","curr_porosity","curr_gypsum_rate_constant","curr_calcite_rate_constant","curr_gypsum_surface_area","curr_calcite_surface_area","output_var","sobol_type","boot_num"
"1",0.246156674591953,0.0117739948437853,0.00310780205516947,0.0602760595717013,0.0710844333559541,0.014467414257173,0.0255586167266825,"calcite_flush_5_nondim","FOmean",2372
"2",0.249958403681854,0.0267532531880568,0.0149779910746453,0.0738214644454426,0.100995023326441,0.0249681623532102,0.0386719150998372,"calcite_flush_5_nondim","TEmean",2372
"3",-37.7125808682675,-16.3028441585374,-16.9179214158088,-17.4006913102686,-16.7163686834151,-24.8151079708863,-16.0623576390347,"calcite_flush_5_nondim","FOsd2",2372
"4",22.3100666638064,0.402745630723028,1.06859712425549,1.4394869667355,0.965144690967753,8.73170165382574,0.409434328435499,"calcite_flush_5_nondim","TEsd2",2372
