"","curr_inflow_rate","curr_diffusion_coef","curr_porosity","curr_gypsum_rate_constant","curr_calcite_rate_constant","curr_gypsum_surface_area","curr_calcite_surface_area","output_var","sobol_type","boot_num"
"1",0.172249719251716,0.00179705323159965,0.00471488853147695,0.0360594590148258,0.0356446211901522,0.00218011561275402,0.00448226779632227,"calcite_flush_4_nondim","FOmean",931
"2",0.169987701624887,0.00116958331729891,0.00278572743461491,0.03121635800315,0.0386392923580407,0.000880938538093946,0.00577817409930877,"calcite_flush_4_nondim","TEmean",931
"3",-78.5286302327371,-76.3868693337208,-99.2180695203887,-105.749662277834,-76.6958517231058,-100.787123826553,-1057.63748442309,"calcite_flush_4_nondim","FOsd2",931
"4",4.24064730115657,6.58698786020364,16.7103299120513,16.9798510048798,8.53532343095034,31.7807162890218,826.7741147741,"calcite_flush_4_nondim","TEsd2",931
