"","curr_inflow_rate","curr_diffusion_coef","curr_porosity","curr_gypsum_rate_constant","curr_calcite_rate_constant","curr_gypsum_surface_area","curr_calcite_surface_area","output_var","sobol_type","boot_num"
"1",0.000212559080684019,0.000370218096018827,0.00828026298907277,0.00766503805193203,0.00287563979223876,0.000951225356468954,0.000285347642133999,"calcite_flush_7_nondim","FOmean",1646
"2",0.000117088223154225,0.000388869436083456,0.00863809512771251,0.0083337287175484,0.00236085271655505,0.0011676222447075,0.000252346559533257,"calcite_flush_7_nondim","TEmean",1646
"3",0.852183270830847,0.844482046651781,0.811793874068163,0.854682739723209,0.803510161556353,0.816343398699974,0.814614319132472,"calcite_flush_7_nondim","FOsd2",1646
"4",0.109105577449741,0.0232892379181572,0.0378341774846103,0.0634964849142666,0.0654963848207058,0.0211372218027661,0.0257449439786599,"calcite_flush_7_nondim","TEsd2",1646
