"","curr_inflow_rate","curr_diffusion_coef","curr_porosity","curr_gypsum_rate_constant","curr_calcite_rate_constant","curr_gypsum_surface_area","curr_calcite_surface_area","output_var","sobol_type","boot_num"
"1",0.268743336246514,0.000334913622951862,0.0132012787849507,0.0534435066223227,0.0680710493965127,0.0222041091355675,0.00201202221414904,"calcite_flush_5_nondim","FOmean",1612
"2",0.328707397054984,0.0110839802529752,0.0267575806482523,0.0686867317527301,0.102865243195087,0.0245366694119202,0.0337168385745191,"calcite_flush_5_nondim","TEmean",1612
"3",0.847018689913508,-0.0508621769063018,0.654630085716641,0.414720968965855,0.737139262876994,0.660153236812457,0.836967466443279,"calcite_flush_5_nondim","FOsd2",1612
"4",0.12088050492857,0.794699011848773,0.104298909307395,0.492016888385017,0.150062449284927,0.203574815632429,0.121225713937484,"calcite_flush_5_nondim","TEsd2",1612
