"","curr_inflow_rate","curr_diffusion_coef","curr_porosity","curr_gypsum_rate_constant","curr_calcite_rate_constant","curr_gypsum_surface_area","curr_calcite_surface_area","output_var","sobol_type","boot_num"
"1",0.106515007538005,0.00163470028121027,0.0022304012883614,0.0444179357580658,0.00555773643002099,-0.00299714566988547,-0.00168521465282909,"calcite_flush_8_nondim","FOmean",1303
"2",0.122016734351436,0.00679454121797843,0.00941512629751488,0.0557895985572221,0.0191385036156125,0.0080656645715728,0.0135129622193605,"calcite_flush_8_nondim","TEmean",1303
"3",0.916053033458979,0.890431438001718,0.880639949615606,0.850954654233925,0.912434556763324,0.894379651809258,0.792417083634799,"calcite_flush_8_nondim","FOsd2",1303
"4",0.0319106233380248,0.0544359668306058,0.0717824914898249,0.0918207051354937,0.0573893051483204,0.0347222842587889,0.159054443807526,"calcite_flush_8_nondim","TEsd2",1303
