"","curr_inflow_rate","curr_diffusion_coef","curr_porosity","curr_gypsum_rate_constant","curr_calcite_rate_constant","curr_gypsum_surface_area","curr_calcite_surface_area","output_var","sobol_type","boot_num"
"1",0.124267504032774,-0.000397442781765553,0.00730998565098574,0.0342338205885233,0.00190025807276108,-0.00926337627571955,-0.000688693134007588,"calcite_flush_9_nondim","FOmean",2384
"2",0.180399544980559,0.0141531641318902,0.0189290815927242,0.0613285463198094,0.0369194338639226,0.0125971715788178,0.0207861357012495,"calcite_flush_9_nondim","TEmean",2384
"3",0.972593897911609,0.969329146753863,0.982895034143223,0.986283243270531,0.932632692047843,0.963427616402917,0.965226446223549,"calcite_flush_9_nondim","FOsd2",2384
"4",0.0341454602495795,0.0234905705585728,0.0283549569712406,0.0366751888900117,0.029556025395514,0.0414091031835814,0.0274612064979073,"calcite_flush_9_nondim","TEsd2",2384
