"","curr_inflow_rate","curr_diffusion_coef","curr_porosity","curr_gypsum_rate_constant","curr_calcite_rate_constant","curr_gypsum_surface_area","curr_calcite_surface_area","output_var","sobol_type","boot_num"
"1",0.0067225984117733,-7.6657437808568e-06,2.74022771692288e-05,0.00039247722722138,0.000796778448002789,6.83359920209706e-06,0.00013289298359286,"calcite_flush_3_nondim","FOmean",1226
"2",0.00686216058858674,4.16908247151916e-05,0.000155828930876789,0.000490876894082385,0.000693786132247937,2.98433111908074e-05,0.000178126017585239,"calcite_flush_3_nondim","TEmean",1226
"3",-9.40663645403362,-9.27881949959229,-9.9228844557132,-9.22414635488097,-11.8557393596788,-11.4115813242777,-9.61914146002215,"calcite_flush_3_nondim","FOsd2",1226
"4",0.36964797262359,0.0034266227698162,0.637610753827303,0.0214566493245666,2.69113638657885,2.15927608063872,0.116237428095938,"calcite_flush_3_nondim","TEsd2",1226
