"","curr_inflow_rate","curr_diffusion_coef","curr_porosity","curr_gypsum_rate_constant","curr_calcite_rate_constant","curr_gypsum_surface_area","curr_calcite_surface_area","output_var","sobol_type","boot_num"
"1",0.00184902642992515,1.09812257274878e-05,0.0014253631020606,0.00586048721315667,0.00010940870548366,0.000667557570425483,8.31918008897609e-05,"calcite_flush_7_nondim","FOmean",782
"2",0.00171195187316521,2.47836101056156e-05,0.0011643238961487,0.00607381439947202,0.000170159383702163,0.000494027336816366,8.53664481699114e-05,"calcite_flush_7_nondim","TEmean",782
"3",0.992438101160605,0.990922022681011,0.991325136329802,0.995220781065397,0.992824209918616,0.990787558671033,0.991187854812964,"calcite_flush_7_nondim","FOsd2",782
"4",0.00166969000184369,4.395271907846e-05,0.000722509006281541,0.00490253032812291,0.00212866860680685,4.24864529524333e-05,0.000439267063162883,"calcite_flush_7_nondim","TEsd2",782
