"","curr_inflow_rate","curr_diffusion_coef","curr_porosity","curr_gypsum_rate_constant","curr_calcite_rate_constant","curr_gypsum_surface_area","curr_calcite_surface_area","output_var","sobol_type","boot_num"
"1",0.00689417825582411,-5.00125311993898e-07,4.37289429079073e-05,0.000152997248514627,0.0007951626638505,-7.08155994756861e-05,0.000210469941459269,"calcite_flush_3_nondim","FOmean",1146
"2",0.00696792422511203,3.30466153812215e-05,7.82375077494849e-05,0.000569078844384996,0.000778175130672201,4.77257397033526e-05,0.000280470263101737,"calcite_flush_3_nondim","TEmean",1146
"3",-4825.67153800006,-4838.88181941579,-5631.82169486123,-4835.40102658967,-4823.92708061414,-4834.90343971473,-4998.01991131842,"calcite_flush_3_nondim","FOsd2",1146
"4",559.592306441194,536.250876480433,24.1443184775623,399.069053258549,557.741116599255,444.627486125309,116.489599158779,"calcite_flush_3_nondim","TEsd2",1146
