"","curr_inflow_rate","curr_diffusion_coef","curr_porosity","curr_gypsum_rate_constant","curr_calcite_rate_constant","curr_gypsum_surface_area","curr_calcite_surface_area","output_var","sobol_type","boot_num"
"1",0.279853604954658,0.0210817659138539,0.0142747384585787,0.0296301980505985,0.0541326519745874,-0.00103061062235987,0.00539994416335913,"calcite_flush_5_nondim","FOmean",476
"2",0.313128496563372,0.0226695266699066,0.0250299990912268,0.0584673745617743,0.0888635353086725,0.0224647776610903,0.0517090979493067,"calcite_flush_5_nondim","TEmean",476
"3",0.782222808084322,0.500162908811191,-17.0625751649465,0.782602671788708,0.452965532214401,-65.3088735770076,-0.952705155281551,"calcite_flush_5_nondim","FOsd2",476
"4",14.0663340467937,13.8025937887418,0.320082113834842,14.0742390318303,12.8809545124656,20.4466780175694,15.0176477670594,"calcite_flush_5_nondim","TEsd2",476
