"","curr_inflow_rate","curr_diffusion_coef","curr_porosity","curr_gypsum_rate_constant","curr_calcite_rate_constant","curr_gypsum_surface_area","curr_calcite_surface_area","output_var","sobol_type","boot_num"
"1",0.000355720455313847,4.05053390436286e-05,0.000125014565766233,0.00268729378227739,0.000508425773283447,0.00024073545250297,5.14215227572607e-05,"calcite_flush_6_nondim","FOmean",1709
"2",0.000437167027926639,2.71981008443805e-05,0.000101065575787686,0.00276732913366659,0.000517278626216765,0.000189318025917055,0.000124913736289483,"calcite_flush_6_nondim","TEmean",1709
"3",0.991439569050543,0.99021457519369,0.990584384678481,0.995763989564439,0.991479351598061,0.990102771202968,0.991181495418794,"calcite_flush_6_nondim","FOsd2",1709
"4",0.00181483301108958,4.3429185159441e-06,0.000213066396436403,0.00609588774308472,0.00172525747960742,3.31194231440018e-05,0.000715279202410346,"calcite_flush_6_nondim","TEsd2",1709
