"","curr_inflow_rate","curr_diffusion_coef","curr_porosity","curr_gypsum_rate_constant","curr_calcite_rate_constant","curr_gypsum_surface_area","curr_calcite_surface_area","output_var","sobol_type","boot_num"
"1",0.122522283935488,-0.00502563933779108,-0.00436933559075924,0.0243600745803393,0.00629341721633696,0.000979260914485206,0.00145865561585554,"calcite_flush_8_nondim","FOmean",1767
"2",0.155667100862743,0.0112096091953135,0.01184183006621,0.0498105786719909,0.0322503830116316,0.00834128484361196,0.0201057656321272,"calcite_flush_8_nondim","TEmean",1767
"3",0.856731059613642,0.478090176284652,0.854707816310005,0.848790973680823,0.282040063010758,0.607971895969193,0.0589332490115763,"calcite_flush_8_nondim","FOsd2",1767
"4",0.423481468987271,0.0193631637394247,0.421648107917623,0.432475780124672,0.910056327694141,0.0566878939343107,0.114964991934989,"calcite_flush_8_nondim","TEsd2",1767
