"","curr_inflow_rate","curr_diffusion_coef","curr_porosity","curr_gypsum_rate_constant","curr_calcite_rate_constant","curr_gypsum_surface_area","curr_calcite_surface_area","output_var","sobol_type","boot_num"
"1",0.0820054925800982,-0.00380615303786057,0.00253920718496632,0.0274180228472639,0.00762029204526089,0.00247119680891375,0.0150066841683977,"calcite_flush_8_nondim","FOmean",1055
"2",0.109918454744299,0.00807117634090651,0.0105567324146083,0.0509609442352703,0.0223555335377028,0.00980176824273669,0.0167538498872492,"calcite_flush_8_nondim","TEmean",1055
"3",-2.5120396855885,-0.250294129324381,-3.91511154877419,0.68858498560702,0.819130449882116,-1.67684686723614,-3.86816891865034,"calcite_flush_8_nondim","FOsd2",1055
"4",0.679815222303326,5.16254459117708,1.57728732628598,5.32356161905287,5.20941585077649,0.852231292724332,7.58202204150101,"calcite_flush_8_nondim","TEsd2",1055
