"","curr_inflow_rate","curr_diffusion_coef","curr_porosity","curr_gypsum_rate_constant","curr_calcite_rate_constant","curr_gypsum_surface_area","curr_calcite_surface_area","output_var","sobol_type","boot_num"
"1",0.233914782870154,-0.0100877834112285,-0.0141008593492856,0.0381207052864298,0.0869564039936218,0.00926210285665103,0.0146841196256029,"calcite_flush_5_nondim","FOmean",1660
"2",0.24767205705517,0.0147764814612275,0.0177305986079085,0.0810954028283782,0.114725039967475,0.0196320410734671,0.0382949584715425,"calcite_flush_5_nondim","TEmean",1660
"3",0.775504837228094,0.759066597883452,0.769063550122893,0.758242039997647,0.832090176452818,0.762850253739458,0.830690924787663,"calcite_flush_5_nondim","FOsd2",1660
"4",0.173581496435724,0.151464914530281,0.181783313131366,0.252772384294039,0.195953580453778,0.119380077379592,0.163836992437101,"calcite_flush_5_nondim","TEsd2",1660
