"","curr_inflow_rate","curr_diffusion_coef","curr_porosity","curr_gypsum_rate_constant","curr_calcite_rate_constant","curr_gypsum_surface_area","curr_calcite_surface_area","output_var","sobol_type","boot_num"
"1",0.0272297471168736,6.20473317735035e-06,0.0004138834800503,0.000743506452418322,0.00207284193295216,5.48477246075912e-05,0.000605560827353291,"calcite_flush_3_nondim","FOmean",2338
"2",0.0274219740942815,3.81599449141775e-05,0.000409150219552862,0.0016562301123646,0.00301752338224388,0.000224434174877644,0.000848313845774349,"calcite_flush_3_nondim","TEmean",2338
"3",-28.4829444341707,-29.5195563303139,-40.7761343656434,-47.8917524672908,-28.7925634452814,-29.0696214473441,-40.9255756552301,"calcite_flush_3_nondim","FOsd2",2338
"4",18.9886569474395,17.7138087969723,0.850390133580592,0.270632681597637,19.1805554713345,16.290281055953,8.94125775802,"calcite_flush_3_nondim","TEsd2",2338
