"","curr_inflow_rate","curr_diffusion_coef","curr_porosity","curr_gypsum_rate_constant","curr_calcite_rate_constant","curr_gypsum_surface_area","curr_calcite_surface_area","output_var","sobol_type","boot_num"
"1",0.00241080099313235,5.58628888074094e-05,0.00239898901689974,0.00776560560347595,0.000335325196863144,0.000396147242925768,4.24774204976467e-06,"calcite_flush_7_nondim","FOmean",1750
"2",0.00268826690327686,2.71037930628609e-05,0.00262114167421873,0.00761780692350745,0.000351619932418715,0.000555291700958001,2.08509976947237e-06,"calcite_flush_7_nondim","TEmean",1750
"3",0.99184112096688,0.991410387623552,0.991554954986274,0.993389822454033,0.994228441520997,0.991622781386478,0.991353376401909,"calcite_flush_7_nondim","FOsd2",1750
"4",0.00119771338509524,3.84228182199267e-05,0.000559408341766859,0.00417639231070598,0.00428316484498223,0.000207032733167229,0.000497375134595129,"calcite_flush_7_nondim","TEsd2",1750
