"","curr_inflow_rate","curr_diffusion_coef","curr_porosity","curr_gypsum_rate_constant","curr_calcite_rate_constant","curr_gypsum_surface_area","curr_calcite_surface_area","output_var","sobol_type","boot_num"
"1",0.00582778565498649,2.59297641430964e-07,5.76590317512527e-05,0.000355163649033035,0.000432408511031343,1.75630751221578e-05,0.000209485364666515,"calcite_flush_3_nondim","FOmean",1970
"2",0.00574953082276643,1.56122991475356e-05,8.40468989470258e-05,0.000359780716704492,0.000588072684697066,1.25616364683051e-05,0.000122703545621822,"calcite_flush_3_nondim","TEmean",1970
"3",0.998917058864101,0.999840854855333,0.999811089457219,0.99983928468581,0.999795942683499,0.999844721540803,0.99968444522686,"calcite_flush_3_nondim","FOsd2",1970
"4",0.000983667985633696,1.17695500671404e-05,1.28799905799327e-05,3.92199341757224e-05,0.000119671946750863,9.5854285306883e-06,0.000108585064826857,"calcite_flush_3_nondim","TEsd2",1970
