"","curr_inflow_rate","curr_diffusion_coef","curr_porosity","curr_gypsum_rate_constant","curr_calcite_rate_constant","curr_gypsum_surface_area","curr_calcite_surface_area","output_var","sobol_type","boot_num"
"1",0.116268596616494,-0.00052874496414392,-0.000461125034947852,0.00743283452432464,0.0171413500202169,-0.000586620192059012,0.0013660641437169,"calcite_flush_4_nondim","FOmean",771
"2",0.111238370271556,0.000653309606553397,0.000596512690977495,0.0163299583055679,0.0223945655378825,0.000654493288179796,0.0042635983509291,"calcite_flush_4_nondim","TEmean",771
"3",0.979056130474695,0.851452177960377,0.952942828090048,0.861253285966491,0.975931075220256,0.864735973567341,0.973192612111923,"calcite_flush_4_nondim","FOsd2",771
"4",0.0397797081275061,0.0937039483953658,0.0445176116700002,0.0963193477721395,0.0309103288076379,0.0482530957897179,0.0113117549327079,"calcite_flush_4_nondim","TEsd2",771
