"","curr_inflow_rate","curr_diffusion_coef","curr_porosity","curr_gypsum_rate_constant","curr_calcite_rate_constant","curr_gypsum_surface_area","curr_calcite_surface_area","output_var","sobol_type","boot_num"
"1",0.00370867265874396,2.0492622036127e-05,4.62075018993239e-05,0.000236982728817452,0.000265009004151104,-2.39581074193893e-05,0.000164282603534117,"calcite_flush_2_nondim","FOmean",1129
"2",0.00371252424991516,1.13147027114187e-05,4.24399053212231e-05,0.000294247554558076,0.000343950291730869,1.90078768892829e-05,0.000137982703840152,"calcite_flush_2_nondim","TEmean",1129
"3",0.998162144133967,0.998321266395558,0.979114613953546,0.998868338346633,0.997983801027156,0.999052844717109,0.997478901998491,"calcite_flush_2_nondim","FOsd2",1129
"4",0.00251195618805146,2.5074039230879e-05,0.0114398153109668,0.00135899993053171,0.00271148508878824,0.000311827210629808,0.000108721884571997,"calcite_flush_2_nondim","TEsd2",1129
