"","curr_inflow_rate","curr_diffusion_coef","curr_porosity","curr_gypsum_rate_constant","curr_calcite_rate_constant","curr_gypsum_surface_area","curr_calcite_surface_area","output_var","sobol_type","boot_num"
"1",0.199575804230292,0.00426144829757475,-0.00333568175375445,0.0393629942898681,0.0555188188661393,0.00666920077601933,-0.00149977592345639,"calcite_flush_5_nondim","FOmean",964
"2",0.249735609189587,0.0156770108570604,0.0240227892897327,0.0808928841403926,0.106604358454131,0.0199385139763729,0.0380089284893303,"calcite_flush_5_nondim","TEmean",964
"3",0.605214787854629,-2.22214859534166,-128.896470843938,0.530221108543597,-1.04369476248322,-7.20922943524888,0.599918745086308,"calcite_flush_5_nondim","FOsd2",964
"4",165.436785296402,125.966219193515,2.46221861322863,159.398568866695,138.293423509477,100.826656506537,166.02917926921,"calcite_flush_5_nondim","TEsd2",964
