"","curr_inflow_rate","curr_diffusion_coef","curr_porosity","curr_gypsum_rate_constant","curr_calcite_rate_constant","curr_gypsum_surface_area","curr_calcite_surface_area","output_var","sobol_type","boot_num"
"1",0.000313121089103923,6.06569632985163e-06,0.000206605681946204,0.00164551705605688,0.000162353697268501,4.8356836052501e-06,8.81591520471499e-05,"calcite_flush_6_nondim","FOmean",2293
"2",0.000281192646642864,2.32502118335897e-05,0.000192202477711388,0.0015387762708327,0.000197991406102586,5.38432197646761e-06,0.000112732825473499,"calcite_flush_6_nondim","TEmean",2293
"3",0.99536061619797,0.994804543353477,0.994859049889643,0.997373803361153,0.9957420221586,0.99468098566289,0.995136791462885,"calcite_flush_6_nondim","FOsd2",2293
"4",0.000812638900385398,0.000108244197402366,8.61446078777132e-05,0.0026557772349702,0.00125222529743343,1.89031015946309e-05,0.000378814428114698,"calcite_flush_6_nondim","TEsd2",2293
