"","curr_inflow_rate","curr_diffusion_coef","curr_porosity","curr_gypsum_rate_constant","curr_calcite_rate_constant","curr_gypsum_surface_area","curr_calcite_surface_area","output_var","sobol_type","boot_num"
"1",0.00744331376675792,-3.85770702957203e-05,-4.37100738387735e-05,0.000310555360392001,0.000662667213868552,2.75656915070978e-06,0.000246527325206329,"calcite_flush_3_nondim","FOmean",1826
"2",0.00736473551113032,4.75768859026396e-05,0.000110774976722122,0.000501902626804439,0.000909128009298333,1.07701320508252e-05,0.000237333142366993,"calcite_flush_3_nondim","TEmean",1826
"3",0.987405540119898,-0.738204470197694,0.961420169374714,-0.599206884944331,0.921536434218269,0.719042500003966,-1.3565044655719,"calcite_flush_3_nondim","FOsd2",1826
"4",3.34333857867591,0.403651482754137,2.81999156972867,0.333761132417909,2.72725369966774,1.85575868945897,0.136600865971738,"calcite_flush_3_nondim","TEsd2",1826
