"","curr_inflow_rate","curr_diffusion_coef","curr_porosity","curr_gypsum_rate_constant","curr_calcite_rate_constant","curr_gypsum_surface_area","curr_calcite_surface_area","output_var","sobol_type","boot_num"
"1",0.00191339518981179,1.61395173415354e-07,0.000534940328935174,0.00601853204801429,4.2166738768028e-05,0.000765393721231642,0.000126625605812164,"calcite_flush_7_nondim","FOmean",958
"2",0.00221547598824548,8.49060590244949e-10,0.000768861004170475,0.00587127782619169,0.000202265125960662,0.000803011368771899,0.000147403636317193,"calcite_flush_7_nondim","TEmean",958
"3",0.991036265676588,0.98964616726191,0.990169767896245,0.993771145275351,0.992171891788968,0.989942781951517,0.989552136184691,"calcite_flush_7_nondim","FOsd2",958
"4",0.00113908214102906,2.31326093481687e-06,0.000724315544115957,0.00647401838751615,0.00298784127877986,0.000135285409087155,0.000813289960949472,"calcite_flush_7_nondim","TEsd2",958
