"","curr_inflow_rate","curr_diffusion_coef","curr_porosity","curr_gypsum_rate_constant","curr_calcite_rate_constant","curr_gypsum_surface_area","curr_calcite_surface_area","output_var","sobol_type","boot_num"
"1",0.00203260120076974,5.1065910386794e-06,9.86949644783794e-06,0.000115389425865646,0.000122646966637172,4.02953734424615e-06,7.58546338495119e-06,"calcite_flush_2_nondim","FOmean",2153
"2",0.00201272630159017,7.51437648290488e-06,1.52994924063204e-05,0.000108656176480849,0.000164116109903962,5.52178311173691e-06,6.79110913286023e-05,"calcite_flush_2_nondim","TEmean",2153
"3",0.988555026324111,0.99630409077174,0.985714640372448,0.980946057031967,0.999843952494116,0.987694349350076,-1.76989184360134,"calcite_flush_2_nondim","FOsd2",2153
"4",0.00120756638951683,0.00282278007268945,0.0239989284446106,0.00101183564645051,0.0127085106508224,1.20659099162226e-05,2.74032590023207,"calcite_flush_2_nondim","TEsd2",2153
