"","curr_inflow_rate","curr_diffusion_coef","curr_porosity","curr_gypsum_rate_constant","curr_calcite_rate_constant","curr_gypsum_surface_area","curr_calcite_surface_area","output_var","sobol_type","boot_num"
"1",0.0381777583365159,0.000293280013765846,0.00013969916167396,0.00326776447497697,0.00439001880384473,-3.15866629122428e-05,0.00133670142085407,"calcite_flush_2_nondim","FOmean",2145
"2",0.0378865534077297,0.00028927494634868,0.000372640787369956,0.00309234683589254,0.00491305268901162,0.000263521196746086,0.00202860509211204,"calcite_flush_2_nondim","TEmean",2145
"3",0.124099201972113,0.151675672618112,0.175556529176119,0.203654375091709,0.200814679841331,0.109651510550953,-5.16490634525108,"calcite_flush_2_nondim","FOsd2",2145
"4",0.103152313597629,0.0157915279152263,0.0275071201357304,0.0213867153121463,0.0127352377004175,0.0276684917040437,5.32920103169643,"calcite_flush_2_nondim","TEsd2",2145
