"","curr_inflow_rate","curr_diffusion_coef","curr_porosity","curr_gypsum_rate_constant","curr_calcite_rate_constant","curr_gypsum_surface_area","curr_calcite_surface_area","output_var","sobol_type","boot_num"
"1",0.0107135568820663,6.7119156724188e-05,0.000199370920087493,0.000828603515314205,0.000975315299006118,-0.000131680738319144,0.000157790829638177,"calcite_flush_3_nondim","FOmean",1090
"2",0.0109070237109965,2.36846331775325e-05,0.000175583367117379,0.00102389302881956,0.00139186195082109,8.7189441009363e-05,0.000306142281668674,"calcite_flush_3_nondim","TEmean",1090
"3",-10.2859277356133,-8.39789621836407,-8.04553201215245,-123.88937137047,-9.08849612165114,-8.49704889623886,-99.870878502112,"calcite_flush_3_nondim","FOsd2",1090
"4",3.53072759819182,0.295537621018641,1.34705002650001,99.6007534823266,3.06469960898642,0.0445449394025587,87.077165046356,"calcite_flush_3_nondim","TEsd2",1090
