"","curr_inflow_rate","curr_diffusion_coef","curr_porosity","curr_gypsum_rate_constant","curr_calcite_rate_constant","curr_gypsum_surface_area","curr_calcite_surface_area","output_var","sobol_type","boot_num"
"1",0.0708282575277775,0.00330197954014801,0.00786499803216725,0.0156882068195123,0.002470759755112,0.0055986448133856,-0.0018004929488271,"calcite_flush_9_nondim","FOmean",352
"2",0.0899062485413536,0.00567835775568665,0.00872153842297531,0.0227640316349808,0.0196996334704348,0.00683635923732691,0.0117381579258824,"calcite_flush_9_nondim","TEmean",352
"3",0.929826373855078,0.936821772917877,0.942656740058229,0.946264935495501,0.89041940520086,0.94593154261584,0.938281502869261,"calcite_flush_9_nondim","FOsd2",352
"4",0.0127452843321236,0.00506758826513435,0.00420137250153928,0.00615521325713287,0.0561073386939855,0.00436569846632898,0.00650901354376628,"calcite_flush_9_nondim","TEsd2",352
