"","curr_inflow_rate","curr_diffusion_coef","curr_porosity","curr_gypsum_rate_constant","curr_calcite_rate_constant","curr_gypsum_surface_area","curr_calcite_surface_area","output_var","sobol_type","boot_num"
"1",0.00582228888483565,-1.15944594426239e-05,0.000709016355430318,0.0112210677711699,-3.98682070460452e-05,0.00180795939102992,0.00049386468122096,"calcite_flush_7_nondim","FOmean",1742
"2",0.00529625357153826,1.36438302992815e-05,0.000416828145457224,0.0112980059155997,2.32420637001447e-05,0.00173274633782349,0.000592028901172927,"calcite_flush_7_nondim","TEmean",1742
"3",0.986556788593329,0.985549283821872,0.986376031951241,0.989513383958121,0.987636598731403,0.98511854291682,0.987185377214304,"calcite_flush_7_nondim","FOsd2",1742
"4",0.00282317372954633,0.000184679894060773,0.00116975194745155,0.0084246451005555,0.00521657347587934,0.000444800388278485,0.00219021047591207,"calcite_flush_7_nondim","TEsd2",1742
