"","curr_inflow_rate","curr_diffusion_coef","curr_porosity","curr_gypsum_rate_constant","curr_calcite_rate_constant","curr_gypsum_surface_area","curr_calcite_surface_area","output_var","sobol_type","boot_num"
"1",0.121622009256958,0.00153722109612455,0.00151430402813899,0.018813441100874,0.0209781403175501,0.00166744610032379,0.00514356850571911,"calcite_flush_4_nondim","FOmean",1595
"2",0.126669776281909,0.000951089375291295,0.000925357137593819,0.0273537277272391,0.0290050073912965,0.000851671517757788,0.00572432606703068,"calcite_flush_4_nondim","TEmean",1595
"3",-203398.882507182,-201799369.088263,-6357421939738.66,-266869.358644818,-486089.15478545,-387448.534844472,-252569.360658878,"calcite_flush_4_nondim","FOsd2",1595
"4",35243048718.6056,30118760431.2671,5445907322708.33,35248624739.4232,35248844255.3714,35087834814.146,35219728240.2545,"calcite_flush_4_nondim","TEsd2",1595
