"","curr_inflow_rate","curr_diffusion_coef","curr_porosity","curr_gypsum_rate_constant","curr_calcite_rate_constant","curr_gypsum_surface_area","curr_calcite_surface_area","output_var","sobol_type","boot_num"
"1",0.0022791426431003,-1.21314723208637e-05,0.000842632818952351,0.00742499930041184,0.00034713104418377,0.000431538329610083,0.000275345395482604,"calcite_flush_6_nondim","FOmean",981
"2",0.00204146432417063,9.94109059121812e-06,0.000983812056801084,0.0074534470696536,0.000428824937621988,0.000399602641663813,0.000240645696743452,"calcite_flush_6_nondim","TEmean",981
"3",0.990310575131227,0.988241886257423,0.988631352460266,0.993212615631474,0.990624123460466,0.988349007108072,0.989513683695972,"calcite_flush_6_nondim","FOsd2",981
"4",0.00213085950796534,1.84861076298023e-05,0.00035196489449542,0.0054452289242335,0.00235625292072752,6.20518951559948e-05,0.00172994327255374,"calcite_flush_6_nondim","TEsd2",981
