"","curr_inflow_rate","curr_diffusion_coef","curr_porosity","curr_gypsum_rate_constant","curr_calcite_rate_constant","curr_gypsum_surface_area","curr_calcite_surface_area","output_var","sobol_type","boot_num"
"1",0.00124655030159832,6.00623986150374e-05,0.00076079300690822,0.00865799393596262,0.000120210498238959,0.00058874238529438,7.59520130905601e-05,"calcite_flush_6_nondim","FOmean",2125
"2",0.001780067796156,3.47751773445589e-05,0.000615010874348785,0.00855178360243267,0.000138924141234686,0.000837708196437326,2.8760779845599e-05,"calcite_flush_6_nondim","TEmean",2125
"3",0.987617665386012,0.986427411533529,0.98630288727542,0.989851350974505,0.990536004934201,0.985946141358349,0.987282438035736,"calcite_flush_6_nondim","FOsd2",2125
"4",0.00219532152537251,0.000753738061280568,0.000373425407108624,0.00490491693889171,0.00646878528393536,4.7910371059533e-05,0.00156963127613887,"calcite_flush_6_nondim","TEsd2",2125
