"","curr_inflow_rate","curr_diffusion_coef","curr_porosity","curr_gypsum_rate_constant","curr_calcite_rate_constant","curr_gypsum_surface_area","curr_calcite_surface_area","output_var","sobol_type","boot_num"
"1",0.00655482597594951,1.09590731388227e-07,4.95365872377425e-05,0.000303692705601839,0.000450493362577642,-3.89640210606635e-05,0.000178531094288507,"calcite_flush_3_nondim","FOmean",578
"2",0.00644447339689933,2.99941455475443e-05,7.10175370153534e-05,0.000365000437876317,0.000485754762211171,2.18353757824394e-05,0.000169979674951566,"calcite_flush_3_nondim","TEmean",578
"3",0.979583216171309,-0.0689065117404426,0.996805621315064,0.701049669619484,0.998795708850665,0.248189954131998,0.982044411994512,"calcite_flush_3_nondim","FOsd2",578
"4",0.366516601683133,0.209994463636571,0.30267172660742,0.00200711971538918,0.343149452723494,0.0890185198293061,0.21120680431135,"calcite_flush_3_nondim","TEsd2",578
