"","curr_inflow_rate","curr_diffusion_coef","curr_porosity","curr_gypsum_rate_constant","curr_calcite_rate_constant","curr_gypsum_surface_area","curr_calcite_surface_area","output_var","sobol_type","boot_num"
"1",0.000105456196750878,0.000372511694001758,0.000438366826051784,0.00539967842462584,0.000643068094107763,0.000317790029532777,4.98053490841753e-05,"calcite_flush_6_nondim","FOmean",1061
"2",5.17152045058389e-05,0.000488939647795735,0.000248513818265012,0.00503321412423005,0.000543690905102805,0.000231705626361442,4.08721642352478e-05,"calcite_flush_6_nondim","TEmean",1061
"3",0.456202676329283,0.291786773574828,0.289884387335237,0.497813506483283,0.454310441803633,0.316397121074587,0.00325455311367517,"calcite_flush_6_nondim","FOsd2",1061
"4",0.468944201430107,0.185908147942381,0.0906252589866363,0.323426000347923,0.23148225875295,0.101186980512255,0.260788377126792,"calcite_flush_6_nondim","TEsd2",1061
