"","curr_inflow_rate","curr_diffusion_coef","curr_porosity","curr_gypsum_rate_constant","curr_calcite_rate_constant","curr_gypsum_surface_area","curr_calcite_surface_area","output_var","sobol_type","boot_num"
"1",0.255244054521676,0.00715035394638457,0.0329133898476473,0.0364837700828038,0.0820243044183876,-0.0016797767178991,0.0102259420176757,"calcite_flush_5_nondim","FOmean",916
"2",0.278604098017348,0.0113080975199233,0.0155745590886816,0.0585839098250422,0.107187742063827,0.0158773234502538,0.0449908362711696,"calcite_flush_5_nondim","TEmean",916
"3",-4.97127262024655,-4.7582206355402,-4.40481646896068,-5.0323253772991,-5.30259007231471,-4.86076383707982,-4.78992099454195,"calcite_flush_5_nondim","FOsd2",916
"4",0.406617078206644,0.266358723307331,0.39794548633273,1.28390541985169,0.447115127390166,0.210178114359954,0.295343066948998,"calcite_flush_5_nondim","TEsd2",916
