"","curr_inflow_rate","curr_diffusion_coef","curr_porosity","curr_gypsum_rate_constant","curr_calcite_rate_constant","curr_gypsum_surface_area","curr_calcite_surface_area","output_var","sobol_type","boot_num"
"1",0.0039178114800713,-7.60545474881671e-06,3.96416618556031e-05,0.000159411941524124,0.000202891471516461,6.82154482916764e-05,0.000100248980019358,"calcite_flush_3_nondim","FOmean",930
"2",0.0040583891641932,1.43655613385285e-05,5.42134668746078e-05,0.000264116536666977,0.000296800913768579,2.35633897917075e-05,9.50169710466794e-05,"calcite_flush_3_nondim","TEmean",930
"3",0.999339113219815,0.999401791845978,0.999360479615724,0.999398897349917,0.999467513439941,0.999187109377508,0.998784484409742,"calcite_flush_3_nondim","FOsd2",930
"4",0.000605111498951031,2.74111398360705e-05,0.000143050686976179,8.84984927512985e-05,0.000232576735013413,7.76706436444954e-05,0.000542851669889874,"calcite_flush_3_nondim","TEsd2",930
