"","curr_inflow_rate","curr_diffusion_coef","curr_porosity","curr_gypsum_rate_constant","curr_calcite_rate_constant","curr_gypsum_surface_area","curr_calcite_surface_area","output_var","sobol_type","boot_num"
"1",0.00175456319302438,-5.34102667834582e-06,1.78189869763843e-05,0.000164302207058979,0.000173685397677424,-1.15713394488811e-05,4.65551009601991e-05,"calcite_flush_2_nondim","FOmean",1169
"2",0.00181243494558097,1.08106515999975e-05,2.89199411943384e-05,0.000151212367728777,0.000172156191344334,1.26783592361942e-05,0.000101617251020622,"calcite_flush_2_nondim","TEmean",1169
"3",0.987035223956412,0.986192316336975,0.982553968335652,0.961019126860363,0.987007410978013,0.91417799541309,0.955167470718869,"calcite_flush_2_nondim","FOsd2",1169
"4",0.00321183932473817,0.00252646778710337,0.00066719546584064,0.0202008556816547,0.00310640669461297,0.0671535376801745,0.0217618342423598,"calcite_flush_2_nondim","TEsd2",1169
