"","curr_inflow_rate","curr_diffusion_coef","curr_porosity","curr_gypsum_rate_constant","curr_calcite_rate_constant","curr_gypsum_surface_area","curr_calcite_surface_area","output_var","sobol_type","boot_num"
"1",0.103073087105825,-0.000442549970445278,0.00157795718689088,0.00949064216286039,0.00928905912995321,-0.000209503752308115,0.00222679092325543,"calcite_flush_4_nondim","FOmean",1075
"2",0.10240354946053,0.000702264276207804,0.000834999289183085,0.0145290088345174,0.016883988574279,0.000634261414990475,0.00526838312772063,"calcite_flush_4_nondim","TEmean",1075
"3",0.917839920288307,0.952206698932624,0.954476313007209,0.203372664796128,0.872885835249935,0.952575428549224,0.924556267585577,"calcite_flush_4_nondim","FOsd2",1075
"4",0.0670085423817985,0.0121427660085365,0.0109656612116751,0.737311918684045,0.087852456204572,0.0131597154462157,0.00869449904573398,"calcite_flush_4_nondim","TEsd2",1075
