"","curr_inflow_rate","curr_diffusion_coef","curr_porosity","curr_gypsum_rate_constant","curr_calcite_rate_constant","curr_gypsum_surface_area","curr_calcite_surface_area","output_var","sobol_type","boot_num"
"1",0.0936599194308433,0.00284452025222736,0.00294001627226352,0.0486154520798484,-0.00383058582025089,0.000974512142506639,-0.00263729795929953,"calcite_flush_8_nondim","FOmean",719
"2",0.133540815746568,0.01522269609475,0.0104240432956962,0.0684671300335967,0.0201689398776485,0.0114097698815077,0.0148257229391753,"calcite_flush_8_nondim","TEmean",719
"3",-2.31641940616596,-1.75190537599421,-1.09122238769607,-0.184572624047178,0.710411751328298,-1.08619713591712,0.215029722450035,"calcite_flush_8_nondim","FOsd2",719
"4",10.9578903981584,4.7440828481842,2.16407435733427,8.94120729250428,8.00794099278987,2.68540006078213,6.29482307260814,"calcite_flush_8_nondim","TEsd2",719
