"","curr_inflow_rate","curr_diffusion_coef","curr_porosity","curr_gypsum_rate_constant","curr_calcite_rate_constant","curr_gypsum_surface_area","curr_calcite_surface_area","output_var","sobol_type","boot_num"
"1",0.0838996913418988,-0.00084241459106835,0.000930110547644518,0.0147524858760553,0.00165778541623085,-4.34418236162375e-06,0.00739779761665088,"calcite_flush_9_nondim","FOmean",928
"2",0.12097314926091,0.0103156265569036,0.0102979740478749,0.0358131583251748,0.0196720260601892,0.0066855610964581,0.0145581044330712,"calcite_flush_9_nondim","TEmean",928
"3",0.86741223180896,0.826437051920502,0.814911453420196,0.965203176338535,0.943469256785565,0.959571644952879,0.920898771153148,"calcite_flush_9_nondim","FOsd2",928
"4",0.0242428448521328,0.0337007671335812,0.210763111245305,0.0839257741259256,0.0886318294241301,0.0701894168414635,0.0148339976396224,"calcite_flush_9_nondim","TEsd2",928
