"","curr_inflow_rate","curr_diffusion_coef","curr_porosity","curr_gypsum_rate_constant","curr_calcite_rate_constant","curr_gypsum_surface_area","curr_calcite_surface_area","output_var","sobol_type","boot_num"
"1",0.235070020886399,0.00989274601130012,0.0185383568311446,0.0281021097291367,0.0848271684099611,0.00949945215722166,0.0256805830129034,"calcite_flush_5_nondim","FOmean",1860
"2",0.304183363859933,0.0163645326115951,0.0298270692007708,0.0731676917964446,0.122335360523061,0.0272018887305641,0.0313518805810304,"calcite_flush_5_nondim","TEmean",1860
"3",-0.0282021623124795,-0.129188650007687,-2.6435803644749,-0.118600476935969,-0.788261951257585,-2.38606834169604,-1.14782927735668,"calcite_flush_5_nondim","FOsd2",1860
"4",1.31004026844187,1.00040741791981,3.84732729849132,1.41129413937864,1.55626162593776,3.79621954910679,0.114546849819794,"calcite_flush_5_nondim","TEsd2",1860
