"","curr_inflow_rate","curr_diffusion_coef","curr_porosity","curr_gypsum_rate_constant","curr_calcite_rate_constant","curr_gypsum_surface_area","curr_calcite_surface_area","output_var","sobol_type","boot_num"
"1",0.0970709820711984,0.0032189206997177,0.00485817309634873,0.019688559605667,-0.00464495688586115,-0.000547611436758327,-0.00399108394951461,"calcite_flush_9_nondim","FOmean",536
"2",0.124419364050876,0.00763759270653931,0.0111463092248636,0.0443339735530605,0.0202654303086894,0.0107384983660883,0.0119933846661177,"calcite_flush_9_nondim","TEmean",536
"3",-27.2387846532723,-130.591530123707,-32.957424035459,-21.6197447534289,-86.3313503895398,-176.195154903927,-71.8142005221213,"calcite_flush_9_nondim","FOsd2",536
"4",34.4783424033459,58.7121234627147,10.047803061345,39.3799717338036,28.5984222082946,150.182122077447,83.0007003449754,"calcite_flush_9_nondim","TEsd2",536
