"","curr_inflow_rate","curr_diffusion_coef","curr_porosity","curr_gypsum_rate_constant","curr_calcite_rate_constant","curr_gypsum_surface_area","curr_calcite_surface_area","output_var","sobol_type","boot_num"
"1",0.024936290411883,-9.73098350007471e-06,-7.98893106823602e-05,0.0023340853689516,0.001449621272889,0.000162332088849355,0.000327157552961325,"calcite_flush_3_nondim","FOmean",1314
"2",0.0249516513550249,3.99613244135892e-05,0.000374493582290972,0.00231277701645927,0.00242727847191976,0.000138656086150465,0.000431020087400696,"calcite_flush_3_nondim","TEmean",1314
"3",0.924262103824479,0.85086428268746,0.958273523417948,0.874242375967303,0.974612696471744,0.976973280792803,0.680020283109147,"calcite_flush_3_nondim","FOsd2",1314
"4",0.226745660752842,0.0022286244336792,0.101527284222774,0.00954840884345429,0.178349773608988,0.157867218300955,0.0224746602818574,"calcite_flush_3_nondim","TEsd2",1314
