"","curr_inflow_rate","curr_diffusion_coef","curr_porosity","curr_gypsum_rate_constant","curr_calcite_rate_constant","curr_gypsum_surface_area","curr_calcite_surface_area","output_var","sobol_type","boot_num"
"1",0.087159433754651,0.00177772333654931,0.00686211830852433,0.0222963619476108,0.00254691327966861,0.00402621322598063,-0.00425950502309621,"calcite_flush_8_nondim","FOmean",1895
"2",0.105403301688718,0.00843984452410895,0.010658343841136,0.0355824059197834,0.0197006585834123,0.0113349102688532,0.0140760379257434,"calcite_flush_8_nondim","TEmean",1895
"3",-0.0258671355510554,0.52635941600559,-0.157227768065377,-54.1294009469938,-0.488369919903575,-0.00654381108253421,0.606021095951561,"calcite_flush_8_nondim","FOsd2",1895
"4",0.592069981024746,2.00616460972977,2.39418984674092,37.0326873403086,1.6158078128901,3.13674281638143,1.55807688740641,"calcite_flush_8_nondim","TEsd2",1895
