"","curr_inflow_rate","curr_diffusion_coef","curr_porosity","curr_gypsum_rate_constant","curr_calcite_rate_constant","curr_gypsum_surface_area","curr_calcite_surface_area","output_var","sobol_type","boot_num"
"1",0.0980651132803745,-0.00562200989117649,0.000994495641697381,0.0259629403778609,0.00135740800131992,0.00537054848297328,-0.00553362553808215,"calcite_flush_9_nondim","FOmean",1064
"2",0.126636236780668,0.0114381197916892,0.0129736971215054,0.0445871759331832,0.0198412395974611,0.0124912278774491,0.0186093435818027,"calcite_flush_9_nondim","TEmean",1064
"3",-1.90992951436415,-2.13627100572658,-1.52623817328652,-1.89610537485549,-2.03429718932561,-1.85181409141174,-1.96353965244174,"calcite_flush_9_nondim","FOsd2",1064
"4",0.155650279472644,0.318731815100512,0.212900492969211,0.164016077634066,0.412872981378453,0.170151546545023,0.259308336172108,"calcite_flush_9_nondim","TEsd2",1064
