"","curr_inflow_rate","curr_diffusion_coef","curr_porosity","curr_gypsum_rate_constant","curr_calcite_rate_constant","curr_gypsum_surface_area","curr_calcite_surface_area","output_var","sobol_type","boot_num"
"1",0.00775513982297333,-7.51532031109763e-06,6.10050185501526e-05,0.00042425931136808,0.000538399863057259,8.95539579200295e-07,0.000140782578334228,"calcite_flush_3_nondim","FOmean",1106
"2",0.00755172721494835,1.7194082083512e-05,9.75200102965352e-05,0.000540011263746047,0.000702012817046217,3.84267344285365e-05,0.00017653818744843,"calcite_flush_3_nondim","TEmean",1106
"3",0.0823164361648349,0.391281378121594,-0.945763648453511,-2.19262164431668,0.00217159328733585,-1.6569780047958,-11.0531300099575,"calcite_flush_3_nondim","FOsd2",1106
"4",1.55881798150763,1.05254188680276,0.124937350186287,3.77517615530567,1.86123139873427,0.372479816563274,6.45098093676272,"calcite_flush_3_nondim","TEsd2",1106
