"","curr_inflow_rate","curr_diffusion_coef","curr_porosity","curr_gypsum_rate_constant","curr_calcite_rate_constant","curr_gypsum_surface_area","curr_calcite_surface_area","output_var","sobol_type","boot_num"
"1",0.0622496813480251,0.0019900624896077,0.00256071031434994,0.00947833767781424,-0.000261999409638369,0.000418938506377049,-0.00248635751706912,"calcite_flush_9_nondim","FOmean",1760
"2",0.0896957149004111,0.00974368290968881,0.00978822241249936,0.0330039734693819,0.0162776958626402,0.00616757928190592,0.0120589083167016,"calcite_flush_9_nondim","TEmean",1760
"3",0.816960158206274,0.929440134550917,0.941665520170371,0.923844733779835,0.74613862472464,0.946752013198624,0.951128743962748,"calcite_flush_9_nondim","FOsd2",1760
"4",0.0790306081624394,0.0414040029822122,0.0405562233802685,0.094304832264979,0.267182252523548,0.0188836740450619,0.0481338121750939,"calcite_flush_9_nondim","TEsd2",1760
