"","curr_inflow_rate","curr_diffusion_coef","curr_porosity","curr_gypsum_rate_constant","curr_calcite_rate_constant","curr_gypsum_surface_area","curr_calcite_surface_area","output_var","sobol_type","boot_num"
"1",0.0047636642942773,1.28269578362358e-05,3.81284940912069e-05,0.000287299674200249,0.000344219765808834,1.01235339229087e-05,2.58715136982804e-05,"calcite_flush_3_nondim","FOmean",1034
"2",0.00482773421622225,3.12711619071083e-05,3.81046411717733e-05,0.000338502732974922,0.000365692257710136,1.66270507728721e-05,0.000109723114902445,"calcite_flush_3_nondim","TEmean",1034
"3",0.997295038408081,0.998653646622164,0.997675004536251,0.994815110027602,0.99851742698271,0.998726569035363,0.998609744853439,"calcite_flush_3_nondim","FOsd2",1034
"4",0.00128007733211107,0.000179507486715708,0.00136034382448193,0.00291439021189618,0.000718708355941604,2.69929532890506e-05,0.000257173000003824,"calcite_flush_3_nondim","TEsd2",1034
