"","curr_inflow_rate","curr_diffusion_coef","curr_porosity","curr_gypsum_rate_constant","curr_calcite_rate_constant","curr_gypsum_surface_area","curr_calcite_surface_area","output_var","sobol_type","boot_num"
"1",0.0830601464807471,0.000810055547149905,0.00012437599892291,0.0110324546612221,0.0150816890063048,-0.000231457624330137,0.0028870421121963,"calcite_flush_4_nondim","FOmean",1859
"2",0.0860622914242606,0.000602352286822829,0.000885929866108005,0.017541957834344,0.0181471048307295,0.000529826433324173,0.00459013066695484,"calcite_flush_4_nondim","TEmean",1859
"3",-2.09354750393617,-1.68186478330399,-1.66972303783479,-1.65932923858826,-8.67061335125944,-1.78813833322154,-1.63396106219332,"calcite_flush_4_nondim","FOsd2",1859
"4",0.425278466067072,0.052125660444104,0.116706567589684,0.217630706190701,7.12608929834313,0.0665343490920132,0.18891765033917,"calcite_flush_4_nondim","TEsd2",1859
