"","curr_inflow_rate","curr_diffusion_coef","curr_porosity","curr_gypsum_rate_constant","curr_calcite_rate_constant","curr_gypsum_surface_area","curr_calcite_surface_area","output_var","sobol_type","boot_num"
"1",0.245923270521935,0.000387356558733373,0.0154770551646813,0.0168522829283659,0.0403521023277908,-0.0180908333162197,0.0149426965806136,"calcite_flush_5_nondim","FOmean",1940
"2",0.294003293301343,0.02556299542238,0.0275494079231172,0.0514919179337249,0.0852669187653649,0.0262734202749165,0.0355762531740965,"calcite_flush_5_nondim","TEmean",1940
"3",0.012732969180533,-0.0828488369414981,0.553360550132931,0.500363169622164,-0.695991320168815,-0.417343117214179,-4.31866431423954,"calcite_flush_5_nondim","FOsd2",1940
"4",0.652491465115785,0.593158619282279,0.177079223217874,0.165852548438071,1.38795470798847,0.953340359865531,4.74584725199804,"calcite_flush_5_nondim","TEsd2",1940
