"","curr_inflow_rate","curr_diffusion_coef","curr_porosity","curr_gypsum_rate_constant","curr_calcite_rate_constant","curr_gypsum_surface_area","curr_calcite_surface_area","output_var","sobol_type","boot_num"
"1",0.0122110087309834,5.89739946890624e-06,-1.12779482906692e-06,0.00100650903618303,0.00105505034191683,-0.00020465837850356,0.000147727459308447,"calcite_flush_2_nondim","FOmean",1737
"2",0.013590104966574,4.00259109189694e-05,0.000208558499380673,0.00164062571197424,0.00295032275621065,0.000189139499545378,0.000451847580434961,"calcite_flush_2_nondim","TEmean",1737
"3",-1469849621.27648,-139163842.057291,-4616072463954.48,-156639498.113298,-67009889.6185116,-528487607.641923,-1535686106081.04,"calcite_flush_2_nondim","FOsd2",1737
"4",2401977082.62176,501103376.602336,4616888071684.69,1068302276.92454,987289067.351883,1437380020.22115,1527177076936.69,"calcite_flush_2_nondim","TEsd2",1737
