"","curr_inflow_rate","curr_diffusion_coef","curr_porosity","curr_gypsum_rate_constant","curr_calcite_rate_constant","curr_gypsum_surface_area","curr_calcite_surface_area","output_var","sobol_type","boot_num"
"1",0.131515767298252,-0.000828037801757883,0.00154357123258361,0.0201199737042301,0.0238228336274516,0.000553447161760186,0.00331624009229533,"calcite_flush_4_nondim","FOmean",1491
"2",0.129990778247177,0.000754516447576864,0.0025928950922564,0.0197973650458057,0.0271090479355319,0.000784400707789661,0.002778777959638,"calcite_flush_4_nondim","TEmean",1491
"3",0.991728095797402,0.992322758656145,0.978777227519679,0.981806843434351,0.988674791900097,0.974408798121596,0.983315237004273,"calcite_flush_4_nondim","FOsd2",1491
"4",0.00373344774070367,0.00367037333385563,0.010006737731343,0.0114286062341411,0.00189754884219597,0.0167645543224866,0.00513978155024644,"calcite_flush_4_nondim","TEsd2",1491
