"","curr_inflow_rate","curr_diffusion_coef","curr_porosity","curr_gypsum_rate_constant","curr_calcite_rate_constant","curr_gypsum_surface_area","curr_calcite_surface_area","output_var","sobol_type","boot_num"
"1",0.00424931278574667,2.14594892532491e-05,8.27909335029902e-05,0.000370548438648372,0.000596602794627436,-3.66640773199417e-05,7.14136975498314e-05,"calcite_flush_2_nondim","FOmean",993
"2",0.0042542065556614,3.26723698384868e-05,9.11404986252786e-05,0.00035370889805428,0.000525810288632818,3.29104318052601e-05,0.000153646903363424,"calcite_flush_2_nondim","TEmean",993
"3",-421.794515685089,-4032.75580197093,-444.89391259718,-3835.17278009233,-430.295742173116,-6990.53286660937,-28907.0204397972,"calcite_flush_2_nondim","FOsd2",993
"4",35.882874613669,3358.13542142724,27.517823970251,2818.8198034233,42.2519490467281,5989.76222356314,28478.8813545997,"calcite_flush_2_nondim","TEsd2",993
