"","curr_inflow_rate","curr_diffusion_coef","curr_porosity","curr_gypsum_rate_constant","curr_calcite_rate_constant","curr_gypsum_surface_area","curr_calcite_surface_area","output_var","sobol_type","boot_num"
"1",0.0376888480820859,0.000139469520011945,0.000355855818486557,0.00163730429126939,0.00358822082042086,0.000203577796071095,0.000669364270110051,"calcite_flush_2_nondim","FOmean",2209
"2",0.037964864025264,0.000419133989387444,0.000411555153954879,0.00342918924668123,0.00447793851508861,0.000263682971991047,0.00216469319565217,"calcite_flush_2_nondim","TEmean",2209
"3",0.987475795577199,0.996570631414961,0.997742456302004,0.986837339605999,0.995612152361831,0.997098745353323,0.998810568090336,"calcite_flush_2_nondim","FOsd2",2209
"4",0.0107153639313381,0.00213552673537263,0.000100113564544139,0.0123101635022173,0.00428662713756417,0.000121537604123976,0.00143280738918318,"calcite_flush_2_nondim","TEsd2",2209
