"","curr_inflow_rate","curr_diffusion_coef","curr_porosity","curr_gypsum_rate_constant","curr_calcite_rate_constant","curr_gypsum_surface_area","curr_calcite_surface_area","output_var","sobol_type","boot_num"
"1",0.00572642007410565,1.43588084046731e-05,8.89065726742448e-05,0.00030389655373738,0.000172250331913977,3.65657080261457e-05,0.00011280039805962,"calcite_flush_3_nondim","FOmean",1234
"2",0.00598826758350354,1.95472192016213e-05,6.88796139906903e-05,0.000420025558766389,0.000508610047231697,2.87632406580138e-05,0.000140101064002778,"calcite_flush_3_nondim","TEmean",1234
"3",0.999810168490491,0.99863791645989,0.9998967819614,0.999941576862581,0.999943315349738,0.999018029475519,0.999828414456958,"calcite_flush_3_nondim","FOsd2",1234
"4",0.000157221350515851,0.00105958791290914,7.68786543565838e-06,8.82409814197109e-05,4.50763361377415e-05,0.000723039286107817,7.95744182711219e-05,"calcite_flush_3_nondim","TEsd2",1234
