"","curr_inflow_rate","curr_diffusion_coef","curr_porosity","curr_gypsum_rate_constant","curr_calcite_rate_constant","curr_gypsum_surface_area","curr_calcite_surface_area","output_var","sobol_type","boot_num"
"1",0.0668406597573862,0.000271633461140965,0.00966878185942737,0.0241997636820314,0.000263361515452808,0.00331151829780491,-0.00239941546556992,"calcite_flush_9_nondim","FOmean",1896
"2",0.0794793216822465,0.00588945178373735,0.011123396470521,0.0311159311182752,0.0146371348649006,0.0067431243931039,0.0106466253167394,"calcite_flush_9_nondim","TEmean",1896
"3",0.981065374704213,0.894617757177668,0.956856649644902,0.971782102775299,0.97922783800046,0.969360062019977,0.983721431060269,"calcite_flush_9_nondim","FOsd2",1896
"4",0.0144098176074859,0.0532113398509091,0.00630242797792252,0.0167894911032515,0.010681580418484,0.0237773038212705,0.0126649190066208,"calcite_flush_9_nondim","TEsd2",1896
