"","curr_inflow_rate","curr_diffusion_coef","curr_porosity","curr_gypsum_rate_constant","curr_calcite_rate_constant","curr_gypsum_surface_area","curr_calcite_surface_area","output_var","sobol_type","boot_num"
"1",0.0893325580042213,0.00391066410528143,0.00290060827319584,0.0333297668635805,0.0097181457739482,0.0024473179821574,0.00612316059141763,"calcite_flush_9_nondim","FOmean",848
"2",0.108981245272182,0.00603972054484332,0.0124363662656671,0.0379185694493194,0.021153323952464,0.0103900561345944,0.013808273219894,"calcite_flush_9_nondim","TEmean",848
"3",-8.01431348953591,-61.4533723989485,-2.75966289614893,-13.1601519165465,-4.67386550518196,-2.56794034280969,-2.42706266944322,"calcite_flush_9_nondim","FOsd2",848
"4",3.79982652342321,56.467229093859,0.504814937016742,10.8218170456051,2.60102939818536,0.289655905892611,0.239890665429674,"calcite_flush_9_nondim","TEsd2",848
