"","curr_inflow_rate","curr_diffusion_coef","curr_porosity","curr_gypsum_rate_constant","curr_calcite_rate_constant","curr_gypsum_surface_area","curr_calcite_surface_area","output_var","sobol_type","boot_num"
"1",0.0426090760111015,0.000112579564370393,-6.81324534351255e-05,0.00179422387257476,0.00376365262331542,-5.81805262601068e-05,0.00195984172592558,"calcite_flush_2_nondim","FOmean",513
"2",0.0414188591735308,0.000140360917919198,0.000267591585709616,0.00323859700108751,0.00585120382360811,0.000210490465820726,0.00190498404159202,"calcite_flush_2_nondim","TEmean",513
"3",0.969931759784004,0.994094519354262,0.994750723088238,0.99423422673497,0.994123135274067,0.993425302473659,0.995118717703165,"calcite_flush_2_nondim","FOsd2",513
"4",0.026180293386274,0.00139003386178258,0.000622514175716553,0.000128683705588794,0.00198369851739277,0.00234433752042745,0.000281031950485312,"calcite_flush_2_nondim","TEsd2",513
