"","curr_inflow_rate","curr_diffusion_coef","curr_porosity","curr_gypsum_rate_constant","curr_calcite_rate_constant","curr_gypsum_surface_area","curr_calcite_surface_area","output_var","sobol_type","boot_num"
"1",0.0954221362424327,-0.00394197864243084,0.000227249605338526,0.0457009316294915,-0.00523175387712292,0.000161640862341977,-0.000533969829263496,"calcite_flush_8_nondim","FOmean",911
"2",0.124459914097229,0.00952328773469043,0.0144212089495139,0.0656677870306472,0.0225691059126312,0.00952982522935132,0.0184595131532065,"calcite_flush_8_nondim","TEmean",911
"3",0.787227435013388,0.0344004987924509,0.58316672354006,0.678547568979565,0.441902597786864,0.78387062523293,0.740427345929908,"calcite_flush_8_nondim","FOsd2",911
"4",0.114198195359802,0.478279449612298,0.266000868595125,0.179062389654554,0.418051554955105,0.159377288005991,0.0864286811039412,"calcite_flush_8_nondim","TEsd2",911
