"","curr_inflow_rate","curr_diffusion_coef","curr_porosity","curr_gypsum_rate_constant","curr_calcite_rate_constant","curr_gypsum_surface_area","curr_calcite_surface_area","output_var","sobol_type","boot_num"
"1",0.00391569450551473,-4.45467211734203e-06,-6.80000461613369e-06,0.00023233314824183,0.000251706488218059,2.46953718879935e-06,0.00017665477195719,"calcite_flush_2_nondim","FOmean",937
"2",0.00399139771528084,1.76027044926507e-05,4.5859137850311e-05,0.000276357027743392,0.000435276837673075,2.32544620970294e-05,0.000190847017566953,"calcite_flush_2_nondim","TEmean",937
"3",-27.1854312218568,-37.9663581208685,-27.027676588763,-29.1003148351763,-28.0038749817082,-27.1257047780374,-122.454257414328,"calcite_flush_2_nondim","FOsd2",937
"4",0.679842348647959,10.3684637287992,0.0871286044648818,2.12258812074196,1.14200198015182,0.043128672714222,95.473365057438,"calcite_flush_2_nondim","TEsd2",937
