"","curr_inflow_rate","curr_diffusion_coef","curr_porosity","curr_gypsum_rate_constant","curr_calcite_rate_constant","curr_gypsum_surface_area","curr_calcite_surface_area","output_var","sobol_type","boot_num"
"1",0.00504109704676216,1.77619397167828e-05,2.33764290770414e-05,0.000294169991487857,0.000438498830675871,7.46970019621943e-06,0.000178021047571729,"calcite_flush_3_nondim","FOmean",1194
"2",0.00503683933432972,1.3688587744619e-05,8.08459046840468e-05,0.00026667176391282,0.000411384621433097,1.3077436257516e-05,0.000148164808922929,"calcite_flush_3_nondim","TEmean",1194
"3",0.986173131515872,0.966174484512045,0.976174336950055,0.981606758653994,0.979000110892858,0.977600577982483,0.965606733539338,"calcite_flush_3_nondim","FOsd2",1194
"4",0.0149067412707457,0.000971605585566895,0.0179037837856651,0.0140613804654549,0.0289572053996486,0.00943308067503216,0.00946542329478977,"calcite_flush_3_nondim","TEsd2",1194
