"","curr_inflow_rate","curr_diffusion_coef","curr_porosity","curr_gypsum_rate_constant","curr_calcite_rate_constant","curr_gypsum_surface_area","curr_calcite_surface_area","output_var","sobol_type","boot_num"
"1",0.115797630091735,0.00218158045603359,0.0042364538431032,0.0251687939519537,0.00315516607407542,-0.0022870530857458,-0.00134077660538737,"calcite_flush_8_nondim","FOmean",839
"2",0.137258768357968,0.00812535404439026,0.0103891955944778,0.0379411289733244,0.0206763052690421,0.00755213992885541,0.014223717316692,"calcite_flush_8_nondim","TEmean",839
"3",0.897555493905191,0.877705881097809,0.89276584649104,0.846067512754522,0.838759209967159,0.899142204018837,0.899791530679911,"calcite_flush_8_nondim","FOsd2",839
"4",0.0609452675028112,0.0651430868880725,0.0112790597401206,0.105483581068728,0.118332858817173,0.0162370244062611,0.0210179545069291,"calcite_flush_8_nondim","TEsd2",839
