"","curr_inflow_rate","curr_diffusion_coef","curr_porosity","curr_gypsum_rate_constant","curr_calcite_rate_constant","curr_gypsum_surface_area","curr_calcite_surface_area","output_var","sobol_type","boot_num"
"1",0.00360379040238482,4.21239932488234e-05,0.000764447875395321,0.0114690115378489,0.000177887851270451,0.00113145989008525,1.61037978327652e-05,"calcite_flush_7_nondim","FOmean",2382
"2",0.00384260595679114,4.38200089190199e-05,0.00123472069239427,0.0114436161811273,0.000111214214874856,0.00106405698170447,3.77257192668466e-05,"calcite_flush_7_nondim","TEmean",2382
"3",0.983354938600112,0.982678445150876,0.981852450668497,0.987297610845565,0.985844491790282,0.981809192975193,0.983827462637463,"calcite_flush_7_nondim","FOsd2",2382
"4",0.00391968769835545,0.000582148920543799,0.00157095179664778,0.00876833288746931,0.00748908302064159,1.9527787178768e-10,0.00264866351969591,"calcite_flush_7_nondim","TEsd2",2382
