"","curr_inflow_rate","curr_diffusion_coef","curr_porosity","curr_gypsum_rate_constant","curr_calcite_rate_constant","curr_gypsum_surface_area","curr_calcite_surface_area","output_var","sobol_type","boot_num"
"1",0.136090729260506,-0.00386610971713119,0.00439895086765052,0.0297972244998839,0.0140937681726248,-0.00480418023865085,-0.00372832613639635,"calcite_flush_8_nondim","FOmean",1199
"2",0.153934866966341,0.00679704331414169,0.0117437029114495,0.0429396073524203,0.0245902417430068,0.0207088903862271,0.0166590047307326,"calcite_flush_8_nondim","TEmean",1199
"3",0.839656978970634,0.899764917646809,0.81560246065626,0.849722845327211,0.87085935337361,0.669074035982576,0.579679432451147,"calcite_flush_8_nondim","FOsd2",1199
"4",0.112803071629115,0.153982437257947,0.209679291481246,0.222073307021813,0.148471162442206,0.445492701023372,0.337555201739996,"calcite_flush_8_nondim","TEsd2",1199
