"","curr_inflow_rate","curr_diffusion_coef","curr_porosity","curr_gypsum_rate_constant","curr_calcite_rate_constant","curr_gypsum_surface_area","curr_calcite_surface_area","output_var","sobol_type","boot_num"
"1",0.00687560443349489,-2.50837505593743e-05,1.92027812003083e-05,0.000314837605022806,0.000511089374150523,9.23471479319899e-08,0.000175389818739106,"calcite_flush_3_nondim","FOmean",1554
"2",0.00678897245686543,2.93829393504614e-05,9.02744369681253e-05,0.000534839907408844,0.000771221364601812,2.01644885922895e-05,0.000239366414998141,"calcite_flush_3_nondim","TEmean",1554
"3",-8.44522532844079,-4.89144951150764,-479.374544529302,-45.7370795016226,-3.0366233364548,-33.9892647209749,-1.01879601929025,"calcite_flush_3_nondim","FOsd2",1554
"4",244.13234209119,293.494940625338,533.353641390362,330.74766458756,313.523217901956,170.857559472428,294.516412688986,"calcite_flush_3_nondim","TEsd2",1554
