"","curr_inflow_rate","curr_diffusion_coef","curr_porosity","curr_gypsum_rate_constant","curr_calcite_rate_constant","curr_gypsum_surface_area","curr_calcite_surface_area","output_var","sobol_type","boot_num"
"1",0.00344474487093262,-1.05343197896775e-05,0.000632195096893483,0.00858783105851226,4.11774151016213e-05,0.000609543828263979,0.00069746638433231,"calcite_flush_6_nondim","FOmean",1557
"2",0.00326452316307137,1.72048929840478e-06,0.000492345298828925,0.00819081320566853,0.000105465511393833,0.000645737826131639,0.00047189442523015,"calcite_flush_6_nondim","TEmean",1557
"3",0.985978285361813,0.982543448319486,0.983431081984745,0.987059457084212,0.987428907957798,0.982620542492589,0.98473348886448,"calcite_flush_6_nondim","FOsd2",1557
"4",0.00374062477741017,1.51728458972079e-05,0.00152412366670794,0.00702781437363307,0.00746443855029716,9.28860156262618e-05,0.0012942240120094,"calcite_flush_6_nondim","TEsd2",1557
