"","curr_inflow_rate","curr_diffusion_coef","curr_porosity","curr_gypsum_rate_constant","curr_calcite_rate_constant","curr_gypsum_surface_area","curr_calcite_surface_area","output_var","sobol_type","boot_num"
"1",0.00228297961425778,6.79687292198775e-06,0.00158115798308977,0.00556691259460967,0.000290612420347626,0.000970823487863914,0.000377159073748058,"calcite_flush_6_nondim","FOmean",885
"2",0.00221989526853137,4.63974099772113e-05,0.00146164557326468,0.0052325406213503,0.000404268705591351,0.000950162783933672,0.00035133413061777,"calcite_flush_6_nondim","TEmean",885
"3",0.987877873765788,0.985126090433261,0.985844233021445,0.992869381497155,0.9876568032359,0.985150932459401,0.985505764677774,"calcite_flush_6_nondim","FOsd2",885
"4",0.00264282263239422,2.06531762841123e-05,0.000586919958389073,0.00854042230764572,0.00354814824004015,1.55121598423309e-05,0.000538560409332309,"calcite_flush_6_nondim","TEsd2",885
