"","curr_inflow_rate","curr_diffusion_coef","curr_porosity","curr_gypsum_rate_constant","curr_calcite_rate_constant","curr_gypsum_surface_area","curr_calcite_surface_area","output_var","sobol_type","boot_num"
"1",0.113195606052909,-0.00179439399701129,0.00231922908266212,0.0147522684367283,0.00162690770802197,0.00764968344664114,-0.00401774905178325,"calcite_flush_8_nondim","FOmean",2127
"2",0.1407182708335,0.0168863021585591,0.0121775248219658,0.0416621438737212,0.0322988772158834,0.0113361257697627,0.0211745411485145,"calcite_flush_8_nondim","TEmean",2127
"3",0.857893327419914,0.863342663331085,0.858207215569117,0.863129425901805,0.499596166082127,0.792919593256245,0.880986604551589,"calcite_flush_8_nondim","FOsd2",2127
"4",0.0514899095891294,0.0283184209756469,0.0189390701164462,0.0782977315281009,0.43723443996125,0.0709202304698556,0.0394635465710763,"calcite_flush_8_nondim","TEsd2",2127
