"","curr_inflow_rate","curr_diffusion_coef","curr_porosity","curr_gypsum_rate_constant","curr_calcite_rate_constant","curr_gypsum_surface_area","curr_calcite_surface_area","output_var","sobol_type","boot_num"
"1",0.222385738387729,-0.000914231860997555,0.0141990714601053,0.0241919931845313,0.0597729282205679,0.00408800602454822,0.0576682402920338,"calcite_flush_5_nondim","FOmean",996
"2",0.280429902695153,0.021004549780709,0.0217950631304435,0.0669433602640011,0.107101325922353,0.016895768504317,0.0442305260044757,"calcite_flush_5_nondim","TEmean",996
"3",0.911183069816171,0.977582635284778,0.9349730256852,0.963904032288161,0.964605051993559,0.952599783236028,0.957118372343413,"calcite_flush_5_nondim","FOsd2",996
"4",0.0667542008508404,0.0507967764123141,0.0271561445765431,0.0379183317570143,0.0346552579432298,0.0318232922190125,0.0323363881613897,"calcite_flush_5_nondim","TEsd2",996
