"","curr_inflow_rate","curr_diffusion_coef","curr_porosity","curr_gypsum_rate_constant","curr_calcite_rate_constant","curr_gypsum_surface_area","curr_calcite_surface_area","output_var","sobol_type","boot_num"
"1",0.0952507520351675,0.00230855110866512,0.009418931787526,0.0295973904270203,0.00750958863942303,0.00302936985760396,0.00525009897823008,"calcite_flush_9_nondim","FOmean",1992
"2",0.114501697456622,0.0094549529954139,0.0115642441093062,0.0471026596870808,0.0244536617127144,0.00716531904016824,0.0132424582130612,"calcite_flush_9_nondim","TEmean",1992
"3",0.170426428879488,0.876454406278194,0.212605546454787,0.907867013131259,0.756207457691231,0.904146653277681,0.677462593384982,"calcite_flush_9_nondim","FOsd2",1992
"4",0.159663426553527,0.242654114185244,0.0962158982388135,0.321941199217078,0.0809871674104388,0.314653137250801,0.0412162864595978,"calcite_flush_9_nondim","TEsd2",1992
