"","curr_inflow_rate","curr_diffusion_coef","curr_porosity","curr_gypsum_rate_constant","curr_calcite_rate_constant","curr_gypsum_surface_area","curr_calcite_surface_area","output_var","sobol_type","boot_num"
"1",0.0938687131498392,-2.76131434383467e-05,0.000971569197131204,0.0116356483874768,0.0207088784830888,-0.00051441157559233,0.00503558891305447,"calcite_flush_4_nondim","FOmean",723
"2",0.0946679913463555,0.000978074217054598,0.000422283361853855,0.0179538542591037,0.0188442061752239,0.000773711318779864,0.00507151852395603,"calcite_flush_4_nondim","TEmean",723
"3",-0.252973093761251,-2.78349860365326,-0.929250404352928,0.860995561461278,-4.87770676520857,0.536408987099938,0.858412804828845,"calcite_flush_4_nondim","FOsd2",723
"4",4.4753582516808,0.0647571044305585,0.259671448676858,3.33158785764859,9.07904369394555,1.62274369482729,3.36516411170714,"calcite_flush_4_nondim","TEsd2",723
