"","curr_inflow_rate","curr_diffusion_coef","curr_porosity","curr_gypsum_rate_constant","curr_calcite_rate_constant","curr_gypsum_surface_area","curr_calcite_surface_area","output_var","sobol_type","boot_num"
"1",0.191607164099061,-0.000899496063766162,0.00130269519624672,0.0097329883198908,0.0316250956765439,0.0017876686500732,0.00260041044352665,"calcite_flush_4_nondim","FOmean",1115
"2",0.200301289337872,0.00115492618632453,0.0026828851475197,0.0305298874562804,0.0323847462593354,0.00261266276867647,0.0058278301943674,"calcite_flush_4_nondim","TEmean",1115
"3",-1.5249616851954,0.212229299277788,0.793748501977227,0.859719584078548,0.329858153710079,0.865713218571909,0.807972976203595,"calcite_flush_4_nondim","FOsd2",1115
"4",2.15780868121318,0.472051940707676,0.127545081112298,0.271880334423105,0.77443798624383,0.19867297019195,0.128757782632097,"calcite_flush_4_nondim","TEsd2",1115
