"","curr_inflow_rate","curr_diffusion_coef","curr_porosity","curr_gypsum_rate_constant","curr_calcite_rate_constant","curr_gypsum_surface_area","curr_calcite_surface_area","output_var","sobol_type","boot_num"
"1",0.00114602556398174,2.58704253479692e-05,0.000312218045531619,0.00301119719496197,0.000220439487431086,0.000403467226923192,8.15879173223695e-07,"calcite_flush_6_nondim","FOmean",1397
"2",0.00115839216591009,2.2324430591976e-05,0.000292033606058014,0.00304872083944461,0.000223118910614239,0.000383090536039609,2.85074086518272e-05,"calcite_flush_6_nondim","TEmean",1397
"3",0.980019050994039,0.975891335236981,0.975505879771916,0.985289288762664,0.981792105477803,0.976181004635075,0.9775016122787,"calcite_flush_6_nondim","FOsd2",1397
"4",0.00403019462451746,0.000250761998275578,0.000153124750647729,0.0122330195982219,0.00913585972927418,0.000330537968665145,0.00152158076004577,"calcite_flush_6_nondim","TEsd2",1397
