"","curr_inflow_rate","curr_diffusion_coef","curr_porosity","curr_gypsum_rate_constant","curr_calcite_rate_constant","curr_gypsum_surface_area","curr_calcite_surface_area","output_var","sobol_type","boot_num"
"1",0.00201631961615136,6.06493872628348e-06,0.000810803136405271,0.00550346124442965,3.90970768637851e-05,0.000930881188585354,8.40045791430086e-05,"calcite_flush_7_nondim","FOmean",2134
"2",0.00182393732391026,4.24724425846483e-06,0.000725843706427337,0.005549942684244,2.32076134534296e-05,0.000929440777545522,5.55470767777179e-05,"calcite_flush_7_nondim","TEmean",2134
"3",0.984547812380843,0.983763086743516,0.983365056691175,0.992658301439169,0.986664287956898,0.984743101195387,0.985068822773934,"calcite_flush_7_nondim","FOsd2",2134
"4",0.00121444545136971,0.000229928860106931,0.000878098429867511,0.0112475171658483,0.00422957337141319,0.000459134899493471,0.0014513001589118,"calcite_flush_7_nondim","TEsd2",2134
