"","curr_inflow_rate","curr_diffusion_coef","curr_porosity","curr_gypsum_rate_constant","curr_calcite_rate_constant","curr_gypsum_surface_area","curr_calcite_surface_area","output_var","sobol_type","boot_num"
"1",0.275667291669707,0.00562677007719887,0.00339863401628205,0.0174476651612214,0.0608185643056574,0.00962381761718702,0.016421340161248,"calcite_flush_5_nondim","FOmean",1100
"2",0.328339138018447,0.0156506693256351,0.0169288971850865,0.0429609275533902,0.110975082572221,0.015268326153588,0.0452605354833647,"calcite_flush_5_nondim","TEmean",1100
"3",0.436831864457108,0.543643654310203,-2.48624765864962,0.346493921785564,0.228201096302772,0.473379661160107,0.50557935052109,"calcite_flush_5_nondim","FOsd2",1100
"4",0.358561345374507,0.457731915225965,3.02143489001167,0.631190776379396,0.517151089856275,0.538838229961162,0.26119346158824,"calcite_flush_5_nondim","TEsd2",1100
