"","curr_inflow_rate","curr_diffusion_coef","curr_porosity","curr_gypsum_rate_constant","curr_calcite_rate_constant","curr_gypsum_surface_area","curr_calcite_surface_area","output_var","sobol_type","boot_num"
"1",0.230715024844835,0.0180938363727337,0.022811368537122,0.0439246239663849,0.0710646009391547,-0.000821480873856266,-0.00932108956478417,"calcite_flush_5_nondim","FOmean",1420
"2",0.295486110670813,0.0152158770846509,0.0226398009485322,0.0642892288412793,0.105256856082289,0.0158682910807122,0.0519871993868482,"calcite_flush_5_nondim","TEmean",1420
"3",-3.50645274266097,0.836612609729384,0.782033872381788,0.779453804026156,0.820720408551804,0.818268602682933,0.44554855128833,"calcite_flush_5_nondim","FOsd2",1420
"4",4.19766784316389,0.0418654726552209,0.0600886910991145,0.0736145313436005,0.058421143486302,0.0643154362240505,0.437129688927755,"calcite_flush_5_nondim","TEsd2",1420
