"","curr_inflow_rate","curr_diffusion_coef","curr_porosity","curr_gypsum_rate_constant","curr_calcite_rate_constant","curr_gypsum_surface_area","curr_calcite_surface_area","output_var","sobol_type","boot_num"
"1",0.27572188236561,0.00795538387331354,-0.00452656261355869,0.0423045427543123,0.0684884259683494,0.00064353057564401,0.0178830115945329,"calcite_flush_5_nondim","FOmean",1460
"2",0.311775830948804,0.024672741687117,0.0175396576035017,0.058240084833535,0.087673577158452,0.0182075673010776,0.0532362416997916,"calcite_flush_5_nondim","TEmean",1460
"3",0.602341995829665,0.450813037275121,0.529271797705279,0.573986121632053,0.554109629669476,0.590077297209214,0.508376105831715,"calcite_flush_5_nondim","FOsd2",1460
"4",0.0971872946456698,0.242208843226808,0.170494992343588,0.0866366551940633,0.13919718962706,0.118643399414451,0.127953362779435,"calcite_flush_5_nondim","TEsd2",1460
