"","curr_inflow_rate","curr_diffusion_coef","curr_porosity","curr_gypsum_rate_constant","curr_calcite_rate_constant","curr_gypsum_surface_area","curr_calcite_surface_area","output_var","sobol_type","boot_num"
"1",0.11404055988859,0.00088898849840168,-0.000560108422892615,0.0266188682938417,0.0187157862727888,0.00274118393924045,0.00515605276747569,"calcite_flush_4_nondim","FOmean",531
"2",0.121721074019842,0.00166678652128485,0.000968628214079327,0.0281376682904476,0.0221252440439954,0.0014854408131007,0.00626817089944808,"calcite_flush_4_nondim","TEmean",531
"3",0.940524143893073,0.953890573250884,0.869590314249199,0.949368265416222,0.817960188784079,0.916840128491014,0.837344948708464,"calcite_flush_4_nondim","FOsd2",531
"4",0.0625287656144988,0.0181496385803506,0.0190418565976515,0.0466320074533238,0.167659141221959,0.00311794716076976,0.156233609172584,"calcite_flush_4_nondim","TEsd2",531
