"","curr_inflow_rate","curr_diffusion_coef","curr_porosity","curr_gypsum_rate_constant","curr_calcite_rate_constant","curr_gypsum_surface_area","curr_calcite_surface_area","output_var","sobol_type","boot_num"
"1",0.158160349285267,-0.000423567930276488,-0.00379436195966045,0.0146368483723538,0.0230317225358326,-4.47592696799168e-05,0.00448470372428817,"calcite_flush_4_nondim","FOmean",1171
"2",0.154054163329626,0.000616215105518453,0.00180386162479603,0.0234877543276248,0.0322365957509904,0.0015413422241668,0.00480719804208697,"calcite_flush_4_nondim","TEmean",1171
"3",0.774637894180716,0.689823519097055,0.468600342137191,-6.59691617430496,0.618180900207254,0.724100156584361,0.716993057288395,"calcite_flush_4_nondim","FOsd2",1171
"4",0.109214255577015,0.00607385303360587,0.157868738560732,6.80661837480355,0.277871975399624,0.0166954081024892,0.114668478372088,"calcite_flush_4_nondim","TEsd2",1171
