"","curr_inflow_rate","curr_diffusion_coef","curr_porosity","curr_gypsum_rate_constant","curr_calcite_rate_constant","curr_gypsum_surface_area","curr_calcite_surface_area","output_var","sobol_type","boot_num"
"1",0.0994224578915267,0.00453451161763307,0.00238900676125836,0.018317133245292,0.0092356367023773,0.00852434347706912,0.00620444774771572,"calcite_flush_9_nondim","FOmean",1536
"2",0.116925707674727,0.0153612455354637,0.0143840552851577,0.0337727896395163,0.0292814153223869,0.00953792703971786,0.0149815231521346,"calcite_flush_9_nondim","TEmean",1536
"3",-59.2217497398279,-60.5874583089283,-58.9468299005454,-59.1382771242726,-61.1311203476789,-59.622453656074,-58.9152155889892,"calcite_flush_9_nondim","FOsd2",1536
"4",0.31999393111056,1.67614155382747,0.0509868036314899,0.298995359524112,2.16565192492152,0.588245370409525,0.0955921056377099,"calcite_flush_9_nondim","TEsd2",1536
