"","curr_inflow_rate","curr_diffusion_coef","curr_porosity","curr_gypsum_rate_constant","curr_calcite_rate_constant","curr_gypsum_surface_area","curr_calcite_surface_area","output_var","sobol_type","boot_num"
"1",0.138526194487091,-0.00140147643261794,0.00150423300773933,0.0205925026160556,0.0197640985329261,-0.000141604360005083,-0.00053443393830267,"calcite_flush_4_nondim","FOmean",1579
"2",0.147497282102814,0.000691326293833085,0.00158397655301638,0.0215281222396512,0.0288412839394755,0.00110047871547506,0.00746619786016073,"calcite_flush_4_nondim","TEmean",1579
"3",0.771534501665989,0.43747639327731,0.582522394522073,-1.30287347642653,-0.515805187155967,-1.26486976501383,-1.64479054716487,"calcite_flush_4_nondim","FOsd2",1579
"4",0.277328283143262,0.235773225352543,0.0363584747763825,2.24629845209295,1.48840142860667,1.2865839907771,2.57110829711241,"calcite_flush_4_nondim","TEsd2",1579
