"","curr_inflow_rate","curr_diffusion_coef","curr_porosity","curr_gypsum_rate_constant","curr_calcite_rate_constant","curr_gypsum_surface_area","curr_calcite_surface_area","output_var","sobol_type","boot_num"
"1",0.00374533113832556,2.30599513849167e-05,1.62593954386952e-06,0.000221979744003959,0.000387055855217794,4.23991556296534e-06,9.67996621133545e-06,"calcite_flush_3_nondim","FOmean",2090
"2",0.00378340257820602,9.11424560366162e-06,2.50278640253987e-05,0.000299446654709203,0.000314062335130966,6.42581506369857e-06,0.000102497216392566,"calcite_flush_3_nondim","TEmean",2090
"3",0.995824236737411,0.99322047060294,0.99567141741085,0.995739239341748,0.993251007288988,0.995602346793349,0.966465331444968,"calcite_flush_3_nondim","FOsd2",2090
"4",0.000354825456336959,0.00193561128488631,9.96979498777961e-05,0.000114535390708301,0.00360402463650417,2.35228302457558e-05,0.0247368450722903,"calcite_flush_3_nondim","TEsd2",2090
