"","curr_inflow_rate","curr_diffusion_coef","curr_porosity","curr_gypsum_rate_constant","curr_calcite_rate_constant","curr_gypsum_surface_area","curr_calcite_surface_area","output_var","sobol_type","boot_num"
"1",0.0685092432576059,-0.00681738986038807,0.00141784646010316,0.0107114069928861,-0.00842312338892978,0.000549331394860894,-0.00535351546362681,"calcite_flush_9_nondim","FOmean",2112
"2",0.0925731253595448,0.00813909147461191,0.00936910233136067,0.024632236892418,0.0227408997885194,0.00695329816869039,0.010512892379282,"calcite_flush_9_nondim","TEmean",2112
"3",0.973393348874891,0.971558157983488,0.984980730710239,0.972487013186693,0.961506708328437,0.978458397591586,-0.0978731694547037,"calcite_flush_9_nondim","FOsd2",2112
"4",0.0167398428402931,0.0146262148798785,0.0119163907760066,0.0311789384402586,0.0219271162920489,0.0167377526583454,0.969420262078231,"calcite_flush_9_nondim","TEsd2",2112
