"","curr_inflow_rate","curr_diffusion_coef","curr_porosity","curr_gypsum_rate_constant","curr_calcite_rate_constant","curr_gypsum_surface_area","curr_calcite_surface_area","output_var","sobol_type","boot_num"
"1",0.00531783655743383,3.93527023486742e-05,0.00010402727023601,0.000271044231981132,0.000592176240880158,4.62946153845389e-05,0.000164651315397235,"calcite_flush_3_nondim","FOmean",1250
"2",0.00546086189325745,3.48021901509815e-05,8.32461063784489e-05,0.000365891025725799,0.000599715041763321,2.465382967378e-05,0.000138059497616024,"calcite_flush_3_nondim","TEmean",1250
"3",0.965262646073954,0.792439435114303,0.933106015690231,-1.97213228133774,0.357479246258433,0.771668538455722,0.535253110284367,"calcite_flush_3_nondim","FOsd2",1250
"4",0.280319764788956,0.243500394323009,0.115631325839554,1.68312162183144,0.880432432637336,0.0228149359943028,0.456432420400899,"calcite_flush_3_nondim","TEsd2",1250
