"","curr_inflow_rate","curr_diffusion_coef","curr_porosity","curr_gypsum_rate_constant","curr_calcite_rate_constant","curr_gypsum_surface_area","curr_calcite_surface_area","output_var","sobol_type","boot_num"
"1",0.119163707525996,0.00172816713935339,0.000622137638725771,0.0122187527323433,0.0207191588124652,0.000817063097540982,0.00272940690929056,"calcite_flush_4_nondim","FOmean",1683
"2",0.122647164210479,0.000808809368755323,0.00112601712730497,0.0170208573986139,0.0172950762444457,0.000664424681781618,0.00579720874126098,"calcite_flush_4_nondim","TEmean",1683
"3",0.647421981630498,0.864683613517573,0.826583258225024,0.874466230413282,0.906750976513343,0.79118758635236,0.75674758967267,"calcite_flush_4_nondim","FOsd2",1683
"4",0.325297097360974,0.0126381534892552,0.0469973665907333,0.0779642484270415,0.0538033264817209,0.110959043041202,0.110304818406454,"calcite_flush_4_nondim","TEsd2",1683
