"","curr_inflow_rate","curr_diffusion_coef","curr_porosity","curr_gypsum_rate_constant","curr_calcite_rate_constant","curr_gypsum_surface_area","curr_calcite_surface_area","output_var","sobol_type","boot_num"
"1",0.00707902470277924,-3.69946028892434e-05,3.83158713068705e-05,0.000476951697013044,0.000250392269897271,2.71825388409391e-05,0.000213382343040043,"calcite_flush_2_nondim","FOmean",1233
"2",0.00721807097576151,2.34541459774326e-05,9.13777436449701e-05,0.000487232417327677,0.000545205955429682,2.87515843250303e-05,0.000206684172743814,"calcite_flush_2_nondim","TEmean",1233
"3",0.998855657378028,0.996522946582109,0.984292888568937,0.7256774180472,0.994237821493323,0.996731253109603,0.99802626064925,"calcite_flush_2_nondim","FOsd2",1233
"4",0.0778847685377017,0.0605301846826836,0.0260744260440528,0.316538452081402,0.0828641617910359,0.0615148219397324,0.0752472465960692,"calcite_flush_2_nondim","TEsd2",1233
