"","curr_inflow_rate","curr_diffusion_coef","curr_porosity","curr_gypsum_rate_constant","curr_calcite_rate_constant","curr_gypsum_surface_area","curr_calcite_surface_area","output_var","sobol_type","boot_num"
"1",0.134268785654664,-0.000119476433215205,-0.0015426715299643,0.0248506133942387,0.0178720305551893,0.000515679970859303,0.00415209853759329,"calcite_flush_4_nondim","FOmean",459
"2",0.130327815491081,0.000868113395886423,0.00118916755367834,0.0224002335326678,0.0292535382017151,0.000845699096007781,0.00484199283700676,"calcite_flush_4_nondim","TEmean",459
"3",-12.8320879108229,-29.6737420270048,-138.566415141665,-45.8705432441348,-1.93029416039021,-28.8319250800503,-85.0637238032414,"calcite_flush_4_nondim","FOsd2",459
"4",20.9521192796626,10.1081446639968,120.191470891625,43.3159667767757,11.0634330257693,12.5598697461245,92.4915437574717,"calcite_flush_4_nondim","TEsd2",459
