"","curr_inflow_rate","curr_diffusion_coef","curr_porosity","curr_gypsum_rate_constant","curr_calcite_rate_constant","curr_gypsum_surface_area","curr_calcite_surface_area","output_var","sobol_type","boot_num"
"1",0.00661351014270133,2.54566720950306e-05,-8.30264830203847e-08,0.000165295537246562,0.000739408803182033,1.44818066605095e-05,0.000338574227205189,"calcite_flush_3_nondim","FOmean",1634
"2",0.0067550621226374,1.80368323390192e-05,0.000106594866189621,0.000456441811167562,0.000988224711663679,1.69547691752221e-05,0.000256309250944771,"calcite_flush_3_nondim","TEmean",1634
"3",0.916719325858112,0.914530267980574,0.920641665744363,0.880178880588134,0.826036861229495,0.921418216612183,0.923046349592709,"calcite_flush_3_nondim","FOsd2",1634
"4",0.0109894627837976,0.00264269688967867,0.000608849354965955,0.0271619013052866,0.0963049643875347,0.00314608125231411,0.00200040876042928,"calcite_flush_3_nondim","TEsd2",1634
