"","curr_inflow_rate","curr_diffusion_coef","curr_porosity","curr_gypsum_rate_constant","curr_calcite_rate_constant","curr_gypsum_surface_area","curr_calcite_surface_area","output_var","sobol_type","boot_num"
"1",0.00364934289150893,9.15842543157067e-05,0.00221425631634538,0.0086464568702391,0.000596334952191568,0.000166318083960414,7.56448420524891e-05,"calcite_flush_7_nondim","FOmean",1326
"2",0.00357100391935155,4.74557459122632e-06,0.00233662566167999,0.00871764802199286,0.000349840213733013,9.90027893411373e-05,1.79208904563098e-05,"calcite_flush_7_nondim","TEmean",1326
"3",0.174108488660233,0.130837059752987,0.282528421708938,-1.94684103422623,-0.0698394747746502,0.22790375228118,0.224595479755487,"calcite_flush_7_nondim","FOsd2",1326
"4",0.539474406316064,0.105077446466428,0.129773571432121,2.12929637439837,0.281337552190268,0.0599211599761041,0.0702152391883935,"calcite_flush_7_nondim","TEsd2",1326
