"","curr_inflow_rate","curr_diffusion_coef","curr_porosity","curr_gypsum_rate_constant","curr_calcite_rate_constant","curr_gypsum_surface_area","curr_calcite_surface_area","output_var","sobol_type","boot_num"
"1",0.004505848513633,7.55513307249525e-05,0.00206271033803597,0.00758334841388543,1.47002568059592e-05,0.00024381665018503,1.06417037588541e-05,"calcite_flush_7_nondim","FOmean",2126
"2",0.00454147155354102,0.000296870614962872,0.00184734664380315,0.00776007031282982,4.11534973954848e-05,0.000443623126954178,3.95781473644349e-05,"calcite_flush_7_nondim","TEmean",2126
"3",0.987311774807682,0.985468465511201,0.986133253117089,0.991159282597128,0.987864849604725,0.985454889878829,0.98703556134813,"calcite_flush_7_nondim","FOsd2",2126
"4",0.00329287318729742,2.91098992682842e-05,0.00107205215637835,0.00819942166502697,0.0022752981789014,2.06028771942041e-05,0.0024320328532817,"calcite_flush_7_nondim","TEsd2",2126
