"","curr_inflow_rate","curr_diffusion_coef","curr_porosity","curr_gypsum_rate_constant","curr_calcite_rate_constant","curr_gypsum_surface_area","curr_calcite_surface_area","output_var","sobol_type","boot_num"
"1",0.00369282994569561,-3.18169816094334e-05,5.09961339351331e-05,0.000201708847410142,0.000223705585401822,3.12206328564924e-05,0.000277451271146387,"calcite_flush_2_nondim","FOmean",753
"2",0.00372805479693319,3.39532399095183e-05,6.5207203643238e-05,0.000323571151449015,0.000332584316256591,6.59939158475635e-05,0.000244178897586933,"calcite_flush_2_nondim","TEmean",753
"3",0.97542678144461,0.998066178207783,0.998421413453697,0.988901825484036,0.998436862495127,0.998430527826649,0.998310386941135,"calcite_flush_2_nondim","FOsd2",753
"4",0.0229797160803053,0.000368176630170417,3.02664106418459e-05,0.0087127380479784,1.74058944191012e-05,2.11245863219921e-05,0.000140919779319219,"calcite_flush_2_nondim","TEsd2",753
