"","curr_inflow_rate","curr_diffusion_coef","curr_porosity","curr_gypsum_rate_constant","curr_calcite_rate_constant","curr_gypsum_surface_area","curr_calcite_surface_area","output_var","sobol_type","boot_num"
"1",0.216636872029565,0.00325653127174374,-0.0140508929555536,0.0408231959490899,0.056048231239898,0.00722430200724914,0.0116828984155817,"calcite_flush_5_nondim","FOmean",1668
"2",0.263422842725324,0.0190200234655527,0.0199171365431865,0.0785321720398649,0.115211564476872,0.0198234589390491,0.0309760042850313,"calcite_flush_5_nondim","TEmean",1668
"3",-4.01823345843174,-10.6553356206198,-3.1593843311913,-4.74352289022763,-3.14827662374662,-3.1668788545553,-3.45925644726595,"calcite_flush_5_nondim","FOsd2",1668
"4",1.27187451500689,7.32969270854632,0.239694473783083,1.30047446120594,0.151876707587003,0.117431084620507,0.563581852359952,"calcite_flush_5_nondim","TEsd2",1668
