"","curr_inflow_rate","curr_diffusion_coef","curr_porosity","curr_gypsum_rate_constant","curr_calcite_rate_constant","curr_gypsum_surface_area","curr_calcite_surface_area","output_var","sobol_type","boot_num"
"1",0.0278424257607955,-5.44602225480272e-05,3.12835810384777e-05,0.00152187289661205,0.00298330500482166,0.000193860343911181,0.000607647873763473,"calcite_flush_2_nondim","FOmean",1049
"2",0.0278625982199595,0.000149899632011184,0.000324426844165232,0.00187863312380211,0.0029825969888399,0.000171399682107637,0.000781247826858777,"calcite_flush_2_nondim","TEmean",1049
"3",-15.9822088404584,-47.0350264849275,-15.6369460586412,-15.1288982508985,-15.1346266433654,-15.5789497414314,-15.4601774369387,"calcite_flush_2_nondim","FOsd2",1049
"4",1.31576960768001,26.5671432907393,0.0205200605017091,0.468602752729415,0.624131053373025,0.0296778618358336,0.0885360040263284,"calcite_flush_2_nondim","TEsd2",1049
