"","curr_inflow_rate","curr_diffusion_coef","curr_porosity","curr_gypsum_rate_constant","curr_calcite_rate_constant","curr_gypsum_surface_area","curr_calcite_surface_area","output_var","sobol_type","boot_num"
"1",0.00521791848986571,0.000322714754047368,0.00112353814173185,0.00960250677408075,-1.57088852206089e-05,0.00043926284592469,0.000185977287983759,"calcite_flush_7_nondim","FOmean",1158
"2",0.00519962078149769,0.000202697436618039,0.00118708797003761,0.0105126298708402,1.34938861363356e-05,0.000619697805341418,0.00016146384681571,"calcite_flush_7_nondim","TEmean",1158
"3",0.979443506465576,0.978344638680073,0.979824293458778,0.988106436537979,0.98229942998712,0.978953591756369,0.974436172185846,"calcite_flush_7_nondim","FOsd2",1158
"4",0.00472931128857405,0.000184222367260482,0.00074327289651838,0.0129962415583332,0.00906791434228022,0.000326443971112115,0.00473352370581332,"calcite_flush_7_nondim","TEsd2",1158
