"","curr_inflow_rate","curr_diffusion_coef","curr_porosity","curr_gypsum_rate_constant","curr_calcite_rate_constant","curr_gypsum_surface_area","curr_calcite_surface_area","output_var","sobol_type","boot_num"
"1",0.00189221850944858,5.79002029876444e-08,0.000695023287584824,0.00536444288437327,0.000116350321126482,0.000223831622552345,4.99896177364186e-06,"calcite_flush_7_nondim","FOmean",758
"2",0.00185859197831997,3.56778996240374e-07,0.000659534523420413,0.00539341807954146,0.000132039732793173,0.000339847962654023,5.4458805126865e-06,"calcite_flush_7_nondim","TEmean",758
"3",0.990969336634533,0.989762495359324,0.989776176783863,0.994279147570168,0.991190901663001,0.98958281767882,0.989758362434145,"calcite_flush_7_nondim","FOsd2",758
"4",0.00224822722196764,4.74171508505489e-05,0.000532200662948181,0.00636636350356823,0.00286567285607268,4.85558732690177e-06,0.000333114376310186,"calcite_flush_7_nondim","TEsd2",758
