"","curr_inflow_rate","curr_diffusion_coef","curr_porosity","curr_gypsum_rate_constant","curr_calcite_rate_constant","curr_gypsum_surface_area","curr_calcite_surface_area","output_var","sobol_type","boot_num"
"1",0.257093184034681,0.0148748762337223,-0.0102674573261993,0.035578634939988,0.0695572462533341,0.000641973386691341,0.0148573839674324,"calcite_flush_5_nondim","FOmean",2100
"2",0.287426009123035,0.0282630520796069,0.0197685829394881,0.0635502426033409,0.0997822093127871,0.0286061402082556,0.0351523004482815,"calcite_flush_5_nondim","TEmean",2100
"3",0.871341487046417,0.854378250192288,0.848781687002787,0.381297829396178,0.644072623952344,0.77932566393715,0.866664649501532,"calcite_flush_5_nondim","FOsd2",2100
"4",0.220985898181527,0.267833791531172,0.172465837025313,0.347801994838587,0.0501435696706634,0.124612269904043,0.281281186447259,"calcite_flush_5_nondim","TEsd2",2100
