"","curr_inflow_rate","curr_diffusion_coef","curr_porosity","curr_gypsum_rate_constant","curr_calcite_rate_constant","curr_gypsum_surface_area","curr_calcite_surface_area","output_var","sobol_type","boot_num"
"1",0.0963485290330787,-0.000333731767459783,-4.23224523877183e-05,0.0115051117087365,0.0115221442559089,0.000488459078287718,0.0016202341170467,"calcite_flush_4_nondim","FOmean",1179
"2",0.0926995796847751,0.000760026192314554,0.000631004601319953,0.0146427623766112,0.0167986082197011,0.00107100029202465,0.00304787607064011,"calcite_flush_4_nondim","TEmean",1179
"3",-31.5487706211081,-31.811867531734,-30.9283583229297,-30.9345274304157,-30.9089889846646,-31.1146139562832,-30.9408477157495,"calcite_flush_4_nondim","FOsd2",1179
"4",0.721496611295938,0.438012264590545,0.0568172558742303,0.120202513910017,0.12373788269449,0.0291500710046408,0.0474595237554515,"calcite_flush_4_nondim","TEsd2",1179
