"","curr_inflow_rate","curr_diffusion_coef","curr_porosity","curr_gypsum_rate_constant","curr_calcite_rate_constant","curr_gypsum_surface_area","curr_calcite_surface_area","output_var","sobol_type","boot_num"
"1",0.102872738737072,0.00432651739194384,0.00356602714231801,0.0273461362313766,0.00687608100146587,0.00415568609872975,0.00689204835103415,"calcite_flush_8_nondim","FOmean",1183
"2",0.135613899380877,0.0157129196618097,0.0104524297757679,0.0383032943938083,0.0258346569417478,0.0133125776362326,0.0169756359331061,"calcite_flush_8_nondim","TEmean",1183
"3",0.837009573277028,0.836413648626952,0.655610689050548,0.712631743508136,0.682968508303869,0.805813243141309,0.836925124805871,"calcite_flush_8_nondim","FOsd2",1183
"4",0.0148180288823627,0.0156384485851476,0.209427922520585,0.151173394655958,0.190586802845684,0.0361762622172016,0.0287023163061005,"calcite_flush_8_nondim","TEsd2",1183
