"","curr_inflow_rate","curr_diffusion_coef","curr_porosity","curr_gypsum_rate_constant","curr_calcite_rate_constant","curr_gypsum_surface_area","curr_calcite_surface_area","output_var","sobol_type","boot_num"
"1",0.00223949153610001,0.00020902373304092,0.00212034670549894,0.00874184901312112,-3.55309702402657e-06,0.00230300285234446,0.000262832207259951,"calcite_flush_7_nondim","FOmean",1294
"2",0.00244322937173526,8.74025468907736e-05,0.00253961067154311,0.00889702659053332,3.74371237619135e-06,0.00200688949613083,0.000109683011471008,"calcite_flush_7_nondim","TEmean",1294
"3",0.9877157163234,0.98624324028166,0.98628163270413,0.990261452067099,0.988907413638765,0.986635055992031,0.987616732582438,"calcite_flush_7_nondim","FOsd2",1294
"4",0.00265504602778717,0.00039041597580698,0.000464756766384591,0.00696650979349469,0.00577171701183974,0.000448462251179916,0.00129584922101826,"calcite_flush_7_nondim","TEsd2",1294
