"","curr_inflow_rate","curr_diffusion_coef","curr_porosity","curr_gypsum_rate_constant","curr_calcite_rate_constant","curr_gypsum_surface_area","curr_calcite_surface_area","output_var","sobol_type","boot_num"
"1",0.0904066635424123,-0.00434893302191983,0.00121913934635834,0.0328670601279856,0.0051001059743342,-0.000913876977467476,-0.00161749358054625,"calcite_flush_8_nondim","FOmean",1727
"2",0.115961531456805,0.0126115110921723,0.0130233434717923,0.0500730415701889,0.0252157449529882,0.0118810958932555,0.018102625531605,"calcite_flush_8_nondim","TEmean",1727
"3",0.872626926433455,0.962807579196163,0.870664682997146,0.872760336907738,0.777924724892377,0.824949502440796,0.93966722679136,"calcite_flush_8_nondim","FOsd2",1727
"4",0.0905956799301184,0.085260404243245,0.105200621860806,0.150386015692923,0.196840605416952,0.140058338110418,0.069678724059511,"calcite_flush_8_nondim","TEsd2",1727
