"","curr_inflow_rate","curr_diffusion_coef","curr_porosity","curr_gypsum_rate_constant","curr_calcite_rate_constant","curr_gypsum_surface_area","curr_calcite_surface_area","output_var","sobol_type","boot_num"
"1",0.105876903345507,0.00230993241639637,-0.00113476874215701,0.0322460067976452,-0.00625246033507308,0.00274904293244224,-0.000304769750780028,"calcite_flush_9_nondim","FOmean",1072
"2",0.153601271130346,0.00839204819920976,0.0115746874609034,0.0630496646146639,0.0266564341618533,0.0117714390227872,0.0200586996038162,"calcite_flush_9_nondim","TEmean",1072
"3",0.167139235072084,0.918989253591619,0.845050496537926,0.692975008351742,0.403413763813785,0.912720475007012,0.679275625385915,"calcite_flush_9_nondim","FOsd2",1072
"4",0.703295263231936,0.0652237483215652,0.0699000626096744,0.306619778159466,0.331708685321007,0.073765636792076,0.228220693302444,"calcite_flush_9_nondim","TEsd2",1072
