"","curr_inflow_rate","curr_diffusion_coef","curr_porosity","curr_gypsum_rate_constant","curr_calcite_rate_constant","curr_gypsum_surface_area","curr_calcite_surface_area","output_var","sobol_type","boot_num"
"1",0.0023631301575831,1.06336834817964e-05,3.16788428162569e-05,0.00014644831900705,0.000114158223872966,2.56780372422472e-05,3.77668058734477e-05,"calcite_flush_2_nondim","FOmean",809
"2",0.0023767873454815,8.9284127514709e-06,3.28453593254409e-05,0.000164122201589406,0.000204692299793354,1.43244648344077e-05,7.47783542017043e-05,"calcite_flush_2_nondim","TEmean",809
"3",0.997940073295738,0.997625312307065,0.998103577488657,0.998040022821523,0.998074149639307,0.996353271746402,0.994652881898496,"calcite_flush_2_nondim","FOsd2",809
"4",0.00271218765851724,0.000862212150758707,0.00239469701391442,0.00248418334576361,0.00250327840922494,7.75673399389532e-05,0.00169275217217964,"calcite_flush_2_nondim","TEsd2",809
