"","curr_inflow_rate","curr_diffusion_coef","curr_porosity","curr_gypsum_rate_constant","curr_calcite_rate_constant","curr_gypsum_surface_area","curr_calcite_surface_area","output_var","sobol_type","boot_num"
"1",0.119187643811519,0.00345390295252299,0.0059585282695741,0.044564218563735,0.00718066444871993,-0.00489298788630779,0.00392599805510709,"calcite_flush_8_nondim","FOmean",1391
"2",0.138736816024899,0.0114721310745769,0.0132279668967232,0.0470402133589254,0.0230492834156115,0.00801207083777779,0.0164879224782316,"calcite_flush_8_nondim","TEmean",1391
"3",-1.18026038570663,0.890886503540081,-0.0456418015440714,-1.01067239382662,0.631534911667637,-1.40231116341867,0.798295273194619,"calcite_flush_8_nondim","FOsd2",1391
"4",0.805331843975117,2.25132751156743,0.316466945940393,0.0517619499526081,2.62721371491589,0.117577930663599,1.52420537828435,"calcite_flush_8_nondim","TEsd2",1391
