"","curr_inflow_rate","curr_diffusion_coef","curr_porosity","curr_gypsum_rate_constant","curr_calcite_rate_constant","curr_gypsum_surface_area","curr_calcite_surface_area","output_var","sobol_type","boot_num"
"1",0.00614176919905143,9.46640224790368e-05,0.000115611911475368,0.000204514143590428,0.000415952515726736,9.68945769662092e-06,0.000390531162275982,"calcite_flush_3_nondim","FOmean",1658
"2",0.00611798139472171,4.9524591924589e-05,0.000114809364380694,0.000317982468552987,0.000425801739442859,2.19911473146928e-05,0.000230471270065436,"calcite_flush_3_nondim","TEmean",1658
"3",0.997958311950289,0.991592441773082,0.997399743178571,0.994542896325265,0.944521067483291,0.997375369446128,0.985200904280266,"calcite_flush_3_nondim","FOsd2",1658
"4",0.0064134060405043,0.000300691434047849,0.00322284655088544,0.00126538617468717,0.0303071635841009,0.00420697181012993,0.00345985232297926,"calcite_flush_3_nondim","TEsd2",1658
