"","curr_inflow_rate","curr_diffusion_coef","curr_porosity","curr_gypsum_rate_constant","curr_calcite_rate_constant","curr_gypsum_surface_area","curr_calcite_surface_area","output_var","sobol_type","boot_num"
"1",0.0346435158433114,0.000220470152543697,0.000123569460318416,0.00204623434697951,0.00320940166950968,-0.000109798617434636,0.0007396366021515,"calcite_flush_3_nondim","FOmean",618
"2",0.0335882311351379,9.28275019030841e-05,0.000272830539590541,0.00246131792702857,0.00434612531675009,0.000144397202088091,0.000823276131211402,"calcite_flush_3_nondim","TEmean",618
"3",-27.290024336539,-54.8103540118232,0.646511446110947,0.482363848374134,-0.115971199944027,0.632283577445369,0.389010338042716,"calcite_flush_3_nondim","FOsd2",618
"4",28.0206235286184,55.2240750629089,0.0771374603785121,0.0559693048136451,0.839453970579307,0.0187328341648106,0.148401762599983,"calcite_flush_3_nondim","TEsd2",618
