"","curr_inflow_rate","curr_diffusion_coef","curr_porosity","curr_gypsum_rate_constant","curr_calcite_rate_constant","curr_gypsum_surface_area","curr_calcite_surface_area","output_var","sobol_type","boot_num"
"1",0.000677237071316098,0.00214773547192131,0.00472494016825213,0.0110978880881302,0.00448464803850449,0.00124870827396817,-0.000203937440499512,"calcite_flush_7_nondim","FOmean",2142
"2",0.000653479361734482,0.00180761450378017,0.00466523784191694,0.00971155847292393,0.00467018347865599,0.00106994264151534,0.000157327481322129,"calcite_flush_7_nondim","TEmean",2142
"3",0.968867757561074,0.959403159347914,0.946482251471931,0.934612311272005,0.956533845663716,0.960336586814485,0.953791792626143,"calcite_flush_7_nondim","FOsd2",2142
"4",0.0201284613921963,0.00534260419553579,0.0146918460338123,0.044931518396658,0.0161457500489035,0.0074083850248206,0.00857669866963361,"calcite_flush_7_nondim","TEsd2",2142
