"","curr_inflow_rate","curr_diffusion_coef","curr_porosity","curr_gypsum_rate_constant","curr_calcite_rate_constant","curr_gypsum_surface_area","curr_calcite_surface_area","output_var","sobol_type","boot_num"
"1",0.00489780366126613,0.000116577363978788,0.00373024119281058,0.0112063694278325,0.0016686082431355,0.00108802691568246,2.59658584240885e-05,"calcite_flush_7_nondim","FOmean",1054
"2",0.0048870166082172,0.000188556461875204,0.00289860335094565,0.0104879661152932,0.00200187292824925,0.00103639724617787,1.07997465567928e-05,"calcite_flush_7_nondim","TEmean",1054
"3",0.898765611296318,0.890822780830776,0.886783729948895,0.908317620441078,0.910725612120674,0.882031300072521,0.904746454187745,"calcite_flush_7_nondim","FOsd2",1054
"4",0.0532147298897769,0.0137018356957482,0.0326572781277324,0.0394098823732669,0.0219725011041133,0.0362900237875539,0.0105544567895753,"calcite_flush_7_nondim","TEsd2",1054
