"","curr_inflow_rate","curr_diffusion_coef","curr_porosity","curr_gypsum_rate_constant","curr_calcite_rate_constant","curr_gypsum_surface_area","curr_calcite_surface_area","output_var","sobol_type","boot_num"
"1",0.00128744226020136,5.84408714523291e-06,-6.29702070575265e-07,6.15486171474485e-05,0.000105533799689648,6.52183957474687e-06,3.88008228772643e-05,"calcite_flush_2_nondim","FOmean",593
"2",0.00129033946910462,7.18014895539953e-06,1.09077518832143e-05,6.89589339026757e-05,9.29214325181297e-05,5.50876227185798e-06,3.8939760631085e-05,"calcite_flush_2_nondim","TEmean",593
"3",-15.9926295150255,0.839125150440344,0.841587769670654,0.832582804372579,0.836521150313873,0.783329837773729,0.840435726733177,"calcite_flush_2_nondim","FOsd2",593
"4",16.2942236189087,0.0373650354942053,0.0540519640888248,0.0275255176909584,0.0651962277001065,1.20989371801092e-05,0.054788898361058,"calcite_flush_2_nondim","TEsd2",593
