"","curr_inflow_rate","curr_diffusion_coef","curr_porosity","curr_gypsum_rate_constant","curr_calcite_rate_constant","curr_gypsum_surface_area","curr_calcite_surface_area","output_var","sobol_type","boot_num"
"1",0.0116547855809411,2.05957451740076e-05,0.000214165831284543,0.000551532800940301,0.000867937450622484,6.85203556785649e-05,0.000218174724277958,"calcite_flush_3_nondim","FOmean",474
"2",0.0116754897369909,3.00148690455508e-05,0.000247421989585613,0.000697523609997635,0.00107567574270991,9.51595780310403e-05,0.000307366301839007,"calcite_flush_3_nondim","TEmean",474
"3",0.907798777055456,-5.72784741007115,-7.21943925069437,0.959739147605712,-34.1300938277125,-1.5627254766992,0.26708452279687,"calcite_flush_3_nondim","FOsd2",474
"4",3.10752900301867,0.35312574111423,0.789037585578955,3.56649956703097,39.0119168368976,0.169492833568264,4.61867640105015,"calcite_flush_3_nondim","TEsd2",474
