"","curr_inflow_rate","curr_diffusion_coef","curr_porosity","curr_gypsum_rate_constant","curr_calcite_rate_constant","curr_gypsum_surface_area","curr_calcite_surface_area","output_var","sobol_type","boot_num"
"1",0.190539181521841,-0.000470890491385111,0.000313502956042227,0.0278925343125559,0.0329850027854009,-0.000531011159127349,0.0044840609425218,"calcite_flush_4_nondim","FOmean",947
"2",0.181168189413037,0.0010774879420154,0.00146152070194819,0.034041598127342,0.0309205073762549,0.00121803504307675,0.00673254281407964,"calcite_flush_4_nondim","TEmean",947
"3",0.590268465870715,0.857699199580797,0.852196623378765,0.884781622869657,0.915140643360076,-0.663683791975901,0.743827072599272,"calcite_flush_4_nondim","FOsd2",947
"4",0.420453750806975,0.0338811450941382,0.0067470511427403,0.0885946990017771,0.0728890720389207,1.23268675357621,0.188851576564265,"calcite_flush_4_nondim","TEsd2",947
