"","curr_inflow_rate","curr_diffusion_coef","curr_porosity","curr_gypsum_rate_constant","curr_calcite_rate_constant","curr_gypsum_surface_area","curr_calcite_surface_area","output_var","sobol_type","boot_num"
"1",0.000455244954730193,3.10372191561957e-05,0.000467154557031652,0.00173093627547752,0.00062035761954593,6.11699628254984e-05,2.18015459962119e-06,"calcite_flush_6_nondim","FOmean",1165
"2",0.000328276674668539,2.69313430129999e-05,0.000469836781443337,0.00174975499418557,0.000643329482333747,4.05060551104348e-05,1.11555459867903e-06,"calcite_flush_6_nondim","TEmean",1165
"3",0.991712190228508,0.990739215344982,0.991059050117046,0.996156059512468,0.992605686402271,0.990665573502312,0.991302512950918,"calcite_flush_6_nondim","FOsd2",1165
"4",0.00107214201199898,3.88639413293645e-05,0.000191958082020493,0.00608427611764068,0.00200731425454196,6.03628627278835e-05,0.000531367763937114,"calcite_flush_6_nondim","TEsd2",1165
