"","curr_inflow_rate","curr_diffusion_coef","curr_porosity","curr_gypsum_rate_constant","curr_calcite_rate_constant","curr_gypsum_surface_area","curr_calcite_surface_area","output_var","sobol_type","boot_num"
"1",0.000607210015651469,-2.86876271747949e-07,0.000403602189843961,0.00392638034094707,1.99727877835e-05,0.000387821169579157,2.86685376716807e-05,"calcite_flush_6_nondim","FOmean",637
"2",0.000751257591806112,1.83605609619345e-05,0.000498789928684835,0.00398084039775101,2.23156816269747e-05,0.000418891746391257,1.47400814141175e-05,"calcite_flush_6_nondim","TEmean",637
"3",0.986692880059262,0.983827855177766,0.984434771637117,0.99065409325387,0.987625579537886,0.983918247623655,0.985615386701162,"calcite_flush_6_nondim","FOsd2",637
"4",0.0024751745016374,4.0293549352974e-05,0.00107702537478641,0.00945192268668637,0.00304383673976668,1.13052407905774e-05,0.00269109993296802,"calcite_flush_6_nondim","TEsd2",637
