"","curr_inflow_rate","curr_diffusion_coef","curr_porosity","curr_gypsum_rate_constant","curr_calcite_rate_constant","curr_gypsum_surface_area","curr_calcite_surface_area","output_var","sobol_type","boot_num"
"1",0.0909156094977698,-0.00121860100042931,0.00126307342699451,0.0115074818768155,0.0135863085089441,-0.000525803012832818,0.00403637452772208,"calcite_flush_4_nondim","FOmean",2347
"2",0.0912635863856856,0.000686237099433485,0.000783957390693376,0.0191836746513942,0.0182784181980574,0.000729249114029157,0.0045357278748394,"calcite_flush_4_nondim","TEmean",2347
"3",0.60003216472827,-1.1477557723345,-12.3648058484712,-1.57993633481032,-3.40401731764243,0.583912174556979,0.305957845829902,"calcite_flush_4_nondim","FOsd2",2347
"4",0.813083329335578,0.720310913578459,8.76530707060847,3.07102506697139,4.25292013673233,0.770376954530095,0.915136457085797,"calcite_flush_4_nondim","TEsd2",2347
