"","curr_inflow_rate","curr_diffusion_coef","curr_porosity","curr_gypsum_rate_constant","curr_calcite_rate_constant","curr_gypsum_surface_area","curr_calcite_surface_area","output_var","sobol_type","boot_num"
"1",0.0686653275831919,-9.29777203897728e-05,0.00355278537426189,0.0155124937633336,-0.00564609322355857,0.000347637768371322,0.00103941447547095,"calcite_flush_9_nondim","FOmean",2032
"2",0.0953289826007637,0.00528354088429648,0.0109755183165131,0.0265189564434281,0.0209355348075758,0.00828622314766122,0.00992600364633146,"calcite_flush_9_nondim","TEmean",2032
"3",0.98170604866141,0.975067271544837,0.985630146577687,0.985473928271326,0.981059863459514,0.982649605048539,0.981766641251699,"calcite_flush_9_nondim","FOsd2",2032
"4",0.010181821075784,0.00218001847968991,0.0104746042429378,0.00929993204415778,0.014313204706583,0.00989223023026416,0.00441579969061162,"calcite_flush_9_nondim","TEsd2",2032
