"","curr_inflow_rate","curr_diffusion_coef","curr_porosity","curr_gypsum_rate_constant","curr_calcite_rate_constant","curr_gypsum_surface_area","curr_calcite_surface_area","output_var","sobol_type","boot_num"
"1",0.0107908585744714,-5.35156433261705e-05,5.41697670641301e-05,0.000422797398695294,0.000947082328027513,3.83919278550488e-05,0.000404867134046066,"calcite_flush_3_nondim","FOmean",1698
"2",0.010639162678586,4.43991045790163e-05,0.000165892177758477,0.000796777667264481,0.00113846402452129,2.87527024808839e-05,0.000461535823246875,"calcite_flush_3_nondim","TEmean",1698
"3",-0.0328041709942564,-0.183662555147514,-0.161567806665883,-0.176253727909315,-0.176522759652203,-0.190003207501492,-0.179580266912512,"calcite_flush_3_nondim","FOsd2",1698
"4",0.0458456522912224,0.0339799652174453,0.0077385985668276,0.0197441478900462,0.0378819342653141,0.00709220507149152,0.00352664973510585,"calcite_flush_3_nondim","TEsd2",1698
