"","curr_inflow_rate","curr_diffusion_coef","curr_porosity","curr_gypsum_rate_constant","curr_calcite_rate_constant","curr_gypsum_surface_area","curr_calcite_surface_area","output_var","sobol_type","boot_num"
"1",0.237937484117506,-0.00213028335673705,0.0100677437710836,0.0140475932876881,0.109250788629031,-0.00401936933490178,0.00390027383092495,"calcite_flush_5_nondim","FOmean",1700
"2",0.290297361719006,0.0140284513357041,0.0257875631795206,0.0584695818736915,0.118539352677627,0.0221817308796744,0.0446624054792627,"calcite_flush_5_nondim","TEmean",1700
"3",0.787829308801621,0.603012091147868,0.821390312413532,0.858412137892353,0.779807642802255,0.839115021637289,0.866584506860168,"calcite_flush_5_nondim","FOsd2",1700
"4",0.144266637026732,0.303020323006665,0.118202910453818,0.10944556478974,0.107431263092762,0.0960000227596975,0.060828791938414,"calcite_flush_5_nondim","TEsd2",1700
