"","curr_inflow_rate","curr_diffusion_coef","curr_porosity","curr_gypsum_rate_constant","curr_calcite_rate_constant","curr_gypsum_surface_area","curr_calcite_surface_area","output_var","sobol_type","boot_num"
"1",0.00275580126405926,-5.1517929449543e-05,0.00274472921668281,0.0134624937596645,0.000947031480924187,0.00128681827815607,4.20488799756438e-06,"calcite_flush_7_nondim","FOmean",646
"2",0.00233914247418664,4.83454955258364e-05,0.00283888727061229,0.0130464488114637,0.00100466025631836,0.0012416155538128,2.75208348542228e-06,"calcite_flush_7_nondim","TEmean",646
"3",0.974390324122722,0.967972621187062,0.968277650590037,0.978378562513459,0.973656864762399,0.964729298804798,0.968382765305924,"calcite_flush_7_nondim","FOsd2",646
"4",0.00852954456723224,0.000492718000153466,0.00445368595600061,0.0179335018522906,0.0123685173100846,0.000447110675634474,0.00458207139670268,"calcite_flush_7_nondim","TEsd2",646
