"","curr_inflow_rate","curr_diffusion_coef","curr_porosity","curr_gypsum_rate_constant","curr_calcite_rate_constant","curr_gypsum_surface_area","curr_calcite_surface_area","output_var","sobol_type","boot_num"
"1",0.230418071383619,-0.00743529037899921,-0.00863209482513436,0.0450553407576018,0.0620424369901527,0.0138525664060101,0.0180932790633426,"calcite_flush_5_nondim","FOmean",676
"2",0.284957628275658,0.0127636452063794,0.0201333325073906,0.0730111513117489,0.108916483468117,0.0241007164156861,0.0335531690087532,"calcite_flush_5_nondim","TEmean",676
"3",0.834806998389805,0.678353846487401,0.895194390767377,0.700836063637539,0.870676562914999,0.124949321125791,0.716385885646814,"calcite_flush_5_nondim","FOsd2",676
"4",0.294253519342351,0.393263925443741,0.229756521396775,0.0476398659998944,0.235345367029802,0.420352625134547,0.0262880227140115,"calcite_flush_5_nondim","TEsd2",676
