"","curr_inflow_rate","curr_diffusion_coef","curr_porosity","curr_gypsum_rate_constant","curr_calcite_rate_constant","curr_gypsum_surface_area","curr_calcite_surface_area","output_var","sobol_type","boot_num"
"1",0.0042661698579618,1.00409081268748e-05,-3.82898896479374e-07,0.000225483530630881,0.00043405031603451,7.40417252584269e-06,0.000107023996754432,"calcite_flush_3_nondim","FOmean",1578
"2",0.00420520194176992,6.61434675513582e-06,5.38689023289103e-05,0.000284611372192191,0.000496763019573967,7.04319120610308e-06,0.000123478736200004,"calcite_flush_3_nondim","TEmean",1578
"3",0.999937423435319,0.999914968934319,0.999796310334201,0.999676729360831,0.999050009705084,0.999874879049776,0.999817950842643,"calcite_flush_3_nondim","FOsd2",1578
"4",0.000245393908496514,0.000119684392792533,3.26623740375858e-05,0.000157598745892261,0.000374254286495688,6.46318896676478e-05,0.000136019532696538,"calcite_flush_3_nondim","TEsd2",1578
