"","curr_inflow_rate","curr_diffusion_coef","curr_porosity","curr_gypsum_rate_constant","curr_calcite_rate_constant","curr_gypsum_surface_area","curr_calcite_surface_area","output_var","sobol_type","boot_num"
"1",0.000643923327099091,0.000240070488794507,0.00305598903243246,0.00618092238790669,0.000477901519613194,0.000402397117032363,0.000229317688662695,"calcite_flush_7_nondim","FOmean",1118
"2",0.000598598909375969,0.000179490034791028,0.00313482191662223,0.00632044006375903,0.000417010349373502,0.000446348254772603,0.000121373036655402,"calcite_flush_7_nondim","TEmean",1118
"3",0.881394074286283,0.790598554201962,0.725288136928345,0.765312610390505,0.881858257458513,0.828720745508519,0.8270989273833,"calcite_flush_7_nondim","FOsd2",1118
"4",0.10483293255302,0.028621451746107,0.095365058964186,0.127764483238793,0.0656988725111569,0.0365846243148786,0.0358528767373855,"calcite_flush_7_nondim","TEsd2",1118
