"","curr_inflow_rate","curr_diffusion_coef","curr_porosity","curr_gypsum_rate_constant","curr_calcite_rate_constant","curr_gypsum_surface_area","curr_calcite_surface_area","output_var","sobol_type","boot_num"
"1",0.109275837586478,0.0020681017798282,0.00159862843543643,0.0322099166408485,-0.00120821221301232,-0.00217136411770222,-0.000368303182404561,"calcite_flush_8_nondim","FOmean",927
"2",0.135763702485343,0.0119302884736397,0.0124817264765516,0.0488691751894999,0.0258630565885033,0.00908330553362434,0.0254169768436866,"calcite_flush_8_nondim","TEmean",927
"3",0.0381105611892588,-0.0567765243488687,0.110935064275931,-2.74093384961964,-0.0251965121754405,0.186621439571666,-1.62398488721194,"calcite_flush_8_nondim","FOsd2",927
"4",0.716342738980713,0.41507289280568,0.368978424604139,3.21484834511829,0.839067559428362,0.688161964208437,0.345671338858207,"calcite_flush_8_nondim","TEsd2",927
