"","curr_inflow_rate","curr_diffusion_coef","curr_porosity","curr_gypsum_rate_constant","curr_calcite_rate_constant","curr_gypsum_surface_area","curr_calcite_surface_area","output_var","sobol_type","boot_num"
"1",0.150792649145676,-0.000344013300879047,-0.000612062017332051,0.030108326567711,0.0282233617767318,-0.000758581340836745,0.00327158251560009,"calcite_flush_4_nondim","FOmean",1091
"2",0.144057097356691,0.0010641036970466,0.000840104455881706,0.0314142691212245,0.0344414347138137,0.000638519661708572,0.00613532599086251,"calcite_flush_4_nondim","TEmean",1091
"3",-33.4221962560032,-32.4408921416683,-37.691888402449,-57.3455460333452,-107.184518875611,-179.395793868401,-58.4510203388715,"calcite_flush_4_nondim","FOsd2",1091
"4",32.5162703953038,25.4852741570668,32.0322643285822,7.11015285114425,81.8842187170256,149.2150713674,37.4456847745659,"calcite_flush_4_nondim","TEsd2",1091
