"","curr_inflow_rate","curr_diffusion_coef","curr_porosity","curr_gypsum_rate_constant","curr_calcite_rate_constant","curr_gypsum_surface_area","curr_calcite_surface_area","output_var","sobol_type","boot_num"
"1",0.115134252934821,0.0105292362727166,0.00722206335708132,0.0302007925978709,0.0079147269666512,0.00582857761577565,0.000907240381855134,"calcite_flush_8_nondim","FOmean",2151
"2",0.126098259918015,0.0098732090478441,0.0117478803146042,0.0431275386389907,0.0224323965759314,0.0101177095214941,0.0188189353897522,"calcite_flush_8_nondim","TEmean",2151
"3",0.721429138403388,0.62786340410196,0.647444552174073,-0.0941041218552645,0.733578324541521,0.702176763512053,0.631998694715963,"calcite_flush_8_nondim","FOsd2",2151
"4",0.0472584759800438,0.131656390570025,0.112655915410832,0.816958653299156,0.0329542887654698,0.050345960372365,0.109697178226211,"calcite_flush_8_nondim","TEsd2",2151
