"","curr_inflow_rate","curr_diffusion_coef","curr_porosity","curr_gypsum_rate_constant","curr_calcite_rate_constant","curr_gypsum_surface_area","curr_calcite_surface_area","output_var","sobol_type","boot_num"
"1",0.01722587192713,-3.35624845473025e-05,0.00039928546434944,0.000421577635297295,0.00121764771205807,7.95359905273782e-05,0.000268087497451354,"calcite_flush_3_nondim","FOmean",1074
"2",0.0168864097168958,4.39859081518767e-05,0.000354545863267974,0.00110872041474057,0.00135457860053871,6.98934520468337e-05,0.000313724867403331,"calcite_flush_3_nondim","TEmean",1074
"3",-7.04876851061808,-4.2167475186509,-5.84446574574441,-5.26180857357257,-240.998109808247,-10.4800025231582,-5.92293341558165,"calcite_flush_3_nondim","FOsd2",1074
"4",5.3161479973223,0.455290520034213,0.191725013976527,0.486299746479768,237.785583547202,7.85111572330477,0.206002731484401,"calcite_flush_3_nondim","TEsd2",1074
