"","curr_inflow_rate","curr_diffusion_coef","curr_porosity","curr_gypsum_rate_constant","curr_calcite_rate_constant","curr_gypsum_surface_area","curr_calcite_surface_area","output_var","sobol_type","boot_num"
"1",0.1536762525243,2.4178670217476e-06,0.00694915904744328,0.0731206222352727,0.00670549556338063,0.00210007787239912,-0.00517212367516767,"calcite_flush_8_nondim","FOmean",1263
"2",0.164860860728388,0.0125723300329769,0.0249297902221535,0.07602046135351,0.0214643322324154,0.0146846799307981,0.0179526992924929,"calcite_flush_8_nondim","TEmean",1263
"3",0.922191445660151,0.835370500771013,0.911406899378829,0.942761619338889,0.813879328990661,0.923786576945336,0.952139302478531,"calcite_flush_8_nondim","FOsd2",1263
"4",0.0782041837857637,0.183983978014313,0.174808499399465,0.180306621790657,0.101370831259101,0.149760171542932,0.156131097357586,"calcite_flush_8_nondim","TEsd2",1263
