"","curr_inflow_rate","curr_diffusion_coef","curr_porosity","curr_gypsum_rate_constant","curr_calcite_rate_constant","curr_gypsum_surface_area","curr_calcite_surface_area","output_var","sobol_type","boot_num"
"1",0.115681761330141,0.00726652312125842,0.0107746586315121,0.0286616678449687,0.0104694678199839,0.00513732495703708,-0.00287253973825824,"calcite_flush_9_nondim","FOmean",1344
"2",0.147781335630232,0.0160543233431646,0.0105960926805811,0.0502382305658629,0.02628659099976,0.0107462027819765,0.0138331454686312,"calcite_flush_9_nondim","TEmean",1344
"3",0.936968656352901,0.92062740831412,0.852864346379425,0.833114220800582,0.901768273368453,0.941416417039224,0.942882042607428,"calcite_flush_9_nondim","FOsd2",1344
"4",0.0533022765852271,0.0373029322718683,0.111703575973183,0.0847117193964895,0.0748213402681289,0.0372320195769135,0.0486486160048282,"calcite_flush_9_nondim","TEsd2",1344
