"","curr_inflow_rate","curr_diffusion_coef","curr_porosity","curr_gypsum_rate_constant","curr_calcite_rate_constant","curr_gypsum_surface_area","curr_calcite_surface_area","output_var","sobol_type","boot_num"
"1",0.00317441669714066,-1.38272716055845e-05,1.27624361344752e-05,0.000189495341505403,0.000230977690304852,2.84159198222262e-06,5.25837514322861e-05,"calcite_flush_2_nondim","FOmean",1521
"2",0.00314263762854929,7.98199671050688e-06,3.37231497537819e-05,0.000183261395935716,0.000262542920804123,1.22168279034986e-05,8.6590720862284e-05,"calcite_flush_2_nondim","TEmean",1521
"3",0.649663586681384,-1.34442628891556,0.639791084147269,0.471858758699728,0.903813183435741,0.827823626383969,0.859664785774733,"calcite_flush_2_nondim","FOsd2",1521
"4",0.20375192192829,1.53214819582792,0.276709160223655,0.469272023232663,0.0763212853632758,9.16302290816232e-05,0.0220636208209204,"calcite_flush_2_nondim","TEsd2",1521
