"","curr_inflow_rate","curr_diffusion_coef","curr_porosity","curr_gypsum_rate_constant","curr_calcite_rate_constant","curr_gypsum_surface_area","curr_calcite_surface_area","output_var","sobol_type","boot_num"
"1",4.02574444463239e-05,3.74000806676715e-05,0.000269434404496276,0.00170622890410091,0.000439820257515006,0.00012197005931494,-4.97531353839174e-08,"calcite_flush_6_nondim","FOmean",2061
"2",5.1383415783233e-05,2.81392971443807e-05,0.000289900520422572,0.00174021776199422,0.000331724700140749,0.0001144406964811,1.43485879825707e-08,"calcite_flush_6_nondim","TEmean",2061
"3",0.999999999981278,0.999999999979016,0.999999999980179,0.999999999985948,0.999999999988199,0.999999999979374,0.99999999997974,"calcite_flush_6_nondim","FOsd2",2061
"4",2.54090185873954e-12,1.04087440597578e-14,2.15319465126656e-12,7.0550782835625e-12,8.88382428708698e-12,2.60488450045222e-13,4.50842673860565e-13,"calcite_flush_6_nondim","TEsd2",2061
