"","curr_inflow_rate","curr_diffusion_coef","curr_porosity","curr_gypsum_rate_constant","curr_calcite_rate_constant","curr_gypsum_surface_area","curr_calcite_surface_area","output_var","sobol_type","boot_num"
"1",0.00260188581752395,3.328912107396e-05,1.44990022625451e-05,6.72334639034756e-05,0.000247770227166836,6.3526044775336e-06,0.000110684347070563,"calcite_flush_2_nondim","FOmean",2273
"2",0.00266300814113299,9.68832603525014e-06,3.20265968501055e-05,0.000204474247184115,0.000294321296959749,9.55417986341798e-06,0.000109114841478311,"calcite_flush_2_nondim","TEmean",2273
"3",0.994144081035994,0.994277220705638,0.993615144257169,0.993061861858204,0.993683791740822,0.994320743947818,0.983753573553137,"calcite_flush_2_nondim","FOsd2",2273
"4",0.000544079703646985,0.000479739028010248,0.000398877850659111,0.00151879123824316,0.00048186978488971,5.20730155468297e-05,0.00873968256949274,"calcite_flush_2_nondim","TEsd2",2273
