"","curr_inflow_rate","curr_diffusion_coef","curr_porosity","curr_gypsum_rate_constant","curr_calcite_rate_constant","curr_gypsum_surface_area","curr_calcite_surface_area","output_var","sobol_type","boot_num"
"1",0.0980057839522459,0.000704218370346218,-0.00098308064578533,0.025663695166599,0.0181963063233196,-0.000527519525709802,0.00189209006841383,"calcite_flush_4_nondim","FOmean",2355
"2",0.0991132763809347,0.00054909735841191,0.000944151077974861,0.0222400088865023,0.0215660334165825,0.000581157178816914,0.00438563377094693,"calcite_flush_4_nondim","TEmean",2355
"3",-1.21213438008863,-1.29382243665005,-1.38197639907321,-2.7776108411315,-1.33779724325198,-44.6057939667094,-1.20884257673404,"calcite_flush_4_nondim","FOsd2",2355
"4",0.0403310864859808,0.105668806197303,0.143374423499352,1.44014468753301,0.098460759501301,43.3928608113383,0.0080232923255488,"calcite_flush_4_nondim","TEsd2",2355
