"","curr_inflow_rate","curr_diffusion_coef","curr_porosity","curr_gypsum_rate_constant","curr_calcite_rate_constant","curr_gypsum_surface_area","curr_calcite_surface_area","output_var","sobol_type","boot_num"
"1",0.150374054243155,-0.00407569579082492,0.00856374772537124,0.0291208737637627,0.00694931911753711,0.00203414185362429,0.0135969986061468,"calcite_flush_8_nondim","FOmean",1551
"2",0.18585023454687,0.0269399501643964,0.0178483331993753,0.05757495991461,0.0387596042432739,0.00978781738290155,0.0225945121987677,"calcite_flush_8_nondim","TEmean",1551
"3",0.94549164285885,0.980640393181759,0.983250894358969,0.921195247218374,0.884899890491374,0.96146470143741,0.963444902511945,"calcite_flush_8_nondim","FOsd2",1551
"4",0.051085251647019,0.0549589288731306,0.0571701625784332,0.033010387999041,0.039453766612006,0.0219601955593648,0.0267453697311202,"calcite_flush_8_nondim","TEsd2",1551
