"","curr_inflow_rate","curr_diffusion_coef","curr_porosity","curr_gypsum_rate_constant","curr_calcite_rate_constant","curr_gypsum_surface_area","curr_calcite_surface_area","output_var","sobol_type","boot_num"
"1",0.00267074165421693,0.000386350270126608,0.000811522485328429,0.0083940949107885,0.000167337719815813,0.000327529675884284,6.86775161615555e-05,"calcite_flush_7_nondim","FOmean",1062
"2",0.00260537139401199,0.000311196956340185,0.000979471155329648,0.00819483475163274,9.5048676215544e-05,0.000343304768290055,6.29349264847149e-05,"calcite_flush_7_nondim","TEmean",1062
"3",0.992851265501601,0.992180833047196,0.992108676300575,0.995292366957581,0.994210812479408,0.992083624880454,0.992589974100895,"calcite_flush_7_nondim","FOsd2",1062
"4",0.00113717540487192,0.000394279506735636,0.000392451923123236,0.00351938364376595,0.00224509133721233,3.47000848967033e-05,0.000516449663708927,"calcite_flush_7_nondim","TEsd2",1062
