"","curr_inflow_rate","curr_diffusion_coef","curr_porosity","curr_gypsum_rate_constant","curr_calcite_rate_constant","curr_gypsum_surface_area","curr_calcite_surface_area","output_var","sobol_type","boot_num"
"1",0.146832977458882,0.00365907788033329,0.00933120177876801,0.0288154076312638,0.00464413536788969,0.00759230230647876,0.00812712392468361,"calcite_flush_8_nondim","FOmean",2223
"2",0.176014748438058,0.016413090814432,0.0165470340560383,0.0482080369644552,0.0354775317036016,0.0101327842942799,0.018297046242568,"calcite_flush_8_nondim","TEmean",2223
"3",0.163662183369587,0.358154698529877,0.725715436686456,-4.05792019522833,-1.10805390606194,0.475921249301493,0.667801707226288,"calcite_flush_8_nondim","FOsd2",2223
"4",4.2661558371194,1.96332641100376,3.79180752234603,0.173459861732401,0.571849808071374,2.16173729402366,3.55203126184834,"calcite_flush_8_nondim","TEsd2",2223
