"","curr_inflow_rate","curr_diffusion_coef","curr_porosity","curr_gypsum_rate_constant","curr_calcite_rate_constant","curr_gypsum_surface_area","curr_calcite_surface_area","output_var","sobol_type","boot_num"
"1",0.103261353443089,0.00394093580111946,0.00483475855242544,0.0491780152479116,0.00468958237017333,0.00583688144402175,0.00679732720352836,"calcite_flush_8_nondim","FOmean",1415
"2",0.136361082527031,0.00987376373241336,0.0141682747497294,0.0567062074978198,0.0250055596573156,0.012816270658741,0.0154028574994985,"calcite_flush_8_nondim","TEmean",1415
"3",-133.635542963085,-132.196967496184,-138.127506978052,-127.450812266488,-134.475495028845,-316.912906692704,-2019.60177889313,"calcite_flush_8_nondim","FOsd2",1415
"4",2270.8936402514,2260.57429943277,2168.51327999161,2270.7282953175,2177.19035760756,1785.01424160354,79.7936360662026,"calcite_flush_8_nondim","TEsd2",1415
