"","curr_inflow_rate","curr_diffusion_coef","curr_porosity","curr_gypsum_rate_constant","curr_calcite_rate_constant","curr_gypsum_surface_area","curr_calcite_surface_area","output_var","sobol_type","boot_num"
"1",0.000495012802433232,0.000399382191810678,0.00219430804759967,0.00929059740946309,0.000818512436580076,0.00160709646352016,0.000618842345035061,"calcite_flush_7_nondim","FOmean",1910
"2",0.000455773211266588,0.000269366375928802,0.0021635403584117,0.00913872623962961,0.000726871661777198,0.00193273906157211,0.000464668569430603,"calcite_flush_7_nondim","TEmean",1910
"3",0.370751039707031,0.0779598845543815,0.265688821711295,0.270532038411487,0.37326311418593,0.369242926703438,0.318775958961061,"calcite_flush_7_nondim","FOsd2",1910
"4",0.228309386740024,0.162508613413454,0.15036748778807,0.22547898070697,0.169693705115578,0.120471077853794,0.128471087350835,"calcite_flush_7_nondim","TEsd2",1910
