"","curr_inflow_rate","curr_diffusion_coef","curr_porosity","curr_gypsum_rate_constant","curr_calcite_rate_constant","curr_gypsum_surface_area","curr_calcite_surface_area","output_var","sobol_type","boot_num"
"1",0.129508661767584,0.00441841064052259,0.00906346234139719,0.0395632936838704,-0.0070490066438658,0.00115080119436041,-0.00120070694560576,"calcite_flush_8_nondim","FOmean",951
"2",0.163090801330122,0.0084727247553997,0.0109110363321256,0.0489208027561174,0.0235272252132805,0.00641244458990909,0.0129377906812531,"calcite_flush_8_nondim","TEmean",951
"3",0.0816011464522006,0.0826668928894059,0.254412585092337,-1.30517017003013,-0.141287005061329,0.0880938565970241,-0.717477864676024,"calcite_flush_8_nondim","FOsd2",951
"4",0.724244386330612,0.6540560105663,0.769360504309963,1.12706924245795,1.07432146534829,0.677176074087566,0.358600151815669,"calcite_flush_8_nondim","TEsd2",951
