"","curr_inflow_rate","curr_diffusion_coef","curr_porosity","curr_gypsum_rate_constant","curr_calcite_rate_constant","curr_gypsum_surface_area","curr_calcite_surface_area","output_var","sobol_type","boot_num"
"1",0.0661315057032067,-0.00333584349382098,0.0017101281677326,0.0255267570022057,-0.00365521424366305,0.0051799944398106,0.000566748973357217,"calcite_flush_9_nondim","FOmean",2272
"2",0.103925911297402,0.0104304902124972,0.0130628048872061,0.0377457569610298,0.0190615213048792,0.0067374365313808,0.0148449360489511,"calcite_flush_9_nondim","TEmean",2272
"3",0.971158504592105,0.974911031752619,0.969386878696356,0.979099050917834,0.975122310320222,0.975475633993234,0.980067622477319,"calcite_flush_9_nondim","FOsd2",2272
"4",0.00865699906081884,0.00422917605167494,0.00888788961958692,0.00459852348197497,0.00629803725732463,0.00500227881083884,0.00268309582868533,"calcite_flush_9_nondim","TEsd2",2272
