"","curr_inflow_rate","curr_diffusion_coef","curr_porosity","curr_gypsum_rate_constant","curr_calcite_rate_constant","curr_gypsum_surface_area","curr_calcite_surface_area","output_var","sobol_type","boot_num"
"1",0.216095105541533,-0.00136418705936584,4.63271727009194e-05,0.0136738620468102,0.022751235321279,-0.000887691275470972,0.00246048699847342,"calcite_flush_4_nondim","FOmean",2227
"2",0.221404649246709,0.00105483234158908,0.00104528950854253,0.0343240320287474,0.036839462658351,0.00121706407548884,0.00563013155103067,"calcite_flush_4_nondim","TEmean",2227
"3",0.997898308963217,0.997907410761315,0.99770049470344,0.99814253447842,0.998359770376227,0.997650637467622,0.997394423899012,"calcite_flush_4_nondim","FOsd2",2227
"4",0.00188751333460641,4.06400675864657e-05,3.91415926426167e-05,0.00102137910741273,0.000877178745129315,3.69576586543927e-05,0.000483867532485105,"calcite_flush_4_nondim","TEsd2",2227
