"","curr_inflow_rate","curr_diffusion_coef","curr_porosity","curr_gypsum_rate_constant","curr_calcite_rate_constant","curr_gypsum_surface_area","curr_calcite_surface_area","output_var","sobol_type","boot_num"
"1",0.00140126391382088,5.01064471646755e-05,0.00322650894101621,0.0143338798152865,0.0011539137360056,0.000159717720832137,0.00234781626256115,"calcite_flush_7_nondim","FOmean",830
"2",0.00106498482277797,9.00445378630449e-05,0.00232746570891485,0.0138783803468061,0.000816533558502457,0.000161227833156124,0.00161892655639426,"calcite_flush_7_nondim","TEmean",830
"3",0.244265438414644,-0.940032504275623,0.309677017470678,0.361211123693014,0.22428855254553,-0.0661233562242616,0.354032856314334,"calcite_flush_7_nondim","FOsd2",830
"4",0.241231067475468,1.00924626182117,0.113219813643273,0.258267596825182,0.19276227950136,0.385219479241642,0.0634811588413863,"calcite_flush_7_nondim","TEsd2",830
