"","curr_inflow_rate","curr_diffusion_coef","curr_porosity","curr_gypsum_rate_constant","curr_calcite_rate_constant","curr_gypsum_surface_area","curr_calcite_surface_area","output_var","sobol_type","boot_num"
"1",0.00205626437402892,1.73867553054491e-05,3.34439406113915e-05,6.29805340841116e-05,0.000169956531175469,1.07011213967028e-05,2.57890712637376e-05,"calcite_flush_2_nondim","FOmean",1281
"2",0.00201985137368927,7.67819819493941e-06,1.62438049528623e-05,0.000116174034165182,0.000145188243048562,7.87281821673217e-06,4.3727643276837e-05,"calcite_flush_2_nondim","TEmean",1281
"3",0.997519338107653,0.989067372458738,0.992510634269404,0.997290804210435,0.997008492113552,0.997245282504865,0.999079062070435,"calcite_flush_2_nondim","FOsd2",1281
"4",0.0028169882826646,0.00560568173609864,0.00622996443908247,0.000593733334941598,0.00329679462983951,0.000861882126769596,0.000598271780827915,"calcite_flush_2_nondim","TEsd2",1281
