"","curr_inflow_rate","curr_diffusion_coef","curr_porosity","curr_gypsum_rate_constant","curr_calcite_rate_constant","curr_gypsum_surface_area","curr_calcite_surface_area","output_var","sobol_type","boot_num"
"1",0.259301215046476,0.00197877520688487,0.0199786851506949,0.0114984348976367,0.0447671463896987,0.0151540673119703,0.0220947208552588,"calcite_flush_5_nondim","FOmean",1588
"2",0.319137683165251,0.0135335948944117,0.0170564123515591,0.0661503795251416,0.105450131072129,0.0248657975801439,0.0509612253484312,"calcite_flush_5_nondim","TEmean",1588
"3",0.736950125793978,0.784359258970857,0.620827106503001,-13.6819814792247,-2.95559319616643,0.69725213418241,0.748011790908233,"calcite_flush_5_nondim","FOsd2",1588
"4",0.164199343366045,0.0822021894833227,0.228974707950541,13.6912130713595,3.86544594935013,0.201525840498484,0.0698302929095714,"calcite_flush_5_nondim","TEsd2",1588
