"","curr_inflow_rate","curr_diffusion_coef","curr_porosity","curr_gypsum_rate_constant","curr_calcite_rate_constant","curr_gypsum_surface_area","curr_calcite_surface_area","output_var","sobol_type","boot_num"
"1",0.000935437353050486,-2.71548643228584e-06,1.3370973194106e-05,4.02274336840339e-05,7.1054367983663e-05,-2.5730363328637e-06,8.24665361272327e-06,"calcite_flush_2_nondim","FOmean",473
"2",0.000930673171642028,4.70168190870662e-06,1.45240320976858e-05,5.07443496626001e-05,8.39546312041367e-05,1.92211401444525e-06,1.88449597926869e-05,"calcite_flush_2_nondim","TEmean",473
"3",0.939179696044503,0.966169725940907,0.969736213735208,0.980487318036494,0.988066690119475,0.898564482343296,0.98463349382561,"calcite_flush_2_nondim","FOsd2",473
"4",0.101776298067562,0.00705293747184185,0.00554161750291569,0.0149506207269093,0.0527012866130872,0.00712020587398262,0.0186430083550351,"calcite_flush_2_nondim","TEsd2",473
