"","curr_inflow_rate","curr_diffusion_coef","curr_porosity","curr_gypsum_rate_constant","curr_calcite_rate_constant","curr_gypsum_surface_area","curr_calcite_surface_area","output_var","sobol_type","boot_num"
"1",0.129504342794409,0.00621397875077135,0.00731060241056606,0.0238708648742217,-0.000893119369226274,0.00700559949289569,0.00637137989632359,"calcite_flush_8_nondim","FOmean",1431
"2",0.158270144579789,0.0155104839070399,0.0113017987866339,0.0361099990756474,0.0261069799648313,0.0130883108183921,0.017332236506701,"calcite_flush_8_nondim","TEmean",1431
"3",0.764652522390303,0.748974605238687,0.0911883084443018,0.37235982481508,0.76046170072639,0.185082151032184,-7.09344995783912,"calcite_flush_8_nondim","FOsd2",1431
"4",0.364019013530296,0.395313180964985,0.793795215042858,0.659874937590912,0.417702938739025,0.895761281227232,8.16093413327754,"calcite_flush_8_nondim","TEsd2",1431
