"","curr_inflow_rate","curr_diffusion_coef","curr_porosity","curr_gypsum_rate_constant","curr_calcite_rate_constant","curr_gypsum_surface_area","curr_calcite_surface_area","output_var","sobol_type","boot_num"
"1",0.262579940045237,0.0123395444737839,0.010972130221775,-0.00162418357699237,0.0427006886355828,0.010314052273919,0.0312743560515226,"calcite_flush_5_nondim","FOmean",1772
"2",0.293285975580775,0.0270176852555885,0.0202082447823602,0.0645341252593085,0.105317021844253,0.0218498663556848,0.0396495552919833,"calcite_flush_5_nondim","TEmean",1772
"3",0.758809269898785,0.706327696441137,0.660604198185248,0.657162753921229,0.663219800373391,0.670041993184017,0.397381325526903,"calcite_flush_5_nondim","FOsd2",1772
"4",0.0974761109280177,0.167065557336348,0.188466287693485,0.19287897000421,0.108266829504716,0.102203624799253,0.318581093593178,"calcite_flush_5_nondim","TEsd2",1772
