"","curr_inflow_rate","curr_diffusion_coef","curr_porosity","curr_gypsum_rate_constant","curr_calcite_rate_constant","curr_gypsum_surface_area","curr_calcite_surface_area","output_var","sobol_type","boot_num"
"1",0.245335772909629,0.0103504044854805,0.0122010661215168,0.00791290519609609,0.0635852993665028,-0.0044148112145681,0.0209881567112719,"calcite_flush_5_nondim","FOmean",2364
"2",0.292386975525697,0.01590082350349,0.0172655927040422,0.0593924131936181,0.0915524889824973,0.0259047736559757,0.0442915465062321,"calcite_flush_5_nondim","TEmean",2364
"3",0.580414525139109,0.621997773171131,0.6193485129897,0.632339594635383,0.616415514608195,0.62526938006822,0.578042673798813,"calcite_flush_5_nondim","FOsd2",2364
"4",0.111051195582204,0.0621864626516947,0.0565024595106822,0.082759199735795,0.0642217785079587,0.0512923832184311,0.0466150253997056,"calcite_flush_5_nondim","TEsd2",2364
