"","curr_inflow_rate","curr_diffusion_coef","curr_porosity","curr_gypsum_rate_constant","curr_calcite_rate_constant","curr_gypsum_surface_area","curr_calcite_surface_area","output_var","sobol_type","boot_num"
"1",0.00268882181440123,0.000134301381940112,0.0016014337564131,0.00747330686914296,0.000720378383686372,0.000421320408881549,0.00013750841752576,"calcite_flush_6_nondim","FOmean",1213
"2",0.00251088692091107,4.86312152929616e-05,0.00139515271647703,0.00745623095683183,0.000551563497384938,0.000346487627598779,0.000131854592350867,"calcite_flush_6_nondim","TEmean",1213
"3",0.988915577559019,0.987610356147788,0.988022919582135,0.99209754182331,0.990902956670324,0.987591850799844,0.988177365329217,"calcite_flush_6_nondim","FOsd2",1213
"4",0.00169522415552005,4.20678637636933e-05,0.000732067499309303,0.00608797441683199,0.00478368048477067,3.11809309328027e-06,0.000563346828624538,"calcite_flush_6_nondim","TEsd2",1213
