"","curr_inflow_rate","curr_diffusion_coef","curr_porosity","curr_gypsum_rate_constant","curr_calcite_rate_constant","curr_gypsum_surface_area","curr_calcite_surface_area","output_var","sobol_type","boot_num"
"1",0.00604833344585227,2.91108234866019e-06,3.63912286478937e-05,0.000424501553841773,0.000420979570843159,4.06978558341204e-05,0.000182865146199968,"calcite_flush_3_nondim","FOmean",1138
"2",0.00582213104863596,2.15694412979954e-05,3.55683073449845e-05,0.000436352425529432,0.000523607695949971,1.50416439550879e-05,0.000144467362077205,"calcite_flush_3_nondim","TEmean",1138
"3",0.986847498594231,0.993982039868253,0.181807028851757,0.961454531045658,-51.0101795285333,0.995648547839985,-58.796299678368,"calcite_flush_3_nondim","FOsd2",1138
"4",0.187063801674507,0.133026583562054,0.235284969900284,0.132721102231323,52.1807172714462,0.174476058917501,53.5025119080485,"calcite_flush_3_nondim","TEsd2",1138
