"","curr_inflow_rate","curr_diffusion_coef","curr_porosity","curr_gypsum_rate_constant","curr_calcite_rate_constant","curr_gypsum_surface_area","curr_calcite_surface_area","output_var","sobol_type","boot_num"
"1",0.0029782918004705,-8.66219849490363e-06,5.53278229771025e-05,4.69337697057728e-05,0.000237123814014832,1.10252556745149e-06,6.45800834035654e-05,"calcite_flush_2_nondim","FOmean",1065
"2",0.00295479286321532,1.10472688692862e-05,6.32461764595068e-05,0.00012990291114286,0.000216842344982964,9.55374152350877e-06,9.36399087957333e-05,"calcite_flush_2_nondim","TEmean",1065
"3",0.973723660204891,0.998797474072032,0.998784625299188,0.998700492656257,0.998643784627921,0.998775073137921,0.998167257750664,"calcite_flush_2_nondim","FOsd2",1065
"4",0.0235939682932673,1.08917187571706e-05,1.26357772425858e-05,9.42960641790504e-05,0.000244785730275799,3.41956667946228e-06,0.000634031008233147,"calcite_flush_2_nondim","TEsd2",1065
