"","curr_inflow_rate","curr_diffusion_coef","curr_porosity","curr_gypsum_rate_constant","curr_calcite_rate_constant","curr_gypsum_surface_area","curr_calcite_surface_area","output_var","sobol_type","boot_num"
"1",0.219568663562218,0.00632408421084761,-0.0101011610988878,0.0346642435565243,0.0657113848367633,0.0133082973380405,-0.000807249757170554,"calcite_flush_5_nondim","FOmean",1172
"2",0.323743188836621,0.0119824769250935,0.0157551958335654,0.0795184482041936,0.0857939427039704,0.0234506832710637,0.0388432029646238,"calcite_flush_5_nondim","TEmean",1172
"3",0.707862314345754,0.615710581389681,0.756548427418274,0.642738145315348,0.476571058001503,0.764025919963611,0.67602605722472,"calcite_flush_5_nondim","FOsd2",1172
"4",0.346112161289844,0.275460807519189,0.288987185441197,0.340681285644517,0.0646846360592355,0.302222254485428,0.261182279605635,"calcite_flush_5_nondim","TEsd2",1172
