"","curr_inflow_rate","curr_diffusion_coef","curr_porosity","curr_gypsum_rate_constant","curr_calcite_rate_constant","curr_gypsum_surface_area","curr_calcite_surface_area","output_var","sobol_type","boot_num"
"1",0.26289248048151,0.0133651002989776,0.000483952395346375,0.0254648248014019,0.0516548491313154,-0.000720441532979007,0.0210331089809252,"calcite_flush_5_nondim","FOmean",1268
"2",0.325859517272628,0.0204782321530476,0.0183342219074052,0.0589699759324598,0.106306384137832,0.0159807635006794,0.0329366275453099,"calcite_flush_5_nondim","TEmean",1268
"3",0.578651452536567,-3.21781245057437,0.110075838678989,-19.1460995792794,0.423934329382052,0.76226492715819,0.0578937094480646,"calcite_flush_5_nondim","FOsd2",1268
"4",0.345379126440847,3.8761477431456,0.963468459433734,19.5387238166284,0.747056583171282,0.375569259239075,0.649924368273969,"calcite_flush_5_nondim","TEsd2",1268
