"","curr_inflow_rate","curr_diffusion_coef","curr_porosity","curr_gypsum_rate_constant","curr_calcite_rate_constant","curr_gypsum_surface_area","curr_calcite_surface_area","output_var","sobol_type","boot_num"
"1",0.1248700999894,0.000544807616076055,0.00106982185033635,0.0141548283799809,0.0241418226605711,-5.3472166377293e-05,-0.00188845745520255,"calcite_flush_4_nondim","FOmean",811
"2",0.128133745321553,0.00103715983445915,0.00201791322602076,0.0224990461725342,0.0247839203309169,0.000763915111108165,0.00432738681971886,"calcite_flush_4_nondim","TEmean",811
"3",0.967623125940555,0.926747632106771,0.949789491709682,0.948020364823865,0.944036057401836,0.966504623428769,0.962264319976012,"calcite_flush_4_nondim","FOsd2",811
"4",0.0156378732934893,0.00906386779049192,0.00318502053104891,0.00770205159248981,0.0306784340253686,0.0097245953712302,0.00702717634169061,"calcite_flush_4_nondim","TEsd2",811
