"","curr_inflow_rate","curr_diffusion_coef","curr_porosity","curr_gypsum_rate_constant","curr_calcite_rate_constant","curr_gypsum_surface_area","curr_calcite_surface_area","output_var","sobol_type","boot_num"
"1",0.0807768164958577,0.00080015379486244,0.0064408839188903,0.0117566948835993,0.000257992663400134,2.47670789881967e-05,0.00508401231514018,"calcite_flush_9_nondim","FOmean",768
"2",0.109742376347541,0.00753243889904429,0.00808032857697992,0.0257621248808338,0.0220440284902045,0.00670742055565276,0.0146243427776635,"calcite_flush_9_nondim","TEmean",768
"3",0.964730743367386,0.972438817506211,0.95856547174116,0.991792943700636,0.918221884740054,0.952876711037477,0.982565508834023,"calcite_flush_9_nondim","FOsd2",768
"4",0.00426730543938166,0.00653093343866714,0.0575998694447426,0.0352061781274677,0.10471246672194,0.0225762507975505,0.0277366865202724,"calcite_flush_9_nondim","TEsd2",768
