"","curr_inflow_rate","curr_diffusion_coef","curr_porosity","curr_gypsum_rate_constant","curr_calcite_rate_constant","curr_gypsum_surface_area","curr_calcite_surface_area","output_var","sobol_type","boot_num"
"1",0.261921513040716,0.0183182124506191,-0.00622711330207334,0.0294822704559296,0.0899902061774577,0.00629823569864462,0.0256170008764536,"calcite_flush_5_nondim","FOmean",1652
"2",0.27390481230548,0.025670206123568,0.0157351921998689,0.0923469732491899,0.1127859534455,0.0163027529823025,0.0382435201440635,"calcite_flush_5_nondim","TEmean",1652
"3",0.585753496324564,-6.94269660611007,-1166.85305696952,-55.3091997635519,0.385500954478459,0.71952573435073,-10247.7881601843,"calcite_flush_5_nondim","FOsd2",1652
"4",9368.48209374419,8859.29155288761,3933.96741465811,8003.63853558465,9373.14185943893,9365.67802608845,19.9940181289937,"calcite_flush_5_nondim","TEsd2",1652
