"","curr_inflow_rate","curr_diffusion_coef","curr_porosity","curr_gypsum_rate_constant","curr_calcite_rate_constant","curr_gypsum_surface_area","curr_calcite_surface_area","output_var","sobol_type","boot_num"
"1",0.101002839733049,0.00237498119308589,0.00180003094022915,0.0384916326501014,0.00528228067049119,-0.0012090813951483,-0.00484117926521002,"calcite_flush_8_nondim","FOmean",879
"2",0.133001001258525,0.00824143700223717,0.00936896155780463,0.0550114708780683,0.02506056590073,0.00725337391456762,0.0177590440515073,"calcite_flush_8_nondim","TEmean",879
"3",0.816510125712274,0.795952172515057,-0.0105898959617208,0.684131229514015,0.78102024794613,0.698108230678854,0.798398557841586,"calcite_flush_8_nondim","FOsd2",879
"4",0.0555975230733006,0.0493169435881736,0.730361723929612,0.220104903144985,0.154462563841917,0.116347798811366,0.0771480085670165,"calcite_flush_8_nondim","TEsd2",879
