"","curr_inflow_rate","curr_diffusion_coef","curr_porosity","curr_gypsum_rate_constant","curr_calcite_rate_constant","curr_gypsum_surface_area","curr_calcite_surface_area","output_var","sobol_type","boot_num"
"1",0.00341846216726229,0.000892105829262099,0.00275768048434449,0.0121995041053668,0.00586218840242357,0.000693149894510737,0.000985121693791806,"calcite_flush_7_nondim","FOmean",2150
"2",0.0032152474054234,0.000647045035615818,0.00263317172070755,0.0113216320604334,0.00577392717913226,0.00070099968638935,0.000934203663231654,"calcite_flush_7_nondim","TEmean",2150
"3",0.823892103823808,0.804925080952768,0.839861081899478,0.881155271345055,0.833065006937243,0.826464849945086,0.857078693062637,"calcite_flush_7_nondim","FOsd2",2150
"4",0.132392559453643,0.0443476041476618,0.0794537198281105,0.0878627614398946,0.0416070376979068,0.024679275712506,0.0209350697030197,"calcite_flush_7_nondim","TEsd2",2150
