"","curr_inflow_rate","curr_diffusion_coef","curr_porosity","curr_gypsum_rate_constant","curr_calcite_rate_constant","curr_gypsum_surface_area","curr_calcite_surface_area","output_var","sobol_type","boot_num"
"1",0.00190670818506608,0.000482905730948061,0.000951806310521806,0.00589533643621195,0.000107607777195455,0.000344924855824693,8.42359399060603e-06,"calcite_flush_7_nondim","FOmean",2318
"2",0.00216417511231086,0.000441401081900226,0.00111070310415105,0.00608309551737317,7.76763340993089e-05,0.000457710483058084,2.69095709705508e-05,"calcite_flush_7_nondim","TEmean",2318
"3",0.989406555240643,0.987809068816766,0.988206221903307,0.993534283215743,0.990558265227906,0.988132771915936,0.988684614861534,"calcite_flush_7_nondim","FOsd2",2318
"4",0.002062480778211,7.10185726703681e-06,0.00069536068539988,0.00831741505560498,0.00316453567123995,0.000568512970820767,0.000863488956761154,"calcite_flush_7_nondim","TEsd2",2318
