"","curr_inflow_rate","curr_diffusion_coef","curr_porosity","curr_gypsum_rate_constant","curr_calcite_rate_constant","curr_gypsum_surface_area","curr_calcite_surface_area","output_var","sobol_type","boot_num"
"1",0.0250030471639052,5.14748206374716e-05,0.000283169958898871,0.00222416614562167,0.0024279698750285,0.00010845603210796,0.000326516651659222,"calcite_flush_2_nondim","FOmean",1137
"2",0.025260811252324,0.000101225931601978,0.000468262494178868,0.0026637973736543,0.00279199068624837,0.00014148832924161,0.00140205579024404,"calcite_flush_2_nondim","TEmean",1137
"3",0.987513568861089,0.986841528547661,0.987990417729324,0.987558604002471,0.98722583443665,0.98814076538866,0.987892943760745,"calcite_flush_2_nondim","FOsd2",1137
"4",0.00183159054146667,0.00106505823134051,0.000300417105595784,0.000764380768456275,0.00180187591952269,0.000461893844370413,0.000325395770166485,"calcite_flush_2_nondim","TEsd2",1137
