"","curr_inflow_rate","curr_diffusion_coef","curr_porosity","curr_gypsum_rate_constant","curr_calcite_rate_constant","curr_gypsum_surface_area","curr_calcite_surface_area","output_var","sobol_type","boot_num"
"1",0.113291271871592,0.00200221696341741,0.00859627330056773,0.0217859302460707,0.010169846384333,-0.00266914076550164,-0.0140897484428948,"calcite_flush_8_nondim","FOmean",2279
"2",0.151432695300747,0.00990145108112261,0.018039199381757,0.0362017585639682,0.024806188653144,0.00714145136663278,0.0226361044906183,"calcite_flush_8_nondim","TEmean",2279
"3",0.980637282558534,0.980509011189065,0.986792153043161,0.934065804781817,0.984843507896615,0.977883465988642,0.984258454578889,"calcite_flush_8_nondim","FOsd2",2279
"4",0.00499657246611753,0.00555955164412145,0.00382239475055479,0.0665802397376147,0.00571402736216968,0.00816536407226327,0.00672584222577937,"calcite_flush_8_nondim","TEsd2",2279
