"","curr_inflow_rate","curr_diffusion_coef","curr_porosity","curr_gypsum_rate_constant","curr_calcite_rate_constant","curr_gypsum_surface_area","curr_calcite_surface_area","output_var","sobol_type","boot_num"
"1",0.103589115904952,-0.00164213092542538,0.00364928246407032,0.0245344600839889,0.0110642945181632,-0.00536899746072241,0.00879820611830541,"calcite_flush_9_nondim","FOmean",1976
"2",0.123291993992455,0.00903193693267776,0.0130985512410782,0.0389928158471537,0.0334018471212825,0.00823359813991131,0.0237685118104376,"calcite_flush_9_nondim","TEmean",1976
"3",-3448.46518366685,-974.961028450375,-971.288236205143,-971.324941429859,-972.098745977097,-1226.31237688059,-972.72019052749,"calcite_flush_9_nondim","FOsd2",1976
"4",2366.9522055187,2.69302379394257,1.40521684697456,2.31768440224001,2.9968282832977,247.583899429657,3.17435917402393,"calcite_flush_9_nondim","TEsd2",1976
