"","curr_inflow_rate","curr_diffusion_coef","curr_porosity","curr_gypsum_rate_constant","curr_calcite_rate_constant","curr_gypsum_surface_area","curr_calcite_surface_area","output_var","sobol_type","boot_num"
"1",0.160473582624906,-0.000469622485088787,0.00674114383368312,0.0536495441898441,0.00241583644380612,0.00321548326550481,-0.00117190844845753,"calcite_flush_8_nondim","FOmean",655
"2",0.200615549275253,0.0102183409495399,0.0156265248233211,0.0647800390572101,0.0287258414707076,0.00957482962133967,0.0202239512023364,"calcite_flush_8_nondim","TEmean",655
"3",-14494.6737910815,-1605.00270766358,-2028.73765230981,-33781.9242944924,-1598.88922928549,-1575.33359290433,-1580.65580980341,"calcite_flush_8_nondim","FOsd2",655
"4",3447.00324107945,3071.40948234449,1202.6429266121,15927.5813253399,3057.08064187747,3029.08400330414,2784.59574500287,"calcite_flush_8_nondim","TEsd2",655
