"","curr_inflow_rate","curr_diffusion_coef","curr_porosity","curr_gypsum_rate_constant","curr_calcite_rate_constant","curr_gypsum_surface_area","curr_calcite_surface_area","output_var","sobol_type","boot_num"
"1",0.108078532438182,0.00319249188561632,0.00663761216367432,0.028030434336428,-0.00500323268761371,0.00481314946103413,-0.00196080945681008,"calcite_flush_9_nondim","FOmean",2208
"2",0.135738316240364,0.0103347230550995,0.0131741275207265,0.0321580852061081,0.0267828680122383,0.00989560126190052,0.0190151898971443,"calcite_flush_9_nondim","TEmean",2208
"3",-637.370809657848,-34.710343217293,-43.4326578290115,-21.8375198677934,-64.660959051684,-7150.05577739534,-8606.15733801631,"calcite_flush_9_nondim","FOsd2",2208
"4",1473.11709105974,1262.54215013745,1473.25313766284,1471.8576324203,1176.6051207602,2134.80114621171,9546.8041120703,"calcite_flush_9_nondim","TEsd2",2208
