"","curr_inflow_rate","curr_diffusion_coef","curr_porosity","curr_gypsum_rate_constant","curr_calcite_rate_constant","curr_gypsum_surface_area","curr_calcite_surface_area","output_var","sobol_type","boot_num"
"1",0.0135893323192598,-2.35355353535191e-05,-0.000104527575377854,0.00140088252736721,0.00184457618964236,-0.0001366294701154,0.00089256484155114,"calcite_flush_2_nondim","FOmean",433
"2",0.0140912746203659,9.10171017147295e-05,0.000417804024351049,0.00223878396775191,0.00338242613048627,0.000604277446152479,0.00106169830225408,"calcite_flush_2_nondim","TEmean",433
"3",-6771277.5919575,-103883706299217,-11856378.7118503,-9819.76952057015,-8984.84849757767,-55781518723906656,-49076.0394470515,"calcite_flush_2_nondim","FOsd2",433
"4",11879775.8069323,103882847765187,1805007.75603499,18672202.9895298,18694150.6221125,55781518694905640,18716114.3137259,"calcite_flush_2_nondim","TEsd2",433
