"","curr_inflow_rate","curr_diffusion_coef","curr_porosity","curr_gypsum_rate_constant","curr_calcite_rate_constant","curr_gypsum_surface_area","curr_calcite_surface_area","output_var","sobol_type","boot_num"
"1",0.00357717190681818,-1.14907185686338e-05,1.49797428985434e-05,0.000284412951287826,0.000270247864516465,2.05248749487769e-05,0.000109235540224089,"calcite_flush_3_nondim","FOmean",2058
"2",0.00358223531383625,3.4419691692399e-05,8.11078386531833e-05,0.000261127895038846,0.00038087944157338,2.56095951788568e-05,0.0002016832614585,"calcite_flush_3_nondim","TEmean",2058
"3",-5062.34325852842,-13.1804204774842,-21.808820375487,-27.9973049729189,-23.0764716202988,-16232.0950747734,-9.91813002571776,"calcite_flush_3_nondim","FOsd2",2058
"4",5057.90877418486,3.35853954998606,8.84651790733912,16.2928570167685,17.2400558081421,16187.5843692982,0.854051632476934,"calcite_flush_3_nondim","TEsd2",2058
