"","curr_inflow_rate","curr_diffusion_coef","curr_porosity","curr_gypsum_rate_constant","curr_calcite_rate_constant","curr_gypsum_surface_area","curr_calcite_surface_area","output_var","sobol_type","boot_num"
"1",0.0909330168285529,0.00112635116469879,-0.000692643058364356,0.00510155264888572,0.0216398867257714,0.000525305709277987,0.00431478463949297,"calcite_flush_4_nondim","FOmean",1803
"2",0.0919992588755486,0.000596231181889553,0.000679536379647692,0.0214118133494637,0.0222728580000956,0.000323776803575582,0.00458529265111865,"calcite_flush_4_nondim","TEmean",1803
"3",0.95439916661259,0.966896792218159,0.965846718245896,0.954207122377792,0.967707834862012,0.960918892485778,0.950250416136212,"calcite_flush_4_nondim","FOsd2",1803
"4",0.0180922706116429,0.000563971708200989,0.00266296324477731,0.0137839536340102,0.00438973417182937,0.00397767797600568,0.0195015238792174,"calcite_flush_4_nondim","TEsd2",1803
