"","curr_inflow_rate","curr_diffusion_coef","curr_porosity","curr_gypsum_rate_constant","curr_calcite_rate_constant","curr_gypsum_surface_area","curr_calcite_surface_area","output_var","sobol_type","boot_num"
"1",0.153635568052658,0.000800298314523382,-0.000398846064606677,0.0245824004893555,0.0154807327179137,0.000551201793259612,0.00698678257156974,"calcite_flush_4_nondim","FOmean",779
"2",0.156196315280737,0.0009755128677044,0.000888865630718892,0.0260845807937869,0.0284678956208498,0.000610395458195513,0.00589364851910103,"calcite_flush_4_nondim","TEmean",779
"3",-12.5001619651759,-13.4691968755272,-12.3913534185704,-13.3220794295284,-12.6852938742453,-16.9835195328818,-12.7034876496576,"calcite_flush_4_nondim","FOsd2",779
"4",1.89981292776398,0.297697346442751,0.6893616820392,1.00200353375824,1.18759411240456,2.35675849174274,1.03966598564445,"calcite_flush_4_nondim","TEsd2",779
