"","curr_inflow_rate","curr_diffusion_coef","curr_porosity","curr_gypsum_rate_constant","curr_calcite_rate_constant","curr_gypsum_surface_area","curr_calcite_surface_area","output_var","sobol_type","boot_num"
"1",0.00193454882090102,0.00050243410255952,0.00319633405608438,0.00970227162132231,0.000717558243250305,-6.09224836956948e-05,0.000793746688085368,"calcite_flush_7_nondim","FOmean",686
"2",0.00200937410891459,0.000581219726834518,0.00281316521924825,0.00940182440729818,0.00077050224052821,3.04038183831683e-05,0.000814348080928908,"calcite_flush_7_nondim","TEmean",686
"3",0.788625898013467,0.592145491976942,0.48784185450135,0.721926895207651,0.660965929245837,0.43718197178403,0.619521783934246,"calcite_flush_7_nondim","FOsd2",686
"4",0.418174262374957,0.0736702075226097,0.215554352751747,0.295350036377195,0.113797575016341,0.0644930670930315,0.115103444805545,"calcite_flush_7_nondim","TEsd2",686
