"","curr_inflow_rate","curr_diffusion_coef","curr_porosity","curr_gypsum_rate_constant","curr_calcite_rate_constant","curr_gypsum_surface_area","curr_calcite_surface_area","output_var","sobol_type","boot_num"
"1",0.106845028939571,-0.000386524899284786,0.0124706142135663,0.0413536766567891,0.00461916186613491,-0.00271950978971494,-0.014415281278522,"calcite_flush_8_nondim","FOmean",895
"2",0.150141650417894,0.0138743342882889,0.0143631079641989,0.0515914171217098,0.0213350883994276,0.00726076380258917,0.0232997494657133,"calcite_flush_8_nondim","TEmean",895
"3",0.242637913474684,-0.705821222324005,-0.503239340167403,-1.41761713958921,-1.25537565469032,-1.26802619798676,0.389891485081406,"calcite_flush_8_nondim","FOsd2",895
"4",0.932926303708914,1.84212796751616,1.79666623081077,0.572858638455434,0.537086601519868,2.75320737763472,0.989890813309082,"calcite_flush_8_nondim","TEsd2",895
