"","curr_inflow_rate","curr_diffusion_coef","curr_porosity","curr_gypsum_rate_constant","curr_calcite_rate_constant","curr_gypsum_surface_area","curr_calcite_surface_area","output_var","sobol_type","boot_num"
"1",0.103491618203126,0.00267554606913498,-0.00590306948322316,0.036072510037462,0.00294065812175487,0.00618541973146801,-0.00509890827977985,"calcite_flush_9_nondim","FOmean",1632
"2",0.136812744488143,0.00815307371544426,0.010734464967868,0.0501244437996368,0.026041034894529,0.0151497621351253,0.0196381040054286,"calcite_flush_9_nondim","TEmean",1632
"3",0.973709942823185,0.971556804682553,0.971201605147988,0.817881254650871,0.934708569596586,0.980024540596625,0.977602014600257,"calcite_flush_9_nondim","FOsd2",1632
"4",0.0164284312715849,0.0299800860359536,0.0281591067004859,0.184798752075385,0.0349984137256467,0.0251050584087839,0.0241167158050529,"calcite_flush_9_nondim","TEsd2",1632
