"","curr_inflow_rate","curr_diffusion_coef","curr_porosity","curr_gypsum_rate_constant","curr_calcite_rate_constant","curr_gypsum_surface_area","curr_calcite_surface_area","output_var","sobol_type","boot_num"
"1",0.148832449701479,0.00218733752818022,0.000761353885811755,0.0219500476046478,0.0204898210461046,0.00271271715999465,0.000255226755221118,"calcite_flush_4_nondim","FOmean",859
"2",0.152053509501093,0.00147117296079892,0.00124823498135662,0.0245954862377009,0.0261803718641763,0.0011527393596387,0.0047312252042293,"calcite_flush_4_nondim","TEmean",859
"3",-332.020962049008,-13.7162489538515,-12.7510836458682,-24.6277133060522,-10.4368238297475,-14.0700677271118,-10.4534417876582,"calcite_flush_4_nondim","FOsd2",859
"4",326.613721368885,0.150476772552371,0.81907601154878,14.2205022762849,4.99673221358161,0.232490245231382,4.57281862072483,"calcite_flush_4_nondim","TEsd2",859
