"","curr_inflow_rate","curr_diffusion_coef","curr_porosity","curr_gypsum_rate_constant","curr_calcite_rate_constant","curr_gypsum_surface_area","curr_calcite_surface_area","output_var","sobol_type","boot_num"
"1",0.101099907630371,0.00434665458095359,0.00387124835739732,0.046215463493536,9.13773644292483e-05,-0.00180315603054378,0.00297730166723291,"calcite_flush_8_nondim","FOmean",1703
"2",0.134698674259471,0.0126573196310247,0.0108021672741898,0.0655146108925744,0.0203150401255371,0.00917941906820489,0.0165354407213017,"calcite_flush_8_nondim","TEmean",1703
"3",-77.7611747120863,-0.0781640617581063,-1.7769023248367,-0.650583375862372,-5.61616705978956,0.205247307053827,-4.52819966740706,"calcite_flush_8_nondim","FOsd2",1703
"4",74.1566950075677,1.24498988299928,2.67272320085988,1.90287819596355,6.77426260774405,0.761198146911114,4.64144942271191,"calcite_flush_8_nondim","TEsd2",1703
