"","curr_inflow_rate","curr_diffusion_coef","curr_porosity","curr_gypsum_rate_constant","curr_calcite_rate_constant","curr_gypsum_surface_area","curr_calcite_surface_area","output_var","sobol_type","boot_num"
"1",0.0824392818537597,0.00380641996141487,-0.00126322772344777,0.00885742562105053,-0.000764641097047227,0.00417776520319314,0.00413978612170554,"calcite_flush_9_nondim","FOmean",1232
"2",0.119217209410714,0.00917019335786063,0.0131964758105296,0.0423747319435433,0.0242336142683529,0.00843296996123803,0.0163160619802719,"calcite_flush_9_nondim","TEmean",1232
"3",0.848771700836562,0.854461209631217,0.835695590909026,0.839339606341091,0.850335378746861,0.776541609780212,0.371901671068422,"calcite_flush_9_nondim","FOsd2",1232
"4",0.127366090550705,0.113369641621628,0.078403532662284,0.112526731668902,0.13586148886213,0.0206337791066772,0.137740829041012,"calcite_flush_9_nondim","TEsd2",1232
