"","curr_inflow_rate","curr_diffusion_coef","curr_porosity","curr_gypsum_rate_constant","curr_calcite_rate_constant","curr_gypsum_surface_area","curr_calcite_surface_area","output_var","sobol_type","boot_num"
"1",0.0762172265423361,0.00159427168110145,0.00386747878919763,0.0164152003119894,0.00351089825873117,0.0025637294994528,0.00660421998031014,"calcite_flush_9_nondim","FOmean",1168
"2",0.0966072033614902,0.00816349672356925,0.0092044574528998,0.0215872582394897,0.01449672413692,0.00975690412194773,0.0112752006582997,"calcite_flush_9_nondim","TEmean",1168
"3",0.985554691558857,0.97856569017989,0.945905976737221,0.933521271557975,0.892494977926963,0.941084874438028,0.985128492642148,"calcite_flush_9_nondim","FOsd2",1168
"4",0.0105513872685225,0.0195425301119899,0.0436758753430261,0.0665482092180617,0.0970031848762162,0.0478794009588264,0.013879507392336,"calcite_flush_9_nondim","TEsd2",1168
