"","curr_inflow_rate","curr_diffusion_coef","curr_porosity","curr_gypsum_rate_constant","curr_calcite_rate_constant","curr_gypsum_surface_area","curr_calcite_surface_area","output_var","sobol_type","boot_num"
"1",0.0830848236599688,0.00169503716426905,-0.00539523619399567,0.0379916841388203,0.0100156990516981,0.0033052806651573,-0.00586450597772844,"calcite_flush_8_nondim","FOmean",2303
"2",0.107400069797581,0.0131072015330748,0.00994448120011699,0.0468236555827243,0.0192540716931959,0.00807881313470536,0.0125253849304997,"calcite_flush_8_nondim","TEmean",2303
"3",-0.224694787873724,0.922568380982522,0.930372784785657,0.888069204617421,0.930282399310564,0.918781727351972,0.940370770354264,"calcite_flush_8_nondim","FOsd2",2303
"4",1.07487198525019,0.0561373331125738,0.00924042988095565,0.0946576796461014,0.0124500650252234,0.0135448345096729,0.0398108925722119,"calcite_flush_8_nondim","TEsd2",2303
