"","curr_inflow_rate","curr_diffusion_coef","curr_porosity","curr_gypsum_rate_constant","curr_calcite_rate_constant","curr_gypsum_surface_area","curr_calcite_surface_area","output_var","sobol_type","boot_num"
"1",0.246833217662314,0.00539896387438914,0.00510978029183173,0.0318276688684346,0.0617076076090912,0.0107613129205117,0.0117329375609266,"calcite_flush_5_nondim","FOmean",2388
"2",0.308932333264507,0.0177378015072646,0.0232581199958807,0.0793210036638604,0.101185624980834,0.0191483115110683,0.0280544713750318,"calcite_flush_5_nondim","TEmean",2388
"3",-2.82931070566044,-2.5222190752053,-1.74189517297203,-0.74090705608029,-0.752949129244143,-0.734281477616948,-0.600899456149902,"calcite_flush_5_nondim","FOsd2",2388
"4",0.53710729774537,0.213318717414717,0.127519458378378,1.17668066623322,0.776022290857407,1.24958816828228,0.894790274060736,"calcite_flush_5_nondim","TEsd2",2388
