"","curr_inflow_rate","curr_diffusion_coef","curr_porosity","curr_gypsum_rate_constant","curr_calcite_rate_constant","curr_gypsum_surface_area","curr_calcite_surface_area","output_var","sobol_type","boot_num"
"1",0.0962901392640918,0.00258685556072847,0.00171117727058521,0.0531115919025366,-0.00498051618354821,-0.000766319015887057,-0.000601816958624744,"calcite_flush_8_nondim","FOmean",863
"2",0.132680025536175,0.018269277088617,0.0106336531413477,0.0685964836268369,0.0259298488692149,0.00838461233555177,0.0169595295025204,"calcite_flush_8_nondim","TEmean",863
"3",-0.078636497358594,-0.513977988090408,-1.40355130774543,-1.0689698218366,-3.7057153293391,-2.11982424491509,-3.63326742736863,"calcite_flush_8_nondim","FOsd2",863
"4",2.19289258980871,2.34198818010975,0.880315837658133,3.05936017451609,4.74960685852828,2.39071432957526,1.52852849725002,"calcite_flush_8_nondim","TEsd2",863
