"","curr_inflow_rate","curr_diffusion_coef","curr_porosity","curr_gypsum_rate_constant","curr_calcite_rate_constant","curr_gypsum_surface_area","curr_calcite_surface_area","output_var","sobol_type","boot_num"
"1",0.00146866917457231,-1.14100745798127e-07,0.000216877830704873,0.00225572504301679,0.000136456884114367,2.2990307004474e-05,3.42391337967835e-05,"calcite_flush_6_nondim","FOmean",1637
"2",0.00133666700645586,9.84684035925638e-07,0.000160010933319203,0.00231906391661411,0.000123174566523634,2.58064592984148e-05,3.16102159856466e-05,"calcite_flush_6_nondim","TEmean",1637
"3",0.989151231680549,0.986727676668984,0.986814133889942,0.992904175715488,0.98973814971402,0.986813722642058,0.988203355081968,"calcite_flush_6_nondim","FOsd2",1637
"4",0.00225592576254892,1.0595336618829e-05,0.000549945055470612,0.0058414297574231,0.00300416286834171,0.000214231112804549,0.00194104440180858,"calcite_flush_6_nondim","TEsd2",1637
