"","curr_inflow_rate","curr_diffusion_coef","curr_porosity","curr_gypsum_rate_constant","curr_calcite_rate_constant","curr_gypsum_surface_area","curr_calcite_surface_area","output_var","sobol_type","boot_num"
"1",0.0999220809749518,-0.000558422907500002,0.000728203797958937,0.0110207541781457,0.0162184305072761,-0.000258112588598293,0.00346016456399023,"calcite_flush_4_nondim","FOmean",2299
"2",0.100395542490795,0.000501831823545448,0.000795514975518222,0.0188052763635115,0.0222518995330451,0.000731813336105501,0.00352892543347907,"calcite_flush_4_nondim","TEmean",2299
"3",0.462802770087364,0.857574356056362,0.822340662006592,0.535176159951844,0.75501758737132,0.853335372428411,-1.75255136775879,"calcite_flush_4_nondim","FOsd2",2299
"4",0.524237823745343,0.0131190001087009,0.0810641425933589,0.398102303971856,0.204513392592369,0.0143006161989825,2.57680267088611,"calcite_flush_4_nondim","TEsd2",2299
