"","curr_inflow_rate","curr_diffusion_coef","curr_porosity","curr_gypsum_rate_constant","curr_calcite_rate_constant","curr_gypsum_surface_area","curr_calcite_surface_area","output_var","sobol_type","boot_num"
"1",0.0761567569858918,-0.00380809684338169,0.00361975390433576,0.0194142965609495,0.00386680364961262,0.0010187638138223,0.00308578406463202,"calcite_flush_9_nondim","FOmean",1984
"2",0.0906436164316644,0.0066269873702049,0.0124098371594253,0.0283342266398077,0.0190714329832671,0.0067599418728254,0.0125263276729749,"calcite_flush_9_nondim","TEmean",1984
"3",-0.604629899237088,0.811079528562919,0.802252763936675,0.416109838538657,0.865420204786085,0.829475003365021,0.838980865138242,"calcite_flush_9_nondim","FOsd2",1984
"4",0.257286739655113,0.67715311213768,0.604077245230975,1.0066642013946,0.649018799231264,0.597504382907531,0.681802883189414,"calcite_flush_9_nondim","TEsd2",1984
