"","curr_inflow_rate","curr_diffusion_coef","curr_porosity","curr_gypsum_rate_constant","curr_calcite_rate_constant","curr_gypsum_surface_area","curr_calcite_surface_area","output_var","sobol_type","boot_num"
"1",0.00174599169365836,6.6037687714246e-05,0.0012357813719285,0.00758953054345547,0.000355664188952055,0.000565645265256082,0.000173965150682841,"calcite_flush_6_nondim","FOmean",2317
"2",0.00184071538888859,4.07307159992333e-05,0.00116473984951234,0.00743482818322947,0.000337055220471427,0.000783361169143561,0.000246124683642307,"calcite_flush_6_nondim","TEmean",2317
"3",0.984669079267782,0.983616123955752,0.984304378733712,0.991554653283761,0.987665602500833,0.983627911916999,0.984634720580446,"calcite_flush_6_nondim","FOsd2",2317
"4",0.00138426555292464,5.6328119891672e-07,0.000957362487634007,0.00896022882716718,0.00498068006213272,9.67417663393717e-06,0.00143675713802981,"calcite_flush_6_nondim","TEsd2",2317
