"","curr_inflow_rate","curr_diffusion_coef","curr_porosity","curr_gypsum_rate_constant","curr_calcite_rate_constant","curr_gypsum_surface_area","curr_calcite_surface_area","output_var","sobol_type","boot_num"
"1",0.114117157624384,-0.00221417291968135,0.00358908847933347,0.0635413257849968,-0.00492718269714527,0.0018263614587154,-5.36375635166258e-05,"calcite_flush_8_nondim","FOmean",1143
"2",0.139175192438042,0.00774717086796003,0.012500217070611,0.0802768448041218,0.0223029547929735,0.0115645403125162,0.0192210984868407,"calcite_flush_8_nondim","TEmean",1143
"3",-49.2761993938643,0.107033291953883,0.755472566381411,0.776868852883961,-22.0942236456482,0.0289721263781904,0.705659076854477,"calcite_flush_8_nondim","FOsd2",1143
"4",50.0734303047563,0.633469366767225,0.201954972088988,0.344854456660441,22.1714693550218,0.910453228815805,0.163129838592071,"calcite_flush_8_nondim","TEsd2",1143
