"","curr_inflow_rate","curr_diffusion_coef","curr_porosity","curr_gypsum_rate_constant","curr_calcite_rate_constant","curr_gypsum_surface_area","curr_calcite_surface_area","output_var","sobol_type","boot_num"
"1",0.110448617847665,-0.00262099235123353,0.00304318930394329,0.0195822659868845,0.00222655605630637,-0.00216928557243519,-9.18701548230642e-05,"calcite_flush_8_nondim","FOmean",1719
"2",0.13411797874857,0.0111412256692249,0.0128914078270268,0.0420613903566751,0.0157081192460259,0.016178761530319,0.0162153095990068,"calcite_flush_8_nondim","TEmean",1719
"3",-16.176021951348,-14.1829147432253,-13.1958401873406,-28.3626294842748,-13.0755473939833,-13.5821889573018,-13.2722252236278,"calcite_flush_8_nondim","FOsd2",1719
"4",0.802970122001361,2.46963667677466,1.20251870868473,17.9227240376885,2.48384885236196,1.19779873211187,2.69469049429589,"calcite_flush_8_nondim","TEsd2",1719
