"","curr_inflow_rate","curr_diffusion_coef","curr_porosity","curr_gypsum_rate_constant","curr_calcite_rate_constant","curr_gypsum_surface_area","curr_calcite_surface_area","output_var","sobol_type","boot_num"
"1",0.0772425665348218,0.00251378632114415,0.00159850853098484,0.0248890431840326,-0.00422701816602236,0.00246171827017326,0.0007579360964273,"calcite_flush_9_nondim","FOmean",2288
"2",0.103391699546829,0.00655720645334459,0.00847656744122233,0.0379613683571549,0.0235492351402437,0.010481596035335,0.00833251925554038,"calcite_flush_9_nondim","TEmean",2288
"3",-5.42470661218631,-1.67645754942074,-12.3282807941462,-9.45876487598382,-1.78742561135881,-0.903586074541182,-29.4038954592534,"calcite_flush_9_nondim","FOsd2",2288
"4",3.3712913365507,0.345446976477858,11.3567601671493,7.2377779975681,1.33935970977682,0.304150886205493,28.5078628019,"calcite_flush_9_nondim","TEsd2",2288
