"","curr_inflow_rate","curr_diffusion_coef","curr_porosity","curr_gypsum_rate_constant","curr_calcite_rate_constant","curr_gypsum_surface_area","curr_calcite_surface_area","output_var","sobol_type","boot_num"
"1",0.0737115537057614,0.00129650315749962,0.00639018480493573,0.0157094333425071,0.000645213168582173,7.664360103981e-05,0.00088566857488598,"calcite_flush_9_nondim","FOmean",1584
"2",0.0941383841950728,0.00916617444812704,0.00919620218744102,0.0284651934342862,0.0173311403581927,0.0072020767308737,0.010609021169893,"calcite_flush_9_nondim","TEmean",1584
"3",0.955537707038564,0.94989981616823,0.940049057093992,0.837436837615315,0.958294261540876,0.927641635258036,0.940595603001998,"calcite_flush_9_nondim","FOsd2",1584
"4",0.177959062907629,0.131810282617909,0.163039702454452,0.282952061569216,0.213895277511802,0.222457680815971,0.0946955017072014,"calcite_flush_9_nondim","TEsd2",1584
