"","curr_inflow_rate","curr_diffusion_coef","curr_porosity","curr_gypsum_rate_constant","curr_calcite_rate_constant","curr_gypsum_surface_area","curr_calcite_surface_area","output_var","sobol_type","boot_num"
"1",0.00162173811448673,-4.24482007912426e-05,0.00030892754700069,0.0091255879131027,0.000418432321478541,0.00108035461407289,4.6766723101527e-05,"calcite_flush_6_nondim","FOmean",1605
"2",0.00185418914531777,0.000193575141106452,0.000450494178496154,0.00958184340770405,0.000538231714117822,0.00106602726577713,5.75036078108387e-05,"calcite_flush_6_nondim","TEmean",1605
"3",0.983971343036909,0.982433514955919,0.983238127953446,0.989096430969106,0.988417419048587,0.982392190116737,0.983470770205209,"calcite_flush_6_nondim","FOsd2",1605
"4",0.00212570922081053,2.46907123626582e-05,0.00132614028833204,0.00726084007816358,0.0058038551298777,4.73503666961639e-12,0.00102569065178307,"calcite_flush_6_nondim","TEsd2",1605
