"","curr_inflow_rate","curr_diffusion_coef","curr_porosity","curr_gypsum_rate_constant","curr_calcite_rate_constant","curr_gypsum_surface_area","curr_calcite_surface_area","output_var","sobol_type","boot_num"
"1",0.00468828666499321,1.11841691249189e-05,5.92993932539512e-05,0.000172781898774266,0.000476319729980425,-1.47178722095375e-05,8.40140294782858e-05,"calcite_flush_2_nondim","FOmean",985
"2",0.0046961314846702,2.98240966236918e-05,7.16467493911777e-05,0.00031788959737536,0.000496382832924987,3.42999912973359e-05,0.000170068454982924,"calcite_flush_2_nondim","TEmean",985
"3",-760.083904464796,-37.5050895412565,-53.8648456328557,-39.0445627903465,-6275.22263051214,-1241.73748967992,-37.0374294164771,"calcite_flush_2_nondim","FOsd2",985
"4",732.915152716413,8.60380565688543,18.0933107130687,10.7418799818119,6013.68982959811,1163.40171904149,8.83823830670674,"calcite_flush_2_nondim","TEsd2",985
