"","curr_inflow_rate","curr_diffusion_coef","curr_porosity","curr_gypsum_rate_constant","curr_calcite_rate_constant","curr_gypsum_surface_area","curr_calcite_surface_area","output_var","sobol_type","boot_num"
"1",0.0664438544328598,-0.00446796490525113,0.00557610878656436,0.0144696666262147,0.00404687932781902,0.00188810252492632,0.000904890616647352,"calcite_flush_9_nondim","FOmean",1000
"2",0.0858394110507238,0.00928098724918251,0.00839698273058401,0.0243543852028322,0.0207840617465109,0.00659776302176454,0.0105556762490336,"calcite_flush_9_nondim","TEmean",1000
"3",0.787848691191435,0.810479000633089,0.800390791045713,0.768949152907849,0.813924371225566,0.7433625093016,0.804522427132233,"calcite_flush_9_nondim","FOsd2",1000
"4",0.00383793849739414,0.0467265196263199,0.0571437406820718,0.0179911798951783,0.0384668624084945,0.0256440221521724,0.0156525955547796,"calcite_flush_9_nondim","TEsd2",1000
