"","curr_inflow_rate","curr_diffusion_coef","curr_porosity","curr_gypsum_rate_constant","curr_calcite_rate_constant","curr_gypsum_surface_area","curr_calcite_surface_area","output_var","sobol_type","boot_num"
"1",0.130390810411387,0.00238743293297704,-0.0049763250746293,0.0305283618771354,0.00601683046682295,0.00335256113858383,-0.000616920266535681,"calcite_flush_8_nondim","FOmean",631
"2",0.174537390232669,0.0126695288251798,0.0158682939175087,0.046266002484904,0.0261591318275171,0.0099966017683057,0.0212513434231735,"calcite_flush_8_nondim","TEmean",631
"3",0.160613033933367,0.138253840171831,-0.265389019873818,-0.14467199176513,0.0972111114127866,0.294191403378446,-1.01406141332404,"calcite_flush_8_nondim","FOsd2",631
"4",0.157159090281779,0.402853497625947,0.715016628307151,0.240984724203125,0.0966354880969647,0.430318421360545,0.670148580200625,"calcite_flush_8_nondim","TEsd2",631
