"","curr_inflow_rate","curr_diffusion_coef","curr_porosity","curr_gypsum_rate_constant","curr_calcite_rate_constant","curr_gypsum_surface_area","curr_calcite_surface_area","output_var","sobol_type","boot_num"
"1",0.121480304750142,0.00176355485719671,-9.16895566695469e-05,0.0122495169721244,0.0161532119449757,0.00112103078818294,0.00621586136739719,"calcite_flush_4_nondim","FOmean",659
"2",0.128209725695096,0.00153045551327476,0.00209070983374627,0.0221121949763071,0.0249932353023446,0.0011505979065725,0.00588659192583587,"calcite_flush_4_nondim","TEmean",659
"3",-7.75210641139018,0.752800002647103,0.766928328338353,0.422020199596123,0.760442937577196,0.758594973794052,0.641176385676262,"calcite_flush_4_nondim","FOsd2",659
"4",8.33745598611868,0.00554587691397,0.00909696943851263,0.355497509643051,0.0197966036508861,0.00663591076405496,0.127140405622818,"calcite_flush_4_nondim","TEsd2",659
