"","curr_inflow_rate","curr_diffusion_coef","curr_porosity","curr_gypsum_rate_constant","curr_calcite_rate_constant","curr_gypsum_surface_area","curr_calcite_surface_area","output_var","sobol_type","boot_num"
"1",0.000245490655426715,9.78985753668279e-05,0.000237775856828277,0.0024141615981967,0.000161890434606373,0.000177666054744441,-4.50284201278921e-06,"calcite_flush_6_nondim","FOmean",813
"2",0.000293957966301493,7.67994610943937e-05,0.000246026568484471,0.00252729651192194,0.000237449230861183,0.000127539229898101,4.584189748123e-06,"calcite_flush_6_nondim","TEmean",813
"3",0.988729192119395,0.987962952512006,0.987675514613488,0.993485654796192,0.990356026861044,0.987828483929451,0.989075521021571,"calcite_flush_6_nondim","FOsd2",813
"4",0.00111415611388672,0.000150791043339787,0.000275452250233087,0.0057545760904583,0.00336009091792083,5.84826683409834e-05,0.00154062852247689,"calcite_flush_6_nondim","TEsd2",813
