"","curr_inflow_rate","curr_diffusion_coef","curr_porosity","curr_gypsum_rate_constant","curr_calcite_rate_constant","curr_gypsum_surface_area","curr_calcite_surface_area","output_var","sobol_type","boot_num"
"1",0.00140505639344947,2.41910987239447e-05,0.00104983062176962,0.00828489100807521,0.000709233027971493,0.000916274038351237,3.32367348289717e-05,"calcite_flush_6_nondim","FOmean",1957
"2",0.00161030421492874,3.90872690238257e-05,0.00114744487148792,0.00839876137888881,0.000637914617681688,0.000854266331287718,3.78928445508248e-05,"calcite_flush_6_nondim","TEmean",1957
"3",0.985468160172254,0.983788902954255,0.984838709585587,0.992553917239035,0.98692474590598,0.983828928294669,0.984544750761736,"calcite_flush_6_nondim","FOsd2",1957
"4",0.00188143997797545,8.09916632588856e-09,0.000768345038839563,0.00982126614787221,0.00430258645329743,6.07102251751899e-05,0.000968061460144736,"calcite_flush_6_nondim","TEsd2",1957
