"","curr_inflow_rate","curr_diffusion_coef","curr_porosity","curr_gypsum_rate_constant","curr_calcite_rate_constant","curr_gypsum_surface_area","curr_calcite_surface_area","output_var","sobol_type","boot_num"
"1",0.0046343234540823,2.2773099858599e-05,0.000101334780080597,0.000316413215397048,0.00018053231888917,-5.64884419391964e-06,0.000137147597714583,"calcite_flush_3_nondim","FOmean",746
"2",0.00474192720149074,4.03871065514923e-05,7.31462533333351e-05,0.000316091782222679,0.000413714698014787,9.88030581950496e-06,0.000159142995180354,"calcite_flush_3_nondim","TEmean",746
"3",0.379750101778687,0.677777910825261,0.836364093347269,0.855042718031962,0.857752946529133,0.851781399685566,0.848651990934821,"calcite_flush_3_nondim","FOsd2",746
"4",0.490237639879491,0.153050198377445,0.00515958813430098,0.00955486732063879,0.0119055481050929,0.00737019896633559,0.00353092412488738,"calcite_flush_3_nondim","TEsd2",746
