"","curr_inflow_rate","curr_diffusion_coef","curr_porosity","curr_gypsum_rate_constant","curr_calcite_rate_constant","curr_gypsum_surface_area","curr_calcite_surface_area","output_var","sobol_type","boot_num"
"1",0.239380066650494,-0.00560203641269009,-0.00190993618465774,0.0279369664245583,0.0741407255685326,0.0184892493674057,-0.00568614043342166,"calcite_flush_5_nondim","FOmean",892
"2",0.269485518326945,0.0166651767632128,0.0155184813618089,0.0677683531746022,0.104655985069249,0.0173221192416641,0.0312404773328488,"calcite_flush_5_nondim","TEmean",892
"3",-0.0494323795333254,0.216113288987432,0.191905347758753,0.399048827696061,-0.239756848803926,0.402713575712266,-0.17181133060332,"calcite_flush_5_nondim","FOsd2",892
"4",0.253410723339367,0.405367775968615,0.267551638708374,0.355298928050443,0.271391235229497,0.429740385040907,0.478435045523142,"calcite_flush_5_nondim","TEsd2",892
