"","curr_inflow_rate","curr_diffusion_coef","curr_porosity","curr_gypsum_rate_constant","curr_calcite_rate_constant","curr_gypsum_surface_area","curr_calcite_surface_area","output_var","sobol_type","boot_num"
"1",0.119819014735537,0.0058177942991922,0.00282305913404612,0.0270361097601895,-0.00466353130027626,0.000985971013097953,-0.00305789929196753,"calcite_flush_9_nondim","FOmean",680
"2",0.152059645609505,0.0069261857025966,0.0129126417952758,0.0391834265356819,0.0220308103082367,0.0181258949947336,0.0221410543637746,"calcite_flush_9_nondim","TEmean",680
"3",0.906508075019405,0.884039768167952,0.262044872011321,0.879852170615202,0.869574658254945,0.883075637147161,0.896342169233961,"calcite_flush_9_nondim","FOsd2",680
"4",0.0286535288018492,0.0463273681504145,0.635014134760326,0.0445456215741624,0.072500747017736,0.0292281759774132,0.0431563484568004,"calcite_flush_9_nondim","TEsd2",680
