"","curr_inflow_rate","curr_diffusion_coef","curr_porosity","curr_gypsum_rate_constant","curr_calcite_rate_constant","curr_gypsum_surface_area","curr_calcite_surface_area","output_var","sobol_type","boot_num"
"1",0.00418933960118936,2.25979355514164e-05,-5.98717691892837e-06,0.000291615965778741,0.000247960360557883,-1.36499980898636e-05,0.000109481759912501,"calcite_flush_3_nondim","FOmean",986
"2",0.00415154960172088,3.05912811015064e-05,1.7103427145158e-05,0.000259902420789591,0.000360608813358422,9.10565870992519e-06,0.000111063047032156,"calcite_flush_3_nondim","TEmean",986
"3",0.986678315585399,0.988258679843758,0.989379181443505,0.988761611535344,0.986392825211141,0.989571978046121,0.9861093837326,"calcite_flush_3_nondim","FOsd2",986
"4",0.00344948590622571,0.00108492459775553,5.48913762040741e-05,0.000541891429181055,0.00340866746309412,6.56636609452733e-05,0.00265672130798528,"calcite_flush_3_nondim","TEsd2",986
