"","curr_inflow_rate","curr_diffusion_coef","curr_porosity","curr_gypsum_rate_constant","curr_calcite_rate_constant","curr_gypsum_surface_area","curr_calcite_surface_area","output_var","sobol_type","boot_num"
"1",5.87789833879693e-05,1.03087754111636e-05,0.000272989922003286,0.00268144035677715,0.0004463803305402,1.57813443928532e-06,-3.60611377570895e-07,"calcite_flush_6_nondim","FOmean",437
"2",4.00105269412371e-05,1.74518416253817e-05,0.000270459399945672,0.0026845642355645,0.000435189833658121,1.39892596274532e-06,2.55407938003685e-10,"calcite_flush_6_nondim","TEmean",437
"3",0.999882760368763,0.99986778799266,0.999867244287805,0.999945376298244,0.999897834239675,0.999867120858651,0.999877148976682,"calcite_flush_6_nondim","FOsd2",437
"4",1.4662198525445e-05,1.02175439250964e-07,8.76158734083275e-10,7.61142002419505e-05,3.2261693824407e-05,4.20738046686594e-07,7.96147160438605e-06,"calcite_flush_6_nondim","TEsd2",437
