"","curr_inflow_rate","curr_diffusion_coef","curr_porosity","curr_gypsum_rate_constant","curr_calcite_rate_constant","curr_gypsum_surface_area","curr_calcite_surface_area","output_var","sobol_type","boot_num"
"1",0.00556793744997522,2.21156853148764e-05,0.00246536799761911,0.00620391460327726,0.000358583618224163,0.00109704177956218,0.000240700579727324,"calcite_flush_7_nondim","FOmean",2006
"2",0.00498189076456861,1.71754169964648e-06,0.00245013672473803,0.00609192385241168,0.000343175878054557,0.000849410895608505,0.000142672053792214,"calcite_flush_7_nondim","TEmean",2006
"3",0.97855895551337,0.97776024533937,0.979762859028996,0.988471611778071,0.981640535420282,0.976875926832049,0.978222713566735,"calcite_flush_7_nondim","FOsd2",2006
"4",0.00403000189034167,0.000338422134535196,0.00165824052501511,0.0131966557110061,0.00501581214721179,0.000145359197561936,0.00191293125169831,"calcite_flush_7_nondim","TEsd2",2006
