"","curr_inflow_rate","curr_diffusion_coef","curr_porosity","curr_gypsum_rate_constant","curr_calcite_rate_constant","curr_gypsum_surface_area","curr_calcite_surface_area","output_var","sobol_type","boot_num"
"1",0.00258870724618358,9.24220202903571e-06,3.34917581950723e-05,0.000144735422899629,0.000185992734079545,1.54990132380899e-05,8.47650561962316e-05,"calcite_flush_2_nondim","FOmean",2001
"2",0.00260561808216036,1.09979547857791e-05,2.48651638408971e-05,0.000155291209060468,0.000202744545751452,2.3065886897759e-05,0.000114465085818257,"calcite_flush_2_nondim","TEmean",2001
"3",0.999526368960871,0.999662184875966,0.999703328953023,0.997893603118874,0.998925643296859,0.995687470552894,0.969117310391049,"calcite_flush_2_nondim","FOsd2",2001
"4",0.00396818992544359,0.00247170606299268,0.00316422383178816,0.00265695512424889,0.00442454603802209,2.0347736339511e-05,0.021077471389548,"calcite_flush_2_nondim","TEsd2",2001
