"","curr_inflow_rate","curr_diffusion_coef","curr_porosity","curr_gypsum_rate_constant","curr_calcite_rate_constant","curr_gypsum_surface_area","curr_calcite_surface_area","output_var","sobol_type","boot_num"
"1",0.0583030628706677,0.000184513645515059,0.00559628225807199,0.0120360903657433,-0.000632944509315153,-0.00141974543568123,-0.000756921698760524,"calcite_flush_9_nondim","FOmean",1320
"2",0.0852214896953502,0.00729078332382158,0.00893321625277059,0.0241362474724837,0.0202108877129124,0.00633228903064367,0.0123701814441962,"calcite_flush_9_nondim","TEmean",1320
"3",0.856062227789523,0.899711375808382,0.902375671403771,0.923213011000277,0.907525341373991,0.877573842249604,0.888855247952384,"calcite_flush_9_nondim","FOsd2",1320
"4",0.0636609232037876,0.019887281568785,0.0340037128456816,0.0581789473784826,0.054512890268258,0.0206576043960019,0.0302529857897636,"calcite_flush_9_nondim","TEsd2",1320
