"","curr_inflow_rate","curr_diffusion_coef","curr_porosity","curr_gypsum_rate_constant","curr_calcite_rate_constant","curr_gypsum_surface_area","curr_calcite_surface_area","output_var","sobol_type","boot_num"
"1",0.00363189653136821,-3.6847942650374e-06,6.00461221874103e-05,0.000132826350093928,0.000301422629462151,-1.36916384167637e-05,8.60074083143344e-05,"calcite_flush_2_nondim","FOmean",2345
"2",0.00364026516002627,7.3569866340226e-06,6.17273863588807e-05,0.000185196506045713,0.000253161597776511,2.36766349064762e-05,0.000123260930620135,"calcite_flush_2_nondim","TEmean",2345
"3",0.989732074018674,0.972794880980702,0.972712654069359,0.991617544104496,0.990769353127642,0.990054396703039,0.497071022503491,"calcite_flush_2_nondim","FOsd2",2345
"4",0.0104580085932513,0.000544075037641872,4.77728020764909e-06,0.0190388819434712,0.0201014130511485,0.0125751035952529,0.507778894554201,"calcite_flush_2_nondim","TEsd2",2345
