"","curr_inflow_rate","curr_diffusion_coef","curr_porosity","curr_gypsum_rate_constant","curr_calcite_rate_constant","curr_gypsum_surface_area","curr_calcite_surface_area","output_var","sobol_type","boot_num"
"1",0.0784693558648048,0.00059041572895474,0.000883612990690081,0.00842928451804163,0.0104366777567828,-0.00125611572971449,0.00339415541638022,"calcite_flush_4_nondim","FOmean",675
"2",0.0779448119424448,0.000653303030699694,0.0018418977003907,0.0123083753487526,0.0133669254446243,0.0011210130208223,0.00307450351977556,"calcite_flush_4_nondim","TEmean",675
"3",-2.99447989896197,-3.03010865114244,-3.0645658533678,-3.27840191010305,-3.03099057158557,-3.11568866142275,-3.81842679145752,"calcite_flush_4_nondim","FOsd2",675
"4",0.086635916785383,0.0267481179798391,0.0111508389184593,0.356315902218676,0.117770959190219,0.0637831553690604,0.576344437385844,"calcite_flush_4_nondim","TEsd2",675
