"","curr_inflow_rate","curr_diffusion_coef","curr_porosity","curr_gypsum_rate_constant","curr_calcite_rate_constant","curr_gypsum_surface_area","curr_calcite_surface_area","output_var","sobol_type","boot_num"
"1",0.00175904649234373,4.86279264850523e-05,0.00148532986535489,0.00763811665729184,0.00026325522718863,0.00113030684809839,0.000302565195405435,"calcite_flush_6_nondim","FOmean",1413
"2",0.00214916811687401,5.73612901680528e-05,0.00110860526665405,0.00747386721805607,0.00034677723723109,0.00110192845915322,0.000159806036853797,"calcite_flush_6_nondim","TEmean",1413
"3",0.981306836907967,0.979185317245958,0.980430401408215,0.986851821835585,0.985603976396431,0.979237173881397,0.981425269661366,"calcite_flush_6_nondim","FOsd2",1413
"4",0.00241578793796148,3.24236128967727e-06,0.00138147785019615,0.00859517905338285,0.0075216038639727,7.25446743920493e-06,0.00195870075213722,"calcite_flush_6_nondim","TEsd2",1413
