"","curr_inflow_rate","curr_diffusion_coef","curr_porosity","curr_gypsum_rate_constant","curr_calcite_rate_constant","curr_gypsum_surface_area","curr_calcite_surface_area","output_var","sobol_type","boot_num"
"1",0.00140274977573831,-1.93377064785443e-08,3.86637277682449e-05,8.62247391090977e-05,7.91117429996854e-05,-4.44018784850247e-06,1.82583871495123e-05,"calcite_flush_2_nondim","FOmean",2329
"2",0.00143955690782635,6.02812427639554e-06,2.59260362470963e-05,7.76375813063193e-05,0.000114283125761357,2.7609188025242e-06,6.76076064722285e-05,"calcite_flush_2_nondim","TEmean",2329
"3",0.997619519459031,0.996358210324254,0.997431249678151,0.997244596010666,0.984471440817665,0.993929357963209,0.734843744610845,"calcite_flush_2_nondim","FOsd2",2329
"4",0.000422328445593239,0.000152203513640705,0.000482450527033365,0.00103113193380508,0.0139759712728733,0.00152241638328527,0.261233358711862,"calcite_flush_2_nondim","TEsd2",2329
