"","curr_inflow_rate","curr_diffusion_coef","curr_porosity","curr_gypsum_rate_constant","curr_calcite_rate_constant","curr_gypsum_surface_area","curr_calcite_surface_area","output_var","sobol_type","boot_num"
"1",0.118882951998291,-0.000205240707318883,-0.0114994671585422,0.0427848110655729,0.012604030317708,-0.00147203985113243,0.00145523607185331,"calcite_flush_9_nondim","FOmean",2192
"2",0.15710264075032,0.0112793146320074,0.0213302753961186,0.0640717055764984,0.0360143385649496,0.0107126745889563,0.019667005280914,"calcite_flush_9_nondim","TEmean",2192
"3",0.954173495689139,0.976437109577954,0.962860315188381,0.971793751472824,0.968283920657722,0.921435108322519,0.959219722662578,"calcite_flush_9_nondim","FOsd2",2192
"4",0.0398559394787774,0.0183102580508481,0.029179672715922,0.0432941735362737,0.0266173348105809,0.0401640553349256,0.0364730356650152,"calcite_flush_9_nondim","TEsd2",2192
