"","curr_inflow_rate","curr_diffusion_coef","curr_porosity","curr_gypsum_rate_constant","curr_calcite_rate_constant","curr_gypsum_surface_area","curr_calcite_surface_area","output_var","sobol_type","boot_num"
"1",0.00571068104189709,-0.000113446319598604,2.69623390074435e-05,0.000478952685159369,0.00186974150514537,-0.000149286876243718,5.03757698890998e-05,"calcite_flush_2_nondim","FOmean",889
"2",0.00937178343573716,0.000305029329969131,0.00154926690071419,0.000656904506042282,0.00507775874300815,0.00169810337793912,0.000157357275040163,"calcite_flush_2_nondim","TEmean",889
"3",-1810.08725842159,-4698.07244274125,-4277.00604106851,-1318.74123795822,-2677.93640951993,-1279.46184757771,-2646.36282950913,"calcite_flush_2_nondim","FOsd2",889
"4",83.0863831555291,1135.48791356911,2923.90813028057,681.796861686431,2048.10084632835,629.906653042737,218.567182993004,"calcite_flush_2_nondim","TEsd2",889
