"","curr_inflow_rate","curr_diffusion_coef","curr_porosity","curr_gypsum_rate_constant","curr_calcite_rate_constant","curr_gypsum_surface_area","curr_calcite_surface_area","output_var","sobol_type","boot_num"
"1",0.00583369128812269,5.19583285866834e-06,6.7887670217896e-05,0.00051366665946315,0.00037711938492891,-9.07025254954308e-06,0.000137505140600827,"calcite_flush_3_nondim","FOmean",290
"2",0.00591068743650733,1.90787545554255e-05,0.000168938250673865,0.000476004619407818,0.000567975026320858,4.29990914547622e-05,0.000165873961956458,"calcite_flush_3_nondim","TEmean",290
"3",-23.6677509393806,0.236618903234758,-6.78935480929513,0.0301545616658518,-0.0115338284456881,-95.0492045364002,-52.3792473885629,"calcite_flush_3_nondim","FOsd2",290
"4",24.0557409879059,0.0116332016769516,6.89399345269792,0.135460469876358,0.468994822702468,92.8075680435868,51.6548567530575,"calcite_flush_3_nondim","TEsd2",290
