"","curr_inflow_rate","curr_diffusion_coef","curr_porosity","curr_gypsum_rate_constant","curr_calcite_rate_constant","curr_gypsum_surface_area","curr_calcite_surface_area","output_var","sobol_type","boot_num"
"1",0.0984296982374285,0.00701044722031222,0.0082360493079333,0.0325678816404846,-0.000516263092220838,0.00169759731307867,0.00941974359951174,"calcite_flush_8_nondim","FOmean",1487
"2",0.130533940792297,0.00702486744228673,0.0107972526929064,0.0573870030060584,0.0168402587000918,0.00786685347077777,0.0168679718918405,"calcite_flush_8_nondim","TEmean",1487
"3",0.731387983051701,0.598820358966231,0.703299554426461,0.636808779459573,0.753693781275935,0.565360446231883,0.703855149743366,"calcite_flush_8_nondim","FOsd2",1487
"4",0.0400278807076875,0.147912226661021,0.0614780874731188,0.117665505825196,0.0638292779051673,0.174139351124162,0.0449906421140054,"calcite_flush_8_nondim","TEsd2",1487
