"","curr_inflow_rate","curr_diffusion_coef","curr_porosity","curr_gypsum_rate_constant","curr_calcite_rate_constant","curr_gypsum_surface_area","curr_calcite_surface_area","output_var","sobol_type","boot_num"
"1",0.109651958313268,-0.000714666975008008,8.27270338027354e-05,0.0101475535551195,0.0175822629162984,0.00136524746308753,0.00350873820184556,"calcite_flush_4_nondim","FOmean",1707
"2",0.109229650270748,0.000714902833380235,0.000827896137441716,0.0186492823680353,0.0192865425715754,0.0010878283763125,0.00297151658009415,"calcite_flush_4_nondim","TEmean",1707
"3",0.278594938176859,0.504141820868605,0.625945374754915,0.668425091935212,0.825985297222428,0.634526831633665,0.530718611787279,"calcite_flush_4_nondim","FOsd2",1707
"4",0.641825675707817,0.0492713307890925,0.169580439099105,0.208552756939618,0.21796770318673,0.0961120907272916,0.035398275801562,"calcite_flush_4_nondim","TEsd2",1707
