"","curr_inflow_rate","curr_diffusion_coef","curr_porosity","curr_gypsum_rate_constant","curr_calcite_rate_constant","curr_gypsum_surface_area","curr_calcite_surface_area","output_var","sobol_type","boot_num"
"1",0.00655257979167121,-1.98053962621254e-05,0.000131981552693791,0.000203071284357476,0.000574347824480817,1.19393790188923e-05,0.000194793871369655,"calcite_flush_3_nondim","FOmean",1706
"2",0.00645861183770955,2.89844269104708e-05,0.000224649648889338,0.000350782057295603,0.000726268920916248,6.45811492925436e-05,0.000241354401815816,"calcite_flush_3_nondim","TEmean",1706
"3",0.644820677108405,0.621294825548532,-0.359071169675386,0.619539988794641,0.492014869296008,0.61243024807963,0.598129912777371,"calcite_flush_3_nondim","FOsd2",1706
"4",0.0416297573697212,0.0204865017788167,0.71353811935424,0.00863894428234854,0.154355917005836,0.00292612479838983,0.021284345858401,"calcite_flush_3_nondim","TEsd2",1706
