"","curr_inflow_rate","curr_diffusion_coef","curr_porosity","curr_gypsum_rate_constant","curr_calcite_rate_constant","curr_gypsum_surface_area","curr_calcite_surface_area","output_var","sobol_type","boot_num"
"1",0.118231141589213,0.00165821880175616,0.000815200505519358,0.0239132598854822,0.0291846720060889,-0.000852117126278321,0.00581419689986967,"calcite_flush_4_nondim","FOmean",1571
"2",0.119016790946795,0.00145595464776055,0.00144077314611889,0.0316667233496819,0.028845898355204,0.000916579597738849,0.00456762237448607,"calcite_flush_4_nondim","TEmean",1571
"3",-120.989714462134,-674.094651667127,-374.437147864162,-88.4127450597907,-6.24318275140077,-61.436725355925,-5149.5883378531,"calcite_flush_4_nondim","FOsd2",1571
"4",5843.37658342191,6398.33078223068,6015.19186889331,5698.83185711047,5650.28749644087,4677.59895472221,6217.35924874227,"calcite_flush_4_nondim","TEsd2",1571
