"","curr_inflow_rate","curr_diffusion_coef","curr_porosity","curr_gypsum_rate_constant","curr_calcite_rate_constant","curr_gypsum_surface_area","curr_calcite_surface_area","output_var","sobol_type","boot_num"
"1",0.00277974342113986,1.11503125995744e-05,-2.22941187599711e-05,0.000253081024504205,0.000292512605975428,1.85931264248933e-05,9.45139880498297e-05,"calcite_flush_2_nondim","FOmean",2337
"2",0.00318179699146219,1.80367610470814e-05,2.45536259412518e-05,0.000305701655684399,0.000448676645924247,3.43850424030501e-05,0.00014480712160685,"calcite_flush_2_nondim","TEmean",2337
"3",-26722.8782798426,-25.0178767657442,-4349.42772627211,-7.30573891662445,-3767.91455985517,-45260.3059328768,-5123.36623867428,"calcite_flush_2_nondim","FOsd2",2337
"4",22758.9562478057,8491.3821616644,12371.8527816548,8501.64878534137,12249.2718898371,53731.2274459608,971.973032428804,"calcite_flush_2_nondim","TEsd2",2337
