"","curr_inflow_rate","curr_diffusion_coef","curr_porosity","curr_gypsum_rate_constant","curr_calcite_rate_constant","curr_gypsum_surface_area","curr_calcite_surface_area","output_var","sobol_type","boot_num"
"1",0.122752173393456,-0.000868435821253623,0.00201573211991399,0.0184464151413022,0.0271513869812352,0.000619729218535555,0.00267754413594,"calcite_flush_4_nondim","FOmean",2027
"2",0.118147009399277,0.00055143309693264,0.000611158364377626,0.0199842319939069,0.0271481339513275,0.000547500752877884,0.00403475777152565,"calcite_flush_4_nondim","TEmean",2027
"3",0.70558769923744,0.67162451613866,0.73600895274346,0.193981354240463,0.754894570377982,0.652946328530089,0.737687390566987,"calcite_flush_4_nondim","FOsd2",2027
"4",0.398064958129047,0.103384466168379,0.208335476470952,0.0322989545565343,0.340591406982131,0.0650393583776946,0.204437110011458,"calcite_flush_4_nondim","TEsd2",2027
