"","curr_inflow_rate","curr_diffusion_coef","curr_porosity","curr_gypsum_rate_constant","curr_calcite_rate_constant","curr_gypsum_surface_area","curr_calcite_surface_area","output_var","sobol_type","boot_num"
"1",0.182837584825048,0.0011845930910622,0.000986468097169964,0.0259749133225279,0.0237712644448609,0.00048011799061285,0.00636017752936001,"calcite_flush_4_nondim","FOmean",907
"2",0.190269669393165,0.00234089327013219,0.00211547735469665,0.0314431132460958,0.0311190788145567,0.000803024069780612,0.00862600384276939,"calcite_flush_4_nondim","TEmean",907
"3",-4.37095676193727,-38.325131830718,-6.39134854483101,-2.61505162743781,-4.51998148810142,-6.80108294365802,-3.70156181830982,"calcite_flush_4_nondim","FOsd2",907
"4",3.19609500923188,17.4979405452242,0.822105145856991,3.97141080135894,5.22846499388786,1.75899053016963,3.44063372092041,"calcite_flush_4_nondim","TEsd2",907
