"","curr_inflow_rate","curr_diffusion_coef","curr_porosity","curr_gypsum_rate_constant","curr_calcite_rate_constant","curr_gypsum_surface_area","curr_calcite_surface_area","output_var","sobol_type","boot_num"
"1",0.000309263470287951,-3.07918234685899e-06,0.000242328246141584,0.00292034362408207,5.90159502767654e-05,9.57999359428212e-05,-1.26670783722683e-06,"calcite_flush_6_nondim","FOmean",1117
"2",0.000335100654905865,3.79942723384477e-05,0.000176020182317387,0.00295134412921508,5.26862083124985e-05,9.34233563275285e-05,3.47122311488142e-07,"calcite_flush_6_nondim","TEmean",1117
"3",0.988011631623933,0.98700957155286,0.986977866482837,0.993995905272446,0.990155043546396,0.987011972700591,0.987333072841513,"calcite_flush_6_nondim","FOsd2",1117
"4",0.00154059827505199,3.36807618661595e-05,1.07478296415459e-05,0.00717821361898924,0.0041240020709092,4.87608008868613e-07,0.00131702991099249,"calcite_flush_6_nondim","TEsd2",1117
