"","curr_inflow_rate","curr_diffusion_coef","curr_porosity","curr_gypsum_rate_constant","curr_calcite_rate_constant","curr_gypsum_surface_area","curr_calcite_surface_area","output_var","sobol_type","boot_num"
"1",0.00101284304533272,1.27882853351076e-06,2.04907382639896e-05,4.4589318948039e-05,0.000106383680852764,-9.58682686529154e-06,6.89498422915898e-05,"calcite_flush_2_nondim","FOmean",2321
"2",0.00105437437247662,1.10325366911308e-05,3.51264174062894e-05,0.000110471166372061,0.000154039078667655,2.16061596630647e-05,6.50640627768414e-05,"calcite_flush_2_nondim","TEmean",2321
"3",0.656595227930915,0.994938956151598,0.995840040627074,0.971192856097453,0.996921873854,0.943559394453677,0.997283891718617,"calcite_flush_2_nondim","FOsd2",2321
"4",0.362584953554088,0.0121868898058002,0.0153988623669858,0.000330246189867243,0.0243108951617399,0.00645292962762412,0.023679290861355,"calcite_flush_2_nondim","TEsd2",2321
