"","curr_inflow_rate","curr_diffusion_coef","curr_porosity","curr_gypsum_rate_constant","curr_calcite_rate_constant","curr_gypsum_surface_area","curr_calcite_surface_area","output_var","sobol_type","boot_num"
"1",0.101848263411942,0.000702867745830965,0.001998022428068,0.0189862149297773,0.00657490634404505,-0.00105249963622001,-0.00109095599699966,"calcite_flush_8_nondim","FOmean",327
"2",0.120326971753467,0.00654674479806762,0.00780979285036974,0.0336471338907813,0.019165341770856,0.00606927859630864,0.0126126846917979,"calcite_flush_8_nondim","TEmean",327
"3",-0.349008132508732,-0.211674162692869,-0.240244247762178,0.214259935146766,-2.34167013470987,-0.286009200597347,-0.191897570617735,"calcite_flush_8_nondim","FOsd2",327
"4",0.0726850853350812,0.0879631325346642,0.117512086892952,0.120302470403514,2.08848563580389,0.189576334475501,0.081237156185008,"calcite_flush_8_nondim","TEsd2",327
