"","curr_inflow_rate","curr_diffusion_coef","curr_porosity","curr_gypsum_rate_constant","curr_calcite_rate_constant","curr_gypsum_surface_area","curr_calcite_surface_area","output_var","sobol_type","boot_num"
"1",0.0686751880162212,-0.00489184142338707,0.00347930992381071,0.0234209625943553,0.000196092272766546,0.00218872693557971,0.00617962999727781,"calcite_flush_9_nondim","FOmean",1936
"2",0.0999717718051431,0.00591866103862118,0.00976701865927906,0.0458625677362721,0.0221591364753108,0.0100856266002221,0.0141647734207673,"calcite_flush_9_nondim","TEmean",1936
"3",-1.67195110190829,0.389743014854949,0.311199193670143,-0.557079780917707,0.505208582093855,-1.36458170864114,-1.80966411807694,"calcite_flush_9_nondim","FOsd2",1936
"4",0.955510276785592,1.58422002108622,1.92160969276012,3.08550176637719,1.98584073936538,1.72203557916457,2.24902662124625,"calcite_flush_9_nondim","TEsd2",1936
