"","curr_inflow_rate","curr_diffusion_coef","curr_porosity","curr_gypsum_rate_constant","curr_calcite_rate_constant","curr_gypsum_surface_area","curr_calcite_surface_area","output_var","sobol_type","boot_num"
"1",0.314783817688354,0.0113044263171462,-0.0088617626629439,0.00963454253662711,0.0456696885984299,-0.00903913142979868,-0.00325418195992213,"calcite_flush_5_nondim","FOmean",860
"2",0.359731853147018,0.0171233391132955,0.0156881369625317,0.0596971524857549,0.0967820212015961,0.0265019929334898,0.0423603902052586,"calcite_flush_5_nondim","TEmean",860
"3",0.668653161992051,-0.0507294552821058,0.303470004295383,0.719979727057516,0.555993596017666,0.271121330769917,0.448047562309259,"calcite_flush_5_nondim","FOsd2",860
"4",0.144810280388482,0.944920601781851,0.528713311133038,0.163922834618874,0.121112972285988,0.645509544695999,0.151148311404184,"calcite_flush_5_nondim","TEsd2",860
