"","curr_inflow_rate","curr_diffusion_coef","curr_porosity","curr_gypsum_rate_constant","curr_calcite_rate_constant","curr_gypsum_surface_area","curr_calcite_surface_area","output_var","sobol_type","boot_num"
"1",0.00182657779420376,0.000175505275834999,0.00203204717170098,0.00817292387673459,0.000330344331931579,7.03406205884545e-05,-8.63578745895103e-06,"calcite_flush_6_nondim","FOmean",549
"2",0.00180876602821404,0.00012464696192537,0.00204457712360099,0.00827795655832997,0.000323510495685259,4.85840662911401e-05,4.56624920450974e-06,"calcite_flush_6_nondim","TEmean",549
"3",0.986967708695211,0.984754665332501,0.985111129784648,0.991801308113442,0.987177349398233,0.984837430647928,0.98600159973396,"calcite_flush_6_nondim","FOsd2",549
"4",0.00269206308266868,0.000112503527020056,0.000897203669655351,0.00860776941871079,0.00370671825544804,5.03110420280462e-05,0.00157074516215138,"calcite_flush_6_nondim","TEsd2",549
