"","curr_inflow_rate","curr_diffusion_coef","curr_porosity","curr_gypsum_rate_constant","curr_calcite_rate_constant","curr_gypsum_surface_area","curr_calcite_surface_area","output_var","sobol_type","boot_num"
"1",0.096621018233294,-0.00233627026231976,0.0068116370646815,0.0182846282842062,0.0105795045318316,0.000649301915089541,0.00393611697478579,"calcite_flush_9_nondim","FOmean",2368
"2",0.116542715505465,0.00583972264572934,0.0121251335013151,0.0285836223188284,0.028864956313619,0.00689264847042483,0.0171971427772934,"calcite_flush_9_nondim","TEmean",2368
"3",0.993198395310185,0.984347013551531,0.993771678640102,0.991149771570361,0.950095143637234,0.992880803338359,0.990706436353382,"calcite_flush_9_nondim","FOsd2",2368
"4",0.00585234308491725,0.0073260151198601,0.00658385819515069,0.00499556922220491,0.0410102405451365,0.00714669428599672,0.00514717699227872,"calcite_flush_9_nondim","TEsd2",2368
