"","curr_inflow_rate","curr_diffusion_coef","curr_porosity","curr_gypsum_rate_constant","curr_calcite_rate_constant","curr_gypsum_surface_area","curr_calcite_surface_area","output_var","sobol_type","boot_num"
"1",0.00781323924600125,7.48508188357794e-06,5.68249766995634e-05,0.00044470637833537,0.000448040380778035,-3.24436623703694e-05,0.000182324150098721,"calcite_flush_3_nondim","FOmean",1570
"2",0.00775294749923264,1.90207558322032e-05,3.54685631197716e-05,0.000373558915155071,0.000653775367241744,2.54535815505083e-05,0.000182580410651092,"calcite_flush_3_nondim","TEmean",1570
"3",0.99984401418434,0.9998159068188,0.999758460862426,0.99982626638489,0.999740039130482,0.999838369355907,0.999796893937034,"calcite_flush_3_nondim","FOsd2",1570
"4",4.60268391377663e-05,1.99968002669042e-05,7.25404780258768e-05,1.3569278621729e-05,0.000153477152375944,4.76645209613359e-06,2.91130019917789e-05,"calcite_flush_3_nondim","TEsd2",1570
