"","curr_inflow_rate","curr_diffusion_coef","curr_porosity","curr_gypsum_rate_constant","curr_calcite_rate_constant","curr_gypsum_surface_area","curr_calcite_surface_area","output_var","sobol_type","boot_num"
"1",0.00245575925203473,-1.16993590696572e-05,0.000268076518526419,0.00804246885483375,5.89791875878788e-05,0.000708914216061327,8.40005299272705e-05,"calcite_flush_6_nondim","FOmean",781
"2",0.00236270776541648,1.45257486940576e-05,0.000490665511020818,0.00810977078214115,0.000119065100904618,0.000596003747243939,8.31558156364034e-05,"calcite_flush_6_nondim","TEmean",781
"3",0.98393177365447,0.981277506317831,0.981734141315172,0.990046563613362,0.985808859618545,0.981222462568338,0.982935316030033,"calcite_flush_6_nondim","FOsd2",781
"4",0.00289190954825451,8.90051284546106e-06,0.000757237041978251,0.0095385202237296,0.00530076281874891,7.53853115378313e-06,0.00195729734622428,"calcite_flush_6_nondim","TEsd2",781
