"","curr_inflow_rate","curr_diffusion_coef","curr_porosity","curr_gypsum_rate_constant","curr_calcite_rate_constant","curr_gypsum_surface_area","curr_calcite_surface_area","output_var","sobol_type","boot_num"
"1",0.101072816379325,0.00257264751391025,0.00290597616403252,0.0220324998094476,0.00901159783517504,0.000676706447414766,-0.000492351892566903,"calcite_flush_8_nondim","FOmean",1623
"2",0.126912205390455,0.00729378251140814,0.0118482781821955,0.0384103267682686,0.0190281182722666,0.00767320359122465,0.0167565491895773,"calcite_flush_8_nondim","TEmean",1623
"3",0.732063926622061,0.82941295714472,0.684506954859639,0.777441005217138,0.691144651490585,0.742545068820234,0.54783581044057,"calcite_flush_8_nondim","FOsd2",1623
"4",0.141435008922721,0.0179422902409563,0.0725339682367653,0.108421988169033,0.131262181698567,0.089131443937663,0.301447046544393,"calcite_flush_8_nondim","TEsd2",1623
