"","curr_inflow_rate","curr_diffusion_coef","curr_porosity","curr_gypsum_rate_constant","curr_calcite_rate_constant","curr_gypsum_surface_area","curr_calcite_surface_area","output_var","sobol_type","boot_num"
"1",0.003163834861803,1.72479421599248e-06,7.5997995211041e-06,0.000312374055679175,0.000333036538628394,-8.82777970704329e-06,3.47680371751099e-05,"calcite_flush_2_nondim","FOmean",1313
"2",0.00308057418043545,1.68459170526465e-05,3.82610717491601e-05,0.000308668926616398,0.000358069059758832,1.7922487951912e-05,0.000112663586226598,"calcite_flush_2_nondim","TEmean",1313
"3",0.999908434166229,0.999403505943441,0.999533938676414,0.998975096667986,0.999732648336644,0.999804688805097,0.999591867113128,"calcite_flush_2_nondim","FOsd2",1313
"4",0.000237875309787803,0.000546368019435968,0.000162149683330323,0.00109024157683687,0.000451573977412991,1.88595905346557e-05,0.000251471477072108,"calcite_flush_2_nondim","TEsd2",1313
