"","curr_inflow_rate","curr_diffusion_coef","curr_porosity","curr_gypsum_rate_constant","curr_calcite_rate_constant","curr_gypsum_surface_area","curr_calcite_surface_area","output_var","sobol_type","boot_num"
"1",0.0945515173049762,0.00638082516834467,0.00623756624804411,0.0108523164205012,0.0212527228345153,-0.000452523750037794,0.00583190275670547,"calcite_flush_9_nondim","FOmean",1104
"2",0.130853075920353,0.00869671104542462,0.0138417119538707,0.0296590318915285,0.0323116510086343,0.00702162430921482,0.0247331473605415,"calcite_flush_9_nondim","TEmean",1104
"3",-35581.9407144622,-32.488743311227,-171.824154367327,-476.238907236816,-8235932.93385361,-519332588.858678,-948.413964201512,"calcite_flush_9_nondim","FOsd2",1104
"4",1264474.23411344,1723415.51809302,1723747.41395067,1721995.13601139,2423943.11867668,461216442.134977,1645196.47231746,"calcite_flush_9_nondim","TEsd2",1104
