"","curr_inflow_rate","curr_diffusion_coef","curr_porosity","curr_gypsum_rate_constant","curr_calcite_rate_constant","curr_gypsum_surface_area","curr_calcite_surface_area","output_var","sobol_type","boot_num"
"1",0.1046293153792,0.000158141698821485,0.00828710119913631,0.0372666738423137,0.00349201900350614,0.00350363947451298,-0.00234463190286293,"calcite_flush_8_nondim","FOmean",1983
"2",0.14254441603538,0.010169038827339,0.0136427838460462,0.0575492837671704,0.0232623337507807,0.00784953016115833,0.0212035572501685,"calcite_flush_8_nondim","TEmean",1983
"3",0.604262815022271,0.67070087980978,0.682851478693432,-18.3838089056242,0.604708823033108,0.557947538322137,-0.384241402342796,"calcite_flush_8_nondim","FOsd2",1983
"4",0.170138930266504,0.0980654385527547,0.0522959734437657,19.1749814712664,0.140997275090249,0.12305466814324,1.12426682119353,"calcite_flush_8_nondim","TEsd2",1983
