"","curr_inflow_rate","curr_diffusion_coef","curr_porosity","curr_gypsum_rate_constant","curr_calcite_rate_constant","curr_gypsum_surface_area","curr_calcite_surface_area","output_var","sobol_type","boot_num"
"1",0.129386993877874,-0.000564612062172564,-0.00101431489993625,0.0213647652305812,0.0117868362626176,-0.000123457859907375,0.00539138944947679,"calcite_flush_4_nondim","FOmean",2107
"2",0.138905466504788,0.000570399245605374,0.000967521615782939,0.0256267965076228,0.0226705003244799,0.000648778570534667,0.00539451353280085,"calcite_flush_4_nondim","TEmean",2107
"3",0.568470938622727,0.56851988096138,0.56769499837124,0.550649552464058,0.567238610505767,0.567108666067203,0.563551093868536,"calcite_flush_4_nondim","FOsd2",2107
"4",0.00809558170850535,0.00310963962565386,0.000693486082789336,0.0249490756368891,0.00728074982762854,0.00109088373082089,0.0091379343841398,"calcite_flush_4_nondim","TEsd2",2107
