"","curr_inflow_rate","curr_diffusion_coef","curr_porosity","curr_gypsum_rate_constant","curr_calcite_rate_constant","curr_gypsum_surface_area","curr_calcite_surface_area","output_var","sobol_type","boot_num"
"1",0.128524219703222,-0.00141281248684128,0.00108920158512441,0.00977366241319405,0.0142314987115912,0.00029242737736198,0.00365457362705749,"calcite_flush_4_nondim","FOmean",1123
"2",0.129919718666146,0.00194325484446919,0.00129221466071254,0.0253715746464514,0.0226093812080298,0.00101242953851036,0.00533983125383975,"calcite_flush_4_nondim","TEmean",1123
"3",0.585392673432939,-0.116085186837776,0.625583011659949,0.706927188647118,0.666155517495995,0.502975833845816,0.642950507904573,"calcite_flush_4_nondim","FOsd2",1123
"4",0.140348145497792,0.754999700032275,0.0392137168353635,0.0288124084226242,0.0820189981641641,0.178838481246611,0.0196765302185006,"calcite_flush_4_nondim","TEsd2",1123
