"","curr_inflow_rate","curr_diffusion_coef","curr_porosity","curr_gypsum_rate_constant","curr_calcite_rate_constant","curr_gypsum_surface_area","curr_calcite_surface_area","output_var","sobol_type","boot_num"
"1",0.00258924811081015,1.89664701858143e-05,1.57242755060505e-05,0.000111567652402591,0.0003059026690348,7.23680410805029e-06,8.21077825080419e-05,"calcite_flush_2_nondim","FOmean",2289
"2",0.00269985257211612,1.23426327902184e-05,3.85955722461081e-05,0.00017863436584396,0.000288326934780631,2.30475887621694e-05,0.000115659802920931,"calcite_flush_2_nondim","TEmean",2289
"3",0.448149073078669,0.381132615299256,-0.597955882067234,0.458835259477115,0.321740136076632,0.461065188233939,0.106867420104458,"calcite_flush_2_nondim","FOsd2",2289
"4",1.02191453359219,0.491806071851368,0.0019729865982169,0.911607526904122,1.13810613519702,0.863864027220334,0.166426038964749,"calcite_flush_2_nondim","TEsd2",2289
