"","curr_inflow_rate","curr_diffusion_coef","curr_porosity","curr_gypsum_rate_constant","curr_calcite_rate_constant","curr_gypsum_surface_area","curr_calcite_surface_area","output_var","sobol_type","boot_num"
"1",0.00982062065347734,1.94902042823466e-06,0.00014323928401145,0.000373357013446907,0.000922519520263339,-0.000108326523197735,0.000244274610382632,"calcite_flush_3_nondim","FOmean",1874
"2",0.0100962602651187,4.269875157938e-05,0.000191255527293027,0.000482067695990109,0.00105493267021043,5.41857376725718e-05,0.0002810976636829,"calcite_flush_3_nondim","TEmean",1874
"3",0.749175466227668,-11.6004116749353,0.0907050211954328,0.436616378132313,-17.7026505761349,-0.0661165207867793,0.540178746245539,"calcite_flush_3_nondim","FOsd2",1874
"4",2.55055923688018,4.20595980293766,0.609134036661418,1.1731111025198,18.487334919314,0.68317357264878,1.61921153873534,"calcite_flush_3_nondim","TEsd2",1874
