"","curr_inflow_rate","curr_diffusion_coef","curr_porosity","curr_gypsum_rate_constant","curr_calcite_rate_constant","curr_gypsum_surface_area","curr_calcite_surface_area","output_var","sobol_type","boot_num"
"1",0.00401057814668114,-8.73066240026839e-06,3.91830797988657e-05,0.000169942736033939,0.000230164058778849,-1.14383298211219e-06,2.73151700335026e-05,"calcite_flush_2_nondim","FOmean",569
"2",0.00438483712734744,4.03143466984453e-05,0.000106318602208713,0.000350398528320931,0.000491998024841534,2.43140160676266e-05,0.000152967265230433,"calcite_flush_2_nondim","TEmean",569
"3",-85382714.008595,-85396291.6099896,-85382396.8205052,-85382339.6823431,-176327081.687128,-85382415.4899107,-85382862.2208328,"calcite_flush_2_nondim","FOsd2",569
"4",326.333336009842,13832.3329757217,16.5974196912865,16.941398838445,90870856.5295917,23.3210565489228,469.757731699466,"calcite_flush_2_nondim","TEsd2",569
