"","curr_inflow_rate","curr_diffusion_coef","curr_porosity","curr_gypsum_rate_constant","curr_calcite_rate_constant","curr_gypsum_surface_area","curr_calcite_surface_area","output_var","sobol_type","boot_num"
"1",0.000745277543239792,-1.1973617852217e-07,0.000119005555239281,0.00272628350568069,0.000841977791612837,0.000161898432138562,0.000218620017740242,"calcite_flush_6_nondim","FOmean",349
"2",0.000742156090789664,1.00693302748094e-06,0.000112232627077996,0.00270793216975893,0.000776986924976792,0.000100549066487864,0.000178341114396492,"calcite_flush_6_nondim","TEmean",349
"3",0.980826496743797,0.979324970494801,0.980180139303807,0.989281063464835,0.983172712178257,0.979303531880403,0.979645494333406,"calcite_flush_6_nondim","FOsd2",349
"4",0.00362537307769717,6.33259065526537e-06,0.00126781120165983,0.0115900159847415,0.00493341260397364,0.000390633551954775,0.00189621955393346,"calcite_flush_6_nondim","TEsd2",349
