"","curr_inflow_rate","curr_diffusion_coef","curr_porosity","curr_gypsum_rate_constant","curr_calcite_rate_constant","curr_gypsum_surface_area","curr_calcite_surface_area","output_var","sobol_type","boot_num"
"1",0.000609201377874113,1.9681402962775e-09,0.000308009372803095,0.00632548927711888,8.84966760195497e-06,0.000182965649936832,9.96976260370526e-05,"calcite_flush_7_nondim","FOmean",1038
"2",0.000798043522591062,1.54116151815026e-08,0.000403590848386805,0.00635411246024603,8.86272614882297e-06,0.0002081271683676,0.000108682937424055,"calcite_flush_7_nondim","TEmean",1038
"3",0.984369670840525,0.985366247822277,0.985394132098152,0.987208023485465,0.985871433251052,0.985345770476663,0.986070355890991,"calcite_flush_7_nondim","FOsd2",1038
"4",0.0025485110489432,9.69287166995267e-06,0.000961939907885798,0.011453901435649,0.00526487706553572,0.000653965420944848,0.00307324189041817,"calcite_flush_7_nondim","TEsd2",1038
