"","curr_inflow_rate","curr_diffusion_coef","curr_porosity","curr_gypsum_rate_constant","curr_calcite_rate_constant","curr_gypsum_surface_area","curr_calcite_surface_area","output_var","sobol_type","boot_num"
"1",0.135050678416605,-0.000688560615464483,-0.0013941112088503,0.0441171509087847,0.0269327660952007,-0.000123299337200585,0.00253342318837863,"calcite_flush_4_nondim","FOmean",747
"2",0.135728870715288,0.000319113054676341,0.00086342474219627,0.0382145963881014,0.0326305960911055,0.000447130962896067,0.00620878200672992,"calcite_flush_4_nondim","TEmean",747
"3",-464.817160640518,-308.602219428349,-204.076495281702,-188.097089063831,-216.986569475853,-5712.70910683798,-404.990408340702,"calcite_flush_4_nondim","FOsd2",747
"4",269.685367773893,125.563278477842,6.51931337165107,6.57873275036036,34.8238102992149,5529.33450781406,219.753395095202,"calcite_flush_4_nondim","TEsd2",747
