"","curr_inflow_rate","curr_diffusion_coef","curr_porosity","curr_gypsum_rate_constant","curr_calcite_rate_constant","curr_gypsum_surface_area","curr_calcite_surface_area","output_var","sobol_type","boot_num"
"1",0.080264402120843,-0.000505398476834221,-0.00536178172682641,0.0299336210057697,0.0126166944264665,0.00141164272658737,0.00368908347245789,"calcite_flush_9_nondim","FOmean",2320
"2",0.100324990343084,0.00769211463470499,0.0101423718303933,0.0555788987720397,0.0166353713811581,0.00854251104337761,0.0153177710376867,"calcite_flush_9_nondim","TEmean",2320
"3",0.841157119000731,0.671626152017528,0.88289588645076,0.806410587498867,0.953244540280373,0.957520263537289,0.963407024468793,"calcite_flush_9_nondim","FOsd2",2320
"4",1.49588686907444,0.762831679382519,1.93251528816459,2.14124497356856,1.65479427056399,1.97418976922574,1.97178029552043,"calcite_flush_9_nondim","TEsd2",2320
