"","curr_inflow_rate","curr_diffusion_coef","curr_porosity","curr_gypsum_rate_constant","curr_calcite_rate_constant","curr_gypsum_surface_area","curr_calcite_surface_area","output_var","sobol_type","boot_num"
"1",0.00074048973613425,7.23985461846985e-06,0.000350266711983135,0.00426177991523023,0.000126221575728589,5.53524709731064e-05,1.95206826429146e-05,"calcite_flush_6_nondim","FOmean",1501
"2",0.00071516573532739,1.1437172123411e-05,0.000412342078232791,0.00406728412325704,0.000103088174163368,6.76838404752368e-05,1.1558333632064e-05,"calcite_flush_6_nondim","TEmean",1501
"3",0.986616481820623,0.984401779886745,0.984967415817415,0.990869380856773,0.989107742253361,0.984444067492759,0.984841764949599,"calcite_flush_6_nondim","FOsd2",1501
"4",0.00286327089197227,8.98823021802723e-06,0.00030642926359752,0.00732178586422437,0.00534082370438814,9.88914211181016e-06,0.000932956754839279,"calcite_flush_6_nondim","TEsd2",1501
