"","curr_inflow_rate","curr_diffusion_coef","curr_porosity","curr_gypsum_rate_constant","curr_calcite_rate_constant","curr_gypsum_surface_area","curr_calcite_surface_area","output_var","sobol_type","boot_num"
"1",0.00294139412331288,1.22488582133658e-08,4.55585249434786e-05,0.000345347762460899,0.000381009956131184,8.46192947829242e-06,0.000234872676566246,"calcite_flush_2_nondim","FOmean",705
"2",0.00289986209253276,1.67600842595384e-05,2.57027127233884e-05,0.000387255348477323,0.000420518461435129,3.047654957171e-05,0.000217840215694462,"calcite_flush_2_nondim","TEmean",705
"3",-98687.7052992347,-15248055.01101,-10644692.1225019,-98706.0800793582,-112834.721507114,-98709.2979219165,-98727.0663387228,"calcite_flush_2_nondim","FOsd2",705
"4",208464.473613837,11803711.4806515,10751247.4583211,206833.652511575,227921.694036905,204962.80501641,202860.6900279,"calcite_flush_2_nondim","TEsd2",705
