"","curr_inflow_rate","curr_diffusion_coef","curr_porosity","curr_gypsum_rate_constant","curr_calcite_rate_constant","curr_gypsum_surface_area","curr_calcite_surface_area","output_var","sobol_type","boot_num"
"1",0.00508338074335069,0.000639603130366608,0.00365301219901242,0.0132541994388583,2.48233574399407e-05,0.0010890930053524,0.000176601918284072,"calcite_flush_7_nondim","FOmean",1254
"2",0.00449984198197532,0.000440882941172061,0.00314879189977783,0.0131220843619516,0.000136154357157257,0.00121526640576835,0.000298040658225319,"calcite_flush_7_nondim","TEmean",1254
"3",0.97847934288569,0.975920246090287,0.975954750277165,0.983842656236387,0.97978231265215,0.975560030744929,0.975963761891131,"calcite_flush_7_nondim","FOsd2",1254
"4",0.00288566537015126,0.000250028439440063,0.00185394917581592,0.0104888983427868,0.0157565673572633,6.17723761758578e-07,0.00147441348124047,"calcite_flush_7_nondim","TEsd2",1254
