"","curr_inflow_rate","curr_diffusion_coef","curr_porosity","curr_gypsum_rate_constant","curr_calcite_rate_constant","curr_gypsum_surface_area","curr_calcite_surface_area","output_var","sobol_type","boot_num"
"1",0.0892342076126022,-0.00587613254490299,0.00382303875368274,0.0164851571651091,0.00815475642192349,-0.00263181790494337,-0.00292428518932191,"calcite_flush_9_nondim","FOmean",1920
"2",0.130843693521036,0.0104260831525358,0.0118633172324095,0.0349758547170517,0.0235851147699755,0.00783408870770909,0.0178216206720717,"calcite_flush_9_nondim","TEmean",1920
"3",0.955189782512361,0.945246037819339,0.927267428632314,0.764219191533551,0.443538579072347,0.891395022748598,0.95031609032377,"calcite_flush_9_nondim","FOsd2",1920
"4",0.0476028553335362,0.0665672313719413,0.0875099777850809,0.205786001662883,0.434197010081892,0.0407241110599452,0.0530665616324896,"calcite_flush_9_nondim","TEsd2",1920
