"","curr_inflow_rate","curr_diffusion_coef","curr_porosity","curr_gypsum_rate_constant","curr_calcite_rate_constant","curr_gypsum_surface_area","curr_calcite_surface_area","output_var","sobol_type","boot_num"
"1",0.0030957448801332,0.0001932111803389,0.00267562831634899,0.0127659603934737,-5.21703942038604e-05,0.000578656277341336,7.51644285366545e-06,"calcite_flush_7_nondim","FOmean",1726
"2",0.00303825717063586,0.000126687505106745,0.00231943360364047,0.0130775882871549,2.93898616262271e-05,0.000647353865730831,2.98813370214497e-06,"calcite_flush_7_nondim","TEmean",1726
"3",0.98874340262124,0.986921903125573,0.986895390682925,0.992697633486142,0.989933449132199,0.986941897077705,0.988107189681152,"calcite_flush_7_nondim","FOsd2",1726
"4",0.0018314969489906,0.000518671723396987,0.000619729440457055,0.00598522717470544,0.00423596315615753,0.000183918516064152,0.00148736405535942,"calcite_flush_7_nondim","TEsd2",1726
