"","curr_inflow_rate","curr_diffusion_coef","curr_porosity","curr_gypsum_rate_constant","curr_calcite_rate_constant","curr_gypsum_surface_area","curr_calcite_surface_area","output_var","sobol_type","boot_num"
"1",0.164804387770169,0.000869558631352365,0.000813185413298501,0.0162405553670947,0.0222314013972683,0.00244909803800706,0.00260402280657968,"calcite_flush_4_nondim","FOmean",899
"2",0.17106276277984,0.00122669091123185,0.00101485333403338,0.0259839529488066,0.0323111969110054,0.00156017296434878,0.00438202952166907,"calcite_flush_4_nondim","TEmean",899
"3",0.966511741093131,0.965951812376324,0.968279277933784,0.960994419707281,0.809022056158293,0.965572500957378,0.965906908885093,"calcite_flush_4_nondim","FOsd2",899
"4",0.00770635373817323,0.000490581919875772,0.0017747094218881,0.00885927073098757,0.149378952324747,0.00118650971967657,0.0034414694370104,"calcite_flush_4_nondim","TEsd2",899
