"","curr_inflow_rate","curr_diffusion_coef","curr_porosity","curr_gypsum_rate_constant","curr_calcite_rate_constant","curr_gypsum_surface_area","curr_calcite_surface_area","output_var","sobol_type","boot_num"
"1",0.225458348824932,0.00179477918237717,0.00162211588543746,0.0316038495204799,0.0360695147342187,0.000765153247587759,0.01131108562312,"calcite_flush_4_nondim","FOmean",1387
"2",0.229918371500964,0.00101696124117423,0.00132588230345321,0.0343951010456734,0.0412207497590747,0.000789506213463266,0.00748407052515351,"calcite_flush_4_nondim","TEmean",1387
"3",0.939756741189082,0.756267876158688,0.792677595644066,0.776341222026657,-5.73911896896305,0.96212483790061,0.835022209403944,"calcite_flush_4_nondim","FOsd2",1387
"4",0.995802586114725,0.71509844687493,0.445768987447374,0.349539969763213,5.59023559497479,0.926416111413744,0.40175360412332,"calcite_flush_4_nondim","TEsd2",1387
