"","curr_inflow_rate","curr_diffusion_coef","curr_porosity","curr_gypsum_rate_constant","curr_calcite_rate_constant","curr_gypsum_surface_area","curr_calcite_surface_area","output_var","sobol_type","boot_num"
"1",0.0050996285935649,0.000406605619865389,0.00389431255928864,0.0110743911819707,0.001274821151819,0.000767060049233511,9.81849138028627e-05,"calcite_flush_7_nondim","FOmean",1014
"2",0.0056672639143916,0.000505782793159557,0.00397527755468631,0.0113451809563133,0.00137914322321539,0.00123286395797125,5.7092755659978e-05,"calcite_flush_7_nondim","TEmean",1014
"3",0.88139207180223,0.872609709686395,0.863420675421691,0.843531794109588,0.834683512092236,0.866807249257714,0.863016127156449,"calcite_flush_7_nondim","FOsd2",1014
"4",0.0836973122680789,0.00671594071564812,0.0259717471540566,0.0900892720490705,0.0545976305653044,0.0315920339292207,0.0216504372449177,"calcite_flush_7_nondim","TEsd2",1014
