"","curr_inflow_rate","curr_diffusion_coef","curr_porosity","curr_gypsum_rate_constant","curr_calcite_rate_constant","curr_gypsum_surface_area","curr_calcite_surface_area","output_var","sobol_type","boot_num"
"1",0.27813291220152,0.0203045421598113,0.00901348610407478,0.040048428073088,0.0831039480869855,-0.00363688746747707,0.0354449547997119,"calcite_flush_5_nondim","FOmean",2340
"2",0.328378523574948,0.0209845488790584,0.0161445883655313,0.076598728165369,0.0961694762086886,0.0236896615883691,0.0318888466713883,"calcite_flush_5_nondim","TEmean",2340
"3",0.771046500539626,0.75134792073766,0.805665093575337,0.693136264146437,0.623949725449344,0.755593009352075,0.720085005345707,"calcite_flush_5_nondim","FOsd2",2340
"4",0.819037515368946,0.6762501014295,0.76990878742641,0.439734457753825,0.642278894206486,0.643035129757601,0.487841128421506,"calcite_flush_5_nondim","TEsd2",2340
