"","curr_inflow_rate","curr_diffusion_coef","curr_porosity","curr_gypsum_rate_constant","curr_calcite_rate_constant","curr_gypsum_surface_area","curr_calcite_surface_area","output_var","sobol_type","boot_num"
"1",0.00303567900549456,9.14671959137275e-05,0.00198174900557324,0.00920394828063009,0.000207948375558042,0.000795854969948109,9.68604554772806e-06,"calcite_flush_7_nondim","FOmean",2302
"2",0.00302118262791459,0.000107726616842353,0.00185447587678912,0.00888023323297185,0.000198405097230483,0.00079656961954376,1.21543475531014e-05,"calcite_flush_7_nondim","TEmean",2302
"3",0.99131867654455,0.98917104800076,0.989979384376531,0.991187801978345,0.992412563810592,0.989115535426221,0.989400351237764,"calcite_flush_7_nondim","FOsd2",2302
"4",0.00245823189937127,9.25020683279097e-05,0.00159972965437849,0.00365407307213617,0.00359593817190981,3.49631486988122e-06,0.000265328928784967,"calcite_flush_7_nondim","TEsd2",2302
