"","curr_inflow_rate","curr_diffusion_coef","curr_porosity","curr_gypsum_rate_constant","curr_calcite_rate_constant","curr_gypsum_surface_area","curr_calcite_surface_area","output_var","sobol_type","boot_num"
"1",0.00690586737381021,-3.25069394447166e-05,3.03644877572401e-05,0.00068537831747539,0.00071850294349515,1.12285696292326e-05,8.06603600604991e-05,"calcite_flush_3_nondim","FOmean",1962
"2",0.00731469483003394,3.88533504097528e-05,7.41337173684478e-05,0.000727874523130511,0.000746027039174745,3.03184330326009e-05,0.000172349050135186,"calcite_flush_3_nondim","TEmean",1962
"3",0.996930113434426,0.99727878824836,0.997170845824851,0.99668540916797,0.961182730620841,0.99722065424443,0.997114087769396,"calcite_flush_3_nondim","FOsd2",1962
"4",0.000388037912063675,4.33192268052562e-05,3.06009278343668e-05,0.000560076141429455,0.0358141798387534,1.07644524845947e-05,0.00012605162407685,"calcite_flush_3_nondim","TEsd2",1962
