"","curr_inflow_rate","curr_diffusion_coef","curr_porosity","curr_gypsum_rate_constant","curr_calcite_rate_constant","curr_gypsum_surface_area","curr_calcite_surface_area","output_var","sobol_type","boot_num"
"1",0.073247936815617,0.00411832628047604,0.00476125230467693,0.012053885320423,0.00622047442101022,0.000727807864122064,0.00071546292676883,"calcite_flush_9_nondim","FOmean",1904
"2",0.0823240418521001,0.00932313614054378,0.00801557722870183,0.0253196945841939,0.0149457764095484,0.00608616952307133,0.0083157547957873,"calcite_flush_9_nondim","TEmean",1904
"3",0.883269593645701,0.362472806494894,0.789180710924805,0.296412227568256,0.894682562072401,0.830697732138138,0.853493497720756,"calcite_flush_9_nondim","FOsd2",1904
"4",0.0773068035381191,0.235837346724356,0.010654759115628,0.749107761590008,0.102073399538429,0.132341583239564,0.0512319544301653,"calcite_flush_9_nondim","TEsd2",1904
