"","curr_inflow_rate","curr_diffusion_coef","curr_porosity","curr_gypsum_rate_constant","curr_calcite_rate_constant","curr_gypsum_surface_area","curr_calcite_surface_area","output_var","sobol_type","boot_num"
"1",0.269629425581216,0.00870491080893106,0.00107817658510628,-0.00285987132344626,0.0508299202861645,0.019079858433775,0.0257752901324101,"calcite_flush_5_nondim","FOmean",2172
"2",0.335878442131443,0.0201907315741923,0.0202252414247485,0.0742539839941017,0.0937429255462081,0.0256570962654391,0.0331096039420044,"calcite_flush_5_nondim","TEmean",2172
"3",0.512533614600977,0.618840075524486,0.59809341151578,0.354883248689058,0.608567396338951,0.661673611109684,0.559515062327125,"calcite_flush_5_nondim","FOsd2",2172
"4",0.173151808407882,0.21819707696812,0.29894580056911,0.321131241313382,0.177707328397479,0.229323764057363,0.177205213600977,"calcite_flush_5_nondim","TEsd2",2172
