"","curr_inflow_rate","curr_diffusion_coef","curr_porosity","curr_gypsum_rate_constant","curr_calcite_rate_constant","curr_gypsum_surface_area","curr_calcite_surface_area","output_var","sobol_type","boot_num"
"1",0.196607411545494,0.000828609588641229,-0.00145412335104077,0.0395553974299248,0.0338677383255374,-0.000164565822777144,0.00370956312178842,"calcite_flush_4_nondim","FOmean",2131
"2",0.18934119862978,0.000609322567332687,0.00161016880061071,0.0394326726265893,0.0378293299658311,0.00153085166159754,0.00491415136393221,"calcite_flush_4_nondim","TEmean",2131
"3",-27.4338151719588,-41344.3749101401,-6896.98803163515,-31.2774319022883,-1135.52875437107,-133.306765324326,-30.7369763325163,"calcite_flush_4_nondim","FOsd2",2131
"4",47.6930040181799,41501.8512705837,5662.13720026674,50.4102035428379,1024.15376980626,161.651662497839,31.3119389062785,"calcite_flush_4_nondim","TEsd2",2131
