"","curr_inflow_rate","curr_diffusion_coef","curr_porosity","curr_gypsum_rate_constant","curr_calcite_rate_constant","curr_gypsum_surface_area","curr_calcite_surface_area","output_var","sobol_type","boot_num"
"1",0.126417625304937,0.00030713149520198,-0.000422885626605115,0.0209756692977847,0.0253794575459607,-0.00236215904005311,0.0014652090098585,"calcite_flush_4_nondim","FOmean",563
"2",0.133602222263152,0.000633912997587983,0.000776418947126093,0.0251273503107902,0.0275301267139394,0.0012527913619824,0.00437633907832737,"calcite_flush_4_nondim","TEmean",563
"3",0.967564220434177,0.979696522978841,0.979276934067844,0.975676220299334,0.965164628240575,0.976371186515208,0.978433142546635,"calcite_flush_4_nondim","FOsd2",563
"4",0.0133738367651993,0.000810901614505882,0.00160023494635249,0.00543579152636404,0.0160921031949968,0.00271593704858678,0.00153129600564857,"calcite_flush_4_nondim","TEsd2",563
