"","curr_inflow_rate","curr_diffusion_coef","curr_porosity","curr_gypsum_rate_constant","curr_calcite_rate_constant","curr_gypsum_surface_area","curr_calcite_surface_area","output_var","sobol_type","boot_num"
"1",0.322463019791547,0.0110550825132147,-0.00209752457958851,0.0425111439628909,0.0658640182901955,0.00896581696222383,0.0064277199533856,"calcite_flush_5_nondim","FOmean",1708
"2",0.317551338648741,0.020142303696682,0.0190844341511242,0.0820784836031433,0.106915778573079,0.0303318480064435,0.0400400425453736,"calcite_flush_5_nondim","TEmean",1708
"3",0.844967878717722,0.386196016373871,0.637065707821018,0.798406334101745,0.496331761327945,0.696862134310706,-2.18664783447002,"calcite_flush_5_nondim","FOsd2",1708
"4",0.760322479733684,0.525863722963535,0.898405036473225,0.697560537560175,0.42344371118022,0.542606436848083,1.76513335480729,"calcite_flush_5_nondim","TEsd2",1708
