"","curr_inflow_rate","curr_diffusion_coef","curr_porosity","curr_gypsum_rate_constant","curr_calcite_rate_constant","curr_gypsum_surface_area","curr_calcite_surface_area","output_var","sobol_type","boot_num"
"1",0.118202623145798,0.00823132437586725,0.00522247134069729,0.0513891822361247,0.00395286050984305,0.0038958257912258,0.00474234321324777,"calcite_flush_8_nondim","FOmean",999
"2",0.14606604676589,0.015410493739927,0.0132725392904235,0.0713117803301935,0.0197713574474305,0.0112206700961325,0.0180880437273076,"calcite_flush_8_nondim","TEmean",999
"3",-7.41064377949193,-7.43672880788361,-82.5503164151929,-19.3324297449455,-12.0537802929345,-7.76794630440651,-7.64722425425658,"calcite_flush_8_nondim","FOsd2",999
"4",0.522076165731637,0.493635582829516,74.1878895719607,11.9691914149805,5.07430016643396,0.202670212734239,0.439570855496118,"calcite_flush_8_nondim","TEsd2",999
