"","curr_inflow_rate","curr_diffusion_coef","curr_porosity","curr_gypsum_rate_constant","curr_calcite_rate_constant","curr_gypsum_surface_area","curr_calcite_surface_area","output_var","sobol_type","boot_num"
"1",0.0760613447548798,0.00294340564278742,0.00142593281376374,0.0205846249298741,0.00316685848432036,0.00221018409537167,0.00110374842394587,"calcite_flush_9_nondim","FOmean",1376
"2",0.102667058768953,0.0071532924369411,0.00837317850920676,0.0383806312879188,0.0221530976590682,0.0109517657241711,0.0156481403551959,"calcite_flush_9_nondim","TEmean",1376
"3",0.967375612402999,0.906843619395918,0.971256489909762,0.987366521155546,0.989038718371606,0.974311094526973,0.988689732906046,"calcite_flush_9_nondim","FOsd2",1376
"4",0.0126541776111331,0.0618019726762064,0.0207682379463114,0.0107968089853281,0.00946249536981277,0.0252897227097918,0.0120924386140152,"calcite_flush_9_nondim","TEsd2",1376
