"","curr_inflow_rate","curr_diffusion_coef","curr_porosity","curr_gypsum_rate_constant","curr_calcite_rate_constant","curr_gypsum_surface_area","curr_calcite_surface_area","output_var","sobol_type","boot_num"
"1",0.00618315738373223,4.74330142912743e-06,9.35452962112774e-05,0.000319066135306937,0.000229950655768893,4.75385939988542e-05,5.79596982275632e-05,"calcite_flush_3_nondim","FOmean",2066
"2",0.0062665537184095,1.98390808815685e-05,4.03057588330014e-05,0.000419616022673848,0.000523364846284097,2.2196673839362e-05,0.000112412481576403,"calcite_flush_3_nondim","TEmean",2066
"3",0.857781443059253,0.996526528136117,0.973753512297968,0.988640335525383,0.997273737919206,0.996965579230539,0.993521908468336,"calcite_flush_3_nondim","FOsd2",2066
"4",0.10101719347859,0.00996978392334852,0.00963776020320754,0.000458621900364119,0.0104789689896632,0.00421630616039867,0.0127196431359736,"calcite_flush_3_nondim","TEsd2",2066
