"","curr_inflow_rate","curr_diffusion_coef","curr_porosity","curr_gypsum_rate_constant","curr_calcite_rate_constant","curr_gypsum_surface_area","curr_calcite_surface_area","output_var","sobol_type","boot_num"
"1",0.00318193192833386,-4.11741863077347e-05,1.65608802399466e-05,9.81481089043155e-05,0.000349175494502761,5.7156743963869e-05,3.28999615537098e-05,"calcite_flush_2_nondim","FOmean",2241
"2",0.00354460204351649,0.00015340407121225,6.54783455541598e-05,0.000187295434603883,0.000590809988453178,4.80174394208959e-05,0.00010690031999197,"calcite_flush_2_nondim","TEmean",2241
"3",-6.18043733957341,-5.25506019979566,-59.0677538820899,-1271.01050024499,-216.221876833446,-108.583912000945,-5.63104288719826,"calcite_flush_2_nondim","FOsd2",2241
"4",1.592023592586,0.4571310874229,51.8634006452307,1239.34128823785,194.979708238709,98.8901489355819,0.585097198925745,"calcite_flush_2_nondim","TEsd2",2241
