"","curr_inflow_rate","curr_diffusion_coef","curr_porosity","curr_gypsum_rate_constant","curr_calcite_rate_constant","curr_gypsum_surface_area","curr_calcite_surface_area","output_var","sobol_type","boot_num"
"1",0.195103309131227,0.00172634860466138,-0.00281401578054736,0.0275226933259344,0.0275197474709368,0.0011144671662215,0.00533314915199708,"calcite_flush_4_nondim","FOmean",2123
"2",0.202465925120322,0.00146497711072793,0.00124042024083895,0.03640469064273,0.0324801175563378,0.000551595205334779,0.0066487073969236,"calcite_flush_4_nondim","TEmean",2123
"3",-5.19845447548497,-5.80267270502738,-5.96565468810622,-5.69980538863771,-5.96245141714033,-14.9204995060886,-5.23635331200157,"calcite_flush_4_nondim","FOsd2",2123
"4",0.637300204133097,0.0750912560326024,0.0219333011837412,0.905015948717546,2.38006343393614,7.27978486999677,0.597864895586913,"calcite_flush_4_nondim","TEsd2",2123
