"","curr_inflow_rate","curr_diffusion_coef","curr_porosity","curr_gypsum_rate_constant","curr_calcite_rate_constant","curr_gypsum_surface_area","curr_calcite_surface_area","output_var","sobol_type","boot_num"
"1",0.000542326083319705,3.84131503539819e-06,0.000232127941071243,0.00857138155602227,0.000121704331671235,0.00070316874567517,0.00016199205659371,"calcite_flush_6_nondim","FOmean",645
"2",0.000500181276201232,9.11838678691058e-06,0.000351012160171892,0.00842390338384314,7.26614465302215e-05,0.000762065842831004,0.000158499433709309,"calcite_flush_6_nondim","TEmean",645
"3",0.986501726538588,0.98630620850408,0.987428754447191,0.991298129426159,0.988947384218455,0.98629819815504,0.987501401425503,"calcite_flush_6_nondim","FOsd2",645
"4",0.000776954028959224,2.80995348123593e-05,0.00113850272230016,0.00716742456137133,0.00433294987990663,5.26148427183519e-05,0.00308970060134187,"calcite_flush_6_nondim","TEsd2",645
