"","curr_inflow_rate","curr_diffusion_coef","curr_porosity","curr_gypsum_rate_constant","curr_calcite_rate_constant","curr_gypsum_surface_area","curr_calcite_surface_area","output_var","sobol_type","boot_num"
"1",0.105440126786847,0.00590265359985791,0.0134468478378497,0.0567764924452487,0.0137403994641432,0.00668515261199254,0.000506039215490472,"calcite_flush_9_nondim","FOmean",1856
"2",0.144909124197407,0.00995593109649492,0.0132545103482492,0.0581718760949049,0.0186902611926043,0.006807310518296,0.0184621459018784,"calcite_flush_9_nondim","TEmean",1856
"3",0.796807145062512,0.616495711795667,0.643381476483453,0.795861233987575,-4.90050259431422,0.67577403066379,0.695987047434112,"calcite_flush_9_nondim","FOsd2",1856
"4",0.148975836375954,0.142976054876617,0.0740240405698792,0.200414686151976,5.66264654317867,0.141347559881285,0.214992322288912,"calcite_flush_9_nondim","TEsd2",1856
