"","curr_inflow_rate","curr_diffusion_coef","curr_porosity","curr_gypsum_rate_constant","curr_calcite_rate_constant","curr_gypsum_surface_area","curr_calcite_surface_area","output_var","sobol_type","boot_num"
"1",0.07197846251447,0.00585671983212141,0.00516019433347528,0.0274079246677711,0.00303858943907873,0.000754776175855676,0.00205274965467345,"calcite_flush_9_nondim","FOmean",520
"2",0.0878550338016522,0.00411642116875777,0.00614434700178082,0.0327643053465772,0.0185472213352879,0.00573452356389434,0.0102002098179956,"calcite_flush_9_nondim","TEmean",520
"3",0.49553486408356,0.6196240030543,0.31960174631481,0.488600246305619,0.561809320601147,0.618858514861566,0.617480689855723,"calcite_flush_9_nondim","FOsd2",520
"4",0.343695124080993,0.209398105873578,0.0481153155064768,0.208860778947471,0.37166373007346,0.195997542612415,0.2811003251535,"calcite_flush_9_nondim","TEsd2",520
