"","curr_inflow_rate","curr_diffusion_coef","curr_porosity","curr_gypsum_rate_constant","curr_calcite_rate_constant","curr_gypsum_surface_area","curr_calcite_surface_area","output_var","sobol_type","boot_num"
"1",0.140447729887151,-0.00367625372108525,-0.000783929463768862,0.0147167275046429,0.0134867945162631,0.00271937275703351,0.00143159563132846,"calcite_flush_8_nondim","FOmean",1607
"2",0.168966068763458,0.0106634867814048,0.0185129291281833,0.0307835016659651,0.0360459130887991,0.0133047163348356,0.0170118666391267,"calcite_flush_8_nondim","TEmean",1607
"3",0.977937766672725,0.983241729102806,0.985546289255145,0.975302160567608,0.987166699438428,0.983782226246468,0.981621900693689,"calcite_flush_8_nondim","FOsd2",1607
"4",0.0189543825308066,0.0151487332553112,0.00326728230008899,0.0298457368570502,0.0105558868881839,0.0173571543914388,0.00655854098657926,"calcite_flush_8_nondim","TEsd2",1607
