"","curr_inflow_rate","curr_diffusion_coef","curr_porosity","curr_gypsum_rate_constant","curr_calcite_rate_constant","curr_gypsum_surface_area","curr_calcite_surface_area","output_var","sobol_type","boot_num"
"1",0.127457535271305,-0.00108728265412776,-0.000966573942568618,0.0131882195847497,0.0211945879040054,-0.000710368546534191,0.00575319916112658,"calcite_flush_4_nondim","FOmean",1867
"2",0.129790552131999,0.00111178307918454,0.0011373503974929,0.021724298454095,0.0253845551496721,0.00102715094327607,0.00489995845051775,"calcite_flush_4_nondim","TEmean",1867
"3",0.988183544587477,0.882393711820976,0.96630581144662,0.950451260881346,0.825425246679325,0.971078391301364,0.970825743097857,"calcite_flush_4_nondim","FOsd2",1867
"4",0.0247584619798301,0.0344937032359196,0.00217801672054916,0.0526542590193239,0.174380228391136,0.0294729267114944,0.00116089568230585,"calcite_flush_4_nondim","TEsd2",1867
