"","curr_inflow_rate","curr_diffusion_coef","curr_porosity","curr_gypsum_rate_constant","curr_calcite_rate_constant","curr_gypsum_surface_area","curr_calcite_surface_area","output_var","sobol_type","boot_num"
"1",0.0783730777729728,-0.00113689862260259,0.00279513518981574,0.0336993754006562,0.00486934941002022,0.00384895973007957,0.00582119590398001,"calcite_flush_9_nondim","FOmean",1872
"2",0.11043813708004,0.00644208757008345,0.0109275363447104,0.0420318857408521,0.0221099699049964,0.00987637985959629,0.0127160072648481,"calcite_flush_9_nondim","TEmean",1872
"3",-32.1404839630929,-29.6516459692068,-29.3848026149285,-30.5907670305781,-28.9788932886984,-30.2655781559367,-29.8645046801329,"calcite_flush_9_nondim","FOsd2",1872
"4",2.54420013455147,1.21225965649162,1.04649620869525,0.835260174758072,1.0479574424456,0.272914191593187,1.19551654896797,"calcite_flush_9_nondim","TEsd2",1872
