"","curr_inflow_rate","curr_diffusion_coef","curr_porosity","curr_gypsum_rate_constant","curr_calcite_rate_constant","curr_gypsum_surface_area","curr_calcite_surface_area","output_var","sobol_type","boot_num"
"1",0.0917524559544211,-0.000255056525975258,0.0070557946882485,0.0255236700374047,0.00289356900697117,0.00289433055577334,-0.000466787625149993,"calcite_flush_9_nondim","FOmean",2176
"2",0.129560321399627,0.00928101526683502,0.0157672977976372,0.0426484338357886,0.0330773667956491,0.00860026770241245,0.0185386845353823,"calcite_flush_9_nondim","TEmean",2176
"3",0.910982813050192,0.692727465951299,0.831290348950918,0.913303831319151,0.952546216745002,0.904304918622817,0.890932760459916,"calcite_flush_9_nondim","FOsd2",2176
"4",0.136756504477755,0.260673624427284,0.209053542718384,0.1060249300116,0.103822447058009,0.159302282618036,0.139210929619226,"calcite_flush_9_nondim","TEsd2",2176
