"","curr_inflow_rate","curr_diffusion_coef","curr_porosity","curr_gypsum_rate_constant","curr_calcite_rate_constant","curr_gypsum_surface_area","curr_calcite_surface_area","output_var","sobol_type","boot_num"
"1",0.128003808703991,-0.00294759666317191,0.00883742990712625,0.0406073105652885,0.00714196406116731,0.00513605516564564,0.000581115357645178,"calcite_flush_8_nondim","FOmean",1647
"2",0.155981292215207,0.009319600901203,0.0149457903207397,0.0505552112581514,0.028947652951969,0.0119869229085379,0.0154450743242964,"calcite_flush_8_nondim","TEmean",1647
"3",0.829337371929386,0.88351849359943,-0.418868538700168,0.901376739328441,0.904467190759137,0.867582504451807,0.891259905083117,"calcite_flush_8_nondim","FOsd2",1647
"4",0.137509674927498,0.0730056736139824,1.33093916595699,0.10602520096226,0.0932704241917662,0.098046892396284,0.0275225405963084,"calcite_flush_8_nondim","TEsd2",1647
