"","curr_inflow_rate","curr_diffusion_coef","curr_porosity","curr_gypsum_rate_constant","curr_calcite_rate_constant","curr_gypsum_surface_area","curr_calcite_surface_area","output_var","sobol_type","boot_num"
"1",0.0835562129278973,-0.00317435422605599,0.00318847806570848,0.0256507695490572,0.00127015615720609,0.00316615719122681,0.00476753174458521,"calcite_flush_9_nondim","FOmean",1016
"2",0.104926048919266,0.00499264709538832,0.0122168298520263,0.0397297700801288,0.0230427459920772,0.0136007675480767,0.0125972513484771,"calcite_flush_9_nondim","TEmean",1016
"3",0.995450251769305,0.993358306186968,0.994925822578451,0.988047724941667,0.993493853961682,0.993236823224656,0.991830974661879,"calcite_flush_9_nondim","FOsd2",1016
"4",0.00310463101821202,0.003412505838187,0.00296246215316,0.00794724313267636,0.00435523063537725,0.00433691256186458,0.00371563057052879,"calcite_flush_9_nondim","TEsd2",1016
