"","curr_inflow_rate","curr_diffusion_coef","curr_porosity","curr_gypsum_rate_constant","curr_calcite_rate_constant","curr_gypsum_surface_area","curr_calcite_surface_area","output_var","sobol_type","boot_num"
"1",0.0615569285180909,-0.000136251071122156,-9.67261951595436e-05,0.00803135647496572,0.0120050412712089,0.00137841960302698,0.00237744656965151,"calcite_flush_4_nondim","FOmean",1627
"2",0.0569057181367526,0.000410788526862976,0.000386022289821237,0.0120405865613183,0.0128680755633045,0.000557120988726125,0.00196819841899936,"calcite_flush_4_nondim","TEmean",1627
"3",0.993809657148598,0.984613259494054,0.994845827813303,0.99144706090336,0.994935378830348,0.989069579084939,0.974041683457252,"calcite_flush_4_nondim","FOsd2",1627
"4",0.00918161011000044,0.00281627365276745,0.00635206178225269,0.00959802957288353,0.0120657889390999,0.000499404997899164,0.00638039502302296,"calcite_flush_4_nondim","TEsd2",1627
