"","curr_inflow_rate","curr_diffusion_coef","curr_porosity","curr_gypsum_rate_constant","curr_calcite_rate_constant","curr_gypsum_surface_area","curr_calcite_surface_area","output_var","sobol_type","boot_num"
"1",0.0788568412603289,-0.00287994269857764,0.00222935821514138,0.0180149547076953,-0.00156537187415546,-0.00342617664677116,0.00676522613486608,"calcite_flush_9_nondim","FOmean",1152
"2",0.106323879241188,0.0120859463153145,0.0122299020788231,0.0311736129266195,0.0210524744157489,0.00976356024411409,0.016160326417136,"calcite_flush_9_nondim","TEmean",1152
"3",0.995378867842941,0.995613243798916,0.951661305027027,0.99307531083366,0.99609852198432,0.994883229882035,0.977573578010762,"calcite_flush_9_nondim","FOsd2",1152
"4",0.00428382760775652,0.00502427283798814,0.0320914607685036,0.00419364122983764,0.00543717575447142,0.0038728292406901,0.0226396376678568,"calcite_flush_9_nondim","TEsd2",1152
