"","curr_inflow_rate","curr_diffusion_coef","curr_porosity","curr_gypsum_rate_constant","curr_calcite_rate_constant","curr_gypsum_surface_area","curr_calcite_surface_area","output_var","sobol_type","boot_num"
"1",0.136427966614835,0.00012834366918527,0.000211809587871037,0.0232726804493938,0.027872225427803,-0.000344489757931915,0.00450432570337337,"calcite_flush_4_nondim","FOmean",1283
"2",0.138559848157899,0.00036451660125386,0.000530502147337079,0.0294162601487628,0.0277280291291961,0.000493145092368632,0.00396667071580574,"calcite_flush_4_nondim","TEmean",1283
"3",0.9482158303233,0.908943533144196,0.904309728847403,0.537526082499977,0.878199355694227,0.921061269843091,0.956063285205642,"calcite_flush_4_nondim","FOsd2",1283
"4",0.0883034800256347,0.00995510445467689,0.0460860018621567,0.438262925582893,0.151475207817337,0.0116751959109974,0.0251691019114421,"calcite_flush_4_nondim","TEsd2",1283
