"","curr_inflow_rate","curr_diffusion_coef","curr_porosity","curr_gypsum_rate_constant","curr_calcite_rate_constant","curr_gypsum_surface_area","curr_calcite_surface_area","output_var","sobol_type","boot_num"
"1",0.000571121869371933,3.55748084772367e-06,0.00100517421647976,0.0112116152177066,0.000461661688835672,0.000436577698432684,6.38806188622059e-05,"calcite_flush_6_nondim","FOmean",1085
"2",0.000485308822427244,8.49573786360252e-05,0.00117342276359041,0.0109177021692284,0.000417604712883214,0.000438327284364273,0.000107280320998813,"calcite_flush_6_nondim","TEmean",1085
"3",0.988919207762867,0.987976293013304,0.988084147004266,0.993815677451132,0.990642662897662,0.988163778879713,0.988397629353232,"calcite_flush_6_nondim","FOsd2",1085
"4",0.00119768699180998,1.37868545889651e-05,0.000116219315345396,0.00653202462332843,0.00455655896484693,0.000199398548173659,0.000665270776456366,"calcite_flush_6_nondim","TEsd2",1085
