"","curr_inflow_rate","curr_diffusion_coef","curr_porosity","curr_gypsum_rate_constant","curr_calcite_rate_constant","curr_gypsum_surface_area","curr_calcite_surface_area","output_var","sobol_type","boot_num"
"1",0.00261576670891227,-8.22097324352675e-06,2.51895783655529e-05,0.0001987472738647,0.00015447057758701,-1.53335431759556e-05,3.68221899264747e-05,"calcite_flush_2_nondim","FOmean",1489
"2",0.0025273738373594,8.32133430633058e-06,4.75688621185249e-05,0.000183431395355842,0.000205969993514159,1.33743773908368e-05,9.18957500824688e-05,"calcite_flush_2_nondim","TEmean",1489
"3",0.967092524309481,0.998652488071575,0.999282220574926,0.999224451923281,0.999438961886423,0.9989926815528,0.998348694557815,"calcite_flush_2_nondim","FOsd2",1489
"4",0.0327337382770631,0.000233294132063219,0.000370124790646676,0.000443164824787551,0.000372715719467215,4.37616250301593e-05,0.000685935343100675,"calcite_flush_2_nondim","TEsd2",1489
