"","curr_inflow_rate","curr_diffusion_coef","curr_porosity","curr_gypsum_rate_constant","curr_calcite_rate_constant","curr_gypsum_surface_area","curr_calcite_surface_area","output_var","sobol_type","boot_num"
"1",0.00340970150671585,0.000470967813149701,0.00102086167247737,0.0137666266287042,-2.87573935971396e-05,0.000853074205286465,0.000101008337781844,"calcite_flush_7_nondim","FOmean",1862
"2",0.00306414204828736,0.000314041073184612,0.00103560764930778,0.013656201398566,0.000115001836053318,0.00087714077754464,3.55419264080126e-05,"calcite_flush_7_nondim","TEmean",1862
"3",0.981228610001554,0.978352595079525,0.978978563051953,0.986050288909434,0.982870116637466,0.978364199450492,0.980056172486837,"calcite_flush_7_nondim","FOsd2",1862
"4",0.00302352912813948,8.31439557035966e-05,0.00133781434142713,0.010850284123326,0.00862538075543362,0.0001662328843071,0.00388211877653416,"calcite_flush_7_nondim","TEsd2",1862
