"","curr_inflow_rate","curr_diffusion_coef","curr_porosity","curr_gypsum_rate_constant","curr_calcite_rate_constant","curr_gypsum_surface_area","curr_calcite_surface_area","output_var","sobol_type","boot_num"
"1",0.0013405319538701,0.000114479918012665,0.000480685462547725,0.00748217839865136,0.000432616044830152,0.000761011904755391,0.000346148426779997,"calcite_flush_6_nondim","FOmean",2325
"2",0.00160455637902005,8.68594153735785e-05,0.000678626937550671,0.00791884928367214,0.000380579530015527,0.000778566038782832,0.000307299425453314,"calcite_flush_6_nondim","TEmean",2325
"3",0.990370869104907,0.989084884274221,0.98929285324183,0.993688335866051,0.991891345296547,0.988957211473841,0.989349504925259,"calcite_flush_6_nondim","FOsd2",2325
"4",0.0021893023796194,0.00029076562221375,0.000444102924751883,0.00566344805831203,0.00315208144886973,4.91584932752782e-06,0.000436944880865741,"calcite_flush_6_nondim","TEsd2",2325
