"","curr_inflow_rate","curr_diffusion_coef","curr_porosity","curr_gypsum_rate_constant","curr_calcite_rate_constant","curr_gypsum_surface_area","curr_calcite_surface_area","output_var","sobol_type","boot_num"
"1",0.00150897931005007,2.36140225616414e-07,1.67096521713524e-05,5.76980363629136e-05,0.000116062526924178,-6.05254979975299e-06,-1.48499234868324e-07,"calcite_flush_2_nondim","FOmean",921
"2",0.00153902093324945,2.95451672489231e-06,1.33830392023688e-05,9.32547719684253e-05,0.000120557095703847,3.65738107716076e-06,4.88584607759192e-05,"calcite_flush_2_nondim","TEmean",921
"3",0.999336756379302,0.999947158803131,0.99993444047729,0.999604282738504,0.999966731889935,0.99988497877838,0.999898250801741,"calcite_flush_2_nondim","FOsd2",921
"4",0.000536595664327858,6.3517345939699e-05,8.05721808651286e-05,0.000432057264053424,0.00013113394674172,3.02500466675815e-05,5.95505282653364e-05,"calcite_flush_2_nondim","TEsd2",921
