"","curr_inflow_rate","curr_diffusion_coef","curr_porosity","curr_gypsum_rate_constant","curr_calcite_rate_constant","curr_gypsum_surface_area","curr_calcite_surface_area","output_var","sobol_type","boot_num"
"1",0.0157767970203559,9.85658433989401e-05,0.000158697531484852,0.00146802352516342,0.00182533023077198,-6.2724156711326e-05,0.000281379375528265,"calcite_flush_3_nondim","FOmean",1338
"2",0.01624179867691,1.52521155894264e-05,0.000159628970074417,0.00150665265220793,0.00184034260462133,5.19917563649149e-05,0.000623995016257011,"calcite_flush_3_nondim","TEmean",1338
"3",0.867222429784724,0.802458904043096,0.786317486072307,0.902762798123785,0.90645026048215,0.900998701011463,0.89191769343538,"calcite_flush_3_nondim","FOsd2",1338
"4",0.0487390571124866,0.0825341985416543,0.0739665979579224,0.00480093387179376,0.0111844646598096,0.00126978446223031,0.00158502062788191,"calcite_flush_3_nondim","TEsd2",1338
