"","curr_inflow_rate","curr_diffusion_coef","curr_porosity","curr_gypsum_rate_constant","curr_calcite_rate_constant","curr_gypsum_surface_area","curr_calcite_surface_area","output_var","sobol_type","boot_num"
"1",0.00806620117685094,-8.89186582687948e-06,0.000109637229416616,0.000486616828789289,0.000812804338284614,4.75010176750071e-06,0.000194948483473576,"calcite_flush_3_nondim","FOmean",1466
"2",0.00782290654261953,2.27115545990164e-05,0.00012415604503654,0.000602770654476251,0.000830041639108881,5.72861526969834e-05,0.000222893668093336,"calcite_flush_3_nondim","TEmean",1466
"3",-4.08102661597738,-24.0384766578992,-1168.40044331224,-9.10217997552092,-2.88941886414927,-4.83863740652702,-42.3705522339876,"calcite_flush_3_nondim","FOsd2",1466
"4",17.1802185520486,0.461364193501345,909.285894409372,13.2047964780921,16.6746672156805,17.445883019624,5.59319066756299,"calcite_flush_3_nondim","TEsd2",1466
