"","curr_inflow_rate","curr_diffusion_coef","curr_porosity","curr_gypsum_rate_constant","curr_calcite_rate_constant","curr_gypsum_surface_area","curr_calcite_surface_area","output_var","sobol_type","boot_num"
"1",0.00225004866255352,1.41651485116951e-05,1.89996665502047e-05,0.000105305845484905,0.000134318203396454,9.08798640435558e-06,8.96876743902807e-05,"calcite_flush_2_nondim","FOmean",1505
"2",0.00236223415241147,1.78237792831846e-05,3.20807655017536e-05,0.000137601419829725,0.000245237308118167,1.03683989469555e-05,7.11176833255868e-05,"calcite_flush_2_nondim","TEmean",1505
"3",0.850982792757856,0.995791211703518,0.999195948635498,0.997347307599124,0.981228169947869,0.997845738865107,0.999379973149735,"calcite_flush_2_nondim","FOsd2",1505
"4",0.150941995901886,0.00320605140158628,0.0020384755641894,0.000172935029806899,0.0174079626386294,0.000181128148441013,0.00168859874571096,"calcite_flush_2_nondim","TEsd2",1505
