"","curr_inflow_rate","curr_diffusion_coef","curr_porosity","curr_gypsum_rate_constant","curr_calcite_rate_constant","curr_gypsum_surface_area","curr_calcite_surface_area","output_var","sobol_type","boot_num"
"1",0.0019540724195667,0.000295038451413631,0.000895992152983573,0.00638264035412018,9.03369189052509e-05,0.000125457420322988,5.53430185629757e-05,"calcite_flush_7_nondim","FOmean",806
"2",0.00201545616655113,0.000318904939047495,0.00105449894227928,0.00638621757547054,6.08509676219521e-05,0.000162784985371896,6.21711948515375e-05,"calcite_flush_7_nondim","TEmean",806
"3",0.987823107896591,0.986602153933042,0.986175112581206,0.992647509258013,0.989574507402947,0.986173467411471,0.987408125321609,"calcite_flush_7_nondim","FOsd2",806
"4",0.0018301393491626,0.000128408689049694,0.000150261422731401,0.00952365464524297,0.00397635633941036,0.000204261512346161,0.00191181381421796,"calcite_flush_7_nondim","TEsd2",806
