"","curr_inflow_rate","curr_diffusion_coef","curr_porosity","curr_gypsum_rate_constant","curr_calcite_rate_constant","curr_gypsum_surface_area","curr_calcite_surface_area","output_var","sobol_type","boot_num"
"1",0.000517076072660265,0.000273102196382578,0.00286671944182869,0.0123602320997986,3.4575688884532e-05,0.000394680083317921,0.000664370544015767,"calcite_flush_7_nondim","FOmean",1934
"2",0.000606156949915364,0.00015224251843558,0.00303832297977615,0.012635351371405,0.000104048288620933,0.00043985925016792,0.00055522915567088,"calcite_flush_7_nondim","TEmean",1934
"3",-7.29584872385834,-7.82573650086861,-3.14737887557819,-0.64116533062898,-21.4330946816054,-0.965035562103167,-0.825237870884079,"calcite_flush_7_nondim","FOsd2",1934
"4",6.91338864533049,2.26395773342703,6.67714102734564,17.5034165698925,0.427184673570307,12.636538996037,15.9484783302744,"calcite_flush_7_nondim","TEsd2",1934
