"","curr_inflow_rate","curr_diffusion_coef","curr_porosity","curr_gypsum_rate_constant","curr_calcite_rate_constant","curr_gypsum_surface_area","curr_calcite_surface_area","output_var","sobol_type","boot_num"
"1",0.00336113167018,6.23341346904667e-06,-1.62462123751269e-05,0.000147688653003713,0.000282623728429309,-8.54009696415415e-06,6.80053972648499e-05,"calcite_flush_2_nondim","FOmean",1073
"2",0.00342368043926054,2.69070559864809e-05,5.490813838845e-05,0.000179383802474526,0.000299102792093939,3.74581267154533e-05,0.000169749408330551,"calcite_flush_2_nondim","TEmean",1073
"3",0.988695262141896,0.15916932059664,0.955379457234934,0.986529106441281,0.835863620485971,0.280190690926555,-0.336650589837944,"calcite_flush_2_nondim","FOsd2",1073
"4",0.0434934524094302,0.535378310693286,0.0402446739558458,0.0335558596257989,0.17894359842048,0.54697514365929,1.04028778802285,"calcite_flush_2_nondim","TEsd2",1073
