"","curr_inflow_rate","curr_diffusion_coef","curr_porosity","curr_gypsum_rate_constant","curr_calcite_rate_constant","curr_gypsum_surface_area","curr_calcite_surface_area","output_var","sobol_type","boot_num"
"1",0.000778890709547176,0.000265801519878321,0.00177156848485852,0.00493100566544893,0.00091160267630533,6.60425876779077e-05,0.000556618849969485,"calcite_flush_7_nondim","FOmean",1334
"2",0.000685352764388225,0.000348573263032924,0.0018447545185242,0.00499740574180566,0.000950533697615233,8.96856113817558e-05,0.000520809623477064,"calcite_flush_7_nondim","TEmean",1334
"3",0.227877249895793,-0.242827958118579,-0.099242823392667,-0.532344432041955,-1.83675156082227,-0.593712403238048,-0.139852345271399,"calcite_flush_7_nondim","FOsd2",1334
"4",1.1558786085483,0.0817862371137947,0.46842456108606,0.70220324757327,1.44940529632608,0.280303242594706,0.117694652081504,"calcite_flush_7_nondim","TEsd2",1334
