"","curr_inflow_rate","curr_diffusion_coef","curr_porosity","curr_gypsum_rate_constant","curr_calcite_rate_constant","curr_gypsum_surface_area","curr_calcite_surface_area","output_var","sobol_type","boot_num"
"1",0.00202995906171797,6.72765648176e-05,1.33797373580413e-05,0.000163790384126389,0.00038506643578007,-3.39967284450766e-05,0.000266428235840148,"calcite_flush_2_nondim","FOmean",1625
"2",0.00247629676819969,0.000233639395128107,4.35606938878507e-05,0.000268996064381745,0.000591166003285091,4.89174093924509e-05,0.000241921608666556,"calcite_flush_2_nondim","TEmean",1625
"3",-19319.1409993121,-14890.5261504474,-11874.1437649323,-11874.25498921,-11873.9638477346,-11874.5461625725,-11409.5724800782,"calcite_flush_2_nondim","FOsd2",1625
"4",7303.51169638364,3015.1902244371,0.741297864600594,0.627026780997553,0.716875083680157,0.0763836822145446,13.5938383765769,"calcite_flush_2_nondim","TEsd2",1625
