"","curr_inflow_rate","curr_diffusion_coef","curr_porosity","curr_gypsum_rate_constant","curr_calcite_rate_constant","curr_gypsum_surface_area","curr_calcite_surface_area","output_var","sobol_type","boot_num"
"1",0.000998256006159725,-2.7748295464187e-06,-2.84435545021168e-06,4.8484139145144e-05,8.94977427059921e-05,3.98624668496105e-06,5.58463905341491e-05,"calcite_flush_2_nondim","FOmean",313
"2",0.0010150949601562,4.98257414150218e-06,1.25917077086448e-05,6.59089879828909e-05,6.73566926995241e-05,4.74670103171856e-06,2.56296863398922e-05,"calcite_flush_2_nondim","TEmean",313
"3",0.998676816262582,0.998476791010374,0.998089845655531,-1.05139991175397,0.997824507844917,0.998936301861817,0.998434356855157,"calcite_flush_2_nondim","FOsd2",313
"4",0.0012108812175766,0.000848879456865871,0.0013943133264018,2.0154748086617,0.00192208086687747,7.10439783368246e-05,0.000875753586130954,"calcite_flush_2_nondim","TEsd2",313
