"","curr_inflow_rate","curr_diffusion_coef","curr_porosity","curr_gypsum_rate_constant","curr_calcite_rate_constant","curr_gypsum_surface_area","curr_calcite_surface_area","output_var","sobol_type","boot_num"
"1",0.00235001033265242,1.21589742178104e-05,3.1696391167168e-05,0.000141529100605919,0.000195863351606046,-3.77839270617257e-07,4.81711670942879e-05,"calcite_flush_2_nondim","FOmean",1017
"2",0.00231861281306716,2.55231374847344e-05,4.41939474559935e-05,0.000134079289574968,0.0002225765624107,1.34421105662399e-05,8.47965183153708e-05,"calcite_flush_2_nondim","TEmean",1017
"3",-20937.0122658645,-20937.0521613386,-20937.0553337085,-20938.1219806148,-20937.1773222733,-20937.0364285099,-20937.0298398505,"calcite_flush_2_nondim","FOsd2",1017
"4",0.0152478060039014,0.00176773458554111,0.00329235927827394,1.03330148998234,0.178788535755001,0.0102849133327241,0.0113584883745912,"calcite_flush_2_nondim","TEsd2",1017
