"","curr_inflow_rate","curr_diffusion_coef","curr_porosity","curr_gypsum_rate_constant","curr_calcite_rate_constant","curr_gypsum_surface_area","curr_calcite_surface_area","output_var","sobol_type","boot_num"
"1",0.205331630050621,-0.00539500579794027,0.0208915680060687,0.0812698994003831,0.0790238335918029,0.00115984106684976,0.0149286674408439,"calcite_flush_5_nondim","FOmean",1908
"2",0.25120061941188,0.027665833124228,0.0204606916268466,0.102597898048679,0.142126902978624,0.0205647573330984,0.0392867938069247,"calcite_flush_5_nondim","TEmean",1908
"3",0.65468265685499,0.505561272018324,0.569785748998887,0.681747877462983,0.660087463489926,0.709543497490554,0.421218912376537,"calcite_flush_5_nondim","FOsd2",1908
"4",0.139894947685138,0.202051340202311,0.240954667450964,0.0986789785109462,0.102028965547061,0.0682008339140728,0.29805233091906,"calcite_flush_5_nondim","TEsd2",1908
