"","curr_inflow_rate","curr_diffusion_coef","curr_porosity","curr_gypsum_rate_constant","curr_calcite_rate_constant","curr_gypsum_surface_area","curr_calcite_surface_area","output_var","sobol_type","boot_num"
"1",0.175876792636566,-0.000613276961128061,-0.000995248389408259,0.023736735690238,0.0210843984408766,0.00493864918848539,0.00424219312284405,"calcite_flush_4_nondim","FOmean",2371
"2",0.181053819776291,0.000818840892205501,0.00176056340305944,0.0253269276726962,0.0237413977122148,0.00203296997887319,0.00605029465478696,"calcite_flush_4_nondim","TEmean",2371
"3",-0.800849802989073,0.352848418411731,0.766800898992684,-0.706651677971502,-27.0379156189144,0.683416218535638,0.635890028030141,"calcite_flush_4_nondim","FOsd2",2371
"4",1.69001324924675,0.274357660246771,0.0603962150777568,1.39815585452993,27.7115777273944,0.0546541367755013,0.0300877779373812,"calcite_flush_4_nondim","TEsd2",2371
