"","curr_inflow_rate","curr_diffusion_coef","curr_porosity","curr_gypsum_rate_constant","curr_calcite_rate_constant","curr_gypsum_surface_area","curr_calcite_surface_area","output_var","sobol_type","boot_num"
"1",0.00296072029470715,0.000418881757636471,0.000662121661767635,0.00782026137248169,9.71629151970829e-05,0.000744554719143737,1.71466707626415e-05,"calcite_flush_7_nondim","FOmean",1094
"2",0.0028319802728469,0.000474465358646102,0.000624144283388479,0.00827694265836915,0.000246482866626641,0.000608385274504201,7.31507527611377e-05,"calcite_flush_7_nondim","TEmean",1094
"3",0.991529822162144,0.991522617129422,0.991184226249494,0.994693881796501,0.992721996312718,0.991291972835682,0.991523702621502,"calcite_flush_7_nondim","FOsd2",1094
"4",0.00143199147472008,0.000527223819188463,0.000251367601708183,0.00457877852532576,0.00263201053058683,0.000184788483113977,0.000751181211011974,"calcite_flush_7_nondim","TEsd2",1094
