"","curr_inflow_rate","curr_diffusion_coef","curr_porosity","curr_gypsum_rate_constant","curr_calcite_rate_constant","curr_gypsum_surface_area","curr_calcite_surface_area","output_var","sobol_type","boot_num"
"1",0.0112796146885187,-2.87227914087156e-06,8.71827920088966e-06,0.000353149742148107,0.000730050772796683,4.99652125557113e-05,0.000647714310231021,"calcite_flush_3_nondim","FOmean",1266
"2",0.0112340695539242,2.98612467643288e-05,9.00153461370533e-05,0.000809481583892905,0.000917376890960612,1.97629101747844e-05,0.000413839119872632,"calcite_flush_3_nondim","TEmean",1266
"3",0.948421284653538,0.837077784845892,0.992226632802218,0.97274334746827,0.822234147059626,0.958268919807671,0.992572685979971,"calcite_flush_3_nondim","FOsd2",1266
"4",0.0618225623304232,0.166235840180572,0.0105066356384423,0.00510583258929855,0.201686372387414,0.0147864974905692,0.00605892412493108,"calcite_flush_3_nondim","TEsd2",1266
