"","curr_inflow_rate","curr_diffusion_coef","curr_porosity","curr_gypsum_rate_constant","curr_calcite_rate_constant","curr_gypsum_surface_area","curr_calcite_surface_area","output_var","sobol_type","boot_num"
"1",0.00268912104596281,8.73818141039289e-06,4.17452518896272e-05,0.000241900859719705,0.00026075215816951,1.99427041581339e-05,8.39426935828356e-05,"calcite_flush_2_nondim","FOmean",2169
"2",0.00275553116713673,1.95069208295894e-05,5.98475012733279e-05,0.000195234425263382,0.000227454424510209,2.43379655548412e-05,9.14953033765216e-05,"calcite_flush_2_nondim","TEmean",2169
"3",-1.726383821096,0.48679527864137,-2.25303684470924,0.395397348127644,0.472102284322562,-18.4611304421074,0.4868791787886,"calcite_flush_2_nondim","FOsd2",2169
"4",2.99885665908799,1.11275112848844,0.357140281600495,0.576423460058545,1.14566811872507,10.8476054381599,1.10973077051588,"calcite_flush_2_nondim","TEsd2",2169
