"","curr_inflow_rate","curr_diffusion_coef","curr_porosity","curr_gypsum_rate_constant","curr_calcite_rate_constant","curr_gypsum_surface_area","curr_calcite_surface_area","output_var","sobol_type","boot_num"
"1",0.0012968402508015,1.02566152499622e-05,0.000499782123909327,0.00623684262175053,0.000770662304126138,0.000504441167607055,-3.86179000947857e-06,"calcite_flush_6_nondim","FOmean",2141
"2",0.00121413504754653,3.03017918405973e-06,0.00114028034848069,0.00696023105959563,0.000971511319901348,0.000581446865149917,6.46052988497936e-05,"calcite_flush_6_nondim","TEmean",2141
"3",0.988455537442376,0.987467970442952,0.987453577045084,0.992612304039693,0.990807756040125,0.987525790733262,0.988385063278827,"calcite_flush_6_nondim","FOsd2",2141
"4",0.00186292255276524,3.23375489623945e-05,0.000834488709073062,0.00644692959803607,0.0035075477121361,2.98732587971527e-05,0.00144569426058915,"calcite_flush_6_nondim","TEsd2",2141
