"","curr_inflow_rate","curr_diffusion_coef","curr_porosity","curr_gypsum_rate_constant","curr_calcite_rate_constant","curr_gypsum_surface_area","curr_calcite_surface_area","output_var","sobol_type","boot_num"
"1",0.00569614770569136,6.67933432330431e-06,-2.00060857495797e-05,0.000161328171300715,0.000491335682365068,2.32301027110627e-05,4.80902752815059e-05,"calcite_flush_3_nondim","FOmean",1562
"2",0.00580197455548409,2.75068418133862e-05,5.20537702550426e-05,0.000314211731059549,0.00067563343537912,3.2741545890669e-05,0.000129380858071811,"calcite_flush_3_nondim","TEmean",1562
"3",-0.622891379573113,0.710084436379851,-13.6699471206292,0.696947696673522,0.659858830374541,0.214481790890174,-1.40757419480093,"calcite_flush_3_nondim","FOsd2",1562
"4",2.42547833166016,0.949252507345569,9.09982454942495,0.988132888632668,0.641447484019715,0.278443078018063,2.560109680319,"calcite_flush_3_nondim","TEsd2",1562
