"","curr_inflow_rate","curr_diffusion_coef","curr_porosity","curr_gypsum_rate_constant","curr_calcite_rate_constant","curr_gypsum_surface_area","curr_calcite_surface_area","output_var","sobol_type","boot_num"
"1",0.00125559238553698,0.000194793020672444,0.00144601693389511,0.0101119070891377,0.00141254442476695,0.00353177469783183,0.000144057891280672,"calcite_flush_7_nondim","FOmean",1526
"2",0.00132583086156393,0.000372037196678762,0.00182745248054679,0.01053983414235,0.00150318109626271,0.00294156966255761,5.5360583991749e-05,"calcite_flush_7_nondim","TEmean",1526
"3",0.762729626326035,0.699227504224739,0.768114300945681,0.798652389475969,0.757095254235111,0.676889335291195,0.637869839401744,"calcite_flush_7_nondim","FOsd2",1526
"4",0.27750880373212,0.0548985548605872,0.0594092979722621,0.212048820011159,0.132118194637874,0.0959000185694343,0.112769258819572,"calcite_flush_7_nondim","TEsd2",1526
