"","curr_inflow_rate","curr_diffusion_coef","curr_porosity","curr_gypsum_rate_constant","curr_calcite_rate_constant","curr_gypsum_surface_area","curr_calcite_surface_area","output_var","sobol_type","boot_num"
"1",0.00127386046122056,-4.46673225072861e-08,0.000518622737702944,0.00321951118352549,0.000425221036391204,0.000125271015670973,9.96665853672011e-05,"calcite_flush_6_nondim","FOmean",2189
"2",0.00124154026554584,3.55739070373540e-09,0.000393138777617719,0.00319232865297436,0.000391325751384313,0.000158329717474683,0.000120222991196221,"calcite_flush_6_nondim","TEmean",2189
"3",0.984388660929561,0.98241416776524,0.982910117113231,0.989037255824311,0.986267132203362,0.982637774903922,0.985444907270957,"calcite_flush_6_nondim","FOsd2",2189
"4",0.00340045900463848,1.5698388796648e-05,0.000383986887710376,0.00684658438405182,0.00441441666099802,0.000125298055409215,0.00330931021571742,"calcite_flush_6_nondim","TEsd2",2189
