"","curr_inflow_rate","curr_diffusion_coef","curr_porosity","curr_gypsum_rate_constant","curr_calcite_rate_constant","curr_gypsum_surface_area","curr_calcite_surface_area","output_var","sobol_type","boot_num"
"1",0.00276498956214276,1.9512757842735e-05,9.10018772376131e-06,0.000159888963835132,0.000282002988986812,-1.20818844894709e-05,9.68679715312086e-05,"calcite_flush_2_nondim","FOmean",1585
"2",0.00272729588926771,2.28126207095224e-05,3.51268517909457e-05,0.000192907976492218,0.000311727461397453,3.24067275234874e-06,0.000101214980091149,"calcite_flush_2_nondim","TEmean",1585
"3",-0.931300232087444,-3.46219600074959,-345.885742104233,-11.9620553826008,-1.01372138820575,-3.66688194681537,-11.6563594258526,"calcite_flush_2_nondim","FOsd2",1585
"4",1.28285787566086,0.443410019551061,317.696314163801,9.33436733932656,0.816852825895458,0.485684515901595,11.8457602562048,"calcite_flush_2_nondim","TEsd2",1585
