"","curr_inflow_rate","curr_diffusion_coef","curr_porosity","curr_gypsum_rate_constant","curr_calcite_rate_constant","curr_gypsum_surface_area","curr_calcite_surface_area","output_var","sobol_type","boot_num"
"1",0.083479607353993,-0.00272305952663096,0.00165504406744632,0.0313361812548553,0.00870581621983917,0.000583062656893064,0.0065727194859277,"calcite_flush_9_nondim","FOmean",976
"2",0.126319097631959,0.0084279592947464,0.00805290529330613,0.0378063371850406,0.0268290610290124,0.0136380100416199,0.0145906731778847,"calcite_flush_9_nondim","TEmean",976
"3",0.918650308477172,0.926490933291507,0.815428212383515,0.924077575273317,0.888307584289219,0.90704861309677,0.927752062800868,"calcite_flush_9_nondim","FOsd2",976
"4",0.0155864997100389,0.00818816050164735,0.0926407773620466,0.0273778160616047,0.0329878774333723,0.0357061444878442,0.0140326587023508,"calcite_flush_9_nondim","TEsd2",976
