"","curr_inflow_rate","curr_diffusion_coef","curr_porosity","curr_gypsum_rate_constant","curr_calcite_rate_constant","curr_gypsum_surface_area","curr_calcite_surface_area","output_var","sobol_type","boot_num"
"1",0.215211658023561,0.026456391310207,0.01086247868317,0.0286730625991632,0.0514307116177196,0.0110073869548932,0.0178869103930558,"calcite_flush_5_nondim","FOmean",1164
"2",0.282177079491663,0.0287136317810607,0.0134189354973107,0.0790077195492348,0.0878974893261183,0.023200842070349,0.0338753286320238,"calcite_flush_5_nondim","TEmean",1164
"3",-2.31062015094368,-5.19106815922525,-32.8678406653751,-621.902922456142,-2075.28527176062,-31.0137288129647,-1774.57704743838,"calcite_flush_5_nondim","FOsd2",1164
"4",455.728954311237,393.311194898594,271.024833196431,64.3758573491157,1344.55779939707,258.000850716428,435.354797000199,"calcite_flush_5_nondim","TEsd2",1164
