"","curr_inflow_rate","curr_diffusion_coef","curr_porosity","curr_gypsum_rate_constant","curr_calcite_rate_constant","curr_gypsum_surface_area","curr_calcite_surface_area","output_var","sobol_type","boot_num"
"1",0.000313116569263414,-1.4523408226383e-05,0.00269837856821485,0.0063230743827131,0.000757619768266223,0.000943031227997585,3.6334429807586e-05,"calcite_flush_7_nondim","FOmean",1966
"2",0.000283190631377861,1.09881247904792e-05,0.00317179475993568,0.00657562000781265,0.00102385610535791,0.000955244587319059,0.00027894278242569,"calcite_flush_7_nondim","TEmean",1966
"3",0.752027549002431,0.607265062262787,0.724316364850423,0.268057770993612,0.726140455042793,0.739770101339023,0.707720260168391,"calcite_flush_7_nondim","FOsd2",1966
"4",0.134023772486713,0.0881698317481146,0.04188400940188,0.526004401992075,0.0427516858264935,0.0344744132695449,0.03904579226344,"calcite_flush_7_nondim","TEsd2",1966
