"","curr_inflow_rate","curr_diffusion_coef","curr_porosity","curr_gypsum_rate_constant","curr_calcite_rate_constant","curr_gypsum_surface_area","curr_calcite_surface_area","output_var","sobol_type","boot_num"
"1",0.00256965594598139,0.000273170550922156,0.000712294290025881,0.0108113778604214,5.28250913703332e-06,0.000124837945470864,5.49386853921162e-05,"calcite_flush_6_nondim","FOmean",901
"2",0.00250300981926481,0.000255314832175205,0.000646073482447796,0.0109310297000288,2.35025624256548e-05,3.85272895682829e-05,1.7650497097274e-05,"calcite_flush_6_nondim","TEmean",901
"3",0.983453804679391,0.982729952039764,0.982637729330734,0.98911437808528,0.988214575873929,0.982767591818696,0.984005892713031,"calcite_flush_6_nondim","FOsd2",901
"4",0.00225676689111345,0.000108948725443152,0.000834479129949942,0.00792871737076175,0.00676652955274036,7.01321068033058e-06,0.00137983112562626,"calcite_flush_6_nondim","TEsd2",901
