"","curr_inflow_rate","curr_diffusion_coef","curr_porosity","curr_gypsum_rate_constant","curr_calcite_rate_constant","curr_gypsum_surface_area","curr_calcite_surface_area","output_var","sobol_type","boot_num"
"1",0.0017821148888204,1.3248192388584e-06,1.04125577883328e-05,0.000132581756007593,0.000110770358233296,-6.19865319865283e-06,2.37950631363641e-05,"calcite_flush_2_nondim","FOmean",1185
"2",0.00175551139851211,1.92123953388912e-05,4.56040272953385e-05,0.000121284205284995,0.000145280650220309,1.07010042720313e-05,7.97565878962329e-05,"calcite_flush_2_nondim","TEmean",1185
"3",0.0592426879569891,-3.95106332286127,-0.120243922144421,-0.135937453743369,0.39012955778409,-0.170683280119481,0.258620261197825,"calcite_flush_2_nondim","FOsd2",1185
"4",0.979551534100257,1.93403512017742,0.835621417225174,1.02293526533496,0.535587988688723,0.0298217862508645,0.718101202364327,"calcite_flush_2_nondim","TEsd2",1185
