"","curr_inflow_rate","curr_diffusion_coef","curr_porosity","curr_gypsum_rate_constant","curr_calcite_rate_constant","curr_gypsum_surface_area","curr_calcite_surface_area","output_var","sobol_type","boot_num"
"1",0.00349653680517087,1.41473745567404e-05,8.66887863902729e-05,0.000119359636138523,0.000423582528195223,2.86710933619805e-06,3.39747243471203e-05,"calcite_flush_2_nondim","FOmean",1177
"2",0.00326631996460099,1.38670625198977e-05,9.64061060859339e-05,0.00028344354558014,0.00042700734616724,2.03946384310173e-05,0.000128882641441628,"calcite_flush_2_nondim","TEmean",1177
"3",0.307871032422273,-1.13336807817219,-41.8425675273049,-17.1324318190762,0.339994408849394,-17.0962922006572,-21.5158264478944,"calcite_flush_2_nondim","FOsd2",1177
"4",10.3897012654164,7.85353142762314,10.8017825673484,1.20410935327039,10.3342975615525,1.02342618615261,3.08782503342942,"calcite_flush_2_nondim","TEsd2",1177
