"","curr_inflow_rate","curr_diffusion_coef","curr_porosity","curr_gypsum_rate_constant","curr_calcite_rate_constant","curr_gypsum_surface_area","curr_calcite_surface_area","output_var","sobol_type","boot_num"
"1",0.27610827080438,0.00163356480558284,0.00269065795685316,0.0223849350832784,0.0386645335057056,0.00319863336180285,0.00767235476856385,"calcite_flush_4_nondim","FOmean",851
"2",0.264633055559299,0.00172925326327352,0.00216589797606777,0.0308844688438936,0.0431487765142133,0.00188794619406503,0.00578523910257503,"calcite_flush_4_nondim","TEmean",851
"3",0.881020352747603,0.94303421500189,0.923884296739653,0.934954788221759,0.858807823224909,0.808395676550265,0.897570515564753,"calcite_flush_4_nondim","FOsd2",851
"4",0.116560944967684,0.0220866140813917,0.0337703990154109,0.0605310287703105,0.0910330700346023,0.103292906942611,0.0420180700319524,"calcite_flush_4_nondim","TEsd2",851
