"","curr_inflow_rate","curr_diffusion_coef","curr_porosity","curr_gypsum_rate_constant","curr_calcite_rate_constant","curr_gypsum_surface_area","curr_calcite_surface_area","output_var","sobol_type","boot_num"
"1",0.136758768562004,-0.00227281102962253,8.54255438301638e-05,0.024616367695727,0.00923621591763953,0.00540479900370331,-0.000440934143305189,"calcite_flush_8_nondim","FOmean",495
"2",0.16017487819835,0.0147419324186221,0.0206223644967719,0.0488877454129498,0.0355691390079763,0.0090945179715524,0.0171568345719207,"calcite_flush_8_nondim","TEmean",495
"3",-30.1967098970435,-12.3979196333225,-25.3085007888986,-10.2114048281386,-11.4438119093669,-13.5846234054487,-12.8755273493197,"calcite_flush_8_nondim","FOsd2",495
"4",2.89783786121208,12.1224952283783,0.761761851682312,10.4321914243539,9.28796321360655,13.6386795658345,12.9994861038778,"calcite_flush_8_nondim","TEsd2",495
