"","curr_inflow_rate","curr_diffusion_coef","curr_porosity","curr_gypsum_rate_constant","curr_calcite_rate_constant","curr_gypsum_surface_area","curr_calcite_surface_area","output_var","sobol_type","boot_num"
"1",0.00787213693649231,1.38918025851824e-05,8.50270011341141e-06,0.000770639198212831,0.000754850595963689,3.28385273087754e-05,0.000274796805565524,"calcite_flush_3_nondim","FOmean",2098
"2",0.00759608781635952,2.49874089000997e-05,0.000147908689692049,0.000637807926233529,0.000862707149300503,0.000104115710873141,0.00024957506424581,"calcite_flush_3_nondim","TEmean",2098
"3",0.504289457121886,-0.627250147954143,-184.674089766856,-0.227626853884763,0.498532020306077,-2.05525016926391,0.255052383378949,"calcite_flush_3_nondim","FOsd2",2098
"4",2.03207163577515,0.335867243065788,180.642017689112,0.436222728600759,1.97431650227432,2.01887829960782,1.42980794873638,"calcite_flush_3_nondim","TEsd2",2098
