"","curr_inflow_rate","curr_diffusion_coef","curr_porosity","curr_gypsum_rate_constant","curr_calcite_rate_constant","curr_gypsum_surface_area","curr_calcite_surface_area","output_var","sobol_type","boot_num"
"1",0.00261283041277177,-1.47061574121889e-05,2.20389035746275e-05,0.000171599787095948,0.000271300454065525,1.88899613995009e-06,4.18483143136318e-05,"calcite_flush_2_nondim","FOmean",1377
"2",0.00270017428866081,1.74780101563329e-05,6.7803334979329e-05,0.000197357309559693,0.000260745959255926,6.81781340224292e-06,6.99679192662092e-05,"calcite_flush_2_nondim","TEmean",1377
"3",-136.68684702681,-136.786061467641,-136.820517793523,-138.725057014735,-136.673988388009,-136.756873362901,-143.528648610858,"calcite_flush_2_nondim","FOsd2",1377
"4",0.297319329431789,0.127227839200444,0.0601376960453144,1.94813750729408,0.239264464697857,0.138940210660053,5.48891703164483,"calcite_flush_2_nondim","TEsd2",1377
