"","curr_inflow_rate","curr_diffusion_coef","curr_porosity","curr_gypsum_rate_constant","curr_calcite_rate_constant","curr_gypsum_surface_area","curr_calcite_surface_area","output_var","sobol_type","boot_num"
"1",0.000191923306928164,-1.49907588292641e-07,0.000216198325815912,0.00116690295953607,0.000456724454937751,8.40628607624613e-05,-8.19878486036995e-08,"calcite_flush_6_nondim","FOmean",2309
"2",0.000179962633044568,8.98356751215336e-08,0.000230010895545326,0.00111260381497323,0.000400413646401106,0.000128145923965132,8.01736856167796e-09,"calcite_flush_6_nondim","TEmean",2309
"3",0.999198691161408,0.999119473496126,0.99909880945567,0.999530959655525,0.999294570537184,0.999097540679497,0.999190720672568,"calcite_flush_6_nondim","FOsd2",2309
"4",0.000107200819791813,2.27398309842057e-05,9.64329740880859e-07,0.000456830267054358,0.000268707611750948,2.10399635718868e-08,0.000104296104259007,"calcite_flush_6_nondim","TEsd2",2309
