"","curr_inflow_rate","curr_diffusion_coef","curr_porosity","curr_gypsum_rate_constant","curr_calcite_rate_constant","curr_gypsum_surface_area","curr_calcite_surface_area","output_var","sobol_type","boot_num"
"1",0.0648083254788929,-6.59655175705699e-05,0.000437681459002852,0.0054040412797458,0.00913311847775704,0.000276895716356168,0.00247496553180914,"calcite_flush_2_nondim","FOmean",2081
"2",0.0641283158784311,0.000209755848618706,0.000733760358163787,0.00669170754555697,0.00793497589764265,0.000633913587051065,0.00372052624878108,"calcite_flush_2_nondim","TEmean",2081
"3",0.844229352398393,0.997527833005592,0.9963145870774,0.9988497662677,0.957112076445183,0.996125841791769,0.998372127299409,"calcite_flush_2_nondim","FOsd2",2081
"4",0.156135113372348,0.0012220532711028,0.00207755911098629,0.000862784223219604,0.0380543045129698,0.00280940999319165,0.00125142139961293,"calcite_flush_2_nondim","TEsd2",2081
