"","curr_inflow_rate","curr_diffusion_coef","curr_porosity","curr_gypsum_rate_constant","curr_calcite_rate_constant","curr_gypsum_surface_area","curr_calcite_surface_area","output_var","sobol_type","boot_num"
"1",0.0171562284549412,0.000112328209684088,-6.75806910870463e-05,0.000976856536192234,0.000864211984730055,2.5682528435071e-05,0.000225337991756606,"calcite_flush_3_nondim","FOmean",1682
"2",0.0163078220658419,6.19284405101942e-05,0.000287189932691467,0.0014486875290283,0.00161283308582885,1.84564452461438e-05,0.000518004246986532,"calcite_flush_3_nondim","TEmean",1682
"3",0.878562779653046,0.873833128282773,0.749562528540041,0.897751589569526,0.914690082978593,0.870219834111482,0.785603552690434,"calcite_flush_3_nondim","FOsd2",1682
"4",0.18356955861224,0.0642264271026593,0.0018399221476602,0.0830311248096034,0.160732267471523,0.0485179954386381,0.0031393148271941,"calcite_flush_3_nondim","TEsd2",1682
