"","curr_inflow_rate","curr_diffusion_coef","curr_porosity","curr_gypsum_rate_constant","curr_calcite_rate_constant","curr_gypsum_surface_area","curr_calcite_surface_area","output_var","sobol_type","boot_num"
"1",0.00217146006661648,2.40983598120274e-05,2.3263201701647e-06,0.000164296435351923,0.000245273708292356,-1.32541211706873e-05,-4.30450018986582e-05,"calcite_flush_2_nondim","FOmean",2129
"2",0.00218225238486071,1.9792604401406e-05,7.24388063680439e-05,0.000327332050752149,0.000342840722124953,4.66199003185268e-05,7.1193618681007e-05,"calcite_flush_2_nondim","TEmean",2129
"3",-5937.16411105019,-478.019223558067,-421.763073616553,-1.25590491849799,-229.476723444632,-2.73543820874707,-126.810986427914,"calcite_flush_2_nondim","FOsd2",2129
"4",6112.10819955088,84.357260054189,44.9692232513213,212.826582334156,3.418086013968,216.410949354872,341.073941610053,"calcite_flush_2_nondim","TEsd2",2129
