"","curr_inflow_rate","curr_diffusion_coef","curr_porosity","curr_gypsum_rate_constant","curr_calcite_rate_constant","curr_gypsum_surface_area","curr_calcite_surface_area","output_var","sobol_type","boot_num"
"1",0.107782415697527,0.00559527307971355,0.00680106654632502,0.037377118168238,0.00849091828444422,0.00156080267371274,0.00586030634497791,"calcite_flush_8_nondim","FOmean",1359
"2",0.149060402820321,0.0130274369276434,0.0161411237804494,0.0578624666825491,0.0285344770640851,0.00750177376639676,0.0199532572249596,"calcite_flush_8_nondim","TEmean",1359
"3",-0.249204704968895,-0.266846332346974,-0.191746303528011,-0.0920055042255783,-1.18313608660627,-0.628257538639986,-6.76639317656534,"calcite_flush_8_nondim","FOsd2",1359
"4",0.15991828061753,0.196184629089718,0.203880650885431,0.28079788363477,0.857923764963886,0.532391356498328,4.83738049250703,"calcite_flush_8_nondim","TEsd2",1359
