"","curr_inflow_rate","curr_diffusion_coef","curr_porosity","curr_gypsum_rate_constant","curr_calcite_rate_constant","curr_gypsum_surface_area","curr_calcite_surface_area","output_var","sobol_type","boot_num"
"1",0.0686539991772059,0.0020280387174189,0.00300367875196693,0.0185079472166619,0.0127616451757915,-0.00169477210742792,-0.00113164139221232,"calcite_flush_9_nondim","FOmean",1048
"2",0.0997483050682237,0.0104666623786228,0.0094153987780022,0.0382076971017409,0.0237400943283973,0.00890775901650537,0.0103374096537312,"calcite_flush_9_nondim","TEmean",1048
"3",-2.2780613776368,-1.47854455424435,-0.873233418841821,-10.6433895417642,-2.35291225788573,-4.41497616106516,-0.514212527753923,"calcite_flush_9_nondim","FOsd2",1048
"4",1.82047716385025,1.24080108288557,0.255082995444971,10.4047033224283,1.68066412321854,3.94531716237678,0.312623744847464,"calcite_flush_9_nondim","TEsd2",1048
