"","curr_inflow_rate","curr_diffusion_coef","curr_porosity","curr_gypsum_rate_constant","curr_calcite_rate_constant","curr_gypsum_surface_area","curr_calcite_surface_area","output_var","sobol_type","boot_num"
"1",0.0641429226112599,-0.00022893224357076,0.00192949779505596,0.0276107738635032,-0.00100363604965161,0.00745935977202842,0.00277641937297691,"calcite_flush_9_nondim","FOmean",2232
"2",0.0811289189571538,0.00648179763320837,0.0101156151535892,0.0385892632745349,0.014832982435399,0.00970923521443222,0.0189774968893552,"calcite_flush_9_nondim","TEmean",2232
"3",0.91404683288794,0.823123684729855,-0.0949428684217282,0.935119970051475,0.777371657691102,0.671196025486429,0.602912104214211,"calcite_flush_9_nondim","FOsd2",2232
"4",0.414913293402402,0.401098868510116,0.238785205488028,0.397676595357639,0.089723733557739,0.631849023903074,0.570872935144896,"calcite_flush_9_nondim","TEsd2",2232
