"","curr_inflow_rate","curr_diffusion_coef","curr_porosity","curr_gypsum_rate_constant","curr_calcite_rate_constant","curr_gypsum_surface_area","curr_calcite_surface_area","output_var","sobol_type","boot_num"
"1",0.00321548086322816,3.59374977806248e-06,2.89304862415272e-05,2.0616075422148e-05,0.000286431763244675,-7.68822454157765e-06,0.00011899358031645,"calcite_flush_2_nondim","FOmean",377
"2",0.00321886356729928,8.24926304918329e-06,2.90328833057499e-05,0.000145896782318533,0.000297728022329469,2.03722366445457e-05,0.000107899721081589,"calcite_flush_2_nondim","TEmean",377
"3",0.998793096132645,0.999593059719824,0.999594519091422,0.995232635045215,0.999576006686098,0.999510496666974,0.999576416167723,"calcite_flush_2_nondim","FOsd2",377
"4",0.000862063384303142,3.03793180633126e-06,7.96514277444871e-06,0.00440483535614744,7.49419369605155e-05,6.17665253428494e-05,5.18877059013619e-05,"calcite_flush_2_nondim","TEsd2",377
