"","curr_inflow_rate","curr_diffusion_coef","curr_porosity","curr_gypsum_rate_constant","curr_calcite_rate_constant","curr_gypsum_surface_area","curr_calcite_surface_area","output_var","sobol_type","boot_num"
"1",6.43288987792005e-05,2.77410465225757e-05,1.44323026111837e-06,0.00202793988782733,0.000115480261683256,0.000154442897940639,2.74405140175817e-06,"calcite_flush_6_nondim","FOmean",1693
"2",9.71839342737367e-05,3.03967444592354e-05,3.96676712305278e-07,0.00208272520073485,0.000101836543851984,9.14122517943694e-05,1.69317003277703e-06,"calcite_flush_6_nondim","TEmean",1693
"3",0.994188551939293,0.993289752676147,0.993109050522035,0.996063987530179,0.995282490507371,0.99322070153219,0.993675281381204,"calcite_flush_6_nondim","FOsd2",1693
"4",0.000939751802014399,0.000102135922653415,1.03407098877104e-05,0.00321246361091749,0.0021910888427676,9.13341150425514e-05,0.000560229699609439,"calcite_flush_6_nondim","TEsd2",1693
