"","curr_inflow_rate","curr_diffusion_coef","curr_porosity","curr_gypsum_rate_constant","curr_calcite_rate_constant","curr_gypsum_surface_area","curr_calcite_surface_area","output_var","sobol_type","boot_num"
"1",0.288505375085594,0.0111833385605805,0.0127745314038404,0.0517055675773302,0.0505657419209934,0.0212185802788902,-0.0108334135783288,"calcite_flush_5_nondim","FOmean",2356
"2",0.337616920038537,0.0120858034074682,0.0211412307396809,0.0596120619466762,0.0751378113115457,0.0165506040099743,0.049400299802877,"calcite_flush_5_nondim","TEmean",2356
"3",0.812329505683329,0.877951340040884,0.61230213086623,0.748422408929097,0.850824027294386,0.783730948240187,0.86158035570369,"calcite_flush_5_nondim","FOsd2",2356
"4",0.200742036665016,0.248618413445365,0.249489727029102,0.3548876174787,0.20356816004819,0.100884290366037,0.224355587281422,"calcite_flush_5_nondim","TEsd2",2356
