"","curr_inflow_rate","curr_diffusion_coef","curr_porosity","curr_gypsum_rate_constant","curr_calcite_rate_constant","curr_gypsum_surface_area","curr_calcite_surface_area","output_var","sobol_type","boot_num"
"1",0.253336002035705,0.0113243731007024,0.0054135513577374,0.0149682172748598,0.0825868940142636,0.013924690212635,0.026049923729376,"calcite_flush_5_nondim","FOmean",1876
"2",0.27320305055841,0.0171980881998053,0.0161988533176519,0.0502777096921395,0.0903956518347995,0.012053533414804,0.0340187048832646,"calcite_flush_5_nondim","TEmean",1876
"3",-0.86013701786776,0.390050879764183,0.117400531042581,-0.0758504109781415,0.417768668847175,-0.940006602117418,0.20524257283811,"calcite_flush_5_nondim","FOsd2",1876
"4",1.10482566946005,0.0661491942910926,0.434879297519497,0.555217748032841,0.0926815892985621,1.55004832543325,0.25950072473932,"calcite_flush_5_nondim","TEsd2",1876
