"","curr_inflow_rate","curr_diffusion_coef","curr_porosity","curr_gypsum_rate_constant","curr_calcite_rate_constant","curr_gypsum_surface_area","curr_calcite_surface_area","output_var","sobol_type","boot_num"
"1",0.10159757143365,0.000588947355403763,0.00379968459425078,0.0149741796083055,0.00502788966466123,0.00200159047381375,0.00150264304637514,"calcite_flush_8_nondim","FOmean",1823
"2",0.121907002420755,0.0109303403835404,0.0122700875347984,0.0371346855270918,0.0200317533646587,0.00802345757092297,0.0116773457009101,"calcite_flush_8_nondim","TEmean",1823
"3",-0.890259670165743,-1.11369948203274,-1.11724075628102,-0.660363445014965,-2.15673761522326,-0.691098584060864,-2.75263979790019,"calcite_flush_8_nondim","FOsd2",1823
"4",1.54668848383671,0.314234903633985,0.947396176723104,1.54720353086821,1.35831256510994,0.915508671735937,0.594260141271321,"calcite_flush_8_nondim","TEsd2",1823
