"","curr_inflow_rate","curr_diffusion_coef","curr_porosity","curr_gypsum_rate_constant","curr_calcite_rate_constant","curr_gypsum_surface_area","curr_calcite_surface_area","output_var","sobol_type","boot_num"
"1",0.00659269782812914,-4.86321573285952e-05,8.22547212441812e-05,0.000353550369469265,0.000435706596199091,1.56536861476216e-05,0.000137578528276621,"calcite_flush_3_nondim","FOmean",1130
"2",0.00688380313061038,2.92080916159206e-05,8.67773801560452e-05,0.000512503600911227,0.000581200268447812,3.70267779341941e-05,0.000190969399586392,"calcite_flush_3_nondim","TEmean",1130
"3",0.729797683621577,0.700946566337028,0.675039137660373,0.720404549743412,0.724076009070899,0.728703466301507,0.71975341495433,"calcite_flush_3_nondim","FOsd2",1130
"4",0.0165584380016276,0.00684616561842063,0.0233391052875102,0.00568128820737944,0.0207157650430458,0.0037876647293194,0.0152127412225463,"calcite_flush_3_nondim","TEsd2",1130
