"","curr_inflow_rate","curr_diffusion_coef","curr_porosity","curr_gypsum_rate_constant","curr_calcite_rate_constant","curr_gypsum_surface_area","curr_calcite_surface_area","output_var","sobol_type","boot_num"
"1",0.0988440149202928,0.00127296163554641,-0.00114675587763334,0.0178047389845106,0.0124296397163506,0.000788811866850311,0.00220882545518984,"calcite_flush_4_nondim","FOmean",1515
"2",0.100971409366062,0.00138551722259833,0.000239450994748983,0.0197687092708877,0.0167066629812392,0.00106504061350234,0.00354133569541969,"calcite_flush_4_nondim","TEmean",1515
"3",0.995748031471783,0.997208095094921,0.998223686272465,0.997862300790363,0.998074299122573,0.992738471013401,0.703486087533651,"calcite_flush_4_nondim","FOsd2",1515
"4",0.00601594777082319,0.00121519012227332,0.00261233207923449,0.00262710424562814,0.00255246684119548,0.00282490835444397,0.295939346914986,"calcite_flush_4_nondim","TEsd2",1515
