"","curr_inflow_rate","curr_diffusion_coef","curr_porosity","curr_gypsum_rate_constant","curr_calcite_rate_constant","curr_gypsum_surface_area","curr_calcite_surface_area","output_var","sobol_type","boot_num"
"1",0.0107665297469303,-2.74317726043793e-05,8.41806170397229e-05,0.000884423026904964,0.000843532129247972,-1.76567958803896e-05,0.000164902614076584,"calcite_flush_3_nondim","FOmean",1882
"2",0.0111635676339848,6.29059838605244e-05,0.000115211901673567,0.00105965135008524,0.00103567562723288,2.89113576691358e-05,0.000321637094861881,"calcite_flush_3_nondim","TEmean",1882
"3",0.710239641133537,0.975398136692368,0.923821807120608,0.972398629844978,0.92634224078583,0.969810593706544,0.97100045457703,"calcite_flush_3_nondim","FOsd2",1882
"4",0.288009702538166,0.0180265090596637,0.0219514467776682,0.00813540816864763,0.0697290670258081,0.00933286046343519,0.00766982883930066,"calcite_flush_3_nondim","TEsd2",1882
