"","curr_inflow_rate","curr_diffusion_coef","curr_porosity","curr_gypsum_rate_constant","curr_calcite_rate_constant","curr_gypsum_surface_area","curr_calcite_surface_area","output_var","sobol_type","boot_num"
"1",0.00462988566854352,-1.49555893215943e-05,2.02889435626452e-05,5.50973091643247e-05,0.000260962797362096,-6.63686259670358e-06,9.33334828048232e-06,"calcite_flush_2_nondim","FOmean",825
"2",0.00474558505666129,8.88423633523353e-06,1.48163240355681e-05,0.000163521438012633,0.000310573174624809,1.18988928624494e-05,8.624108094798e-05,"calcite_flush_2_nondim","TEmean",825
"3",0.823617397849578,0.824735127094779,0.825286540663034,0.57397160195556,0.824263770285926,0.825251769804243,0.822858685137864,"calcite_flush_2_nondim","FOsd2",825
"4",0.00215566461451676,0.000396532996985434,0.000100823267025424,0.251052795638728,0.00182085821552367,3.41783177722593e-05,0.00226789721123655,"calcite_flush_2_nondim","TEsd2",825
