"","curr_inflow_rate","curr_diffusion_coef","curr_porosity","curr_gypsum_rate_constant","curr_calcite_rate_constant","curr_gypsum_surface_area","curr_calcite_surface_area","output_var","sobol_type","boot_num"
"1",0.0896125259009316,-0.00208711467375807,-0.00253044162283436,0.0385874586395222,0.00772098274352844,-0.00313228536325334,0.00678918373472815,"calcite_flush_9_nondim","FOmean",752
"2",0.135942316207843,0.0124615559925563,0.00975503011688627,0.0500618678103973,0.0196093627522457,0.0104592287438185,0.0189176050598372,"calcite_flush_9_nondim","TEmean",752
"3",0.870297125514683,0.68739081779945,0.895625726477309,0.816912334291806,0.949768494345217,0.943661495203438,0.918464189791659,"calcite_flush_9_nondim","FOsd2",752
"4",0.0932502606903516,0.28172865546627,0.0692451047042973,0.161158093064179,0.0295196980615476,0.0129524385358857,0.0516188920746602,"calcite_flush_9_nondim","TEsd2",752
