"","curr_inflow_rate","curr_diffusion_coef","curr_porosity","curr_gypsum_rate_constant","curr_calcite_rate_constant","curr_gypsum_surface_area","curr_calcite_surface_area","output_var","sobol_type","boot_num"
"1",0.270030436441228,0.0136657799038455,0.00937017029332752,0.0624076548183856,0.0592533502265192,0.0159219964004462,0.0200111417004295,"calcite_flush_5_nondim","FOmean",1636
"2",0.273403557396494,0.0123625155817335,0.0183328533772917,0.0762606398049986,0.0956790887293878,0.0190440534410541,0.0280142919660771,"calcite_flush_5_nondim","TEmean",1636
"3",0.905679819963967,0.918758154927092,0.92450606501896,0.91186380895858,0.926625154316837,0.902950483444701,0.888123322208703,"calcite_flush_5_nondim","FOsd2",1636
"4",0.0547106667250508,0.0497066424274447,0.022245146847666,0.0616021548153576,0.0473654772910639,0.0259314243497312,0.0406802992834185,"calcite_flush_5_nondim","TEsd2",1636
