"","curr_inflow_rate","curr_diffusion_coef","curr_porosity","curr_gypsum_rate_constant","curr_calcite_rate_constant","curr_gypsum_surface_area","curr_calcite_surface_area","output_var","sobol_type","boot_num"
"1",0.263185807618775,-0.011420318646922,-0.00184184734636133,0.0327899592530037,0.0763982916858294,0.0169169959801813,0.0238018703312291,"calcite_flush_5_nondim","FOmean",2380
"2",0.302503102415083,0.0181323281235616,0.0183805926668903,0.0603358963768399,0.101605074407674,0.0201597519054813,0.0339306340104561,"calcite_flush_5_nondim","TEmean",2380
"3",-1.15125482713072,-0.912853765323053,-1.45284599011821,-0.32444725145127,-30.5538491435129,-0.661899493083501,-0.514050878984767,"calcite_flush_5_nondim","FOsd2",2380
"4",1.32422778748474,0.80002939104735,1.33636333040757,0.800909640201776,30.615654216601,0.900345577743762,0.466762591296343,"calcite_flush_5_nondim","TEsd2",2380
