"","curr_inflow_rate","curr_diffusion_coef","curr_porosity","curr_gypsum_rate_constant","curr_calcite_rate_constant","curr_gypsum_surface_area","curr_calcite_surface_area","output_var","sobol_type","boot_num"
"1",0.0647064700598826,4.54401034079789e-06,0.00055344694256252,0.00394922174338026,0.00348903268786505,0.00021307722475074,0.00184036320795511,"calcite_flush_3_nondim","FOmean",2218
"2",0.0658728718887441,0.000151117726573122,0.000773665656811467,0.00546245092006904,0.00471900466318281,0.000286226063538213,0.00191196294392962,"calcite_flush_3_nondim","TEmean",2218
"3",0.996126003186316,0.994718751889105,0.99420570998797,0.995470520537855,0.993059657026028,0.994090350816251,0.994522757356019,"calcite_flush_3_nondim","FOsd2",2218
"4",0.00163826818530515,0.0012896017602953,0.0013758057545211,0.000200555441299129,0.00453070982037113,0.0021294213461301,9.29076823093482e-06,"calcite_flush_3_nondim","TEsd2",2218
