"","curr_inflow_rate","curr_diffusion_coef","curr_porosity","curr_gypsum_rate_constant","curr_calcite_rate_constant","curr_gypsum_surface_area","curr_calcite_surface_area","output_var","sobol_type","boot_num"
"1",0.222531370598239,0.00108870258639489,0.000577730725882243,0.0389226816782623,0.0279664181922957,0.001466093741753,0.00660431788162901,"calcite_flush_4_nondim","FOmean",1267
"2",0.222876375513228,0.001723924203901,0.00169728932964461,0.0527195831260466,0.0483614177001742,0.00271292777971757,0.00805621285806664,"calcite_flush_4_nondim","TEmean",1267
"3",-1.32461487750983,0.256862515675841,0.0871761611558074,0.0188154948059134,0.0989924706207573,0.427170554073683,0.52770884244977,"calcite_flush_4_nondim","FOsd2",1267
"4",2.48565669341108,0.0240683396643573,0.0343623600483489,0.864533140663302,0.907446909145585,0.248974702459945,0.334326320312136,"calcite_flush_4_nondim","TEsd2",1267
