"","curr_inflow_rate","curr_diffusion_coef","curr_porosity","curr_gypsum_rate_constant","curr_calcite_rate_constant","curr_gypsum_surface_area","curr_calcite_surface_area","output_var","sobol_type","boot_num"
"1",0.00119843234003831,-8.56024755225855e-07,0.000316769100277362,0.00225595831169628,4.43334695273315e-05,0.000260471500693365,-6.6369177943977e-06,"calcite_flush_6_nondim","FOmean",1285
"2",0.0012689742164895,1.70554186330509e-06,0.000384548354859469,0.00229877644210587,6.8984561620077e-05,0.000241327919977597,1.79777581559177e-05,"calcite_flush_6_nondim","TEmean",1285
"3",0.979404875872668,0.977315941087177,0.977655680045806,0.987460731483165,0.982934003450323,0.977309426935877,0.977228432522801,"calcite_flush_6_nondim","FOsd2",1285
"4",0.00426962742162339,2.19350637328278e-05,0.000517631690647189,0.0155009783361752,0.00546215311046172,4.98229494972025e-06,0.000885959365347005,"calcite_flush_6_nondim","TEsd2",1285
