"","curr_inflow_rate","curr_diffusion_coef","curr_porosity","curr_gypsum_rate_constant","curr_calcite_rate_constant","curr_gypsum_surface_area","curr_calcite_surface_area","output_var","sobol_type","boot_num"
"1",0.0066092500387027,4.30161555203197e-05,6.37687071336106e-05,0.000381210114938047,0.000794794138180322,2.02947836185772e-05,0.000217986116403256,"calcite_flush_3_nondim","FOmean",1082
"2",0.0068057701404557,1.64832900043538e-05,8.47862983111223e-05,0.000346716968498391,0.000940034757765772,2.21694842731169e-05,0.000193471299469269,"calcite_flush_3_nondim","TEmean",1082
"3",0.999772458889288,0.99981362852185,0.999831507339751,0.999750873375587,0.999867704429188,0.999759643184174,0.999669866000687,"calcite_flush_3_nondim","FOsd2",1082
"4",0.000218991989158703,1.76722146757524e-05,3.70946899810483e-05,3.74901223999693e-05,0.000103654928668488,2.32303010519417e-05,0.000246266622553473,"calcite_flush_3_nondim","TEsd2",1082
