"","curr_inflow_rate","curr_diffusion_coef","curr_porosity","curr_gypsum_rate_constant","curr_calcite_rate_constant","curr_gypsum_surface_area","curr_calcite_surface_area","output_var","sobol_type","boot_num"
"1",0.00239961200872819,1.09982407904699e-05,0.00109987555637943,0.00782715407403173,0.000991964948252299,0.000660199519011796,0.000107737035462419,"calcite_flush_6_nondim","FOmean",1453
"2",0.0023008322821539,2.34979195327557e-06,0.00111349237554888,0.00766032336317892,0.00116929287375119,0.000545142049250601,0.000152815823903751,"calcite_flush_6_nondim","TEmean",1453
"3",0.987114155530668,0.98446485321128,0.984826369718384,0.992720156481025,0.988409796431426,0.984339548954415,0.98494352403973,"calcite_flush_6_nondim","FOsd2",1453
"4",0.00261237911418794,0.000132581577410097,0.000537152916198395,0.00800588960933938,0.00424776191818171,1.09809198461325e-06,0.000731713094986863,"calcite_flush_6_nondim","TEsd2",1453
