"","curr_inflow_rate","curr_diffusion_coef","curr_porosity","curr_gypsum_rate_constant","curr_calcite_rate_constant","curr_gypsum_surface_area","curr_calcite_surface_area","output_var","sobol_type","boot_num"
"1",0.145450160303911,0.0013640271710583,-0.000131958993700348,0.0200712783487327,0.0290101903361342,0.00302589464484811,0.00849327202934252,"calcite_flush_4_nondim","FOmean",2075
"2",0.140654320263781,0.00105915579579611,0.00146316833769705,0.0267205355099194,0.0270684470535157,0.00158263772166714,0.00685042901259214,"calcite_flush_4_nondim","TEmean",2075
"3",0.996469659260311,0.991345495080997,0.995957029593007,0.991222022573373,0.996865560781625,0.996800537939752,0.927708217993291,"calcite_flush_4_nondim","FOsd2",2075
"4",0.00600576962781857,9.92133542751834e-06,0.00498951208202726,0.00943247332011067,0.00657651804643476,0.00315749023741388,0.0353258949822192,"calcite_flush_4_nondim","TEsd2",2075
