"","curr_inflow_rate","curr_diffusion_coef","curr_porosity","curr_gypsum_rate_constant","curr_calcite_rate_constant","curr_gypsum_surface_area","curr_calcite_surface_area","output_var","sobol_type","boot_num"
"1",0.0954564962282518,-0.00118301413448211,0.00446113858952822,0.0322182690271784,0.00385672472362022,0.00338486448097391,0.00759386742278409,"calcite_flush_9_nondim","FOmean",2160
"2",0.130472426297247,0.00766981561517694,0.0110621551335222,0.0480866182265641,0.0217242734394751,0.00657976826050015,0.0170921304314616,"calcite_flush_9_nondim","TEmean",2160
"3",0.861619319572737,0.814059014938538,0.918064376301904,0.905799696333521,0.914109991153534,0.901844721880901,0.923160519093049,"calcite_flush_9_nondim","FOsd2",2160
"4",0.0635559018322456,0.0915768778154993,0.0207061942122661,0.0158890725394791,0.0307540847493359,0.0293532732645204,0.0190512963807512,"calcite_flush_9_nondim","TEsd2",2160
