"","curr_inflow_rate","curr_diffusion_coef","curr_porosity","curr_gypsum_rate_constant","curr_calcite_rate_constant","curr_gypsum_surface_area","curr_calcite_surface_area","output_var","sobol_type","boot_num"
"1",0.199515251351361,0.00625967062625881,0.00102514805018162,0.0350295693570526,0.0864650182318703,0.029861139646103,-0.0031949408637722,"calcite_flush_5_nondim","FOmean",820
"2",0.242170419672926,0.0148361997349028,0.0159506272830729,0.0700778253992834,0.0998468396975346,0.0207013301647709,0.0442627172627381,"calcite_flush_5_nondim","TEmean",820
"3",-0.028279390791615,0.320838603147904,-18.8663888716938,0.0462997272270194,0.550472640976188,-0.150546819716904,0.195626272336888,"calcite_flush_5_nondim","FOsd2",820
"4",2.25773565854468,0.835050186639577,16.0119614332706,1.95567731772054,1.62691746145392,1.57317608686235,1.72721085651779,"calcite_flush_5_nondim","TEsd2",820
