"","curr_inflow_rate","curr_diffusion_coef","curr_porosity","curr_gypsum_rate_constant","curr_calcite_rate_constant","curr_gypsum_surface_area","curr_calcite_surface_area","output_var","sobol_type","boot_num"
"1",0.00914470772159367,-6.68663125886978e-05,0.000159936255203697,0.00054017192530288,0.00105861517092473,2.6815053395345e-05,0.000122100751178119,"calcite_flush_3_nondim","FOmean",1498
"2",0.00901221966346713,4.64841413322834e-05,5.98497259382765e-05,0.000561298263969619,0.00104322377889758,2.39492109206187e-05,0.000200091356690146,"calcite_flush_3_nondim","TEmean",1498
"3",0.737367509255343,0.994615194617441,0.996249770433391,0.536209068841412,0.989719083638163,0.993919741830126,0.968012245977438,"calcite_flush_3_nondim","FOsd2",1498
"4",0.265231688474367,0.00145667259609295,0.00551494896053369,0.384411228981557,0.0142027421496936,0.00180647575340494,0.0185085357198152,"calcite_flush_3_nondim","TEsd2",1498
