"","curr_inflow_rate","curr_diffusion_coef","curr_porosity","curr_gypsum_rate_constant","curr_calcite_rate_constant","curr_gypsum_surface_area","curr_calcite_surface_area","output_var","sobol_type","boot_num"
"1",0.0775970141414552,-0.00349195509786902,0.00346872661972433,0.0122135790643529,0.00315859305412128,0.00429086860272243,-0.000780322008087437,"calcite_flush_9_nondim","FOmean",1312
"2",0.0949677273955965,0.00688096255622102,0.0120828353932982,0.0307635518112815,0.0175713253905167,0.00540211979202215,0.00988633599836217,"calcite_flush_9_nondim","TEmean",1312
"3",-4.09646324124778,-4.05542301683394,-5.2977819460259,-4.04877626411109,-4.1363762060938,-4.10024858287437,-4.06832689643954,"calcite_flush_9_nondim","FOsd2",1312
"4",0.0475429455930734,0.0222468339099154,1.14988607127481,0.0275126600779525,0.0815367753512298,0.0448076094499004,0.0150293475378313,"calcite_flush_9_nondim","TEsd2",1312
