"","curr_inflow_rate","curr_diffusion_coef","curr_porosity","curr_gypsum_rate_constant","curr_calcite_rate_constant","curr_gypsum_surface_area","curr_calcite_surface_area","output_var","sobol_type","boot_num"
"1",0.272888956043823,0.00528640115178761,0.0124050498620101,0.0295496762501605,0.0404013761686268,0.00571040778173283,0.0159953727746635,"calcite_flush_5_nondim","FOmean",1988
"2",0.331811408774036,0.0111490230176909,0.0158228885465375,0.058592393220883,0.0902412523851714,0.0154579215763069,0.0311569590141322,"calcite_flush_5_nondim","TEmean",1988
"3",0.115450155974968,0.519221526211652,-1.43037667421775,0.729871525236333,0.10582802100594,-0.270230637958933,-9.4624502636729,"calcite_flush_5_nondim","FOsd2",1988
"4",0.9347219173659,0.230211566879513,2.03076829440909,0.880120438353818,1.26932147588093,0.859405079799788,8.85986380925563,"calcite_flush_5_nondim","TEsd2",1988
