"","curr_inflow_rate","curr_diffusion_coef","curr_porosity","curr_gypsum_rate_constant","curr_calcite_rate_constant","curr_gypsum_surface_area","curr_calcite_surface_area","output_var","sobol_type","boot_num"
"1",0.000616365242922879,2.24052868309211e-05,7.42415310274612e-05,0.00254385578027057,4.19840521779958e-05,4.18970358664839e-05,3.20837771982408e-05,"calcite_flush_6_nondim","FOmean",957
"2",0.000616511007881615,1.35464854070045e-05,7.8683232723013e-05,0.00259163449556453,6.77445295326765e-05,7.82731605484912e-05,1.84153355817017e-05,"calcite_flush_6_nondim","TEmean",957
"3",0.992101042299364,0.99115574090931,0.991138332433932,0.994647816500197,0.99425243534694,0.991127313856331,0.991369725811667,"calcite_flush_6_nondim","FOsd2",957
"4",0.00104620311505754,1.9209003632133e-06,3.44694764461198e-08,0.00430264880696065,0.00396743267583804,1.34223700461727e-06,0.000596243583132133,"calcite_flush_6_nondim","TEsd2",957
