"","curr_inflow_rate","curr_diffusion_coef","curr_porosity","curr_gypsum_rate_constant","curr_calcite_rate_constant","curr_gypsum_surface_area","curr_calcite_surface_area","output_var","sobol_type","boot_num"
"1",0.0039196241744104,0.000154315300230887,0.00144635831107651,0.00515050968793727,0.000163141149872238,0.00101902121618834,5.46929333166722e-05,"calcite_flush_7_nondim","FOmean",1150
"2",0.00425169615052222,0.000229338933953308,0.00138696893642949,0.00512753243806096,8.73763194134152e-05,0.000867619217421066,3.41394697442272e-05,"calcite_flush_7_nondim","TEmean",1150
"3",0.987954880197532,0.9870963958511,0.987058727948796,0.994361893572226,0.988813274229539,0.987023442679836,0.987371244695621,"calcite_flush_7_nondim","FOsd2",1150
"4",0.00257749057963177,1.76002967046178e-05,0.000961672350409804,0.00814819324298382,0.0030287840498334,0.000339821471421139,0.000256538555387289,"calcite_flush_7_nondim","TEsd2",1150
