"","curr_inflow_rate","curr_diffusion_coef","curr_porosity","curr_gypsum_rate_constant","curr_calcite_rate_constant","curr_gypsum_surface_area","curr_calcite_surface_area","output_var","sobol_type","boot_num"
"1",0.000583030170991418,0.0015169141569631,0.00406190726110568,0.0153749084501815,0.00380643597996556,0.000397010026962304,0.000416897655266168,"calcite_flush_7_nondim","FOmean",2246
"2",0.000449898677128559,0.00125569877187363,0.00442934379481096,0.0152072980604797,0.00389520493275981,0.00017039458042642,0.000534205213512292,"calcite_flush_7_nondim","TEmean",2246
"3",0.887548567259346,0.766427565411144,0.866912819708531,0.746518415862506,0.853824760773478,0.796244604641973,0.7405922137771,"calcite_flush_7_nondim","FOsd2",2246
"4",0.171548211424584,0.096132388972777,0.123903579304337,0.0806266639085816,0.0931890794557524,0.0186157130537667,0.105776907312993,"calcite_flush_7_nondim","TEsd2",2246
