"","curr_inflow_rate","curr_diffusion_coef","curr_porosity","curr_gypsum_rate_constant","curr_calcite_rate_constant","curr_gypsum_surface_area","curr_calcite_surface_area","output_var","sobol_type","boot_num"
"1",0.254544528915239,-0.000565636914728862,-0.000336191613102677,0.0351633788610118,0.0465766250348484,-0.000438084009155559,0.00343530979168085,"calcite_flush_4_nondim","FOmean",795
"2",0.245908028623919,0.000587993472840159,0.000857158452999929,0.0360111963943828,0.0527750825198192,0.000808569882987068,0.00467551856642894,"calcite_flush_4_nondim","TEmean",795
"3",-598566.462166371,-8282564.4825952,-3754266.15428386,-696948.891735715,-4888493895562.24,-426791.080382601,-427637.792510819,"calcite_flush_4_nondim","FOsd2",795
"4",11641011.0445324,632830.575105969,16223959.0804912,11692134.7359581,4872625970947.66,12894154.893402,12814675.6757731,"calcite_flush_4_nondim","TEsd2",795
