"","curr_inflow_rate","curr_diffusion_coef","curr_porosity","curr_gypsum_rate_constant","curr_calcite_rate_constant","curr_gypsum_surface_area","curr_calcite_surface_area","output_var","sobol_type","boot_num"
"1",0.000155876270176801,2.5884709623116e-05,0.000819870584102206,0.00329695062770206,0.000315263136852071,0.000319055683042633,-6.29646087146755e-07,"calcite_flush_6_nondim","FOmean",1973
"2",0.000221225314960655,9.58086513555614e-06,0.000879678109897456,0.00345268127322736,0.000321950855624262,0.000278901814560019,1.31118492936036e-05,"calcite_flush_6_nondim","TEmean",1973
"3",0.988233671661661,0.987956131568862,0.989677114692241,0.992597093776058,0.990734725212499,0.987894919385201,0.988117245780734,"calcite_flush_6_nondim","FOsd2",1973
"4",0.0006511477013021,4.76459499393543e-05,0.00336126470964351,0.00509960948676493,0.00341454282127106,9.51336343838269e-05,0.000758705890410424,"calcite_flush_6_nondim","TEsd2",1973
