"","curr_inflow_rate","curr_diffusion_coef","curr_porosity","curr_gypsum_rate_constant","curr_calcite_rate_constant","curr_gypsum_surface_area","curr_calcite_surface_area","output_var","sobol_type","boot_num"
"1",0.00776489638022074,-8.75057034323952e-06,2.10764039769249e-06,0.000445345899446239,0.000429507675422386,-1.48486819561829e-05,0.000166919277502018,"calcite_flush_3_nondim","FOmean",1914
"2",0.00787614259768337,2.04659137611083e-05,6.42758967382802e-05,0.000418445520155622,0.000657467551940018,3.47312693495247e-05,0.000211479632906987,"calcite_flush_3_nondim","TEmean",1914
"3",0.994526999032425,0.999132798477617,0.99922895870951,0.981739675975351,0.998890816590023,0.999310951061483,0.999186230260836,"calcite_flush_3_nondim","FOsd2",1914
"4",0.00519081522557446,0.000195900566483252,1.48903640876814e-05,0.0158016766504638,0.000639844092207255,5.35050338721691e-05,0.00017048591496993,"calcite_flush_3_nondim","TEsd2",1914
