"","curr_inflow_rate","curr_diffusion_coef","curr_porosity","curr_gypsum_rate_constant","curr_calcite_rate_constant","curr_gypsum_surface_area","curr_calcite_surface_area","output_var","sobol_type","boot_num"
"1",0.00165370785992407,0.00145257296110545,0.00694165482317425,0.0140092493583188,0.00166244830929392,0.000352591640469666,1.26870698603291e-05,"calcite_flush_7_nondim","FOmean",2278
"2",0.00171866657466991,0.00119101765878137,0.00674553836255726,0.0128881199919862,0.00167410881927167,0.000471489378646621,1.43481673291621e-06,"calcite_flush_7_nondim","TEmean",2278
"3",0.89510223201372,0.876563135878713,0.859872284394146,0.900073254918724,0.910866417703232,0.873656315041012,0.895205322079512,"calcite_flush_7_nondim","FOsd2",2278
"4",0.0605148913376857,0.00673481577737224,0.0187798871287193,0.0426480737127033,0.0358498483725308,0.0257081377773302,0.024764047465967,"calcite_flush_7_nondim","TEsd2",2278
