"","curr_inflow_rate","curr_diffusion_coef","curr_porosity","curr_gypsum_rate_constant","curr_calcite_rate_constant","curr_gypsum_surface_area","curr_calcite_surface_area","output_var","sobol_type","boot_num"
"1",0.000581530969878979,8.54448437179016e-06,0.000343045082207469,0.00236075052912022,3.2441526361529e-05,0.000128574438708695,0.00012338407257796,"calcite_flush_6_nondim","FOmean",1181
"2",0.000669773793680311,1.35933945273499e-05,0.000235106898534695,0.00237357529459258,2.71871082773825e-05,0.000125612745925225,8.59826336793408e-05,"calcite_flush_6_nondim","TEmean",1181
"3",0.991478851712129,0.991231288773472,0.991082387321595,0.997094367173574,0.992401883254561,0.99105903461409,0.991426676534152,"calcite_flush_6_nondim","FOsd2",1181
"4",0.000723250874323734,0.000130011557478886,3.71996355507662e-05,0.00651719471476058,0.00138295674513011,1.25851383267673e-05,0.000459558805110432,"calcite_flush_6_nondim","TEsd2",1181
