"","curr_inflow_rate","curr_diffusion_coef","curr_porosity","curr_gypsum_rate_constant","curr_calcite_rate_constant","curr_gypsum_surface_area","curr_calcite_surface_area","output_var","sobol_type","boot_num"
"1",0.0670233124752084,0.00391108504949331,0.00266049562196206,0.0286326224696272,0.00835680542869457,0.00336918050428773,-0.00388584393480336,"calcite_flush_9_nondim","FOmean",1464
"2",0.0870994030546632,0.0074590193248837,0.00945981020712283,0.0403775078246579,0.0171800999158437,0.00653498373636723,0.0153974984179161,"calcite_flush_9_nondim","TEmean",1464
"3",0.980527360295275,0.979211427459586,0.948437388755321,0.979049556835012,0.981008697580483,0.979605914028519,0.971398631520809,"calcite_flush_9_nondim","FOsd2",1464
"4",0.0044388369135749,0.00615567435694594,0.0315824005160205,0.00177557794159316,0.00286391714069226,0.00716358598529499,0.0055097683613525,"calcite_flush_9_nondim","TEsd2",1464
