"","curr_inflow_rate","curr_diffusion_coef","curr_porosity","curr_gypsum_rate_constant","curr_calcite_rate_constant","curr_gypsum_surface_area","curr_calcite_surface_area","output_var","sobol_type","boot_num"
"1",0.105578470391264,-0.000545458214237596,0.000264029861507491,0.0460118029393583,-0.00368241111775192,0.00425891417943729,-0.0046360800702957,"calcite_flush_8_nondim","FOmean",615
"2",0.131345081386242,0.0113599566439517,0.015963813613801,0.0718275429762399,0.026255824127231,0.010162097371379,0.01491712872757,"calcite_flush_8_nondim","TEmean",615
"3",0.505899280356312,-1.17918680280293,-5.18248162444869,0.878968918420268,0.80229609114559,0.540323663629167,0.49123246053223,"calcite_flush_8_nondim","FOsd2",615
"4",0.145316098042116,2.14450121031733,6.17833782013552,0.224493946673426,0.193124972207705,0.165017703117618,0.429568946507764,"calcite_flush_8_nondim","TEsd2",615
