"","curr_inflow_rate","curr_diffusion_coef","curr_porosity","curr_gypsum_rate_constant","curr_calcite_rate_constant","curr_gypsum_surface_area","curr_calcite_surface_area","output_var","sobol_type","boot_num"
"1",0.00149082108179997,-9.12531854368363e-07,0.000189167808679021,0.00369744013554682,9.98105398412309e-05,3.85828025486307e-05,7.76799187774863e-06,"calcite_flush_6_nondim","FOmean",2381
"2",0.0013803216037014,2.4529914089463e-06,0.000254060311247907,0.00357405060963651,9.5493014431726e-05,7.06723910608201e-05,7.50859619912007e-06,"calcite_flush_6_nondim","TEmean",2381
"3",0.985062117270198,0.980101658622943,0.980093095544608,0.986976262445505,0.982984190399151,0.980913342994159,0.980602022986567,"calcite_flush_6_nondim","FOsd2",2381
"4",0.00624643563818913,3.00396651143813e-06,0.000134448714151294,0.0102473624733221,0.006460898550075,0.000450296569493992,0.00155759438130217,"calcite_flush_6_nondim","TEsd2",2381
