"","curr_inflow_rate","curr_diffusion_coef","curr_porosity","curr_gypsum_rate_constant","curr_calcite_rate_constant","curr_gypsum_surface_area","curr_calcite_surface_area","output_var","sobol_type","boot_num"
"1",0.0656540233286508,-0.000763159699611558,0.00473243191349603,0.00893903136951638,-0.00180549556237302,0.00310506197391984,0.0021983504968358,"calcite_flush_9_nondim","FOmean",1384
"2",0.0909789749644851,0.00462125205142379,0.00958912654140106,0.0299256417073697,0.0193684931010167,0.0086680825183816,0.0114646658155403,"calcite_flush_9_nondim","TEmean",1384
"3",-51.6057015313733,-0.537677137342293,-1.45109547478789,-3.94805961797208,-0.528823583041718,-12.6414475653895,-3.90565580010349,"calcite_flush_9_nondim","FOsd2",1384
"4",55.4017649993288,3.26524002567613,1.84501986872728,5.58401659602691,4.3682573334163,11.0911587682279,6.59504742251977,"calcite_flush_9_nondim","TEsd2",1384
