"","curr_inflow_rate","curr_diffusion_coef","curr_porosity","curr_gypsum_rate_constant","curr_calcite_rate_constant","curr_gypsum_surface_area","curr_calcite_surface_area","output_var","sobol_type","boot_num"
"1",0.122327971517221,0.00154147173882904,0.00389488556825608,0.0370649082173562,-0.00310795989389548,0.00177706147013948,0.0013051464455805,"calcite_flush_8_nondim","FOmean",1247
"2",0.134749859428501,0.0112263873234565,0.0122786965833215,0.0616732822445876,0.0227144542489758,0.00952204985966864,0.0174025211656601,"calcite_flush_8_nondim","TEmean",1247
"3",-1.72789435409736,-2.11926506869072,-154.389357119631,0.393777712208955,-632.036641038839,-1304.58750877325,-2218.91010154051,"calcite_flush_8_nondim","FOsd2",1247
"4",5915.18670089917,6155.78990839727,6095.26667942101,6153.80932171888,2851.72669341312,1792.62669820561,2305.47242838044,"calcite_flush_8_nondim","TEsd2",1247
