"","curr_inflow_rate","curr_diffusion_coef","curr_porosity","curr_gypsum_rate_constant","curr_calcite_rate_constant","curr_gypsum_surface_area","curr_calcite_surface_area","output_var","sobol_type","boot_num"
"1",0.000350149398667765,4.87519391003447e-05,0.000315667712637401,0.00233141275463836,0.000356833632771448,0.000633461615650044,5.75968850834332e-07,"calcite_flush_6_nondim","FOmean",341
"2",0.000365293833831274,2.94086220468628e-05,0.000271367318461011,0.00246770105422226,0.000358362206975561,0.000601640308192652,8.96433642575288e-07,"calcite_flush_6_nondim","TEmean",341
"3",0.991119001051597,0.990245579819961,0.990252606431886,0.99542574208136,0.992024196203147,0.990057783499295,0.99066656236232,"calcite_flush_6_nondim","FOsd2",341
"4",0.00116100263796429,0.000123414750261808,0.000408617143822232,0.00533571516422178,0.00201026496227001,9.68923458124003e-07,0.00114620441800577,"calcite_flush_6_nondim","TEsd2",341
