"","curr_inflow_rate","curr_diffusion_coef","curr_porosity","curr_gypsum_rate_constant","curr_calcite_rate_constant","curr_gypsum_surface_area","curr_calcite_surface_area","output_var","sobol_type","boot_num"
"1",0.106793774331882,0.00985494995389793,0.00891499719766964,0.0191303969205795,0.0113876061534033,0.00388563816901914,0.000777753334536193,"calcite_flush_8_nondim","FOmean",935
"2",0.141915277213348,0.0134959050783694,0.0183377524346747,0.0462083050301904,0.0320449175039228,0.0112735407128569,0.0167678842618529,"calcite_flush_8_nondim","TEmean",935
"3",0.7286423819615,0.71266406377374,0.716026487743256,0.739007312655562,0.717803361469913,0.696538693453522,0.723027525325382,"calcite_flush_8_nondim","FOsd2",935
"4",0.029878550998015,0.0212401261196742,0.0190170606732747,0.0432876914079536,0.0231548878806439,0.0432912990765759,0.0144050986679032,"calcite_flush_8_nondim","TEsd2",935
