"","curr_inflow_rate","curr_diffusion_coef","curr_porosity","curr_gypsum_rate_constant","curr_calcite_rate_constant","curr_gypsum_surface_area","curr_calcite_surface_area","output_var","sobol_type","boot_num"
"1",0.0957152364454062,-0.000863249320273421,0.00486192258244789,0.0247904202183157,-0.00240858339816595,0.0010183698953173,0.00617101414002911,"calcite_flush_8_nondim","FOmean",1511
"2",0.122672494911601,0.0056032840503322,0.0110017442475334,0.0335978419698151,0.023202202417542,0.00648440155250444,0.0155567228011338,"calcite_flush_8_nondim","TEmean",1511
"3",0.928266011278826,0.884234870988265,0.451784774004366,0.852442864667567,0.915590639471371,0.925946800435624,0.791493147034722,"calcite_flush_8_nondim","FOsd2",1511
"4",0.874656276236095,0.574785205387594,0.237348133403979,0.958917719347626,0.903455649438284,0.762757762822223,0.815103873949672,"calcite_flush_8_nondim","TEsd2",1511
