"","curr_inflow_rate","curr_diffusion_coef","curr_porosity","curr_gypsum_rate_constant","curr_calcite_rate_constant","curr_gypsum_surface_area","curr_calcite_surface_area","output_var","sobol_type","boot_num"
"1",0.00258919297614686,6.78296108016845e-06,3.24536911509835e-05,0.000177419137426067,0.000194651305761969,6.8409803942048e-06,8.03017692342161e-05,"calcite_flush_2_nondim","FOmean",1105
"2",0.00254835164613843,1.0114908574796e-05,3.91603882256925e-05,0.000242361718748025,0.000213135542722991,1.09985903070444e-05,9.67202519646499e-05,"calcite_flush_2_nondim","TEmean",1105
"3",0.991294228392343,0.96826522551152,-1.19096786189935,0.99626690506313,0.977914993802416,0.980853373033701,0.689033727922449,"calcite_flush_2_nondim","FOsd2",1105
"4",0.0165043666163503,0.0146785268545108,2.01676711792971,0.0170309435555398,0.0100445011535679,7.41351146763379e-05,0.314900202955401,"calcite_flush_2_nondim","TEsd2",1105
