"","curr_inflow_rate","curr_diffusion_coef","curr_porosity","curr_gypsum_rate_constant","curr_calcite_rate_constant","curr_gypsum_surface_area","curr_calcite_surface_area","output_var","sobol_type","boot_num"
"1",0.0664780221429043,-0.00260772747809671,0.00676741138222314,0.0175047221392775,0.000908906493753639,0.00062794828151891,0.00237101329901517,"calcite_flush_9_nondim","FOmean",2168
"2",0.0975307773288203,0.0133331551166437,0.0119123869306043,0.0469350885791011,0.029145385899705,0.0102946416199831,0.0144588316416446,"calcite_flush_9_nondim","TEmean",2168
"3",-2.60130464644975,0.488761670583787,-10.3042582518407,-3.85589779051126,-4.35277822424503,-40.1104302195786,-0.802707044089442,"calcite_flush_9_nondim","FOsd2",2168
"4",7.26440631687537,8.24259343730707,1.24097954756828,5.20693528654646,7.17906637152101,23.8491915488893,10.7754065806109,"calcite_flush_9_nondim","TEsd2",2168
