"","curr_inflow_rate","curr_diffusion_coef","curr_porosity","curr_gypsum_rate_constant","curr_calcite_rate_constant","curr_gypsum_surface_area","curr_calcite_surface_area","output_var","sobol_type","boot_num"
"1",0.0973729478525013,-2.56930792376977e-05,0.0167336629630636,0.0395359826619398,0.00531676867495611,0.0059448103322082,0.00358080406228205,"calcite_flush_9_nondim","FOmean",1472
"2",0.120323644779054,0.010131024705674,0.0148313311128452,0.0358656946903059,0.0225183359089885,0.00852858831002815,0.0158210731371527,"calcite_flush_9_nondim","TEmean",1472
"3",0.833863595507484,0.911399886658833,0.891439319085713,0.732468275072296,0.865771935292609,0.440403335929908,0.495472345335756,"calcite_flush_9_nondim","FOsd2",1472
"4",0.101692909292224,0.0488038424278732,0.0667385651911166,0.150531078306142,0.0673197404350896,0.254943046098822,0.332632797641578,"calcite_flush_9_nondim","TEsd2",1472
