"","curr_inflow_rate","curr_diffusion_coef","curr_porosity","curr_gypsum_rate_constant","curr_calcite_rate_constant","curr_gypsum_surface_area","curr_calcite_surface_area","output_var","sobol_type","boot_num"
"1",0.0742516714894566,0.00896302358674123,0.00531362365641335,0.0104105177526817,-0.00526916409528613,0.00131638310023129,-0.00245143645782039,"calcite_flush_9_nondim","FOmean",1400
"2",0.100783840955535,0.0144499062766268,0.0084747501014453,0.0271258703337626,0.0193745810741547,0.00717621162754588,0.0143553851401108,"calcite_flush_9_nondim","TEmean",1400
"3",-16.2491129969575,-1.77590295118977,-1.97262752899737,-2.08574750011411,-173.129853371074,-4.41880539436603,-75.3530364636263,"calcite_flush_9_nondim","FOsd2",1400
"4",13.1128609507276,0.446079855552766,0.171077485344066,0.0827663358267331,171.825334545815,2.86601069787894,62.0067473296287,"calcite_flush_9_nondim","TEsd2",1400
