"","curr_inflow_rate","curr_diffusion_coef","curr_porosity","curr_gypsum_rate_constant","curr_calcite_rate_constant","curr_gypsum_surface_area","curr_calcite_surface_area","output_var","sobol_type","boot_num"
"1",0.0998245567038694,-0.000444851553024148,0.002651874952165,0.0217618647653887,0.00686697236113594,-0.00108428859944396,-0.0108500389259907,"calcite_flush_8_nondim","FOmean",1151
"2",0.127542422322159,0.0124961912867155,0.0142806336460394,0.0428350609004466,0.021887252981294,0.0103240405472368,0.0185343314418072,"calcite_flush_8_nondim","TEmean",1151
"3",0.621111658936408,0.564522084237948,0.728723607663842,0.727729068052145,0.804468535998619,0.705228454972239,0.65635876192993,"calcite_flush_8_nondim","FOsd2",1151
"4",0.102436440438189,0.141303573705259,0.0419879766346099,0.0316497501216021,0.109623211594284,0.0650313858424845,0.0854317043268044,"calcite_flush_8_nondim","TEsd2",1151
