"","curr_inflow_rate","curr_diffusion_coef","curr_porosity","curr_gypsum_rate_constant","curr_calcite_rate_constant","curr_gypsum_surface_area","curr_calcite_surface_area","output_var","sobol_type","boot_num"
"1",0.278481963023115,0.00662672619233781,-0.00276043674540622,0.0347631197606562,0.0501835942874398,0.0185883970932489,0.0347565110844416,"calcite_flush_5_nondim","FOmean",2228
"2",0.290620971355104,0.0151988484067904,0.0140751230328504,0.0799662199596172,0.0735859640251536,0.0168738063380622,0.0421513592356583,"calcite_flush_5_nondim","TEmean",2228
"3",-1.49632219370517,0.491673430006532,-4.16229799493489,0.649342459825005,-7.93449744927048,-1.60536310933515,0.219762852527018,"calcite_flush_5_nondim","FOsd2",2228
"4",0.557074057335745,1.37504156646934,1.41825063134951,1.64265636728014,9.77114295543796,0.311470442695109,1.97916399681479,"calcite_flush_5_nondim","TEsd2",2228
