"","curr_inflow_rate","curr_diffusion_coef","curr_porosity","curr_gypsum_rate_constant","curr_calcite_rate_constant","curr_gypsum_surface_area","curr_calcite_surface_area","output_var","sobol_type","boot_num"
"1",0.112795679541954,0.00129435744874745,0.000195266851286175,0.0150485911790264,0.0180114258022343,0.00105053656506758,0.00031879381075079,"calcite_flush_4_nondim","FOmean",819
"2",0.11485225029138,0.00117848555511078,0.00163038302012374,0.0184916186855072,0.0224507068240506,0.00116281952128803,0.00518509929145045,"calcite_flush_4_nondim","TEmean",819
"3",-16.2017574314847,-19.8643154538238,-15.2137694567987,-12.0177228755306,-96265.9298512431,-20.4183817323737,-36.7166731388537,"calcite_flush_4_nondim","FOsd2",819
"4",12.3704982269285,4.50761466066853,9.48392263724416,18.0391399069351,95420.6536707599,5.5485105115704,20.8281317899822,"calcite_flush_4_nondim","TEsd2",819
