"","curr_inflow_rate","curr_diffusion_coef","curr_porosity","curr_gypsum_rate_constant","curr_calcite_rate_constant","curr_gypsum_surface_area","curr_calcite_surface_area","output_var","sobol_type","boot_num"
"1",0.00607431889503073,-2.55083791545946e-07,3.88956270887741e-05,0.000282925330290561,0.000568514253682146,-2.25047204916507e-05,0.000115324292142408,"calcite_flush_2_nondim","FOmean",2009
"2",0.00620162872610351,3.64811715718654e-05,0.000113894501119855,0.000519991991591495,0.000564029075780366,4.4355628871227e-05,0.000247670764790033,"calcite_flush_2_nondim","TEmean",2009
"3",0.989422972815075,0.981642929821765,0.991204864015204,0.992800245755976,0.992632649736707,0.991916253442906,0.96643258348333,"calcite_flush_2_nondim","FOsd2",2009
"4",0.0135564166341831,0.000468046029533529,0.00223888089217642,0.00700488770677906,0.00983051662930917,0.00312457941246261,0.0173963776290253,"calcite_flush_2_nondim","TEsd2",2009
