"","curr_inflow_rate","curr_diffusion_coef","curr_porosity","curr_gypsum_rate_constant","curr_calcite_rate_constant","curr_gypsum_surface_area","curr_calcite_surface_area","output_var","sobol_type","boot_num"
"1",0.00699304566054219,1.03015680128701e-05,-0.000131312082047215,0.000237009866334946,0.00110099756224706,-9.43817337292696e-05,0.000178987478254722,"calcite_flush_2_nondim","FOmean",1369
"2",0.00747755859798255,0.000350780027693184,8.58386460479285e-05,0.000586651713970129,0.000951457724661478,7.1434253425882e-05,0.000339494669910591,"calcite_flush_2_nondim","TEmean",1369
"3",-87410.5382464366,-3022184.79772019,-89103.8745833382,-4576.68128002538,-3699727.49320261,-2433410.29714568,-3081.31793146279,"calcite_flush_2_nondim","FOsd2",1369
"4",86356.5450913864,3016062.02338469,86842.1586316711,1637.03889076131,3693744.57268675,2403600.91142558,739.138809123076,"calcite_flush_2_nondim","TEsd2",1369
