"","curr_inflow_rate","curr_diffusion_coef","curr_porosity","curr_gypsum_rate_constant","curr_calcite_rate_constant","curr_gypsum_surface_area","curr_calcite_surface_area","output_var","sobol_type","boot_num"
"1",0.00366435484365708,-2.16176078758997e-06,0.0022013667514579,0.0120929352884142,0.000253732355602395,0.000669482357508238,0.000299167632508497,"calcite_flush_7_nondim","FOmean",1694
"2",0.00364551903183041,7.44553538986155e-06,0.00187788224158011,0.0118110211757836,0.000147847992385018,0.000608118154136056,0.000537577919197158,"calcite_flush_7_nondim","TEmean",1694
"3",0.982234184222287,0.981598669872448,0.982369430205098,0.98617507591437,0.984651727691231,0.981384963087805,0.984361103006953,"calcite_flush_7_nondim","FOsd2",1694
"4",0.0034922314725669,0.000316646692904897,0.000733806641458871,0.00707879020036532,0.00538290526241097,0.000141020834983695,0.00327129301225825,"calcite_flush_7_nondim","TEsd2",1694
