"","curr_inflow_rate","curr_diffusion_coef","curr_porosity","curr_gypsum_rate_constant","curr_calcite_rate_constant","curr_gypsum_surface_area","curr_calcite_surface_area","output_var","sobol_type","boot_num"
"1",0.003991984674469,-2.1239500862605e-06,2.40228385311592e-05,8.98423453914704e-05,0.000259770967044853,4.08720661503772e-05,0.000148315492898725,"calcite_flush_2_nondim","FOmean",1985
"2",0.00398953031694555,2.52842187911922e-05,3.73516910174361e-05,0.000216054605260741,0.000319938020398233,2.75926241482599e-05,0.000195774877418062,"calcite_flush_2_nondim","TEmean",1985
"3",0.276990485365652,0.495855963417677,-1921.66345916595,-1.45771386072706,0.498150308386079,-2.98439882923643,-303.188814291396,"calcite_flush_2_nondim","FOsd2",1985
"4",2.59072031444511,2.3860950529535,1896.76907363572,1.62439163715032,2.40704635189352,0.170963943879984,257.944087207247,"calcite_flush_2_nondim","TEsd2",1985
