"","curr_inflow_rate","curr_diffusion_coef","curr_porosity","curr_gypsum_rate_constant","curr_calcite_rate_constant","curr_gypsum_surface_area","curr_calcite_surface_area","output_var","sobol_type","boot_num"
"1",0.0989793369633972,0.00377601100272768,0.00357223473951831,0.0367213618701329,-0.000158764664291246,0.005288395033943,0.000610845951779098,"calcite_flush_8_nondim","FOmean",2335
"2",0.114171235816173,0.0107021382544657,0.00846668431500332,0.0502788670570097,0.0214262161073068,0.0087552448859478,0.0120515504565182,"calcite_flush_8_nondim","TEmean",2335
"3",-1.31432611195009,-5111.84009873032,0.0183606316505064,0.508655433484552,0.307338033349562,0.578695703803763,0.59698365525054,"calcite_flush_8_nondim","FOsd2",2335
"4",2.28938148115335,5112.32999427183,0.568283514407341,0.186452556387624,0.16904090620249,0.0416827807359767,0.123035035968361,"calcite_flush_8_nondim","TEsd2",2335
