"","curr_inflow_rate","curr_diffusion_coef","curr_porosity","curr_gypsum_rate_constant","curr_calcite_rate_constant","curr_gypsum_surface_area","curr_calcite_surface_area","output_var","sobol_type","boot_num"
"1",0.0715928430892029,-0.000440508264637482,0.000175869852724134,0.00603554375400102,0.0102879920420833,-0.000527353934230327,0.00334946758735833,"calcite_flush_4_nondim","FOmean",2243
"2",0.0774981797917055,0.000797597625439864,0.000822925110118114,0.0120455032843428,0.0146200367071367,0.000957006201474089,0.00391800722900379,"calcite_flush_4_nondim","TEmean",2243
"3",-21.2994476216456,-44.8823499067237,-47.4057744628412,-5.71164162483218,-1.3160762061198,-66.2478253611153,-0.484900559179382,"calcite_flush_4_nondim","FOsd2",2243
"4",22.6639149306236,1.38358240255192,2.90625784481309,37.9556544249802,41.8668026963608,4.9406851429758,37.6255555843318,"calcite_flush_4_nondim","TEsd2",2243
