"","curr_inflow_rate","curr_diffusion_coef","curr_porosity","curr_gypsum_rate_constant","curr_calcite_rate_constant","curr_gypsum_surface_area","curr_calcite_surface_area","output_var","sobol_type","boot_num"
"1",0.104202210747445,-0.00093613571581871,-0.00112069585705657,0.00747643334240324,0.0202658082960098,-0.00234724794738466,0.00173100714621362,"calcite_flush_4_nondim","FOmean",1139
"2",0.103763405965371,0.000835699682515877,0.000732716644685204,0.0163703084257835,0.0249438305738179,0.00125224863214853,0.00280343990889907,"calcite_flush_4_nondim","TEmean",1139
"3",-62.6571447230461,-3.07885081446699,-4.76963928254292,0.261147797752901,-0.71269791257692,-5.15538924732369,-0.851079009359718,"calcite_flush_4_nondim","FOsd2",1139
"4",58.2097190016747,0.258230033624899,0.525285617017439,4.05657683638905,1.91317551084957,5.26114891163584,2.30002143543695,"calcite_flush_4_nondim","TEsd2",1139
