"","curr_inflow_rate","curr_diffusion_coef","curr_porosity","curr_gypsum_rate_constant","curr_calcite_rate_constant","curr_gypsum_surface_area","curr_calcite_surface_area","output_var","sobol_type","boot_num"
"1",0.000245248947481525,7.72743821530058e-05,0.000411075867923354,0.00168385838425379,0.000231530275434205,0.000153615883727381,0.000522350590889393,"calcite_flush_6_nondim","FOmean",397
"2",0.000251545248615601,7.17189165909144e-05,0.000382578435633277,0.0017470743502413,0.000187644187613948,0.000130325312930818,0.000509842700204966,"calcite_flush_6_nondim","TEmean",397
"3",0.989786946694094,0.989361961368085,0.989490807946857,0.994578067091516,0.991511851546119,0.989257827461358,0.990607629124202,"calcite_flush_6_nondim","FOsd2",397
"4",0.0010921115196724,0.000213047098514001,0.000196463328508689,0.00592734646371432,0.00277002556109463,7.40094012357186e-05,0.00139598079825536,"calcite_flush_6_nondim","TEsd2",397
