"","curr_inflow_rate","curr_diffusion_coef","curr_porosity","curr_gypsum_rate_constant","curr_calcite_rate_constant","curr_gypsum_surface_area","curr_calcite_surface_area","output_var","sobol_type","boot_num"
"1",0.00507364371099814,-5.61059137325376e-06,1.96070551747577e-05,0.000255521970181515,0.000444859250453417,3.17568106256008e-05,3.9350329504752e-05,"calcite_flush_3_nondim","FOmean",1642
"2",0.00491285163298654,1.50917075376935e-05,0.000117305578110089,0.000331744787835969,0.000609723545394095,1.69986259558531e-05,0.000177472289634906,"calcite_flush_3_nondim","TEmean",1642
"3",-30.1371617748486,-0.308438686719474,-0.252954125096536,-0.245536768583571,-12.2383110546274,-0.273085532112471,-0.244290892933291,"calcite_flush_3_nondim","FOsd2",1642
"4",30.0135932915826,0.0510798157381892,0.00753736035415997,0.00464404318099276,11.9534090425919,0.0281019899100965,0.00245549940755552,"calcite_flush_3_nondim","TEsd2",1642
