"","curr_inflow_rate","curr_diffusion_coef","curr_porosity","curr_gypsum_rate_constant","curr_calcite_rate_constant","curr_gypsum_surface_area","curr_calcite_surface_area","output_var","sobol_type","boot_num"
"1",0.00469462152647464,6.70220553763052e-07,5.44022995710283e-05,0.000291952773544146,0.000254156687672282,7.96477911345775e-06,0.000103011797343244,"calcite_flush_3_nondim","FOmean",2346
"2",0.00481383004980259,5.85904170912846e-06,6.08448260319292e-05,0.000331203305701383,0.000360487934901363,3.69100775669193e-05,0.000141690570855192,"calcite_flush_3_nondim","TEmean",2346
"3",0.999271225570529,0.998423610570949,0.998943588436369,0.999176991490823,0.999274800266893,0.999192910678888,0.99902758478603,"calcite_flush_3_nondim","FOsd2",2346
"4",0.000201121680676623,0.000486116438357305,0.000209048503568594,0.000115225474415145,0.000172873584043808,5.08421905880818e-05,0.000320866333062432,"calcite_flush_3_nondim","TEsd2",2346
