"","curr_inflow_rate","curr_diffusion_coef","curr_porosity","curr_gypsum_rate_constant","curr_calcite_rate_constant","curr_gypsum_surface_area","curr_calcite_surface_area","output_var","sobol_type","boot_num"
"1",0.00013516991268949,-7.90505699896633e-08,2.89381593677752e-06,0.00212743724674417,0.000195017502187363,8.39731956880572e-05,4.03648381771416e-05,"calcite_flush_6_nondim","FOmean",525
"2",0.000127478813367951,9.15520618786968e-08,1.82557372453844e-06,0.00218781125949533,0.000216845316122646,6.79453054445899e-05,5.12245632348341e-05,"calcite_flush_6_nondim","TEmean",525
"3",0.999999999999326,0.999999999999083,0.999999999999103,0.999999999999429,0.999999999999298,0.999999999999085,0.999999999999159,"calcite_flush_6_nondim","FOsd2",525
"4",2.32813226490456e-13,1.19517621410077e-14,1.75240287424114e-14,3.38725960670777e-13,1.95636521539924e-13,7.93599132793336e-15,8.70553358671972e-14,"calcite_flush_6_nondim","TEsd2",525
