"","curr_inflow_rate","curr_diffusion_coef","curr_porosity","curr_gypsum_rate_constant","curr_calcite_rate_constant","curr_gypsum_surface_area","curr_calcite_surface_area","output_var","sobol_type","boot_num"
"1",0.000822710917451383,0.000121751275369767,0.00167528268143222,0.00645113350313098,0.000374455897060901,2.05470066098526e-06,0.000232334388515171,"calcite_flush_6_nondim","FOmean",1517
"2",0.00102165757101228,6.90284889146602e-05,0.0016120443447229,0.0063618029611158,0.000314948103922884,2.16069794540829e-05,0.000136285480886474,"calcite_flush_6_nondim","TEmean",1517
"3",0.989562691021539,0.987288285018931,0.988038660225126,0.990831268615568,0.989808471871018,0.9874080850844,0.98930658897399,"calcite_flush_6_nondim","FOsd2",1517
"4",0.0026695203091295,0.000122453960981999,0.000776793919463319,0.00544160505556461,0.00314423986378621,1.68274000028477e-05,0.00265995261546739,"calcite_flush_6_nondim","TEsd2",1517
