"","curr_inflow_rate","curr_diffusion_coef","curr_porosity","curr_gypsum_rate_constant","curr_calcite_rate_constant","curr_gypsum_surface_area","curr_calcite_surface_area","output_var","sobol_type","boot_num"
"1",0.00356227598873037,-1.12274783926095e-05,0.00212730983716099,0.0105553250074693,-2.25942593558141e-06,0.00102557274124843,0.000173885073693851,"calcite_flush_7_nondim","FOmean",718
"2",0.00368075115857365,9.41275538238655e-06,0.00218521070481075,0.00982642700631924,8.67678764901174e-07,0.000909889970446303,0.000239617335481861,"calcite_flush_7_nondim","TEmean",718
"3",0.978244258148921,0.977987627837611,0.978760476790725,0.986096711015491,0.983175089169357,0.977565896193101,0.978816054840205,"calcite_flush_7_nondim","FOsd2",718
"4",0.00253961926002401,0.00024673489492602,0.00119622866474218,0.013434417059385,0.00768572827581757,0.000522237608959091,0.00476264770899755,"calcite_flush_7_nondim","TEsd2",718
