"","curr_inflow_rate","curr_diffusion_coef","curr_porosity","curr_gypsum_rate_constant","curr_calcite_rate_constant","curr_gypsum_surface_area","curr_calcite_surface_area","output_var","sobol_type","boot_num"
"1",0.105419097156576,0.00101379077919327,0.000892201415238794,0.0189969164372036,0.013342143211164,0.00050486291144962,0.00314877421930684,"calcite_flush_4_nondim","FOmean",1755
"2",0.104435914003198,0.00108105667419009,0.000951038569267035,0.0185615872552163,0.0222837728114492,0.00110598749454688,0.00475251464014942,"calcite_flush_4_nondim","TEmean",1755
"3",-4306.91103228608,-4437.90937115877,-4291.51066605586,-4290.19850036762,-4374.79821778911,-4291.2639285782,-4295.6455273849,"calcite_flush_4_nondim","FOsd2",1755
"4",17.6379942497995,121.431286522303,0.545779814413613,1.52504064636646,83.4268557050002,1.18672965514099,7.08329187137496,"calcite_flush_4_nondim","TEsd2",1755
