"","curr_inflow_rate","curr_diffusion_coef","curr_porosity","curr_gypsum_rate_constant","curr_calcite_rate_constant","curr_gypsum_surface_area","curr_calcite_surface_area","output_var","sobol_type","boot_num"
"1",0.00539818439995835,8.22027748903542e-07,0.00109822468933088,0.0103644518615751,0.000238719760109376,0.000767799836614317,4.21252871388097e-05,"calcite_flush_7_nondim","FOmean",1126
"2",0.00571929872983422,6.69985412709694e-07,0.000938900940119713,0.0108982539874623,0.000211318713865452,0.000870849242513774,5.46309429917872e-05,"calcite_flush_7_nondim","TEmean",1126
"3",0.992072699261272,0.991206390014922,0.991276830444036,0.994555097506789,0.993759192303952,0.990820925994498,0.991749519083409,"calcite_flush_7_nondim","FOsd2",1126
"4",0.00146253466169043,0.000382210559422998,0.000452210210814896,0.0043770567901531,0.00280405707560329,9.22568253385497e-07,0.000665367232411177,"calcite_flush_7_nondim","TEsd2",1126
