"","curr_inflow_rate","curr_diffusion_coef","curr_porosity","curr_gypsum_rate_constant","curr_calcite_rate_constant","curr_gypsum_surface_area","curr_calcite_surface_area","output_var","sobol_type","boot_num"
"1",0.257809913322218,0.0067686251947327,-0.00437715354886538,0.034945882889594,0.0431981221922433,0.00185321317910677,0.0128670863282863,"calcite_flush_5_nondim","FOmean",1492
"2",0.280923254222138,0.0161627278174483,0.017246633764841,0.0589731386168606,0.0875320800867428,0.0196819932305266,0.0328824552899291,"calcite_flush_5_nondim","TEmean",1492
"3",0.835481578907691,0.786706752889122,0.862380350089328,0.771127263600079,0.862757318176153,0.86142688071449,-8.74594238352249,"calcite_flush_5_nondim","FOsd2",1492
"4",0.105856291301676,0.0669935284651539,0.0725203139203004,0.146884355636075,0.0627968260443607,0.0554245891675536,9.4716743608231,"calcite_flush_5_nondim","TEsd2",1492
