"","curr_inflow_rate","curr_diffusion_coef","curr_porosity","curr_gypsum_rate_constant","curr_calcite_rate_constant","curr_gypsum_surface_area","curr_calcite_surface_area","output_var","sobol_type","boot_num"
"1",0.245279681488691,0.013351136623377,0.0103031427682439,0.0435706562633165,0.0694745702494416,-0.00394753815714677,0.0139931907071854,"calcite_flush_5_nondim","FOmean",2284
"2",0.267800242912908,0.0169133504071088,0.0161585227547683,0.063360646377397,0.10783041198199,0.0244505454452904,0.0329943579422355,"calcite_flush_5_nondim","TEmean",2284
"3",-11.7330969320163,-12.4750314721743,-11.8796280674384,-12.0326658951287,-11.7532285835517,-19.7890349003723,-12.1244237926323,"calcite_flush_5_nondim","FOsd2",2284
"4",0.483930210641183,0.547514225840258,0.477404884253285,0.688835858908655,0.539563383048766,7.90824032022403,0.506125921564049,"calcite_flush_5_nondim","TEsd2",2284
