"","curr_inflow_rate","curr_diffusion_coef","curr_porosity","curr_gypsum_rate_constant","curr_calcite_rate_constant","curr_gypsum_surface_area","curr_calcite_surface_area","output_var","sobol_type","boot_num"
"1",0.224363618006591,-0.00105709372597274,0.000993032666060389,0.02429760424947,0.0455577008410884,0.00294562957669923,0.00333861498848009,"calcite_flush_4_nondim","FOmean",1835
"2",0.219729184238578,0.0014908668970256,0.0011310330731796,0.0415116654889173,0.0444662211006727,0.0020972125683139,0.00487400636618143,"calcite_flush_4_nondim","TEmean",1835
"3",0.615636581690102,0.563737387437885,0.838907192023234,0.844670660906314,0.273892578336008,0.891270541017732,0.862892580676982,"calcite_flush_4_nondim","FOsd2",1835
"4",0.155302573704694,0.203399216403894,0.00923973646992644,0.0883829040398936,0.496317709765416,0.0293911844793729,0.0531760384860899,"calcite_flush_4_nondim","TEsd2",1835
