"","curr_inflow_rate","curr_diffusion_coef","curr_porosity","curr_gypsum_rate_constant","curr_calcite_rate_constant","curr_gypsum_surface_area","curr_calcite_surface_area","output_var","sobol_type","boot_num"
"1",0.00432236513684775,9.74551833526065e-06,-3.66111748193086e-05,0.000214904408462319,0.000395594843462664,-8.05007288728186e-06,0.000134005647356445,"calcite_flush_3_nondim","FOmean",2002
"2",0.00435331076408341,2.8100525033476e-05,2.02545029755857e-05,0.00031048222346875,0.000444464875599207,1.39279837513172e-05,0.000116721382886098,"calcite_flush_3_nondim","TEmean",2002
"3",0.993343932607929,0.955521724393857,0.993626876980147,0.990837190344363,0.991680131546466,0.986953584696218,0.975686108311529,"calcite_flush_3_nondim","FOsd2",2002
"4",0.00557602575215427,0.0177099836426373,0.0044839768356638,0.00371296596927552,0.00145258928538359,0.000447604829050865,0.0208089456345555,"calcite_flush_3_nondim","TEsd2",2002
