"","curr_inflow_rate","curr_diffusion_coef","curr_porosity","curr_gypsum_rate_constant","curr_calcite_rate_constant","curr_gypsum_surface_area","curr_calcite_surface_area","output_var","sobol_type","boot_num"
"1",0.285017319289815,-0.0135081689070656,0.0137752542555654,0.0383685065308477,0.0926388975721815,-0.0139343265403403,0.0192100527856822,"calcite_flush_5_nondim","FOmean",1244
"2",0.307181981841473,0.0177285081779387,0.0178625125234953,0.0645821783877715,0.119427657844629,0.0217703947643399,0.0460777739509603,"calcite_flush_5_nondim","TEmean",1244
"3",-1.4443994472034,-0.713678668131737,-0.832839278583039,-0.556219738320646,-0.723150360548543,-2.60083807500608,-1.40919735438237,"calcite_flush_5_nondim","FOsd2",1244
"4",1.07618891607894,0.194972306174722,0.321887991865852,0.118600596359257,0.19353192812937,2.14611250399813,0.784579210655134,"calcite_flush_5_nondim","TEsd2",1244
