"","curr_inflow_rate","curr_diffusion_coef","curr_porosity","curr_gypsum_rate_constant","curr_calcite_rate_constant","curr_gypsum_surface_area","curr_calcite_surface_area","output_var","sobol_type","boot_num"
"1",0.219762102218585,-0.0132661724831713,-0.0196982870428567,0.0245322263050264,0.0745456861075758,-0.0089872621484183,0.0278220940758039,"calcite_flush_5_nondim","FOmean",1996
"2",0.278080470994598,0.0166700470383694,0.018716963545271,0.0690857252371714,0.0944990983174007,0.0103786172457177,0.031376781778255,"calcite_flush_5_nondim","TEmean",1996
"3",0.533465460917517,-0.291324144849983,0.235712607601849,0.306765113017784,0.443409504387409,0.374733761036601,-0.0846731918326853,"calcite_flush_5_nondim","FOsd2",1996
"4",0.348334784229492,0.48734850849705,0.209518016474868,0.498246272818593,0.277824797542047,0.185061286167522,0.486423093997302,"calcite_flush_5_nondim","TEsd2",1996
