"","curr_inflow_rate","curr_diffusion_coef","curr_porosity","curr_gypsum_rate_constant","curr_calcite_rate_constant","curr_gypsum_surface_area","curr_calcite_surface_area","output_var","sobol_type","boot_num"
"1",0.111313651374198,0.00271114686500103,-0.000474243891145573,0.0432278162716032,0.000827091029993836,-0.00210965303050546,-0.00749342301139569,"calcite_flush_8_nondim","FOmean",2367
"2",0.130230592824013,0.00868213143623849,0.00847737357392475,0.0515339297356289,0.0210159775452786,0.0128431237666015,0.019964130645183,"calcite_flush_8_nondim","TEmean",2367
"3",0.686707836848096,0.751762842410529,0.941714326745422,0.924004764328305,0.958634967072778,0.899743273249297,0.963163335353061,"calcite_flush_8_nondim","FOsd2",2367
"4",0.297477166493317,0.228230141893037,0.0328733017290963,0.0620792954690102,0.0182463594124986,0.0747689498108328,0.00829641249979021,"calcite_flush_8_nondim","TEsd2",2367
