"","curr_inflow_rate","curr_diffusion_coef","curr_porosity","curr_gypsum_rate_constant","curr_calcite_rate_constant","curr_gypsum_surface_area","curr_calcite_surface_area","output_var","sobol_type","boot_num"
"1",0.00232750525014506,-8.57738370664208e-06,-7.12539943847341e-06,0.00011748821695078,0.000393794100141946,-2.46387331787544e-06,5.69406140850729e-05,"calcite_flush_2_nondim","FOmean",801
"2",0.0035247692441637,6.26178759943061e-05,0.000121017759675187,0.000488531951961736,0.00135901304565148,6.63565212772826e-05,0.000270266466821503,"calcite_flush_2_nondim","TEmean",801
"3",-626.18991730229,-2416.26388531485,-675.067683699176,-735.999721693793,-705963.107746378,-650.352084646706,-39497.8337897328,"calcite_flush_2_nondim","FOsd2",801
"4",6000.11758982711,4662.94621644331,4908.50655342734,4966.39624440235,589768.233516269,5939.25221500874,24145.157353484,"calcite_flush_2_nondim","TEsd2",801
