"","curr_inflow_rate","curr_diffusion_coef","curr_porosity","curr_gypsum_rate_constant","curr_calcite_rate_constant","curr_gypsum_surface_area","curr_calcite_surface_area","output_var","sobol_type","boot_num"
"1",0.00167144479919091,0.000130656822375897,0.00111615844289659,0.00368483932309385,0.000180449178747545,0.000453055640641696,4.19035406274807e-05,"calcite_flush_6_nondim","FOmean",1421
"2",0.00170899858608009,6.62540663788631e-05,0.00123120639185338,0.00350301698878681,0.00017888347061516,0.000343096770478808,3.02836083843355e-05,"calcite_flush_6_nondim","TEmean",1421
"3",0.972466332962213,0.96956422436413,0.968821313901459,0.979938161123848,0.977738941717006,0.970575941851197,0.969291238364027,"calcite_flush_6_nondim","FOsd2",1421
"4",0.00571473512851109,0.000754037646798327,0.00187795243246545,0.0147184594932505,0.012505889200885,0.000433368880905522,0.000207739204138919,"calcite_flush_6_nondim","TEsd2",1421
