"","curr_inflow_rate","curr_diffusion_coef","curr_porosity","curr_gypsum_rate_constant","curr_calcite_rate_constant","curr_gypsum_surface_area","curr_calcite_surface_area","output_var","sobol_type","boot_num"
"1",0.0636824826551548,-2.71415782627288e-05,0.00746498154557782,0.0140837175561352,0.00599770348330033,0.00498076462024207,-0.00229605783151397,"calcite_flush_9_nondim","FOmean",1208
"2",0.0874927431378769,0.00717924881822777,0.0149453632260005,0.0326350667862069,0.0199840662963565,0.00978780241983902,0.0153807855086481,"calcite_flush_9_nondim","TEmean",1208
"3",0.85737687364197,0.934481466301676,0.531157852581298,0.891214235885698,0.660852078353586,0.930459944869538,0.581224235672133,"calcite_flush_9_nondim","FOsd2",1208
"4",0.0508840682607739,0.0208470414613425,0.395511161678433,0.0920948605519799,0.12474081078266,0.0339059293178636,0.179872348969726,"calcite_flush_9_nondim","TEsd2",1208
