"","curr_inflow_rate","curr_diffusion_coef","curr_porosity","curr_gypsum_rate_constant","curr_calcite_rate_constant","curr_gypsum_surface_area","curr_calcite_surface_area","output_var","sobol_type","boot_num"
"1",0.0823023607858992,-0.00150622183872795,0.00277884459264966,0.0318779445520114,0.00783972925143799,0.00251053592594338,0.00427529129800668,"calcite_flush_9_nondim","FOmean",1424
"2",0.108459529761439,0.00626607282380745,0.00631736061510624,0.0388591277168672,0.0162876271156285,0.00765076500969085,0.0117846854568025,"calcite_flush_9_nondim","TEmean",1424
"3",-6.74916189829733,-2.56697968451625,-1.54730472916493,-1.58767657660825,-1.54190115468732,-1.47596534982869,-1.4357982613339,"calcite_flush_9_nondim","FOsd2",1424
"4",3.76675616286695,1.02663060227097,0.143994412512792,0.425348931386517,0.133649832550446,0.252822679478946,0.269337747271238,"calcite_flush_9_nondim","TEsd2",1424
