"","curr_inflow_rate","curr_diffusion_coef","curr_porosity","curr_gypsum_rate_constant","curr_calcite_rate_constant","curr_gypsum_surface_area","curr_calcite_surface_area","output_var","sobol_type","boot_num"
"1",0.141645524807134,0.000777204735359509,0.000838893970756813,0.014182306630659,0.0225182339493204,0.00220829923385489,0.00439438630056287,"calcite_flush_4_nondim","FOmean",1507
"2",0.145817374845692,0.00166567365785852,0.000935363412235551,0.0263178424929592,0.030311384018736,0.00200967170891242,0.00556424427520505,"calcite_flush_4_nondim","TEmean",1507
"3",-21.8803082455638,-7.00055653319435,-7.00061511076587,-7.00817231697716,-15.3488022092383,-6.96088132007997,-7.18157264620227,"calcite_flush_4_nondim","FOsd2",1507
"4",15.4938472227672,0.0160593244163785,0.0196171226343407,0.194041862590098,7.33705729658131,0.0486466476271649,0.258841023977072,"calcite_flush_4_nondim","TEsd2",1507
