"","curr_inflow_rate","curr_diffusion_coef","curr_porosity","curr_gypsum_rate_constant","curr_calcite_rate_constant","curr_gypsum_surface_area","curr_calcite_surface_area","output_var","sobol_type","boot_num"
"1",0.00650044331325303,-1.16585300224631e-05,3.0760972477028e-05,0.00025230601688125,0.000549721097146906,-1.72539639950872e-05,0.000143315653998951,"calcite_flush_3_nondim","FOmean",250
"2",0.00656217558265308,3.7362103865277e-05,8.08793337553052e-05,0.000546988677571607,0.000602767607306354,3.12366297595929e-05,0.000244429778393594,"calcite_flush_3_nondim","TEmean",250
"3",-1277.26277817493,-130.68371685438,-1609.82812329518,-54.9999995170521,-528.789920506738,-98.5640942125986,-124.171338796394,"calcite_flush_3_nondim","FOsd2",250
"4",2388.95104625467,826.553707026674,43.3679588990352,1153.61896208285,2023.1958450105,1236.4948813295,1285.64003914153,"calcite_flush_3_nondim","TEsd2",250
