"","curr_inflow_rate","curr_diffusion_coef","curr_porosity","curr_gypsum_rate_constant","curr_calcite_rate_constant","curr_gypsum_surface_area","curr_calcite_surface_area","output_var","sobol_type","boot_num"
"1",0.134996052296286,0.00145229433606991,-0.00235912089435814,0.0209418279331688,0.0288015121270706,0.00141677882139616,0.00621753107430723,"calcite_flush_4_nondim","FOmean",587
"2",0.132959490912209,0.00204948926477633,0.000786076045581609,0.0266595866210237,0.0298835764101341,0.000623921868039927,0.00510389967771832,"calcite_flush_4_nondim","TEmean",587
"3",-4.54013363918979,0.532035422109643,0.566203767214708,0.38881548624778,-5.11149670155607,-0.777400274604398,-0.430559019400629,"calcite_flush_4_nondim","FOsd2",587
"4",4.87771642937783,0.205317920656035,0.0628472799630873,0.32731011349935,5.7538610802491,1.3891151599274,1.72350456685599,"calcite_flush_4_nondim","TEsd2",587
