"","curr_inflow_rate","curr_diffusion_coef","curr_porosity","curr_gypsum_rate_constant","curr_calcite_rate_constant","curr_gypsum_surface_area","curr_calcite_surface_area","output_var","sobol_type","boot_num"
"1",0.00184379049438172,1.47151553667383e-05,0.00030514272123917,0.00383975504040134,3.62017950290549e-05,0.000226657650880247,3.1064759908759e-05,"calcite_flush_6_nondim","FOmean",1269
"2",0.00161327145185202,1.47898595292742e-05,0.000375292457895925,0.00383463410575286,2.74478337216496e-05,0.000215426851526369,4.11301712446217e-05,"calcite_flush_6_nondim","TEmean",1269
"3",0.970601251060031,0.968071383767216,0.96844342145392,0.980044238261108,0.973659884875031,0.968257697695365,0.9711424414198,"calcite_flush_6_nondim","FOsd2",1269
"4",0.00641801461074981,0.000150454352456902,4.33836223989725e-05,0.0148146986909629,0.00973173303508056,2.34247671248859e-06,0.00531436514286512,"calcite_flush_6_nondim","TEsd2",1269
