"","curr_inflow_rate","curr_diffusion_coef","curr_porosity","curr_gypsum_rate_constant","curr_calcite_rate_constant","curr_gypsum_surface_area","curr_calcite_surface_area","output_var","sobol_type","boot_num"
"1",0.197215577824921,-0.00102208772296829,-0.00155269417963414,0.0100053387596517,0.0301398591594516,0.000106524436851249,0.00431101243977037,"calcite_flush_4_nondim","FOmean",739
"2",0.201553846708766,0.000845535157891609,0.00224352439693417,0.0311611431655645,0.0389172607468366,0.00118804278132358,0.00585481884802426,"calcite_flush_4_nondim","TEmean",739
"3",0.869948367792877,0.937735863771597,0.911946785835801,0.95926712524915,0.933928886884997,0.959862876637446,0.940657603605979,"calcite_flush_4_nondim","FOsd2",739
"4",0.107141069535452,0.00534730877342684,0.016567893421977,0.0209412270563811,0.0122870394100399,0.00667908552622408,0.00138774805124816,"calcite_flush_4_nondim","TEsd2",739
