"","curr_inflow_rate","curr_diffusion_coef","curr_porosity","curr_gypsum_rate_constant","curr_calcite_rate_constant","curr_gypsum_surface_area","curr_calcite_surface_area","output_var","sobol_type","boot_num"
"1",0.133976131592073,0.00215195129171588,0.000946911143668797,0.031528754865657,0.0198654790779405,0.000288626545084022,0.00173266639689574,"calcite_flush_4_nondim","FOmean",2115
"2",0.141841279621247,0.00108586168952833,0.00111608805515164,0.0324194737605442,0.0287618140949501,0.00032090285023731,0.00330597994884431,"calcite_flush_4_nondim","TEmean",2115
"3",-11090.1929996304,-14724.1955827454,-17656.8225339559,-11176.7475765408,-13591.7483475733,-11081.6587716473,-18263.6406653412,"calcite_flush_4_nondim","FOsd2",2115
"4",11068.306685247,3525.77814983067,17323.9211370695,11176.0449560271,13215.7749796692,11138.5784397029,2468.69891896071,"calcite_flush_4_nondim","TEsd2",2115
