"","curr_inflow_rate","curr_diffusion_coef","curr_porosity","curr_gypsum_rate_constant","curr_calcite_rate_constant","curr_gypsum_surface_area","curr_calcite_surface_area","output_var","sobol_type","boot_num"
"1",0.269253161101919,0.0149511428264461,0.0101986852378837,-0.00896516469563999,0.0525070249313804,-0.0024653623863441,0.0127063721869985,"calcite_flush_5_nondim","FOmean",1788
"2",0.322198831442496,0.0292934276138846,0.016219996650021,0.0424410894955848,0.102969219472033,0.0158096145768799,0.0428348052429268,"calcite_flush_5_nondim","TEmean",1788
"3",-26.6246971311506,-28.9476077801795,-28.6821477680847,-27.2847591764946,-30.5789145957491,-42.0182540147662,-26.895689228138,"calcite_flush_5_nondim","FOsd2",1788
"4",2.38506595391702,4.59753866635302,0.71707925445479,2.27123253962849,1.95467093569633,10.0472985566441,1.02928283992209,"calcite_flush_5_nondim","TEsd2",1788
