"","curr_inflow_rate","curr_diffusion_coef","curr_porosity","curr_gypsum_rate_constant","curr_calcite_rate_constant","curr_gypsum_surface_area","curr_calcite_surface_area","output_var","sobol_type","boot_num"
"1",0.0031444557187569,-2.65329317355202e-05,0.00159292727100838,0.00657575535632449,0.000188140791722607,0.00165024496816422,0.000180575079891934,"calcite_flush_6_nondim","FOmean",1293
"2",0.00301967644360362,5.33134087645052e-05,0.00150855906102568,0.00665605636605714,0.000116691354139216,0.00162250926996538,0.000166915349257902,"calcite_flush_6_nondim","TEmean",1293
"3",0.981569111217494,0.978142808585081,0.978086884877145,0.986640114508837,0.983292465004328,0.978120193467443,0.978925884966848,"calcite_flush_6_nondim","FOsd2",1293
"4",0.00331910642119049,3.82116089411396e-06,0.00207603807562615,0.00997090227448719,0.00711376927234973,3.65579912296979e-05,0.00164881704038255,"calcite_flush_6_nondim","TEsd2",1293
