"","curr_inflow_rate","curr_diffusion_coef","curr_porosity","curr_gypsum_rate_constant","curr_calcite_rate_constant","curr_gypsum_surface_area","curr_calcite_surface_area","output_var","sobol_type","boot_num"
"1",0.00323643876229501,0.000159214095223892,0.00145681162568822,0.0106785590477758,0.000261655070581122,0.000936637548939337,0.000237049644316095,"calcite_flush_7_nondim","FOmean",1182
"2",0.00314291616428955,0.000177589525531747,0.00140296102578343,0.0105316903688653,0.000208749651633147,0.00104145375005577,0.000223354378592877,"calcite_flush_7_nondim","TEmean",1182
"3",0.989700680515288,0.988805331378493,0.988502196276831,0.990982876567601,0.991412526082359,0.98849813573982,0.988782233136939,"calcite_flush_7_nondim","FOsd2",1182
"4",0.00276623950219325,0.000436731296300582,0.000139501306618269,0.00550843700434317,0.0040786075979969,4.88720752882492e-06,0.00232152687308693,"calcite_flush_7_nondim","TEsd2",1182
