"","curr_inflow_rate","curr_diffusion_coef","curr_porosity","curr_gypsum_rate_constant","curr_calcite_rate_constant","curr_gypsum_surface_area","curr_calcite_surface_area","output_var","sobol_type","boot_num"
"1",0.00109064014096398,7.96455030341931e-05,0.000664981428461576,0.00635394330416894,0.000190758799524343,0.000114906681309274,1.1539567904385e-05,"calcite_flush_7_nondim","FOmean",1086
"2",0.00103547134045397,6.25213041774285e-05,0.000472541379298391,0.00619891513000432,0.000161349218848325,9.90186693806216e-05,8.1153123835826e-06,"calcite_flush_7_nondim","TEmean",1086
"3",0.991712943073568,0.990929057870814,0.990892836518205,0.995723110614935,0.993162257405895,0.990866021502923,0.990972454194706,"calcite_flush_7_nondim","FOsd2",1086
"4",0.00090653979209627,5.30574870637281e-07,0.000277063060259018,0.00595777048595274,0.00296676072760242,4.03039478681743e-05,0.000632030490465999,"calcite_flush_7_nondim","TEsd2",1086
