"","curr_inflow_rate","curr_diffusion_coef","curr_porosity","curr_gypsum_rate_constant","curr_calcite_rate_constant","curr_gypsum_surface_area","curr_calcite_surface_area","output_var","sobol_type","boot_num"
"1",0.00414346377290107,1.47123609205134e-06,8.13501724469556e-05,0.000415459914145372,0.000263094403258903,3.10132381161075e-05,2.0680299299905e-05,"calcite_flush_3_nondim","FOmean",2386
"2",0.00412537955073605,2.18542459120437e-05,4.43799521940224e-05,0.00037446075587491,0.000321329729391739,1.82274843632892e-05,0.000126666876470215,"calcite_flush_3_nondim","TEmean",2386
"3",-401.140650227024,-401.141284641388,-423.500734295542,-541.719474367027,-401.261384933167,-400.821558818819,-400.689848542686,"calcite_flush_3_nondim","FOsd2",2386
"4",0.682109163438423,0.0599745302236065,19.5358517938093,125.835129925997,1.28359741779968,0.714449608553266,0.294315404155342,"calcite_flush_3_nondim","TEsd2",2386
