"","curr_inflow_rate","curr_diffusion_coef","curr_porosity","curr_gypsum_rate_constant","curr_calcite_rate_constant","curr_gypsum_surface_area","curr_calcite_surface_area","output_var","sobol_type","boot_num"
"1",0.00124325477986165,1.43414793353957e-05,3.46530919117376e-05,8.56561592521971e-05,0.000110188778675464,-7.70357539721595e-07,2.66483865887424e-05,"calcite_flush_2_nondim","FOmean",1681
"2",0.00125045655220978,6.92110749377447e-06,3.27620492758938e-05,9.28175062366284e-05,0.000100842211423906,3.89009010452654e-06,5.15588820054721e-05,"calcite_flush_2_nondim","TEmean",1681
"3",0.984549823622066,0.983117263307774,0.990842550815822,0.99122737790157,0.991185678899585,0.949618520537489,0.991059338869155,"calcite_flush_2_nondim","FOsd2",1681
"4",0.0109099029122986,0.000861859404090152,0.00209049184281293,0.00404840705313102,0.00426083464650485,0.0196480239379817,0.00387866688428665,"calcite_flush_2_nondim","TEsd2",1681
