"","curr_inflow_rate","curr_diffusion_coef","curr_porosity","curr_gypsum_rate_constant","curr_calcite_rate_constant","curr_gypsum_surface_area","curr_calcite_surface_area","output_var","sobol_type","boot_num"
"1",0.0017531572842972,-3.00061821429334e-06,0.001072256390534,0.00812543102408748,0.000205864011885285,0.00254469936644551,0.000114575675019628,"calcite_flush_6_nondim","FOmean",2093
"2",0.00215810251640684,3.50853437046055e-09,0.00109147487182883,0.0084321345916957,0.000207376996393559,0.00207656506828103,0.00015539402636194,"calcite_flush_6_nondim","TEmean",2093
"3",0.986363042390983,0.98549784419137,0.986518367318234,0.989828027826299,0.990513139620039,0.985437534836612,0.987123605527636,"calcite_flush_6_nondim","FOsd2",2093
"4",0.00201754860882579,3.99376176410738e-05,0.0013276502229483,0.00622100270363014,0.00536652801339015,9.05687378454669e-08,0.0018305204722407,"calcite_flush_6_nondim","TEsd2",2093
