"","curr_inflow_rate","curr_diffusion_coef","curr_porosity","curr_gypsum_rate_constant","curr_calcite_rate_constant","curr_gypsum_surface_area","curr_calcite_surface_area","output_var","sobol_type","boot_num"
"1",0.112392433414174,0.00382063035892758,-4.54066389227017e-05,0.033351728569547,0.00135226858240555,0.0106433393216125,-0.00590635016797398,"calcite_flush_8_nondim","FOmean",1535
"2",0.13838330983285,0.00931457058496572,0.0152466111519706,0.0428650859290643,0.0220417444957095,0.0137869772593937,0.0144294398071407,"calcite_flush_8_nondim","TEmean",1535
"3",0.3826488483455,0.355867981746148,0.452442593173396,0.170042550406374,-0.0446891477186313,-7.36231150704984,0.333621166833408,"calcite_flush_8_nondim","FOsd2",1535
"4",1.00055775482986,0.578118519438807,1.25691595481366,1.69074052356883,0.994997405686066,6.14424161935563,0.759513119966184,"calcite_flush_8_nondim","TEsd2",1535
