"","curr_inflow_rate","curr_diffusion_coef","curr_porosity","curr_gypsum_rate_constant","curr_calcite_rate_constant","curr_gypsum_surface_area","curr_calcite_surface_area","output_var","sobol_type","boot_num"
"1",0.0781385350033798,-1.17028669755379e-05,7.99014191275545e-05,0.0108659688699206,0.0130967121418863,-3.70394283313882e-05,0.000724486187684277,"calcite_flush_4_nondim","FOmean",1739
"2",0.0799272345222688,0.000639539380286965,0.00114957828441275,0.0136190648906484,0.0143073842169044,0.000767112273463947,0.00346434297297114,"calcite_flush_4_nondim","TEmean",1739
"3",0.961797731305767,-7.8874210837043,-0.060315017974774,0.443827694326963,0.67147226638181,-0.490065620386345,0.744627900457589,"calcite_flush_4_nondim","FOsd2",1739
"4",1.23041294095071,3.51268271192716,0.209415930252485,1.43739129960472,0.341766261354663,0.0394083389549671,1.2321775385803,"calcite_flush_4_nondim","TEsd2",1739
