"","curr_inflow_rate","curr_diffusion_coef","curr_porosity","curr_gypsum_rate_constant","curr_calcite_rate_constant","curr_gypsum_surface_area","curr_calcite_surface_area","output_var","sobol_type","boot_num"
"1",0.00696605163225348,7.50350008638883e-05,0.000109508768534416,0.00054443363611855,0.000744666857607717,5.45997660644655e-05,0.000322259057870989,"calcite_flush_3_nondim","FOmean",2154
"2",0.00705979409693031,3.9453136391257e-05,0.000246338500654821,0.000560907117254943,0.000913303591746484,3.80684046691911e-05,0.000314188039768181,"calcite_flush_3_nondim","TEmean",2154
"3",0.127141342223228,-1.03780127339455,0.349692298883266,-0.394947834570508,-11.7422602328672,-5.98269203065275,0.480263068338291,"calcite_flush_3_nondim","FOsd2",2154
"4",1.68512559856263,0.404489133270223,0.557279723571825,0.04865885448651,5.7165138633267,2.03134663438986,1.23878135598232,"calcite_flush_3_nondim","TEsd2",2154
