"","curr_inflow_rate","curr_diffusion_coef","curr_porosity","curr_gypsum_rate_constant","curr_calcite_rate_constant","curr_gypsum_surface_area","curr_calcite_surface_area","output_var","sobol_type","boot_num"
"1",0.104392979835953,0.000407704162789438,-0.000161449963359686,0.0228054474571653,0.0185912671912125,-0.000159866906499929,0.00742204072933216,"calcite_flush_4_nondim","FOmean",2067
"2",0.101112922262933,0.00062659427417955,0.000776379002238186,0.0221369126701364,0.0212078274056392,0.000394965930506194,0.00645919113155412,"calcite_flush_4_nondim","TEmean",2067
"3",-6004.75961188991,-3962.03238977593,-4066.94665528766,-3960.45401818555,-3989.83803996222,-3967.4631965438,-51764.5594959574,"calcite_flush_4_nondim","FOsd2",2067
"4",2059.74541511568,16.3714976096309,120.206531729886,13.9976290335972,30.1130998341644,3.01200001769507,47775.804393957,"calcite_flush_4_nondim","TEsd2",2067
