"","curr_inflow_rate","curr_diffusion_coef","curr_porosity","curr_gypsum_rate_constant","curr_calcite_rate_constant","curr_gypsum_surface_area","curr_calcite_surface_area","output_var","sobol_type","boot_num"
"1",0.204525332453946,-0.00436961352804252,0.00109516035723639,0.0359308585676251,0.0288345336772472,0.00417148577720505,0.0075647631035055,"calcite_flush_4_nondim","FOmean",2291
"2",0.209870122015178,0.00106578772378416,0.00119145180501083,0.0468227099749858,0.034595173698328,0.00247186034718981,0.00758170090233906,"calcite_flush_4_nondim","TEmean",2291
"3",-0.0852036469560653,-0.0759345796888777,-0.526899219217651,-0.135451203097503,-0.659380211972678,0.160760372236432,-1.66503457616707,"calcite_flush_4_nondim","FOsd2",2291
"4",0.445764332962138,0.145438726129292,0.422374969427168,0.622760255188605,0.943012108333199,0.131411429920164,1.50484538601759,"calcite_flush_4_nondim","TEsd2",2291
