"","curr_inflow_rate","curr_diffusion_coef","curr_porosity","curr_gypsum_rate_constant","curr_calcite_rate_constant","curr_gypsum_surface_area","curr_calcite_surface_area","output_var","sobol_type","boot_num"
"1",0.00314075461310034,-7.4857908914279e-05,3.89808825156967e-05,0.000176659074943531,0.000859255014904649,0.000112143333453686,0.000345392755761985,"calcite_flush_2_nondim","FOmean",1729
"2",0.00382191725493378,9.88586903046427e-05,8.89299815821465e-05,0.000445672523677853,0.00165384274664401,0.000114385049946387,0.000336092655949547,"calcite_flush_2_nondim","TEmean",1729
"3",-38015.7647595792,-2.43396297312438,-51.1345853479615,-1251250.4732865,-12698.8460064524,-4919235689.62822,-75031.113103094,"calcite_flush_2_nondim","FOsd2",1729
"4",86135575.8330801,86095296.6524508,86091729.6875179,87327991.2914386,86110327.9287035,3703742760.83449,86098132.733261,"calcite_flush_2_nondim","TEsd2",1729
