"","curr_inflow_rate","curr_diffusion_coef","curr_porosity","curr_gypsum_rate_constant","curr_calcite_rate_constant","curr_gypsum_surface_area","curr_calcite_surface_area","output_var","sobol_type","boot_num"
"1",0.0785919505704684,-0.00333541560640699,0.00130544823577705,0.0205495187968535,0.00503919930602998,-0.0103860996592504,-0.00573959244595221,"calcite_flush_9_nondim","FOmean",2344
"2",0.110477901398079,0.00882670159916391,0.0130065334902338,0.0422375399516275,0.0217058947692386,0.00848133171686442,0.0197159349610393,"calcite_flush_9_nondim","TEmean",2344
"3",0.857119491143343,0.915985707867766,0.848641524284509,0.931114698325739,0.925922194804563,0.922004918323808,0.487852980872264,"calcite_flush_9_nondim","FOsd2",2344
"4",0.00952912361032143,0.0769966771037552,0.0629619487920146,0.0720144060398155,0.052323581320396,0.0696174985680165,0.191952199480854,"calcite_flush_9_nondim","TEsd2",2344
