"","curr_inflow_rate","curr_diffusion_coef","curr_porosity","curr_gypsum_rate_constant","curr_calcite_rate_constant","curr_gypsum_surface_area","curr_calcite_surface_area","output_var","sobol_type","boot_num"
"1",0.00367273138193463,4.30362814878719e-05,9.40306416067613e-05,0.0148665538369541,4.2766254902553e-05,-7.9327408583404e-05,0.000165215338974611,"calcite_flush_7_nondim","FOmean",662
"2",0.00335343694049181,5.07433690228987e-05,0.000278426775853171,0.0152373867718062,5.17006918743308e-05,0.000387167675992956,0.000103190608326726,"calcite_flush_7_nondim","TEmean",662
"3",0.978540535490134,0.975863724749293,0.976201944396741,0.978534446969222,0.977950724654495,0.976901649354148,0.980065478868733,"calcite_flush_7_nondim","FOsd2",662
"4",0.00621238089640256,0.000617506996174685,0.00158493685952022,0.0154668315256823,0.00826012787022939,0.000319416125268852,0.0038328718772336,"calcite_flush_7_nondim","TEsd2",662
