"","curr_inflow_rate","curr_diffusion_coef","curr_porosity","curr_gypsum_rate_constant","curr_calcite_rate_constant","curr_gypsum_surface_area","curr_calcite_surface_area","output_var","sobol_type","boot_num"
"1",0.137024556682559,0.000100187297553622,0.000554337896419407,0.0373693327846417,0.0351916591883616,2.49045652969878e-05,0.00791844389209164,"calcite_flush_4_nondim","FOmean",2339
"2",0.133783419523491,0.000542531801286983,0.000916804071542231,0.0313388684865431,0.0335050268006645,0.000512203318846965,0.00684508153096497,"calcite_flush_4_nondim","TEmean",2339
"3",-1562.60819242236,-32.640042213294,-214.400608406092,-114.972393657797,-35.9537844734112,-216.623056834936,-31.0767538599092,"calcite_flush_4_nondim","FOsd2",2339
"4",1519.8243904201,7.96883305054985,187.513206865144,48.7980474779822,12.5395561977249,190.187615723761,6.62942257714424,"calcite_flush_4_nondim","TEsd2",2339
