"","curr_inflow_rate","curr_diffusion_coef","curr_porosity","curr_gypsum_rate_constant","curr_calcite_rate_constant","curr_gypsum_surface_area","curr_calcite_surface_area","output_var","sobol_type","boot_num"
"1",0.0079664876124014,2.09336085424953e-05,0.000192297110899378,0.000285238856349856,0.000466078231633066,4.87506632898867e-07,0.000106959106616357,"calcite_flush_3_nondim","FOmean",818
"2",0.00817984977706656,7.76515655108353e-05,0.000210432835824511,0.000479457019116322,0.000687565995818929,8.26043701957384e-05,0.000267650928584162,"calcite_flush_3_nondim","TEmean",818
"3",-0.602831268982637,-0.552579794016507,-0.494272013345698,-0.511209907728773,-0.535082935453678,-0.75156262070651,-0.499755285335743,"calcite_flush_3_nondim","FOsd2",818
"4",0.0428100718666287,0.010106466643916,0.0784826428458994,0.0653813080360754,0.156792812922639,0.188810645775048,0.100763941483736,"calcite_flush_3_nondim","TEsd2",818
