"","curr_inflow_rate","curr_diffusion_coef","curr_porosity","curr_gypsum_rate_constant","curr_calcite_rate_constant","curr_gypsum_surface_area","curr_calcite_surface_area","output_var","sobol_type","boot_num"
"1",0.00812716221905634,6.89843007819484e-05,9.82733877109328e-05,0.000583284251793813,0.000808051390323806,-2.14795066120863e-06,0.000148762543023519,"calcite_flush_3_nondim","FOmean",2130
"2",0.0083704839294951,5.47292506466944e-05,0.000105927942221792,0.000611877777850524,0.000876932684376676,1.85253367327148e-05,0.00022266251453785,"calcite_flush_3_nondim","TEmean",2130
"3",0.91395597778395,0.915753432129474,0.800823819292278,0.975973265431271,0.980529754750111,0.920890596088123,0.939546236598223,"calcite_flush_3_nondim","FOsd2",2130
"4",0.224863275927216,0.226205625810503,0.0416802425772057,0.316296602835477,0.386426522853011,0.17695597539221,0.147062444918528,"calcite_flush_3_nondim","TEsd2",2130
