"","curr_inflow_rate","curr_diffusion_coef","curr_porosity","curr_gypsum_rate_constant","curr_calcite_rate_constant","curr_gypsum_surface_area","curr_calcite_surface_area","output_var","sobol_type","boot_num"
"1",0.000905564940792864,6.47688336838759e-05,0.00012808602613502,0.00235565246707978,0.000164888209655472,2.67412783486528e-05,-9.48939414047463e-06,"calcite_flush_6_nondim","FOmean",1389
"2",0.000872435647541015,5.71118618211678e-05,0.000164170636581291,0.00239754123910395,0.000246414636823081,3.87620708235358e-05,1.34248124482761e-05,"calcite_flush_6_nondim","TEmean",1389
"3",0.986966992183693,0.98214613557411,0.982421876968998,0.992351093272134,0.985066258705499,0.982140686176745,0.982237350286693,"calcite_flush_6_nondim","FOsd2",1389
"4",0.00443206802446035,9.71837781273856e-07,0.000240762036830077,0.0106160673656447,0.00281536611561891,4.35936478757331e-05,0.000269063599013128,"calcite_flush_6_nondim","TEsd2",1389
