"","curr_inflow_rate","curr_diffusion_coef","curr_porosity","curr_gypsum_rate_constant","curr_calcite_rate_constant","curr_gypsum_surface_area","curr_calcite_surface_area","output_var","sobol_type","boot_num"
"1",0.10592715281999,-0.00100937365499157,0.00110124227264265,0.0196598510276591,0.0163506856899074,0.000936982527754978,0.00548897397676343,"calcite_flush_4_nondim","FOmean",1027
"2",0.104423437630168,0.000539137508407667,0.000452182997062273,0.0193899838226271,0.0214035717450206,0.00100368937239346,0.00698106613113887,"calcite_flush_4_nondim","TEmean",1027
"3",0.992326606993573,0.988273083205224,0.968350833255346,0.990710246525389,0.98819456398965,0.98751877510625,0.953106089617025,"calcite_flush_4_nondim","FOsd2",1027
"4",0.00663217378760534,0.000234387902611878,0.0283244144821099,0.0087442397576372,0.00210243224874384,0.00166072028344242,0.0260088563750801,"calcite_flush_4_nondim","TEsd2",1027
