"","curr_inflow_rate","curr_diffusion_coef","curr_porosity","curr_gypsum_rate_constant","curr_calcite_rate_constant","curr_gypsum_surface_area","curr_calcite_surface_area","output_var","sobol_type","boot_num"
"1",0.0921426524647458,0.00481510577849088,0.012850701082631,0.0329936928535203,0.0142595486966235,0.01055227188189,0.00591444742202534,"calcite_flush_9_nondim","FOmean",840
"2",0.120147985041388,0.00762369305468049,0.0114777613517045,0.0390773237133316,0.0236936395537997,0.012166018420013,0.0148639751327095,"calcite_flush_9_nondim","TEmean",840
"3",-11.1522141896697,-17.2215579949108,-1000.94031907111,-8.69140361091942,-8.67648417969988,-26.0683411157386,-9.66803039480032,"calcite_flush_9_nondim","FOsd2",840
"4",24.6230003537426,4.44676034131281,1016.13968892699,22.7026287250505,23.5408419401908,1.32062218856186,22.9188798229965,"calcite_flush_9_nondim","TEsd2",840
