"","curr_inflow_rate","curr_diffusion_coef","curr_porosity","curr_gypsum_rate_constant","curr_calcite_rate_constant","curr_gypsum_surface_area","curr_calcite_surface_area","output_var","sobol_type","boot_num"
"1",0.118779903651507,0.000774073094003468,0.00696882771635541,0.0379360190771247,0.0138402739167208,0.000424043606533167,-0.00307161501006024,"calcite_flush_8_nondim","FOmean",2351
"2",0.149592141517139,0.0102284002540633,0.0142266476326207,0.0644941228328562,0.0309981876161933,0.00994639399936956,0.0185544588302424,"calcite_flush_8_nondim","TEmean",2351
"3",0.905022718869446,0.910088155566205,0.888330163763563,0.905066411992547,0.827205120627502,0.887776471328826,0.923758053911737,"calcite_flush_8_nondim","FOsd2",2351
"4",0.032785307519037,0.0360113465581988,0.0616452299137121,0.0611585899518956,0.121027230166617,0.0742083210369741,0.0401428526199574,"calcite_flush_8_nondim","TEsd2",2351
