"","curr_inflow_rate","curr_diffusion_coef","curr_porosity","curr_gypsum_rate_constant","curr_calcite_rate_constant","curr_gypsum_surface_area","curr_calcite_surface_area","output_var","sobol_type","boot_num"
"1",0.00285123318811379,2.848580895297e-05,0.0020416526884117,0.00693792811899855,0.000703733995656157,0.00120894440557586,3.54853992789701e-05,"calcite_flush_7_nondim","FOmean",2342
"2",0.00316614406794218,4.76609561039867e-05,0.00170501279907269,0.0069948968091305,0.000938584936235316,0.00104672907144346,0.000172679614693176,"calcite_flush_7_nondim","TEmean",2342
"3",0.985264005449984,0.984976831328528,0.98614306935922,0.991709361260802,0.989210827741054,0.984738296767998,0.985784896398399,"calcite_flush_7_nondim","FOsd2",2342
"4",0.00171217788902961,6.12099770058117e-05,0.00130784373698028,0.00922251175875659,0.00547300695023325,1.67103936356837e-05,0.000756056276882693,"calcite_flush_7_nondim","TEsd2",2342
