"","curr_inflow_rate","curr_diffusion_coef","curr_porosity","curr_gypsum_rate_constant","curr_calcite_rate_constant","curr_gypsum_surface_area","curr_calcite_surface_area","output_var","sobol_type","boot_num"
"1",0.147861919127367,-0.000141243311081844,0.000183894954959078,0.0263975146954359,0.0336202032865173,0.00121234129666037,0.00258744610851759,"calcite_flush_4_nondim","FOmean",1771
"2",0.150689947015242,0.00157649784272394,0.000651614142911772,0.0356355764669047,0.0407288567460505,0.00215990015344775,0.00380626999893141,"calcite_flush_4_nondim","TEmean",1771
"3",-316944.482161677,-330808.528729171,-361240.555358525,-316862.064812733,-318441.044325166,-123120042.835226,-321993.066890608,"calcite_flush_4_nondim","FOsd2",1771
"4",37633.5289741534,9352.88210279037,299.036383659402,38011.2626706663,39428.5450328111,122733588.592641,15210.042267764,"calcite_flush_4_nondim","TEsd2",1771
