"","curr_inflow_rate","curr_diffusion_coef","curr_porosity","curr_gypsum_rate_constant","curr_calcite_rate_constant","curr_gypsum_surface_area","curr_calcite_surface_area","output_var","sobol_type","boot_num"
"1",0.0879901605874125,0.00220843693046747,0.00565607050584372,0.0242945799202226,-0.00391919111063129,-0.0010230924951143,-0.000860504488748093,"calcite_flush_9_nondim","FOmean",696
"2",0.110658370923448,0.00973369871601567,0.0130315354577409,0.0421309603970563,0.0228532303912957,0.00588710796271352,0.0155795845754776,"calcite_flush_9_nondim","TEmean",696
"3",0.877200121781948,0.845110232212933,0.892420214430093,0.878792817117335,0.863238462504514,0.900575563781882,-6.91605933921899,"calcite_flush_9_nondim","FOsd2",696
"4",0.0200034265580794,0.0721257114884749,0.0229433374185622,0.0442569574132543,0.061946180399554,0.0116115506790497,7.61376678660179,"calcite_flush_9_nondim","TEsd2",696
