"","curr_inflow_rate","curr_diffusion_coef","curr_porosity","curr_gypsum_rate_constant","curr_calcite_rate_constant","curr_gypsum_surface_area","curr_calcite_surface_area","output_var","sobol_type","boot_num"
"1",0.109438824611186,-0.00343484700619357,0.00485809025575481,0.0230079504638513,0.000684362572784381,0.000743020331677948,-0.0039556131966574,"calcite_flush_9_nondim","FOmean",1200
"2",0.155273502653376,0.0111326270158046,0.0124794316811025,0.0640622899473642,0.0385790441369049,0.0090197583840486,0.0183851053940592,"calcite_flush_9_nondim","TEmean",1200
"3",-2.54326432034848,-2.61503383300526,-3.23215558598566,-2.56215924697307,-2.66501484719961,-3.15319252133054,-2.50561456311235,"calcite_flush_9_nondim","FOsd2",1200
"4",1.25470547055943,1.36592583800328,0.944985019909157,1.40443503273631,1.33508540257375,0.135539493047251,1.21277283798714,"calcite_flush_9_nondim","TEsd2",1200
