"","curr_inflow_rate","curr_diffusion_coef","curr_porosity","curr_gypsum_rate_constant","curr_calcite_rate_constant","curr_gypsum_surface_area","curr_calcite_surface_area","output_var","sobol_type","boot_num"
"1",0.0898126401358313,0.00176012072323027,0.0106278021867274,0.0397789570555102,0.0096975799022991,0.00186887746021761,0.00454803017842308,"calcite_flush_8_nondim","FOmean",1799
"2",0.12056194128242,0.0117956622499014,0.0135364535980881,0.0495341820933936,0.0220911835755382,0.00557041854280536,0.0174311432533452,"calcite_flush_8_nondim","TEmean",1799
"3",-4.89743305301348,-10.4391564984774,-278.984379289516,-820.399595490845,-23.2737995610336,-2.63651200583295,-8.63946126363849,"calcite_flush_8_nondim","FOsd2",1799
"4",1411.65243447796,1415.77636743415,1682.4239512648,87.1255180189036,1345.60047995172,1410.83693755379,1279.25974626996,"calcite_flush_8_nondim","TEsd2",1799
