"","curr_inflow_rate","curr_diffusion_coef","curr_porosity","curr_gypsum_rate_constant","curr_calcite_rate_constant","curr_gypsum_surface_area","curr_calcite_surface_area","dfn_volume","output_var","sobol_type","boot_num"
"1",0.0493704240028006,-0.0114886141592412,0.0527088649625488,0.0279711019008449,-0.0540430302633844,0.0127764497537032,0.0495747358944396,0.0272564881868035,"max_calcite","FOmean",465
"2",0.0179038542984216,0.00141442870759355,0.0672535451038253,0.00698322792667477,0.013946624396632,0.00588196495969981,0.00434221041662464,0.04634805134602,"max_calcite","TEmean",465
"3",-898.595982159386,-3114.56923245694,-2518.04676626166,-12899.8538905087,-1816.67521353442,-32084.9547293363,-466.048269506809,-126570.724208672,"max_calcite","FOsd2",465
"4",533.249594122864,2714.48023082136,1292.07280242696,12709.1801629157,1666.52831345627,31820.960923448,288.077972092252,117101.197406629,"max_calcite","TEsd2",465
