"","curr_inflow_rate","curr_diffusion_coef","curr_porosity","curr_gypsum_rate_constant","curr_calcite_rate_constant","curr_gypsum_surface_area","curr_calcite_surface_area","dfn_volume","output_var","sobol_type","boot_num"
"1",0.00560649577619442,0.0230179695861553,0.073248749769689,0.0279660318269243,-0.0400939151752244,-0.0108572729998028,0.0144109654579838,0.104799047489534,"max_calcite","FOmean",327
"2",0.017520644361922,0.00259738522392403,0.0814610625726643,0.0203318250640357,0.011636211988115,0.00172834813781778,0.00261142208032684,0.0653574460890099,"max_calcite","TEmean",327
"3",-102.631449560477,-138.200303236172,-46.4065059832176,-256.454044397491,-43.8878538465039,-45.4172397560338,-146.384538434698,-308.2884550989,"max_calcite","FOsd2",327
"4",190.948433647791,5.52219631857923,136.230215001578,6.70338807596412,137.072823870053,119.518871859721,3.88799004269725,18.4853408816297,"max_calcite","TEsd2",327
