"","curr_inflow_rate","curr_diffusion_coef","curr_porosity","curr_gypsum_rate_constant","curr_calcite_rate_constant","curr_gypsum_surface_area","curr_calcite_surface_area","dfn_volume","output_var","sobol_type","boot_num"
"1",-0.020347054010787,0.00683128288539101,0.101922528498701,0.0211030405018304,-0.0666894957282175,-0.0125303135821248,-0.00691403995271557,0.0239753563757898,"max_calcite","FOmean",517
"2",0.0189529538637079,0.00237657017730815,0.0557527625200888,0.00836044395824261,0.0122631419708852,0.00183302808466683,0.00226974509377082,0.0293101048393919,"max_calcite","TEmean",517
"3",-5379.54992605241,-2829.95597591332,-7166.11400789531,-18050.6991151781,-141251.830491741,-3068.22476727034,-3604.78486770138,-8260.38230839956,"max_calcite","FOsd2",517
"4",3800.12140384856,1712.33005780245,6771.31599929568,16902.6644421657,140458.038612174,2110.49730424185,2159.37353724111,7360.83648997311,"max_calcite","TEsd2",517
