"","curr_inflow_rate","curr_diffusion_coef","curr_porosity","curr_gypsum_rate_constant","curr_calcite_rate_constant","curr_gypsum_surface_area","curr_calcite_surface_area","dfn_volume","output_var","sobol_type","boot_num"
"1",0.0177948772913132,-0.0109246681581373,0.0628890869956004,0.0162817885591315,0.0163685749956431,0.0165761687557547,-0.032194154133413,0.0519694821769043,"max_calcite","FOmean",233
"2",0.0167681802369293,0.00237665499491154,0.0589749545568919,0.00587666713669224,0.0100875848962369,0.00108226897207856,0.00314619810665479,0.0329537290478848,"max_calcite","TEmean",233
"3",-744416.249055292,-566870.495085529,-3388161.50372171,-6239274.54438619,-5138415.85462524,-17988109.3900459,-607352.4684994,-839030.131408439,"max_calcite","FOsd2",233
"4",430374.664727637,936968.717076517,1958417.86721797,4280413.96680237,1875842.42422719,14389098.9533084,1096968.64160161,1378252.35144691,"max_calcite","TEsd2",233
