"","curr_inflow_rate","curr_diffusion_coef","curr_porosity","curr_gypsum_rate_constant","curr_calcite_rate_constant","curr_gypsum_surface_area","curr_calcite_surface_area","dfn_volume","output_var","sobol_type","boot_num"
"1",0.0520365884273176,0.0109287971923775,0.0240124174234133,-0.0145123371966352,-0.0366605684417285,-0.0428468695043647,0.0232271595524318,0.0539417943843373,"max_calcite","FOmean",99
"2",0.0145680345657186,0.00144921051031757,0.0447635557278128,0.0102564687197435,0.00443167372871746,0.00388835195216727,0.00474606350423289,0.0306965606093961,"max_calcite","TEmean",99
"3",-665.440292155915,-264.804325434087,-230.022136070442,-2391.22489563417,-215745.500515364,-662.508944775718,-491.960126353032,-204.061009687589,"max_calcite","FOsd2",99
"4",26.1791870005511,122.170996317589,178.067483725638,882.720170287645,215765.510023106,39.5330338907242,64.8712682687395,328.646618622239,"max_calcite","TEsd2",99
