"","curr_inflow_rate","curr_diffusion_coef","curr_porosity","curr_gypsum_rate_constant","curr_calcite_rate_constant","curr_gypsum_surface_area","curr_calcite_surface_area","dfn_volume","output_var","sobol_type","boot_num"
"1",-0.037153781704086,-0.0121363248393841,-0.0111705508075859,-0.00381919025843076,-0.0877403626390326,-0.00566802564829485,-0.0290706336263698,0.0104400021709558,"max_calcite","FOmean",481
"2",0.0308979032943495,0.00216982958409743,0.0363953941768016,0.0176765023336953,0.0218906898397132,0.00641938910037444,0.0033288730757308,0.0230018806919462,"max_calcite","TEmean",481
"3",-14314509866.2369,-14314813476.9755,-14314522924.8036,-14315753837.4923,-14314707030.9933,-14314533793.1241,-14315828263.0972,-14314498922.339,"max_calcite","FOsd2",481
"4",17449.8635692889,283386.611501065,12540.0581027057,1080928.95119683,146447.996321609,45393.7392604318,1178694.82958033,16840.9421331696,"max_calcite","TEsd2",481
