"","curr_inflow_rate","curr_diffusion_coef","curr_porosity","curr_gypsum_rate_constant","curr_calcite_rate_constant","curr_gypsum_surface_area","curr_calcite_surface_area","dfn_volume","output_var","sobol_type","boot_num"
"1",-0.0181279020045203,0.00070072127915636,0.0405060635931683,0.00500508157217284,-0.0138921022583425,0.00694439009782985,-0.00572687370471054,0.0298079830045987,"max_calcite","FOmean",577
"2",0.0111599624666413,0.00237650366934882,0.0467912701071844,0.0261809050212179,0.00622743851711228,0.00173158878431335,0.00364772509114368,0.0395665292388825,"max_calcite","TEmean",577
"3",-30.3771185095583,-8.11420734175761,-8.51842130283588,-54.2881061768752,-8.95487175710069,-233.050407065804,-10.7267164240377,-112.492453604848,"max_calcite","FOsd2",577
"4",23.2499752693705,7.22085895755836,5.06430302440576,47.2283821103281,6.85600869258226,213.809675984626,6.88199761669632,95.4739630232786,"max_calcite","TEsd2",577
