"","curr_inflow_rate","curr_diffusion_coef","curr_porosity","curr_gypsum_rate_constant","curr_calcite_rate_constant","curr_gypsum_surface_area","curr_calcite_surface_area","dfn_volume","output_var","sobol_type","boot_num"
"1",0.0205798325284925,0.0245836907375872,0.160161235559084,0.0625917468102523,0.0636407175928189,0.0902516953047244,0.029363464384724,0.0686827503698729,"max_calcite","FOmean",297
"2",0.0280717697614667,0.00449456420548447,0.0999870202502919,0.0247111801796153,0.0202574429378499,0.00491909918195096,0.00634882169305412,0.0381446828128467,"max_calcite","TEmean",297
"3",-3698802244.58791,-25051629035.1502,-18371137320.526,-1462125470.45646,-23083132106506456,-1362209165.53062,-1853921053.84321,-2083959482.38641,"max_calcite","FOsd2",297
"4",2337975422.82723,23596694534.6998,17021839578.2647,95328426.6235866,23083110767034604,3731061.81022995,483797984.248772,722050473.611922,"max_calcite","TEsd2",297
