"","curr_inflow_rate","curr_diffusion_coef","curr_porosity","curr_gypsum_rate_constant","curr_calcite_rate_constant","curr_gypsum_surface_area","curr_calcite_surface_area","dfn_volume","output_var","sobol_type","boot_num"
"1",0.00384914325982877,0.0192039439691357,0.0301058063468209,-0.00529364091946722,-0.0476479961642093,-0.00376924318637858,-0.0266287520424786,0.0745093184533201,"max_calcite","FOmean",31
"2",0.0213498716035303,0.00180832822146136,0.0429871163162367,0.0148254354401054,0.0118476724823725,0.00229570819987943,0.00425667283304013,0.0342239258834507,"max_calcite","TEmean",31
"3",-31.1316678249997,-560.279013118789,-105.397175684998,-4143.05683973064,-34.9471555156438,-2379.46155202609,-56.3504473461312,-57.7866109673929,"max_calcite","FOsd2",31
"4",3279.92505112402,3093.57570435833,3341.84132595992,7378.64708880611,3333.15980934951,104.534057760879,3360.33150761982,2756.69078063889,"max_calcite","TEsd2",31
