"","curr_inflow_rate","curr_diffusion_coef","curr_porosity","curr_gypsum_rate_constant","curr_calcite_rate_constant","curr_gypsum_surface_area","curr_calcite_surface_area","dfn_volume","output_var","sobol_type","boot_num"
"1",0.0207074469956521,0.0178257707267207,0.0852220318526117,-0.0102440530951516,-0.0188198147008444,0.00640199587823296,-0.00306505930158159,0.0272775328282148,"max_calcite","FOmean",63
"2",0.0206272987001671,0.00190316530467607,0.0645730099997326,0.00826774500953488,0.01312424072923,0.00184633136198645,0.00298706777057852,0.0393229751161646,"max_calcite","TEmean",63
"3",-2500.45116560303,-70038.5477629433,-9454.00489735779,-676750.13734665,-291524.680120832,-4702.3858305076,-12309.2104821765,-18954.0718477151,"max_calcite","FOsd2",63
"4",11427.2573527649,77457.3623120853,1493.61333547389,680842.681601217,246378.39324277,10656.3609427401,964.051743383022,5107.91329212875,"max_calcite","TEsd2",63
