"","curr_inflow_rate","curr_diffusion_coef","curr_porosity","curr_gypsum_rate_constant","curr_calcite_rate_constant","curr_gypsum_surface_area","curr_calcite_surface_area","dfn_volume","output_var","sobol_type","boot_num"
"1",-0.0352484634780777,-0.0116667626728318,0.0674201687711195,0.0238858867347714,-0.016992860846208,-0.0207104543665147,-0.0279640172921375,0.0153806699218687,"max_calcite","FOmean",77
"2",0.0248675635164302,0.00271642668655599,0.0452708868673155,0.0195812395445131,0.00727449596067483,0.00171577636060567,0.00208236293310662,0.0354957998327353,"max_calcite","TEmean",77
"3",-878327787.651735,-857071414.415745,-860570664.600402,-21722581263.8846,-856372865.45484,-978210093.922368,-188819869222.804,-856126610.076267,"max_calcite","FOsd2",77
"4",21155732.1727224,768483.569209806,1879733.77584774,20856935869.3721,1498063.20694443,116836777.057209,187964244857.863,1912614.61288234,"max_calcite","TEsd2",77
