"","curr_inflow_rate","curr_diffusion_coef","curr_porosity","curr_gypsum_rate_constant","curr_calcite_rate_constant","curr_gypsum_surface_area","curr_calcite_surface_area","dfn_volume","output_var","sobol_type","boot_num"
"1",0.0469429325014709,0.0319795830139703,0.0566170335535763,0.00491189014389193,0.00268306919547836,0.0132335610808126,-0.00351070755791723,-0.00283571425855721,"max_calcite","FOmean",323
"2",0.0214602621885801,0.00271694559182857,0.0505868981189007,0.00934827483356012,0.00575272296911367,0.00283845236259285,0.00291415984714109,0.0302102866754154,"max_calcite","TEmean",323
"3",-43.6735479972065,-329.405930685722,-172.337355146124,-8546002.45145473,-16.7633763957485,-712642.429930344,-254547.750806839,-246.865631000189,"max_calcite","FOsd2",323
"4",8.86548172830709,283.272887322863,146.20670542003,8544865.62376805,25.455399594904,711515.059289633,251276.339376571,223.719825040887,"max_calcite","TEsd2",323
