"","curr_inflow_rate","curr_diffusion_coef","curr_porosity","curr_gypsum_rate_constant","curr_calcite_rate_constant","curr_gypsum_surface_area","curr_calcite_surface_area","dfn_volume","output_var","sobol_type","boot_num"
"1",-0.000621672908493472,0.00444949177457633,0.0631092542100212,0.0215762863201581,-0.0283280779877923,0.0032325955923555,-0.0174415541708267,0.0105255623000777,"max_calcite","FOmean",527
"2",0.0162795521975596,0.00216706185075508,0.0522155712762323,0.0132944614293266,0.00665444196775465,0.0034137115672187,0.00239685861533046,0.0241453080317314,"max_calcite","TEmean",527
"3",-563.040906216158,-570.505393829283,-567.549374468635,-567.644841577258,-868.395436774129,-567.775302867726,-568.709394399523,-413.537108140273,"max_calcite","FOsd2",527
"4",0.515415060827149,2.97853368641292,0.222084819850652,1.31752971889899,281.312092759768,0.63025087132753,2.13589259514403,18.9664431652256,"max_calcite","TEsd2",527
