"","curr_inflow_rate","curr_diffusion_coef","curr_porosity","curr_gypsum_rate_constant","curr_calcite_rate_constant","curr_gypsum_surface_area","curr_calcite_surface_area","dfn_volume","output_var","sobol_type","boot_num"
"1",0.0467233494967007,-0.0202901282740205,0.000745281562548161,0.0173446872385494,-0.0205903963236179,0.00419579717450119,-0.000343898518936921,-0.0208903882356236,"max_calcite","FOmean",173
"2",0.0196772698446938,0.00368696895166819,0.0564109348774213,0.0113398048747789,0.00966419640389121,0.00178959756634253,0.00480366179265249,0.0421243222541861,"max_calcite","TEmean",173
"3",-687689513.956417,-721094017.084734,-34848467.9490187,-1824430829.16686,-24685012.1515503,-72986284.4238848,-84119065.7599696,-261686629.254865,"max_calcite","FOsd2",173
"4",243611046.005246,268686493.700459,27861486.8119416,1697482212.46581,132499208.556779,8094536.85271055,9396397.89346986,42574740.2550686,"max_calcite","TEsd2",173
