"","curr_inflow_rate","curr_diffusion_coef","curr_porosity","curr_gypsum_rate_constant","curr_calcite_rate_constant","curr_gypsum_surface_area","curr_calcite_surface_area","dfn_volume","output_var","sobol_type","boot_num"
"1",0.0591275340938942,-0.00352205554111896,0.092596073259768,0.0637175122106272,0.0952162048379336,0.054914636649927,0.0241411354996347,0.0825815766714124,"max_calcite","FOmean",539
"2",0.0200903714228547,0.00208608866967781,0.0940628083841982,0.0158247214616885,0.0106386746671547,0.00275267492315763,0.00170007534596274,0.0507122229020819,"max_calcite","TEmean",539
"3",-34470.0875218782,-48259.2260067291,-96511.0839200167,-27301932.4164574,-28778.2363798651,-196204.673470866,-143139.539178052,-26525.620166641,"max_calcite","FOsd2",539
"4",24904.1092963496,3266.05373158801,81266.5979219075,27293850.2730621,17692.5171181212,187149.935004241,50616.6742642113,15888.9567824076,"max_calcite","TEsd2",539
