"","curr_inflow_rate","curr_diffusion_coef","curr_porosity","curr_gypsum_rate_constant","curr_calcite_rate_constant","curr_gypsum_surface_area","curr_calcite_surface_area","dfn_volume","output_var","sobol_type","boot_num"
"1",0.0337060764502412,0.0106655243364533,0.0205266686605709,-0.0375505657640624,0.00356082655993952,0.00609689553447485,0.00450328138085353,0.0482765817862435,"max_calcite","FOmean",443
"2",0.0184211091799407,0.00137773412005092,0.0509853465547377,0.0176203722090853,0.00657154118684626,0.00352439322528158,0.00414502377459957,0.0415158364037416,"max_calcite","TEmean",443
"3",-4679646884.1094,-233345930.433493,-233991858.973868,-257647667.665211,-369834796.245759,-551633181.785468,-245623672.464951,-242368677.894034,"max_calcite","FOsd2",443
"4",10311086367.8569,6240714241.55203,6249484917.50017,5555884728.07318,6303745867.14546,3749074270.53571,6250482688.36031,6257925576.35333,"max_calcite","TEsd2",443
