"","curr_inflow_rate","curr_diffusion_coef","curr_porosity","curr_gypsum_rate_constant","curr_calcite_rate_constant","curr_gypsum_surface_area","curr_calcite_surface_area","dfn_volume","output_var","sobol_type","boot_num"
"1",0.0276177670031024,-0.0315149570728503,0.0400070863981442,-0.00823267761554898,-0.0430875166741622,-0.00835683376791761,0.00835413292077345,0.0247572566942034,"max_calcite","FOmean",491
"2",0.0200428823903964,0.00419193867638221,0.0536573750553469,0.0197097306809269,0.0097435476608487,0.0023678886552987,0.00522645829716466,0.0310763105128507,"max_calcite","TEmean",491
"3",-34393.7865521231,-34464.6727031513,-78409.3914637323,-168078.097089826,-34369.332100523,-34586.3769142548,-35447.657287067,-46941.5308894499,"max_calcite","FOsd2",491
"4",171.408345482489,251.554441806624,43584.419549969,132934.36343262,94.4049356041695,55.5795973327466,1058.91045239754,12480.21226435,"max_calcite","TEsd2",491
