"","curr_inflow_rate","curr_diffusion_coef","curr_porosity","curr_gypsum_rate_constant","curr_calcite_rate_constant","curr_gypsum_surface_area","curr_calcite_surface_area","dfn_volume","output_var","sobol_type","boot_num"
"1",-0.0116239596301846,-0.0153381922750464,0.054484291958833,0.0197745506088415,0.000452808234628305,0.00933448633198862,0.00346893360360559,0.0190645666385797,"max_calcite","FOmean",291
"2",0.0159015528208972,0.00206242691846122,0.0567415436078888,0.0172411354704435,0.0090077546446342,0.00263027905146683,0.00285414574025628,0.0261716787420332,"max_calcite","TEmean",291
"3",-99650.6220559772,-235906.315520222,-14768.155304498,-69201.799703892,-1377.67182345581,-54289.9602956496,-269.675578456535,-4286.87585359928,"max_calcite","FOsd2",291
"4",90415.6312935437,241962.58963214,20693.6648968288,73015.1391005882,7419.37035959318,56807.8327598375,6447.52525688457,1121.44068230622,"max_calcite","TEsd2",291
