"","curr_inflow_rate","curr_diffusion_coef","curr_porosity","curr_gypsum_rate_constant","curr_calcite_rate_constant","curr_gypsum_surface_area","curr_calcite_surface_area","dfn_volume","output_var","sobol_type","boot_num"
"1",-0.038473070488274,0.00738178022461451,0.0789446620186033,-0.0377448350697713,-0.0428957176433363,-0.0296012110010121,0.002352306535393,0.0240095929799121,"max_calcite","FOmean",463
"2",0.0277920200410553,0.00470826532360019,0.0974697888360652,0.0131006377856797,0.00882089880372637,0.00242636284751104,0.00328193294807727,0.0316193816034747,"max_calcite","TEmean",463
"3",-28409.7400617401,-228317.055308771,-22977.5541000609,-206.776668360424,-1579.02368215551,-5817.54951562213,-240517.815694347,-119319.271034271,"max_calcite","FOsd2",463
"4",156311.708450795,165613.983344314,106947.60196366,162665.984969948,162584.982518829,111191.560981144,21728.695929148,11154.6480957662,"max_calcite","TEsd2",463
