"","curr_inflow_rate","curr_diffusion_coef","curr_porosity","curr_gypsum_rate_constant","curr_calcite_rate_constant","curr_gypsum_surface_area","curr_calcite_surface_area","dfn_volume","output_var","sobol_type","boot_num"
"1",0.0154539839774616,0.0549542543835377,0.075181658809731,0.0381596890366955,-0.032133564402744,-0.0156491094575418,0.032990080212999,0.045186806056959,"max_calcite","FOmean",181
"2",0.0152152721240413,0.0038731307919131,0.0698065551131489,0.00791217431919027,0.0107489932643627,0.00350683643498639,0.00394383135132437,0.0294589401428949,"max_calcite","TEmean",181
"3",-2290481.50509597,-4345884.42740612,-2539302.57313863,-60979.5489776464,-24246.4338865389,-2742466.43122935,-26974.8591057707,-25799.2391185686,"max_calcite","FOsd2",181
"4",451103.499657222,9185.85007776934,346627.143899194,4025461.53543133,4674510.79818145,277163.29727851,4514008.2168915,4729940.19492119,"max_calcite","TEsd2",181
