"","curr_inflow_rate","curr_diffusion_coef","curr_porosity","curr_gypsum_rate_constant","curr_calcite_rate_constant","curr_gypsum_surface_area","curr_calcite_surface_area","dfn_volume","output_var","sobol_type","boot_num"
"1",0.0803618125013415,0.0576128790214089,0.0516926790974544,-0.0362303495030463,0.0888605969258575,-0.0110365421508359,0.101949587828566,0.0325213268438383,"max_calcite","FOmean",533
"2",0.0156770012669498,0.00256909251053072,0.0820703561018568,0.0143287624909695,0.00552924849423847,0.00438705074858543,0.00519607972789574,0.0570185249767542,"max_calcite","TEmean",533
"3",-4105.38589203685,-4706104.56712763,-2342.4086574681,-52627.110742194,-31073.9786238258,-26560.6726776651,-1105.95269154279,-404.478033091784,"max_calcite","FOsd2",533
"4",4003.56291752165,4656374.20384203,2544.01312597789,49951.3921430795,29357.6710576548,25767.086932882,762.795811248445,433.312416896398,"max_calcite","TEsd2",533
