"","curr_inflow_rate","curr_diffusion_coef","curr_porosity","curr_gypsum_rate_constant","curr_calcite_rate_constant","curr_gypsum_surface_area","curr_calcite_surface_area","dfn_volume","output_var","sobol_type","boot_num"
"1",-0.0171327509234023,-0.0214727657327111,0.0778859795070539,-0.0172526683350457,-0.00020321317635514,-0.00909560165122026,0.00831997436354318,0.0562661920390151,"max_calcite","FOmean",49
"2",0.0201063786243598,0.00207390064024833,0.0964294878891766,0.0205010149990201,0.00859137225672785,0.00227841414270526,0.00309243575872791,0.0519992676072928,"max_calcite","TEmean",49
"3",-722.411729059224,-647.781437597505,-25031.4889349369,-24412.2616011579,-746.136829752372,-104179.252033437,-2129.21690029455,-8603.30296511019,"max_calcite","FOsd2",49
"4",8211.57127417125,7580.97927215186,4420.39453697468,4137.47289133515,8163.85472137675,54276.8173384463,9135.40419371345,46.9266614789464,"max_calcite","TEsd2",49
