"","curr_inflow_rate","curr_diffusion_coef","curr_porosity","curr_gypsum_rate_constant","curr_calcite_rate_constant","curr_gypsum_surface_area","curr_calcite_surface_area","dfn_volume","output_var","sobol_type","boot_num"
"1",-0.0209586709509253,0.00766698963994963,0.0856746640722725,0.021102394982965,0.0246213348309392,0.00649204676647352,-0.0139470000050455,0.0412676180190273,"max_calcite","FOmean",319
"2",0.0109093776133468,0.00232129589033416,0.0959036806686643,0.010327674444051,0.00575705859908759,0.00302769949292191,0.00235684013524074,0.0517715914646159,"max_calcite","TEmean",319
"3",-381951.337279495,-192.486235569188,-1142.3866859899,-4737.82773442507,-399.672577656307,-319.204317995377,-300.965561640729,-1131.95787699681,"max_calcite","FOsd2",319
"4",381539.754210299,254.365107023045,1169.84988105047,4351.29443665958,150.685423095584,97.2783207037647,192.819057266842,394.156197165377,"max_calcite","TEsd2",319
