"","curr_inflow_rate","curr_diffusion_coef","curr_porosity","curr_gypsum_rate_constant","curr_calcite_rate_constant","curr_gypsum_surface_area","curr_calcite_surface_area","dfn_volume","output_var","sobol_type","boot_num"
"1",0.00608423847650029,0.00800124291755558,0.0472680328851829,0.0102663333064845,0.00409962339644999,-0.0173738591791109,0.017496579659913,-0.00948466240047673,"max_calcite","FOmean",545
"2",0.013106787263941,0.00112402740657053,0.0683494709856801,0.00969196430647459,0.00505815144212476,0.00186420727911943,0.00352011301603246,0.0336644314544158,"max_calcite","TEmean",545
"3",-4380.29382170902,-4344.84392210064,-6658.46339934277,-5391643.58506695,-11435.4278472518,-4360.10762735515,-4731398.52239697,-1940313.40422723,"max_calcite","FOsd2",545
"4",107.69345658414,231.586622032402,2556.0520365408,5314301.49893929,7341.54577215439,197.530112773017,4727002.07895589,1932826.15235393,"max_calcite","TEsd2",545
