"","curr_inflow_rate","curr_diffusion_coef","curr_porosity","curr_gypsum_rate_constant","curr_calcite_rate_constant","curr_gypsum_surface_area","curr_calcite_surface_area","dfn_volume","output_var","sobol_type","boot_num"
"1",0.0264310069603025,-0.0131672684276534,0.0588506314932952,0.0280713818794674,0.01293542565675,0.0254453226227912,0.00535345482980696,0.0361488203281263,"max_calcite","FOmean",331
"2",0.0166890232045332,0.00162738266820122,0.0511923018633393,0.0086799102879898,0.00498627176761092,0.00292454719175844,0.00317346047678449,0.0340005600513951,"max_calcite","TEmean",331
"3",-40.1254590096911,-21.8811395715146,-22.3975114578252,-21.8420812092998,-23.7871199671642,-21.4893302481778,-22.5275445826337,-21.7100025089408,"max_calcite","FOsd2",331
"4",19.0768144053563,1.11340458419404,0.0704563306627359,1.13271560911732,1.37859412941329,0.779191107359359,1.7530094230741,0.480082510002408,"max_calcite","TEsd2",331
