"","curr_inflow_rate","curr_diffusion_coef","curr_porosity","curr_gypsum_rate_constant","curr_calcite_rate_constant","curr_gypsum_surface_area","curr_calcite_surface_area","dfn_volume","output_var","sobol_type","boot_num"
"1",0.0363186625570697,0.0103064489413385,0.0706674186469835,0.00029374055581974,0.0299995430422986,0.0102563381648996,0.0683580180659457,0.0510572030033287,"max_calcite","FOmean",185
"2",0.0233281494658542,0.00306466195795448,0.0507380328053944,0.00292702243145867,0.016116953659074,0.00283730825970218,0.00822652274000971,0.0445934885729702,"max_calcite","TEmean",185
"3",-15509.1845632591,-102689.954024453,-65338.9761799409,-1192.47678500625,-1296820.20530157,-130358.595278518,-758.434409640984,-688926.46395511,"max_calcite","FOsd2",185
"4",444180.210568785,130098.305744669,170986.4297581,410291.94306144,256559.772011696,553874.776536569,435722.941161969,916725.290108215,"max_calcite","TEsd2",185
