"","curr_inflow_rate","curr_diffusion_coef","curr_porosity","curr_gypsum_rate_constant","curr_calcite_rate_constant","curr_gypsum_surface_area","curr_calcite_surface_area","dfn_volume","output_var","sobol_type","boot_num"
"1",0.022120754396798,0.0120725028222889,0.0743252129846277,0.0326973148248006,0.0338727604175893,-0.00764503892731029,0.00835755317276617,0.0083526299360774,"max_calcite","FOmean",399
"2",0.0157656612205746,0.00182521865055893,0.0503492567732471,0.0144220595261564,0.0036568323220095,0.00249945763722876,0.00448057477688312,0.0398148673852273,"max_calcite","TEmean",399
"3",-442355.652039938,-32380426.9061534,-29566.9895632477,-10793.9345494545,-1123027.30106531,-13232.696490284,-95441.6918588844,-390238.264899842,"max_calcite","FOsd2",399
"4",332351.016108894,32612254.4097437,185998.856472095,280108.103778363,855856.884576376,269534.512370854,315412.660027899,436383.748074722,"max_calcite","TEsd2",399
