"","curr_inflow_rate","curr_diffusion_coef","curr_porosity","curr_gypsum_rate_constant","curr_calcite_rate_constant","curr_gypsum_surface_area","curr_calcite_surface_area","dfn_volume","output_var","sobol_type","boot_num"
"1",-0.0236160881968787,-0.0259431866497554,0.0286398889007011,0.000748805995090179,-0.0413984888810707,-0.000553610622345961,-0.0301745670222379,0.0422858260168469,"max_calcite","FOmean",525
"2",0.0246531201221517,0.00256087922274625,0.0440390074874495,0.0186618896368241,0.0105500284066641,0.00484634435431325,0.0067701884021952,0.0429898784310833,"max_calcite","TEmean",525
"3",-43978575589.1848,-44024859985.942,-45097143296.6462,-43975937070.6357,-229575079263.627,-46791130896.0647,-43984510511.2407,-44309041418.7426,"max_calcite","FOsd2",525
"4",33233201.4130201,4716503.74147852,1143208038.62621,33005526.980368,184867804143.224,2266403344.99605,12445139.7501449,358972773.559197,"max_calcite","TEsd2",525
