"","curr_inflow_rate","curr_diffusion_coef","curr_porosity","curr_gypsum_rate_constant","curr_calcite_rate_constant","curr_gypsum_surface_area","curr_calcite_surface_area","dfn_volume","output_var","sobol_type","boot_num"
"1",0.0159586825454165,-0.014315213744328,0.0841432154195241,0.0267356532472044,-0.0233970284996136,-0.0162156979534414,-0.0119585386628764,0.00885881455807151,"max_calcite","FOmean",29
"2",0.0186433037353597,0.00328911618458179,0.073054958315756,0.0122192294437522,0.0103582121663415,0.00216205566489617,0.00662402929654093,0.0288155765186176,"max_calcite","TEmean",29
"3",-20737569950471.3,-20738166354099.4,-20737101044283.5,-20737231243455.2,-20739015069031.8,-20753295726714.1,-21538561065770.9,-23101092796895760384,"max_calcite","FOsd2",29
"4",13566570598.6457,13243393716.6114,13131710812.2491,11133989530.8675,6762054865.36448,1037728788.00733,611037044784.584,23101071970461904896,"max_calcite","TEsd2",29
