"","curr_inflow_rate","curr_diffusion_coef","curr_porosity","curr_gypsum_rate_constant","curr_calcite_rate_constant","curr_gypsum_surface_area","curr_calcite_surface_area","dfn_volume","output_var","sobol_type","boot_num"
"1",0.021588194421558,0.00342071661319142,0.0451222348781025,-0.0233229421573657,0.0755732007704522,0.0111217776851081,-0.00966139642553656,0.0309016167408726,"max_calcite","FOmean",169
"2",0.021283326957219,0.00138130604638933,0.0522226310702508,0.0100132312539966,0.0109613132918266,0.00117980356547015,0.00267425645805393,0.0279440002972174,"max_calcite","TEmean",169
"3",-20.0316166249161,-1.26639065216669,-2.04362235240695,-1.12826162931838,-1.84669705807449,-1.20027575325747,-1.93992628808368,-1.64572497383024,"max_calcite","FOsd2",169
"4",16.4917916388458,0.650195458887649,0.935760147895428,0.399161681717589,0.411351091364098,0.308021627976023,1.17384961075536,0.658907698769021,"max_calcite","TEsd2",169
