"","curr_inflow_rate","curr_diffusion_coef","curr_porosity","curr_gypsum_rate_constant","curr_calcite_rate_constant","curr_gypsum_surface_area","curr_calcite_surface_area","dfn_volume","output_var","sobol_type","boot_num"
"1",-0.0120755797228774,-0.00825033435190893,0.0938796418570867,0.0268830782278811,-0.0547255830250796,0.0316833933322681,0.0374297964844259,0.0732436754589079,"max_calcite","FOmean",405
"2",0.0147602291478607,0.00215005332774592,0.0749516199372543,0.0204343299343498,0.00722798397258178,0.00314172798589167,0.00563321315209462,0.0395919664883939,"max_calcite","TEmean",405
"3",-200356823.375274,-1006807194.27488,-183495597.462215,-185274817.700904,-183258980.554253,-727606371.618618,-307576438.283817,-73727405472.412,"max_calcite","FOsd2",405
"4",20546075.3720084,677869117.26705,24153806.8418671,30097529.7615265,22997527.320048,538572936.142362,55395364.6348304,73519468223.8779,"max_calcite","TEsd2",405
