"","curr_inflow_rate","curr_diffusion_coef","curr_porosity","curr_gypsum_rate_constant","curr_calcite_rate_constant","curr_gypsum_surface_area","curr_calcite_surface_area","dfn_volume","output_var","sobol_type","boot_num"
"1",0.115752909090239,0.0334368506935325,0.119178694361943,-0.0312236938650536,0.0667337625574121,0.00328171098528083,-0.0186508480868267,0.0175158161739076,"max_calcite","FOmean",135
"2",0.0173738153936384,0.00331877395195718,0.0919198233413117,0.00532427069675217,0.00548267887635533,0.00151396213741316,0.00388806864072015,0.0480771095951067,"max_calcite","TEmean",135
"3",-8730436.28853722,-17685663.0783581,-7098108451.41138,-97339380.1564111,-38015978567.9547,-4917207428188.87,-72223277.4992049,-56486120759.1413,"max_calcite","FOsd2",135
"4",406818580882.99,401740662008.038,413700023032.47,406900141124.136,444722748273.419,2495856489470.48,396285686470.859,160181158746.912,"max_calcite","TEsd2",135
