"","curr_inflow_rate","curr_diffusion_coef","curr_porosity","curr_gypsum_rate_constant","curr_calcite_rate_constant","curr_gypsum_surface_area","curr_calcite_surface_area","dfn_volume","output_var","sobol_type","boot_num"
"1",0.0999292327060829,0.0640035295368972,0.103472888807132,0.00157241034523646,0.0368479973037128,0.0143016756396355,-0.00773456201068467,0.0964247294459826,"max_calcite","FOmean",175
"2",0.017594204315243,0.00429054853110369,0.0894530022434731,0.0132684975934249,0.00918621145373148,0.00392928264355473,0.00466218016536864,0.0670058614562073,"max_calcite","TEmean",175
"3",-164672158.907026,-4134218.99036339,-49901198.7489384,-263022832.388667,-69185243.6172149,-7797787.54466842,-22647965.4418969,-1581602.25699364,"max_calcite","FOsd2",175
"4",172832932.718524,1628807.78529326,18635228.9371866,224252493.690527,69643240.1222739,14768899.366325,22943312.3806362,9961384.89684993,"max_calcite","TEsd2",175
