"","curr_inflow_rate","curr_diffusion_coef","curr_porosity","curr_gypsum_rate_constant","curr_calcite_rate_constant","curr_gypsum_surface_area","curr_calcite_surface_area","dfn_volume","output_var","sobol_type","boot_num"
"1",0.0349480691227953,-0.0135583281873267,0.0189491008037943,0.0637125924933058,-0.00412101772686896,0.0126971784426348,0.000506565788534041,0.0893993992404807,"max_calcite","FOmean",65
"2",0.0151140578241428,0.00227905599046407,0.0612803592465849,0.0162241194173572,0.00503545528178206,0.00254504224906867,0.00375637186245545,0.0484725017627784,"max_calcite","TEmean",65
"3",-426758.583364598,-67247.2011545236,-153939.672026025,-172456.574366586,-857100.017517475,-81093.1359245396,-11154619.9280588,-72661.9788529421,"max_calcite","FOsd2",65
"4",803.462354034014,349264.929745983,89148.1260327546,72757.1315490603,89701.4354767045,223225.692671104,11292416.5752983,353859.50081868,"max_calcite","TEsd2",65
