"","curr_inflow_rate","curr_diffusion_coef","curr_porosity","curr_gypsum_rate_constant","curr_calcite_rate_constant","curr_gypsum_surface_area","curr_calcite_surface_area","dfn_volume","output_var","sobol_type","boot_num"
"1",0.0319679388106633,0.00481503123542656,0.0526017526590151,0.0534411688907089,-0.0154679857317698,0.0120788403810343,-0.0188965699971206,0.0367389579877836,"max_calcite","FOmean",201
"2",0.0167650689421351,0.00126528236972231,0.0695939748756031,0.01180111520087,0.0103727333963199,0.0017868863183463,0.00486987965018601,0.0460465425157848,"max_calcite","TEmean",201
"3",-302091.229451353,-303540.265416031,-298196.06450698,-322274.327502088,-301577.368220781,-300214.084535869,-306676.918663083,-301213.061598174,"max_calcite","FOsd2",201
"4",2272.80068696707,249.288290655403,7699.06388024558,11543.1522924578,2282.2376488128,2128.83691707206,1898.25049182967,2257.62392951502,"max_calcite","TEsd2",201
