"","curr_inflow_rate","curr_diffusion_coef","curr_porosity","curr_gypsum_rate_constant","curr_calcite_rate_constant","curr_gypsum_surface_area","curr_calcite_surface_area","dfn_volume","output_var","sobol_type","boot_num"
"1",0.0438190325749321,-0.0133949232576979,0.0452372794387575,0.04743180157519,0.0641219335159082,0.0165321254207038,0.0033622732213859,0.0437059706652448,"max_calcite","FOmean",121
"2",0.0151063319692766,0.00129125346731975,0.0701665589812099,0.00589369771521821,0.00704430622393826,0.00150150647926028,0.00377429209332691,0.0354407905510418,"max_calcite","TEmean",121
"3",-54170045.6195809,-48090448.9551788,-5731655550.15957,-48026691.8858724,-48487613.9787596,-53732132.6868197,-48182418.301366,-49218775.6751872,"max_calcite","FOsd2",121
"4",13532197.1801306,7489304.54365539,5305248676.63597,7401735.75137041,6996620.22970045,2461483.26970388,6431685.63363334,6729422.55713636,"max_calcite","TEsd2",121
