"","curr_inflow_rate","curr_diffusion_coef","curr_porosity","curr_gypsum_rate_constant","curr_calcite_rate_constant","curr_gypsum_surface_area","curr_calcite_surface_area","dfn_volume","output_var","sobol_type","boot_num"
"1",0.0769987694162299,-0.00956220395447791,0.083198390598743,0.0425376255896254,0.0129200219733378,0.0605488334631087,-0.0161619779304034,0.0333238786556827,"max_calcite","FOmean",343
"2",0.0171522843837395,0.00355973397304929,0.0678701530411112,0.0107646024006932,0.0138011295678395,0.00395817537844931,0.00538347409930795,0.0379411120356844,"max_calcite","TEmean",343
"3",-5446318.44763166,-144014813.936884,-2308292.72841232,-35423482.7554959,-112175860.14828,-225237.839481598,-333914.584476601,-9585625.56049475,"max_calcite","FOsd2",343
"4",3066152.30447003,143747995.845673,2425021.85455801,35336187.7257871,112056806.753656,311161.923972096,25886.9465555201,9428524.60369698,"max_calcite","TEsd2",343
