"","curr_inflow_rate","curr_diffusion_coef","curr_porosity","curr_gypsum_rate_constant","curr_calcite_rate_constant","curr_gypsum_surface_area","curr_calcite_surface_area","dfn_volume","output_var","sobol_type","boot_num"
"1",0.0564719210486681,0.0141181367703169,0.0900799339142611,-0.0558815636112695,-0.0556751683807908,0.0355989627925683,0.0283324862368554,0.053958958011583,"max_calcite","FOmean",11
"2",0.0224864857832473,0.00233053204703289,0.0760086417812505,0.0160468608965954,0.012238776342737,0.00305427512761458,0.0036707522958744,0.0652855210037338,"max_calcite","TEmean",11
"3",-38811553574.7945,-38821631778.4302,-38810985114.3147,-38855560517.4802,-38811350347.5327,-38822737243.546,-38811013926.0937,-38811178341.6401,"max_calcite","FOsd2",11
"4",8531372.18527091,18789863.2902746,7037047.27498202,52979903.2848149,5131212.87093466,604664.534912059,7936215.68289107,7942460.60155643,"max_calcite","TEsd2",11
