"","curr_inflow_rate","curr_diffusion_coef","curr_porosity","curr_gypsum_rate_constant","curr_calcite_rate_constant","curr_gypsum_surface_area","curr_calcite_surface_area","dfn_volume","output_var","sobol_type","boot_num"
"1",-0.00302871737167836,-0.0178144775659116,0.0268836254214705,0.0472597362528602,-0.0235105159600856,0.00302933184650554,-0.00221162024950312,0.0567850648417404,"max_calcite","FOmean",91
"2",0.0177543667910074,0.0018661996632375,0.0413616955154165,0.0260515890963611,0.00700156721448804,0.00190907759833779,0.00315496294355312,0.0339715086167667,"max_calcite","TEmean",91
"3",-5839211147344180,-5840738123373084,-6475340180450227,-5841768321858941,-5847996420491264,-5842098891088695,-5840705506584010,-5839245003742803,"max_calcite","FOsd2",91
"4",14033558787096,15588457029429.9,467461757255192,5431396697940.34,995760940169.477,5606296099984.87,7998134709873.57,13867961272605.8,"max_calcite","TEsd2",91
