"","curr_inflow_rate","curr_diffusion_coef","curr_porosity","curr_gypsum_rate_constant","curr_calcite_rate_constant","curr_gypsum_surface_area","curr_calcite_surface_area","dfn_volume","output_var","sobol_type","boot_num"
"1",0.0980613430913724,-0.00144846724573192,0.0554302119780995,0.0619499631007764,0.00877194263367789,0.00468177232938614,0.00125577176803995,0.0562919640312823,"max_calcite","FOmean",195
"2",0.0166533812009082,0.00136041576599043,0.0572771258149022,0.021923526102404,0.0102211560205287,0.00260935177316344,0.00317717462529806,0.0350925387679218,"max_calcite","TEmean",195
"3",-38145.2851322165,-38183.1209996942,-38177.4560214069,-38161.6021973559,-156500.581667776,-38176.2788740221,-45879.4589499341,-38176.2276731719,"max_calcite","FOsd2",195
"4",24.6617203210825,47.6700049108912,32.3956354184763,28.0501146036417,118388.20885361,22.5329470119326,7720.6532057778,10.2047419175852,"max_calcite","TEsd2",195
