"","curr_inflow_rate","curr_diffusion_coef","curr_porosity","curr_gypsum_rate_constant","curr_calcite_rate_constant","curr_gypsum_surface_area","curr_calcite_surface_area","dfn_volume","output_var","sobol_type","boot_num"
"1",0.0776388500060522,-0.00060651621052806,0.000327808816042582,4.88789691748766e-05,0.00128879411820666,-0.00230741619857699,-0.000306639669054334,-0.0010361744936785,"min_gypsum","FOmean",324
"2",0.0816917967238846,0.00147968952013109,0.00336396504352203,0.000643256809319488,0.00123599138253302,0.00154933872435406,0.00161916072612319,0.00236331192437641,"min_gypsum","TEmean",324
"3",-9.25394695773317,-211.327470985145,-5.92009432265325,-27.6415702648614,-41138.4909351655,-5.12412323665929,-11.317157347263,-4619.77836710677,"min_gypsum","FOsd2",324
"4",6633.68783976098,6810.56066024728,6415.45989104147,6649.89382576116,14740.7899746059,6372.87444383783,6631.99815646679,2020.10432170513,"min_gypsum","TEsd2",324
