"","curr_inflow_rate","curr_diffusion_coef","curr_porosity","curr_gypsum_rate_constant","curr_calcite_rate_constant","curr_gypsum_surface_area","curr_calcite_surface_area","dfn_volume","output_var","sobol_type","boot_num"
"1",0.0917372929307414,0.000984363292638186,0.00162353907353016,-7.66465444496223e-06,0.00253868002734943,0.000820937914265946,5.1741346536319e-05,0.0014251569026692,"min_gypsum","FOmean",64
"2",0.0979378005029369,0.00129036112614567,0.00423087504595641,0.00111831695087946,0.0038474171994988,0.00109130284467943,0.00154188096844146,0.00238367747360982,"min_gypsum","TEmean",64
"3",-16136.0791475209,-19446.3397424233,-20167.148375386,-16584.8036263526,-16714.9847554436,-23078.8800448834,-16883.325189666,-18991.8691714892,"min_gypsum","FOsd2",64
"4",768.730194494191,2363.58701343673,5090.65028600217,256.800950927799,145.684839443528,7798.5103550852,143.531831887004,3741.72308537256,"min_gypsum","TEsd2",64
