"","curr_inflow_rate","curr_diffusion_coef","curr_porosity","curr_gypsum_rate_constant","curr_calcite_rate_constant","curr_gypsum_surface_area","curr_calcite_surface_area","dfn_volume","output_var","sobol_type","boot_num"
"1",0.064190339284166,0.000288672292368304,0.00102714440596018,-0.000904925928492973,-0.000266908488795379,0.00106348980524106,0.00105961090824242,-0.000544532048917829,"min_gypsum","FOmean",440
"2",0.0701805034997049,0.00204350526122613,0.00231036611226854,0.00139720701048208,0.00135441522881537,0.00118782436615819,0.00175137363453112,0.00209656583619904,"min_gypsum","TEmean",440
"3",0.635764722383517,0.8928757196568,0.91474168235712,0.96683972986993,0.948129355958861,0.970634596530609,0.964385346693244,0.958320580799662,"min_gypsum","FOsd2",440
"4",0.29975805643953,0.0901677681731088,0.0675809077676078,0.0186663358431914,0.026450712520537,0.0135592787686329,0.0197835565830821,0.0139716571042158,"min_gypsum","TEsd2",440
