"","curr_inflow_rate","curr_diffusion_coef","curr_porosity","curr_gypsum_rate_constant","curr_calcite_rate_constant","curr_gypsum_surface_area","curr_calcite_surface_area","dfn_volume","output_var","sobol_type","boot_num"
"1",0.11936896668972,0.000678539855809213,0.0021112321005128,0.00064165589231169,0.00253498892093773,0.00118887329128188,-0.000176850434809831,-0.000157006346988994,"min_gypsum","FOmean",388
"2",0.124208347550678,0.00242223110719389,0.0029338593551074,0.00207628719222377,0.00331024423192786,0.00136629213079544,0.00163093068675055,0.00336080230604157,"min_gypsum","TEmean",388
"3",-662.132927327373,-103.805100684893,-3531.57806086881,-420.000782834931,-29072.8630082059,-447.243061812914,-122.822534349855,-68.0768420798933,"min_gypsum","FOsd2",388
"4",313.473538217241,527.15886480398,1275.17344170933,137.216282337246,20581.3148085921,1114.45209546871,608.662196750411,776.810053605473,"min_gypsum","TEsd2",388
