"","curr_inflow_rate","curr_diffusion_coef","curr_porosity","curr_gypsum_rate_constant","curr_calcite_rate_constant","curr_gypsum_surface_area","curr_calcite_surface_area","dfn_volume","output_var","sobol_type","boot_num"
"1",0.0740593657700093,0.00134385560611335,-0.000236453799701368,0.000622210719761411,-0.000627587472123187,1.29524700895308e-06,0.00137324809765687,0.000312650964775667,"min_gypsum","FOmean",568
"2",0.0742316480012831,0.00193700189559214,0.000816317636367722,0.000877520316347674,0.00104287594619296,0.000965666956204867,0.000551004979635345,0.00179736426236989,"min_gypsum","TEmean",568
"3",0.860765417039371,0.881004146442434,0.79753145093444,-30.448876770685,0.901033996450124,0.638985184852198,0.873065179795494,0.656876886913641,"min_gypsum","FOsd2",568
"4",0.188384235759146,0.0692584238072505,0.173936746507053,31.2269605749718,0.188017490549434,0.254895042348826,0.142075785797594,0.254246726834534,"min_gypsum","TEsd2",568
