"","curr_inflow_rate","curr_diffusion_coef","curr_porosity","curr_gypsum_rate_constant","curr_calcite_rate_constant","curr_gypsum_surface_area","curr_calcite_surface_area","dfn_volume","output_var","sobol_type","boot_num"
"1",0.0938233970834582,0.00309848557024188,0.00314900235318512,0.00225720010925118,-4.99146545996709e-06,0.00212923857792506,0.000782283789315557,0.000914325922764603,"min_gypsum","FOmean",202
"2",0.103072964469444,0.00536234248538007,0.00707008199265128,0.00236658288390323,0.00411380543499171,0.00812850855662282,0.00486394904940265,0.00356974957422086,"min_gypsum","TEmean",202
"3",-460.392469263624,-623.9383005838,-487.601412682183,-490.0167360318,-1016.64912301255,-2734.25505153445,-499.248827156257,-461.010837506618,"min_gypsum","FOsd2",202
"4",79.323993736543,111.546807969176,29.7010867310595,51.0337610852502,558.522926522907,2029.29781537656,71.7059469666794,31.4388392349317,"min_gypsum","TEsd2",202
