"","curr_inflow_rate","curr_diffusion_coef","curr_porosity","curr_gypsum_rate_constant","curr_calcite_rate_constant","curr_gypsum_surface_area","curr_calcite_surface_area","dfn_volume","output_var","sobol_type","boot_num"
"1",0.118649790875196,3.65328727028886e-05,0.00221319750906807,0.00587302830029437,-0.000573230270808455,-0.00018028085558507,0.000814172956283562,0.00535866273547001,"min_gypsum","FOmean",460
"2",0.125013051071953,0.00149203746206948,0.00372666213919823,0.00786898214474693,0.00115151255035698,0.00385709511350522,0.00225596375049866,0.0043945024946531,"min_gypsum","TEmean",460
"3",-13260604.5673243,-3708875.3327309,-39385616.0372011,-184373448.844237,-2980508.15042778,-8906886.10308495,-13672353.9287901,-21212563.0917099,"min_gypsum","FOsd2",460
"4",10498148.3802707,1408516.44570417,37196737.9106595,179661471.508853,760356.424347605,5640995.06739369,9138772.08531367,19018654.8655409,"min_gypsum","TEsd2",460
