"","curr_inflow_rate","curr_diffusion_coef","curr_porosity","curr_gypsum_rate_constant","curr_calcite_rate_constant","curr_gypsum_surface_area","curr_calcite_surface_area","dfn_volume","output_var","sobol_type","boot_num"
"1",0.110944807703281,0.00184200850099556,0.00284201682604373,0.00129649154363917,0.00120575641630648,0.00110234691490751,-0.001296897655808,0.0012676629377015,"min_gypsum","FOmean",218
"2",0.118018084008516,0.00224202601088919,0.0080357492971047,0.00266713738817319,0.00330296664691954,0.00196860249557436,0.00384373060957254,0.00353619428373322,"min_gypsum","TEmean",218
"3",-4635294274582.29,-384707374027.298,-166620321533865,-622313982336.883,-180851786277.025,-133769986049.798,-73231369185142.2,-124043806134.754,"min_gypsum","FOsd2",218
"4",1806681339690.04,8787899239813.22,89061208612680.3,12473185665077.6,10554028501604.4,12011865522674.6,25852288319477.6,11925243099251.1,"min_gypsum","TEsd2",218
