"","curr_inflow_rate","curr_diffusion_coef","curr_porosity","curr_gypsum_rate_constant","curr_calcite_rate_constant","curr_gypsum_surface_area","curr_calcite_surface_area","dfn_volume","output_var","sobol_type","boot_num"
"1",0.103629456168736,0.00112786669887368,7.75707750433211e-05,0.000514727880646473,0.00100098019825177,0.00133346973616621,-0.000294527821386447,-0.000898900572337528,"min_gypsum","FOmean",246
"2",0.111805292633373,0.00203679395187455,0.00637058804537613,0.00320503822856083,0.00341620393875441,0.00125205428179361,0.00160837279334836,0.00387181996204424,"min_gypsum","TEmean",246
"3",-164888890.767804,-1731658.80438201,-1649289.73129326,-1619546.73797466,-1669656.09660914,-1717219.29300278,-2470527.23513285,-1777872.82570911,"min_gypsum","FOsd2",246
"4",163224875.769381,186442.525287671,107244.9558765,82689.592331972,3057.32804851185,3285.66041010589,877440.416803029,147742.867439785,"min_gypsum","TEsd2",246
