"","curr_inflow_rate","curr_diffusion_coef","curr_porosity","curr_gypsum_rate_constant","curr_calcite_rate_constant","curr_gypsum_surface_area","curr_calcite_surface_area","dfn_volume","output_var","sobol_type","boot_num"
"1",0.0541502940656091,-0.000186065691643918,0.0025977343899353,0.000775496649517285,0.000792032899049094,-0.000237583770216256,-0.000247668373434117,0.000956616758429529,"min_gypsum","FOmean",52
"2",0.0588242499821699,0.00145086195233168,0.00481301543404312,0.00133547709592912,0.00140505468500168,0.00145112209424857,0.00078277022944302,0.00134262775533481,"min_gypsum","TEmean",52
"3",0.925957993237732,0.912615811379984,0.955146727388758,0.777943062529618,0.929375708931143,0.732334189307626,0.6833740060845,-165.069033932829,"min_gypsum","FOsd2",52
"4",0.0959560467236042,0.0788278066747999,0.0224618957682943,0.0781839848157575,0.00840102625473809,0.228172844849821,0.136412794253758,165.895765539172,"min_gypsum","TEsd2",52
