"","curr_inflow_rate","curr_diffusion_coef","curr_porosity","curr_gypsum_rate_constant","curr_calcite_rate_constant","curr_gypsum_surface_area","curr_calcite_surface_area","dfn_volume","output_var","sobol_type","boot_num"
"1",0.0894258197727517,-0.00108048163804635,0.00159344960310967,0.00135872846229377,0.000539040052394978,-0.000900103600877284,0.00110024078979476,-0.000928192314233808,"min_gypsum","FOmean",236
"2",0.0884365715058402,0.00157090847397614,0.00260693639244179,0.00202971798829773,0.00229980093148328,0.0025043524647051,0.00163482845514913,0.00230055692801654,"min_gypsum","TEmean",236
"3",-12479236.3884953,-12477856.8118742,-12485038.9923647,-12477336.3443706,-12478950.5125263,-13490949.4316379,-12477434.1985469,-12478271.6180093,"min_gypsum","FOsd2",236
"4",2080.43410813624,545.392543317611,7410.61186969597,151.880435699316,1697.92986621905,1013564.10341477,47.7042000623975,1080.35514618698,"min_gypsum","TEsd2",236
