"","curr_inflow_rate","curr_diffusion_coef","curr_porosity","curr_gypsum_rate_constant","curr_calcite_rate_constant","curr_gypsum_surface_area","curr_calcite_surface_area","dfn_volume","output_var","sobol_type","boot_num"
"1",0.0632520100140404,-0.000192172137082273,0.00132807803418624,-0.000362774640435823,0.000974226741696882,0.000362529824235045,5.51189686790347e-05,0.000630961439838449,"min_gypsum","FOmean",42
"2",0.0658745862260092,0.00168684078271903,0.00469352600550955,0.00097975957848471,0.00208093988467602,0.000927247208002995,0.000880744628239239,0.00110982430579618,"min_gypsum","TEmean",42
"3",-1.97372919578342,-3.67524930085629,-11508.7083888601,-0.848403429057337,-1.51254628933202,-1.52521868346006,-1.12653504369139,-1.99681159974351,"min_gypsum","FOsd2",42
"4",3.13978506121949,0.500246596929824,11251.2170497537,1.91453219880343,0.558158627462383,2.1996278061107,2.0033512663834,1.12858739538654,"min_gypsum","TEsd2",42
