"","curr_inflow_rate","curr_diffusion_coef","curr_porosity","curr_gypsum_rate_constant","curr_calcite_rate_constant","curr_gypsum_surface_area","curr_calcite_surface_area","dfn_volume","output_var","sobol_type","boot_num"
"1",0.101752755286067,0.00113915721188804,-0.000198487629742339,0.000274559977802873,0.000486761379328161,0.000190224089573827,0.000478986341638451,0.000704853783874313,"min_gypsum","FOmean",574
"2",0.106197525514332,0.00107205691535438,0.00468822682761283,0.00148528050069494,0.00152389211066908,0.00210177413204516,0.00263237878328865,0.00236881550192614,"min_gypsum","TEmean",574
"3",-218.201569614481,-145.10908736939,-181.784501530788,-363.008166921568,-228.761281283358,-179.961451989831,-1025.26995912378,-1257.3718464132,"min_gypsum","FOsd2",574
"4",156.614191139065,42.422220359965,171.693539437986,138.534796902023,117.253896519484,82.9867980947477,750.669196214927,1314.22644393061,"min_gypsum","TEsd2",574
