"","curr_inflow_rate","curr_diffusion_coef","curr_porosity","curr_gypsum_rate_constant","curr_calcite_rate_constant","curr_gypsum_surface_area","curr_calcite_surface_area","dfn_volume","output_var","sobol_type","boot_num"
"1",0.101211014518426,0.000846791821864776,0.000931770343904213,0.00178806730182586,-0.000741846551374261,-3.51480955486629e-05,0.000802715156527471,4.80534171660567e-07,"min_gypsum","FOmean",430
"2",0.103667329141451,0.00275864785986311,0.00194443104281504,0.00308281663294446,0.00196095100694514,0.0013763224298711,0.00209024844716719,0.00261502529857873,"min_gypsum","TEmean",430
"3",-60793.6562682513,-60805.2327034334,-77773.7203483468,-60560.6338363495,-60690.4897946178,-73986.5158214979,-218981.119119378,-361209.07106866,"min_gypsum","FOsd2",430
"4",4143.14325683039,2260.50960376889,21115.2852584854,3249.09036405244,2912.41892083311,13223.9283113896,113511.134515726,289700.329437265,"min_gypsum","TEsd2",430
