"","curr_inflow_rate","curr_diffusion_coef","curr_porosity","curr_gypsum_rate_constant","curr_calcite_rate_constant","curr_gypsum_surface_area","curr_calcite_surface_area","dfn_volume","output_var","sobol_type","boot_num"
"1",0.0676370520270513,0.00156522787394049,0.00162090160769228,-3.02416994796632e-05,0.00210280220994792,0.00273024702270727,0.000505645231562494,0.000606344608341432,"min_gypsum","FOmean",546
"2",0.074641316962383,0.00441493925876189,0.00406706190797508,0.0049439000805611,0.00389134319568039,0.00364219727020163,0.00120568788078067,0.00429688179949166,"min_gypsum","TEmean",546
"3",-4.1338583896254,-3.58585232302208,-4113.12092017659,-23.8627125045814,-7.89070124532999,-8.38424490846999,-5.35195074737045,-4.14097794648539,"min_gypsum","FOsd2",546
"4",1.87478224049304,0.993197664496228,4011.7136461627,16.913602906658,4.63514966623086,5.48705931313439,1.19445680734043,0.765956117153092,"min_gypsum","TEsd2",546
