"","curr_inflow_rate","curr_diffusion_coef","curr_porosity","curr_gypsum_rate_constant","curr_calcite_rate_constant","curr_gypsum_surface_area","curr_calcite_surface_area","dfn_volume","output_var","sobol_type","boot_num"
"1",0.0841431842871893,0.000945777378292327,0.00176785165602445,0.00449084617577337,0.00149340202788489,0.00072344701065614,0.00124831255766661,-0.00122283107558939,"min_gypsum","FOmean",142
"2",0.0841811999277341,0.00405493337884203,0.00367341441952721,0.00606594830246347,0.0039531293128655,0.00244293127983311,0.00114524681611683,0.00148522615257187,"min_gypsum","TEmean",142
"3",-548.135810343543,-301.467583689127,-1001.05241971179,-316.744613545519,-155.719499047693,-193.769655609091,-2612.27722714149,-2228.65473891524,"min_gypsum","FOsd2",142
"4",276.02382354212,732.426338242783,148.121235360102,1147.44253120371,1163.35591471693,881.016387628595,2568.87392172024,228.638311834862,"min_gypsum","TEsd2",142
