"","curr_inflow_rate","curr_diffusion_coef","curr_porosity","curr_gypsum_rate_constant","curr_calcite_rate_constant","curr_gypsum_surface_area","curr_calcite_surface_area","dfn_volume","output_var","sobol_type","boot_num"
"1",0.0459650242891122,-0.000444423556920527,0.00282751765742166,0.000378787349980464,0.000146930010434789,-2.7088048325047e-05,0.000128721037561115,6.76331283883057e-05,"min_gypsum","FOmean",362
"2",0.0496821083727237,0.000786674725744203,0.00460268485427239,0.000715710274647228,0.00151835501387835,0.000492116270987126,0.00121809174367603,0.00221899123646824,"min_gypsum","TEmean",362
"3",-62.7660633629884,-1023.5362320481,-206.602479306338,-105.147179556242,-42.7387433333596,-55.6766480238864,-2969.02658715127,-567.005495063003,"min_gypsum","FOsd2",362
"4",1810.62951238805,262.827703200952,1244.31178376958,1582.7287842972,2214.4547368992,2247.31023313764,47.5132460127437,604.715626194395,"min_gypsum","TEsd2",362
