"","curr_inflow_rate","curr_diffusion_coef","curr_porosity","curr_gypsum_rate_constant","curr_calcite_rate_constant","curr_gypsum_surface_area","curr_calcite_surface_area","dfn_volume","output_var","sobol_type","boot_num"
"1",0.0576043781489527,0.00143178475078148,0.000336971581152932,0.00328041602407659,0.00160694966355262,0.00244422710505868,0.00210772538171434,-0.000270247040304276,"min_gypsum","FOmean",372
"2",0.0661862518783763,0.00284335081914777,0.00232606224534472,0.00429998439034995,0.00293071556617982,0.00417378504540286,0.00164249481307909,0.00297087648265784,"min_gypsum","TEmean",372
"3",-133799.134805786,-423670.964594086,-133595.988031644,-142756.663863638,-138902.029066257,-153796.994566213,-134457.158757739,-133658.448114832,"min_gypsum","FOsd2",372
"4",3469.93930799667,287200.590566876,3423.68848198996,4036.87002073387,6754.70859036827,13914.2131282401,959.36959795416,3203.9569528335,"min_gypsum","TEsd2",372
