"","curr_inflow_rate","curr_diffusion_coef","curr_porosity","curr_gypsum_rate_constant","curr_calcite_rate_constant","curr_gypsum_surface_area","curr_calcite_surface_area","dfn_volume","output_var","sobol_type","boot_num"
"1",0.0685438242937924,-3.0539986814471e-05,0.00391973962680778,0.00165654346902387,-0.000329784841207406,0.000132197342744623,0.000212700880448282,0.000245901180620155,"min_gypsum","FOmean",578
"2",0.0722539497697296,0.00121278889524322,0.00522163610745965,0.00280467494280178,0.000627110027147727,0.00126226650680428,0.00159819798290935,0.00260955966127437,"min_gypsum","TEmean",578
"3",-139.050529613768,-154.572227689476,-129.612570315745,-384.937289667498,-148.926980747426,-1256.3210241755,-128.612796225092,-784.177775013277,"min_gypsum","FOsd2",578
"4",529.563647566935,497.430345222932,504.845472640724,65.4180367655422,521.057129505452,130.546575874125,504.27668014478,21.9115437925784,"min_gypsum","TEsd2",578
