"","curr_inflow_rate","curr_diffusion_coef","curr_porosity","curr_gypsum_rate_constant","curr_calcite_rate_constant","curr_gypsum_surface_area","curr_calcite_surface_area","dfn_volume","output_var","sobol_type","boot_num"
"1",0.1109710410628,-0.00018130914612917,0.00133902711569392,0.00216491803225094,0.00400629550136567,0.00252414343246858,0.000906089647748688,-1.09029457293777e-05,"min_gypsum","FOmean",174
"2",0.116027017395205,0.00103247012177256,0.00297402935566973,0.00255309826661216,0.0043977499043691,0.00243669419289544,0.00155076427115535,0.00295742587584885,"min_gypsum","TEmean",174
"3",-27783.5864781906,-685880.236676879,-166695.810646848,-37455.3954014487,-41595.9503182425,-356014447.553928,-4959.73469155101,-29828.9480928868,"min_gypsum","FOsd2",174
"4",27174.3741466016,585366.518250206,129279.36537762,27840.7134864858,44360.9019741106,356011570.563275,2621.49678754269,30385.6746585373,"min_gypsum","TEsd2",174
