"","curr_inflow_rate","curr_diffusion_coef","curr_porosity","curr_gypsum_rate_constant","curr_calcite_rate_constant","curr_gypsum_surface_area","curr_calcite_surface_area","dfn_volume","output_var","sobol_type","boot_num"
"1",0.0513894707846638,0.00136384940043215,0.000406690795934058,-0.000104913199975,0.000458362853039872,-0.000514781787585378,0.000918297988825971,0.00171682532254321,"min_gypsum","FOmean",320
"2",0.0562691430357341,0.0016231368053552,0.00521881654301304,0.000759562900153147,0.00105170606239238,0.000586977348399548,0.00131648489908993,0.00406615991756223,"min_gypsum","TEmean",320
"3",-0.678418118416345,0.310741335485805,-2.57943106713688,-1.58417973014976,0.267208802847886,-0.695726108546317,-0.230248879363632,-0.0100181818971885,"min_gypsum","FOsd2",320
"4",2.93366874456098,1.27335707411212,3.71042378781329,2.36540734643146,0.904662829351858,2.32416739815888,1.09005326438514,0.161698898903786,"min_gypsum","TEsd2",320
