"","curr_inflow_rate","curr_diffusion_coef","curr_porosity","curr_gypsum_rate_constant","curr_calcite_rate_constant","curr_gypsum_surface_area","curr_calcite_surface_area","dfn_volume","output_var","sobol_type","boot_num"
"1",0.106121416204593,0.000748322450612478,0.0021984482862869,0.000785538252071822,0.0019263836975137,0.000660904671014121,-0.000812148698647748,-0.00060250154942046,"min_gypsum","FOmean",112
"2",0.114979741241004,0.00214638205863502,0.0051350359963822,0.00353131254706195,0.00351761176159157,0.00394523820310765,0.0012461292716569,0.00284287164876099,"min_gypsum","TEmean",112
"3",-10128.1530777602,-10078.7077534776,-20135.5623554361,-12417.6210768058,-300272.783951418,-11225.8166962605,-13303.6867894682,-10621.289747189,"min_gypsum","FOsd2",112
"4",157.273239442772,167.07835224998,9621.33081340859,2133.27164736911,290165.052140355,1247.4754859229,2918.30048815696,122.142365155683,"min_gypsum","TEsd2",112
