"","curr_inflow_rate","curr_diffusion_coef","curr_porosity","curr_gypsum_rate_constant","curr_calcite_rate_constant","curr_gypsum_surface_area","curr_calcite_surface_area","dfn_volume","output_var","sobol_type","boot_num"
"1",0.0740888333233822,-0.000888059833421238,-0.00106883320491142,0.00023590721508101,0.000922400930832242,0.00057648031007117,0.000507706446469983,-0.00116189536964372,"min_gypsum","FOmean",128
"2",0.0808459029536333,0.000930652430596789,0.00452985109579248,0.00220424652176817,0.00258386033996828,0.00217250529884553,0.00150502257027046,0.00355260069208338,"min_gypsum","TEmean",128
"3",0.415907616572978,0.330443659359241,-0.138802316435735,-2.45545926463006,-8.49470999829276,-96.0047065036341,-1.18072117274358,-8.79367001715674,"min_gypsum","FOsd2",128
"4",1.9113844840769,1.48879235187727,2.19853661872792,0.425773260800375,10.0727384513812,96.9874267049952,0.949041088519593,9.81552964955559,"min_gypsum","TEsd2",128
