"","curr_inflow_rate","curr_diffusion_coef","curr_porosity","curr_gypsum_rate_constant","curr_calcite_rate_constant","curr_gypsum_surface_area","curr_calcite_surface_area","dfn_volume","output_var","sobol_type","boot_num"
"1",0.133719179232858,0.00864898435587228,0.0071065151846825,0.00135043744739477,0.00512536577835734,0.00051202956760509,-0.000405847747670056,0.000806746571893733,"min_gypsum","FOmean",538
"2",0.150947951304294,0.00916588725760479,0.0116021507845959,0.00272553287840701,0.00551107131452875,0.00178328352058503,0.00194498569756913,0.00237589442388868,"min_gypsum","TEmean",538
"3",-14257.3480255271,-19861.1922810491,-15221.6683486581,-15154.6147751896,-14502.9183478231,-23338.3785747845,-27857.8066191177,-16920.9662867201,"min_gypsum","FOsd2",538
"4",887.854345412812,4996.58116395166,1053.66217790542,1818.31746183312,781.933445311599,9622.17789730832,11788.640632756,653.70300419168,"min_gypsum","TEsd2",538
