"","curr_inflow_rate","curr_diffusion_coef","curr_porosity","curr_gypsum_rate_constant","curr_calcite_rate_constant","curr_gypsum_surface_area","curr_calcite_surface_area","dfn_volume","output_var","sobol_type","boot_num"
"1",0.11511937522083,0.00314042478210551,0.00310084340503524,0.00166650072682603,0.00669011878300019,-0.000849218077717546,0.000961120689062924,0.00641329627378632,"min_gypsum","FOmean",318
"2",0.117990416605036,0.00663473231711807,0.0068123259440853,0.00208587491604781,0.00772869513020886,0.000964795589338807,0.00189161415429309,0.00694715892293984,"min_gypsum","TEmean",318
"3",-342874311.648478,-333113430.697349,-333107877.678392,-333500136.262319,-333418027.746708,-336198025.616747,-364237303.055849,-2968375967.17826,"min_gypsum","FOsd2",318
"4",10591072.2971352,1030071.83078318,868158.271803858,593826.74455624,388263.227498357,1508048.88690015,30405057.9945103,2633174574.77612,"min_gypsum","TEsd2",318
