"","curr_inflow_rate","curr_diffusion_coef","curr_porosity","curr_gypsum_rate_constant","curr_calcite_rate_constant","curr_gypsum_surface_area","curr_calcite_surface_area","dfn_volume","output_var","sobol_type","boot_num"
"1",0.064076896542158,-0.000641354555444425,0.00221748741371271,-0.000331437669226529,0.000156230874419604,0.000243065971521481,0.000896033374924701,-0.000252033039464006,"min_gypsum","FOmean",148
"2",0.0676884787800327,0.00094330198320974,0.00501111862004171,0.00191771280202845,0.0015197219988471,0.00388339890506168,0.00324142761663423,0.00314191090221449,"min_gypsum","TEmean",148
"3",-10.3442348861824,-51.8914326116763,-12.6639658363199,-14749.1239395927,-10.5409394546584,-18.7359400755232,-41.6397485843309,-139.3119708867,"min_gypsum","FOsd2",148
"4",1.47339460758636,44.3419182336986,4.97474941549783,15452.2727326592,3.33559166729327,6.41215192518893,33.4215642690153,113.663095260016,"min_gypsum","TEsd2",148
