"","curr_inflow_rate","curr_diffusion_coef","curr_porosity","curr_gypsum_rate_constant","curr_calcite_rate_constant","curr_gypsum_surface_area","curr_calcite_surface_area","dfn_volume","output_var","sobol_type","boot_num"
"1",0.0575566647883283,0.000874745242459943,0.00164760030631646,-6.16460772554102e-05,0.000534133112451847,0.00129167834089142,-0.000491925504567694,0.0014447161401068,"min_gypsum","FOmean",576
"2",0.0612731840421861,0.00147709223570584,0.0031361703590424,0.00159450727101405,0.000811723731975128,0.00217718131918163,0.000373051868885483,0.00225383417627966,"min_gypsum","TEmean",576
"3",-8207.69526024116,-5646.4258054204,-7424.31183679181,-1265919.94747065,-6240.9094456594,-6288.52469038194,-26361.8531021368,-6119.60746030509,"min_gypsum","FOsd2",576
"4",2004.03578681675,419.615859895212,1077.41501703116,1260779.53402751,161.203246395857,24.2989373953704,19405.3045858913,120.040971891772,"min_gypsum","TEsd2",576
