"","curr_inflow_rate","curr_diffusion_coef","curr_porosity","curr_gypsum_rate_constant","curr_calcite_rate_constant","curr_gypsum_surface_area","curr_calcite_surface_area","dfn_volume","output_var","sobol_type","boot_num"
"1",0.0665132967283838,0.000410868619770479,0.0026643757755424,0.00124546911304173,0.000202712509826157,1.24320629495267e-05,4.72135991960093e-05,0.000111298257625741,"min_gypsum","FOmean",516
"2",0.0709070258537535,0.0019994213655971,0.00284556759789099,0.00494104603666658,0.0021051109004379,0.00131080270010834,0.00159531546484474,0.00171671589882244,"min_gypsum","TEmean",516
"3",-12.9131948822886,0.530517551864042,-0.394126785978669,-0.540700666648899,-71.1805193642734,0.365708986798192,0.162782217240877,0.506351643906509,"min_gypsum","FOsd2",516
"4",4.20325199778613,30.4968889586693,21.5371417378017,31.6499091603907,8.89836098841443,31.7672852867779,31.5121079517226,31.6863202931514,"min_gypsum","TEsd2",516
