"","curr_inflow_rate","curr_diffusion_coef","curr_porosity","curr_gypsum_rate_constant","curr_calcite_rate_constant","curr_gypsum_surface_area","curr_calcite_surface_area","dfn_volume","output_var","sobol_type","boot_num"
"1",0.101378979882594,-0.000261721309700043,0.000983511223163516,0.000535733647621559,0.00221886816137803,0.000145060796115652,0.00246873136455627,0.000963170970909862,"min_gypsum","FOmean",356
"2",0.111376984077447,0.00172804577850896,0.00816597201636237,0.00085503129101393,0.00305143705317424,0.00112266897712243,0.00176502668271815,0.002720540457063,"min_gypsum","TEmean",356
"3",-10.9849220708722,-10.6668914417239,-21.4812022526198,-10.4931357511521,-11.0128019335454,-10.1132686526644,-11.1525676066658,-10.1375060887859,"min_gypsum","FOsd2",356
"4",1.84808846531733,1.02562322319109,11.8338504688563,0.376896275397283,1.23481589093206,0.596378506351468,0.313812884806293,0.151910282432481,"min_gypsum","TEsd2",356
