"","curr_inflow_rate","curr_diffusion_coef","curr_porosity","curr_gypsum_rate_constant","curr_calcite_rate_constant","curr_gypsum_surface_area","curr_calcite_surface_area","dfn_volume","output_var","sobol_type","boot_num"
"1",0.0652848581843701,0.000207153268524327,0.000726001776879259,-5.46430005185736e-05,0.00167452352342712,0.000844792395476094,0.000272081862773993,0.00238317700183107,"min_gypsum","FOmean",166
"2",0.0662562071020296,0.00074712672446191,0.00264518182949398,0.00289349415138039,0.00168902604816844,0.00192635035492715,0.00083746368559119,0.0039453115502875,"min_gypsum","TEmean",166
"3",-0.162649964741305,-0.955835573979698,-6.53461142348116,-0.531894230848729,-0.263289771053463,-0.181913793768581,-0.173223641638311,-0.207018905192985,"min_gypsum","FOsd2",166
"4",0.0778183515052939,0.8317211884914,6.16852229311269,0.305671857306176,0.0998599690111479,0.0406264051113059,0.0610942884849289,0.0876082636890772,"min_gypsum","TEsd2",166
