"","curr_inflow_rate","curr_diffusion_coef","curr_porosity","curr_gypsum_rate_constant","curr_calcite_rate_constant","curr_gypsum_surface_area","curr_calcite_surface_area","dfn_volume","output_var","sobol_type","boot_num"
"1",0.088855183359974,-0.000211140289870459,0.00398711742994107,0.00264325875780436,0.00102216376037129,-0.00089691906210574,0.000524561374377289,-0.000881723377470321,"min_gypsum","FOmean",492
"2",0.0967140589650883,0.00419005160892039,0.0074511609151438,0.00272130473773248,0.00376746778314588,0.00215199723556056,0.00152623270398919,0.00283621874535044,"min_gypsum","TEmean",492
"3",-2302025.55240556,-2397119.64993026,-2310533.07557115,-2275801.50443152,-2418290.60852504,-2311809.19491078,-2748081.82943259,-2565936.49269899,"min_gypsum","FOsd2",492
"4",30064.9824722711,133310.161558616,70211.9032922803,44181.7120064383,60891.8771088566,7233.70809315178,379611.97758494,337295.967837388,"min_gypsum","TEsd2",492
