"","curr_inflow_rate","curr_diffusion_coef","curr_porosity","curr_gypsum_rate_constant","curr_calcite_rate_constant","curr_gypsum_surface_area","curr_calcite_surface_area","dfn_volume","output_var","sobol_type","boot_num"
"1",0.0953027460841637,-0.00093563495906234,0.00121961624869967,0.00147107032933503,0.00142709021597756,0.00194943870580408,0.000704162915587912,0.00146063312351277,"min_gypsum","FOmean",8
"2",0.10005446244684,0.00187041957718426,0.00193644065892036,0.00211550850883485,0.00118422548154312,0.00250132784995145,0.00166225893153415,0.0023926946280451,"min_gypsum","TEmean",8
"3",-396.839276599225,-410.642555266706,-62059.5425888122,-417.998821496837,-396.0855379948,-2731.8834836553,-517.566457701197,-401.691802170048,"min_gypsum","FOsd2",8
"4",22373.6378894366,21580.8134259807,36742.0235652055,21342.9830828607,22732.3976884408,25072.1295594469,19594.6110534915,21886.2754754909,"min_gypsum","TEsd2",8
