"","curr_inflow_rate","curr_diffusion_coef","curr_porosity","curr_gypsum_rate_constant","curr_calcite_rate_constant","curr_gypsum_surface_area","curr_calcite_surface_area","dfn_volume","output_var","sobol_type","boot_num"
"1",0.0815095869611323,0.00106464671331043,0.0047464656511601,0.00276754428782629,0.000478272859654028,-0.000334950830379022,0.00125357165649173,0.00135097194149521,"min_gypsum","FOmean",74
"2",0.0830013817112548,0.00144243330701007,0.00398260992001054,0.00529096469014552,0.00144270383013079,0.0010531460877454,0.00152432058094839,0.00422267061767566,"min_gypsum","TEmean",74
"3",-3.26889005368818,-0.355675002712221,-0.702389047547068,-8.18899973301419,-161.617913990812,-0.715452293011141,-2.34054501048899,-4.94562316423153,"min_gypsum","FOsd2",74
"4",2.29773376278804,0.740863654370884,0.781476445180241,7.37447662919813,159.985044118535,1.51897137511933,2.55284927968155,2.79636840634013,"min_gypsum","TEsd2",74
