"","curr_inflow_rate","curr_diffusion_coef","curr_porosity","curr_gypsum_rate_constant","curr_calcite_rate_constant","curr_gypsum_surface_area","curr_calcite_surface_area","dfn_volume","output_var","sobol_type","boot_num"
"1",0.0510731436864977,0.000747332907791967,0.00293707552209442,5.48749426968373e-05,0.000303880966941143,-0.000301773395389438,0.00111676545381303,0.000346200790319792,"min_gypsum","FOmean",386
"2",0.0524297503572698,0.000919643102897542,0.00393923002596691,0.000517815947408179,0.000746630827143506,0.00062467691420408,0.00112233381341299,0.0017327140924409,"min_gypsum","TEmean",386
"3",-1987.41997470137,-3264.36667905646,-1771.8473906201,-1775.9818562871,-1788.99514422133,-1860.37535495549,-1927.5510462542,-1852.77820221716,"min_gypsum","FOsd2",386
"4",224.695412715382,1350.69800588554,5.60317892308733,2.31323131775471,7.26191211746968,75.5935174084243,222.974907642602,52.5842405782326,"min_gypsum","TEsd2",386
