"","curr_inflow_rate","curr_diffusion_coef","curr_porosity","curr_gypsum_rate_constant","curr_calcite_rate_constant","curr_gypsum_surface_area","curr_calcite_surface_area","dfn_volume","output_var","sobol_type","boot_num"
"1",0.0946702321450061,0.000650171550070049,5.78602244948254e-05,-0.00134677290010132,0.000998540265837721,-8.16370240317915e-05,0.000747356695988798,0.00253010999347494,"min_gypsum","FOmean",498
"2",0.0985059782621972,0.00221791515650869,0.00153394280119352,0.00144347924492947,0.00159281004256456,0.00248593325776225,0.0012366493504789,0.00404037817155141,"min_gypsum","TEmean",498
"3",-15.2965290274915,-4.22842985410284,-10.8748435194858,-46.5283209711928,-6.00548037586964,-3.46962051549252,-21.0405719714325,-21.8389816311703,"min_gypsum","FOsd2",498
"4",20.2324534838833,11.8492054999003,5.11707320496804,39.9767234780686,18.5462306046797,9.40005512190541,22.1156752361573,16.065949435908,"min_gypsum","TEsd2",498
