"","curr_inflow_rate","curr_diffusion_coef","curr_porosity","curr_gypsum_rate_constant","curr_calcite_rate_constant","curr_gypsum_surface_area","curr_calcite_surface_area","dfn_volume","output_var","sobol_type","boot_num"
"1",0.117581844999072,0.00323493973358521,-0.00091301764936213,0.000543845102175892,0.0099405427748695,0.00272845837775552,-0.00206386573080624,0.000740691631259502,"min_gypsum","FOmean",448
"2",0.118564574879795,0.00463438495101817,0.00417170801502334,0.00241735224520145,0.00845484641131504,0.0048345727137303,0.00154835523242257,0.00554730309892837,"min_gypsum","TEmean",448
"3",-5052.67366504621,-12130.4271962142,-1976.57235851483,-2861.9593703812,-2068.19243815608,-4304.65272945202,-14543.9814931617,-1998.58386751671,"min_gypsum","FOsd2",448
"4",3316.87940541726,7052.40433487614,622.310427067024,2090.11425985866,1129.15325438927,3275.80461178565,10159.5208070334,644.839972336495,"min_gypsum","TEsd2",448
