"","curr_inflow_rate","curr_diffusion_coef","curr_porosity","curr_gypsum_rate_constant","curr_calcite_rate_constant","curr_gypsum_surface_area","curr_calcite_surface_area","dfn_volume","output_var","sobol_type","boot_num"
"1",0.0937704990038011,0.000512832451728872,0.00293825614884973,0.000327819613320326,-0.000877511988652032,0.00146392912767116,0.00116421959136805,0.00281414240374809,"min_gypsum","FOmean",272
"2",0.0980031656158224,0.000928448084583087,0.00607755161950064,0.00108704769804022,0.00196193817530633,0.0021245658904132,0.00304947248228871,0.00445210512496927,"min_gypsum","TEmean",272
"3",-632074.683429829,-830417.927237293,-1087291.87918064,-202192213.663327,-10040986.957322,-516573679832.317,-913377.076352389,-653754.409830732,"min_gypsum","FOsd2",272
"4",613457.107651267,635413.581832446,215856.150370327,201795807.820413,9726910.52997716,516480801754.519,207672.901108484,579454.867834728,"min_gypsum","TEsd2",272
