"","curr_inflow_rate","curr_diffusion_coef","curr_porosity","curr_gypsum_rate_constant","curr_calcite_rate_constant","curr_gypsum_surface_area","curr_calcite_surface_area","dfn_volume","output_var","sobol_type","boot_num"
"1",0.0855280674591023,-0.000441184270816428,0.000484110111208925,-0.000228145299210411,0.00218362705743568,0.00105285076051154,0.0010063167759779,0.00213611706649752,"min_gypsum","FOmean",54
"2",0.0901034971805941,0.00148955232784648,0.00568211543656973,0.0012195068729247,0.00299052566191485,0.00199091122364597,0.00142944479750258,0.00292438920076559,"min_gypsum","TEmean",54
"3",-7231814.99928237,-346599.335700494,-7611837.57713598,-1294187.52266087,-13831120.679869,-21251.0412267672,-43596774.0102196,-32037.1891996021,"min_gypsum","FOsd2",54
"4",718253.042543251,9240373.99155314,793392.953608634,12654237.2170059,25100978.1323852,12272114.673997,9797698.06455822,12158304.7551362,"min_gypsum","TEsd2",54
