"","curr_inflow_rate","curr_diffusion_coef","curr_porosity","curr_gypsum_rate_constant","curr_calcite_rate_constant","curr_gypsum_surface_area","curr_calcite_surface_area","dfn_volume","output_var","sobol_type","boot_num"
"1",0.0721028392968602,0.000887768121296306,0.00052262397451293,-0.000752008721933741,0.00185203602032225,0.000704546051255346,0.000389127353023976,-0.000665480962879753,"min_gypsum","FOmean",278
"2",0.0754342995683936,0.000773623795509217,0.00241783786105787,0.000640532109614915,0.00251831697155972,0.00150059807374993,0.00276042551609346,0.00162848595157029,"min_gypsum","TEmean",278
"3",-173347.465770401,-37274.9622649229,-44886.48553885,-42709.0319458646,-19184151.4611596,-68001.4931636066,-8446024.08847169,-33575.0569820592,"min_gypsum","FOsd2",278
"4",143833.910000626,13432.5492439756,10753.8679922505,4178.04827713171,19136520.6521851,13642.9657535806,8399950.30592787,12015.7207587328,"min_gypsum","TEsd2",278
