"","curr_inflow_rate","curr_diffusion_coef","curr_porosity","curr_gypsum_rate_constant","curr_calcite_rate_constant","curr_gypsum_surface_area","curr_calcite_surface_area","dfn_volume","output_var","sobol_type","boot_num"
"1",0.093203343450421,0.00172300304045783,0.00269529225578317,0.00193153204102256,0.00711831395365081,0.00164227749476377,0.000290337649273404,0.00222951062768985,"min_gypsum","FOmean",80
"2",0.0981170042113515,0.00299433015468095,0.00499245534566107,0.00126847027119149,0.00575395482201571,0.00402180882786606,0.00178233915854285,0.00405592391105104,"min_gypsum","TEmean",80
"3",-25480231.467145,-28896114.0694741,-540438232.277847,-5970534.46310339,-808646617.375549,-33215273.4477746,-2248069567.09762,-5863609.13659672,"min_gypsum","FOsd2",80
"4",52513680.2452223,56506748.8342926,122493471.914291,154103615.474912,263793923.114148,178978141.223885,1239798995.72215,149885880.234038,"min_gypsum","TEsd2",80
