"","curr_inflow_rate","curr_diffusion_coef","curr_porosity","curr_gypsum_rate_constant","curr_calcite_rate_constant","curr_gypsum_surface_area","curr_calcite_surface_area","dfn_volume","output_var","sobol_type","boot_num"
"1",-0.037961285285573,0.0233539186146488,0.0743889199940902,0.053453081677661,0.0195174132205407,-0.00789042724941978,0.0378018638730983,0.029720762736667,"max_calcite","FOmean",345
"2",0.0202439017792482,0.00249975791361996,0.0784791868302391,0.0173986078447624,0.00846330736936935,0.00179956726687672,0.00358607921612949,0.0565851020903012,"max_calcite","TEmean",345
"3",-458.638097254256,-12321.3994571573,-1081574.88801917,-817.248286779625,-239290.363670523,-33594.8410616952,-148579636.055369,-345.378284159773,"max_calcite","FOsd2",345
"4",1786.31613672031,13446.2719630402,1083538.21617771,2318.88620682709,241126.812103892,34184.7770933137,147480835.268701,1953.94744118731,"max_calcite","TEsd2",345
