"","curr_inflow_rate","curr_diffusion_coef","curr_porosity","curr_gypsum_rate_constant","curr_calcite_rate_constant","curr_gypsum_surface_area","curr_calcite_surface_area","dfn_volume","output_var","sobol_type","boot_num"
"1",-0.0269566923938102,0.0180704565048301,0.0721353271478949,0.087121188505786,0.0392702070137699,0.00892109544980571,0.094393542823881,0.089211960253587,"max_calcite","FOmean",137
"2",0.019979954864292,0.00291097874477699,0.100298404972202,0.0263362211753562,0.0077319403772551,0.00219694233892141,0.00596728287137274,0.0503559578628522,"max_calcite","TEmean",137
"3",-1712793204.34059,-21906719574.4463,-1715589549.46895,-1736939683.01704,-1727955765.09706,-1756690259.53333,-1786970586.85141,-1716053895.10707,"max_calcite","FOsd2",137
"4",8810217.48156339,20199942531.1123,9264938.66866961,22731342.9225201,12376106.6628291,34290806.0305434,35033939.2619621,6161896.51955231,"max_calcite","TEsd2",137
