"","curr_inflow_rate","curr_diffusion_coef","curr_porosity","curr_gypsum_rate_constant","curr_calcite_rate_constant","curr_gypsum_surface_area","curr_calcite_surface_area","dfn_volume","output_var","sobol_type","boot_num"
"1",-0.0448529315596123,-0.0197810671420748,0.0832045688443646,0.00550487791980835,-0.0569757423443188,-0.00317046203079038,-0.0283866728631103,0.0248560219409401,"max_calcite","FOmean",145
"2",0.0162250585017371,0.00165833547640443,0.089225610472247,0.00739389570409828,0.00722712831027516,0.00148351949823099,0.0024559188853639,0.0476983424034589,"max_calcite","TEmean",145
"3",-20946.6572434965,-27264.168307757,-34512.2609329673,-20261.7282516511,-20718.3738205493,-21253.5630830151,-19416.7118368634,-915890.097037673,"max_calcite","FOsd2",145
"4",5782.34537641996,17365.7704717681,6807.2257885618,7053.9997695639,3366.10879371339,1612.20032293807,10762.4112300258,899537.647734655,"max_calcite","TEsd2",145
