"","curr_inflow_rate","curr_diffusion_coef","curr_porosity","curr_gypsum_rate_constant","curr_calcite_rate_constant","curr_gypsum_surface_area","curr_calcite_surface_area","dfn_volume","output_var","sobol_type","boot_num"
"1",-0.00884294832165799,0.0115513498632435,0.0468642763384884,0.0212322074340777,0.00569245403247447,-0.0153507064937221,-0.0529701517986751,0.0828765586741375,"max_calcite","FOmean",87
"2",0.012160595321689,0.00168500473664337,0.0819872139349374,0.0118460499905408,0.00623466418289647,0.00258292454558787,0.0038343496912596,0.0505461050985303,"max_calcite","TEmean",87
"3",-20438.139109602,-3431.49271697044,-29672.5278501948,-7005.60493641246,-12395.5642484594,-4414.34138606125,-3230.42768977841,-3266.29453127239,"max_calcite","FOsd2",87
"4",3274.1805752579,8245.75048297944,16601.7720035144,15651.875488473,2637.84885405765,9900.42451308498,9351.6665368506,11271.7645361874,"max_calcite","TEsd2",87
