"","curr_inflow_rate","curr_diffusion_coef","curr_porosity","curr_gypsum_rate_constant","curr_calcite_rate_constant","curr_gypsum_surface_area","curr_calcite_surface_area","dfn_volume","output_var","sobol_type","boot_num"
"1",0.0464634874418049,0.00982591589446478,0.0451379018827481,0.00937735763228155,-0.0186509588415515,-0.0274907346730186,-0.00688705361785388,-0.0342713429425105,"max_calcite","FOmean",225
"2",0.0178735394684167,0.00375770959946853,0.0638381736894054,0.0109595771215581,0.00595997272046315,0.00250512757447529,0.00173786964611036,0.0268780163799254,"max_calcite","TEmean",225
"3",-248.812614276758,-10542.9017090898,-803.866324100564,-364.995057293745,-21041.7273413942,-716.387569433165,-409.122972890257,-39240.6414428165,"max_calcite","FOsd2",225
"4",150.191580304699,10017.1002840635,679.703143879497,276.502631521021,19357.9851890627,312.100062855737,143.772443938355,38737.2116858801,"max_calcite","TEsd2",225
