"","curr_inflow_rate","curr_diffusion_coef","curr_porosity","curr_gypsum_rate_constant","curr_calcite_rate_constant","curr_gypsum_surface_area","curr_calcite_surface_area","dfn_volume","output_var","sobol_type","boot_num"
"1",0.0621144572017297,-5.41476350824272e-05,0.0568847088262612,-0.00719624207037519,-0.00942681111813844,-0.0119222646451297,0.0467788243216277,0.0434952256597397,"max_calcite","FOmean",33
"2",0.015813835611937,0.00208134517488704,0.0686253851161053,0.00827811807971828,0.00646485259866799,0.00233908533668171,0.00497888937816957,0.0354437225963767,"max_calcite","TEmean",33
"3",-267068.951701268,-267620.550264854,-267336.47940601,-266448.295733166,-289238.065901343,-267039.754804264,-267099.494588149,-321986.480304942,"max_calcite","FOsd2",33
"4",48.7710497791495,707.683878081568,182.132436130298,152.775262000362,22326.2780857638,26.6126326235081,111.715336715912,54969.8644194224,"max_calcite","TEsd2",33
