"","curr_inflow_rate","curr_diffusion_coef","curr_porosity","curr_gypsum_rate_constant","curr_calcite_rate_constant","curr_gypsum_surface_area","curr_calcite_surface_area","dfn_volume","output_var","sobol_type","boot_num"
"1",0.0871002090837966,0.0184523323821127,0.0476266601785503,0.00551017717638962,0.070214442864901,-0.0144176219147486,-0.00577258621860353,0.0257473911278846,"max_calcite","FOmean",557
"2",0.0220065980414736,0.00123483533363577,0.0349154652981566,0.0107184835575458,0.014043155404739,0.0017877679340813,0.00274259084038218,0.0344687144229488,"max_calcite","TEmean",557
"3",-4846905.05893825,-9571054.90134224,-13510616.3748334,-18858.7930856122,-272633.763345594,-11574828.7777289,-159168985.674059,-278679.285115744,"max_calcite","FOsd2",557
"4",5005829.87974242,599138.357849995,1328043.89297655,6473265.84871461,6530019.98798257,856259.066203252,165567875.31602,4499364.81134802,"max_calcite","TEsd2",557
