"","curr_inflow_rate","curr_diffusion_coef","curr_porosity","curr_gypsum_rate_constant","curr_calcite_rate_constant","curr_gypsum_surface_area","curr_calcite_surface_area","dfn_volume","output_var","sobol_type","boot_num"
"1",0.038517270286146,-0.0224109922384746,0.130709037328942,-0.00321863612886143,0.0437312072402872,0.0346848777056598,-0.0291475428005979,0.026693154782774,"max_calcite","FOmean",457
"2",0.0204077807532388,0.00229108738721576,0.0649705304724633,0.0113664338532449,0.00907288364249766,0.00236587032044452,0.00286145342923802,0.0360406073736381,"max_calcite","TEmean",457
"3",-1019.35131453183,-1015.37961904971,-3782.8680862781,-1218.57131075992,-3042.02200679757,-1042.77166697926,-1113.83502510182,-1043.98378243062,"max_calcite","FOsd2",457
"4",75.5161947225671,79.7540666355417,2717.75706684724,78.7745943460514,1919.71447503003,79.5944011119605,36.499729095311,88.5878106655574,"max_calcite","TEsd2",457
