"","curr_inflow_rate","curr_diffusion_coef","curr_porosity","curr_gypsum_rate_constant","curr_calcite_rate_constant","curr_gypsum_surface_area","curr_calcite_surface_area","dfn_volume","output_var","sobol_type","boot_num"
"1",0.0393858113661775,0.0149223471640353,0.101189060299675,0.02473499025276,0.0155796279454649,0.0104740052337472,0.0113609634416495,-0.000689313196754107,"max_calcite","FOmean",599
"2",0.0120155546092529,0.00114840390287189,0.079512534615641,0.00383233126288517,0.00669557227312809,0.00139392374957815,0.00218758581580333,0.0529688915475615,"max_calcite","TEmean",599
"3",-1930.36217115108,-2120.74757036288,-1007.81632473064,-1202.39092303912,-1564.7230355798,-975.81040568065,-1042.68672059307,-2202.00196331014,"max_calcite","FOsd2",599
"4",608.104170851171,1233.57108772943,32.1902832553246,275.707957778649,655.155044393856,97.9177834461088,54.8392376305341,1345.27802085771,"max_calcite","TEsd2",599
