"","curr_inflow_rate","curr_diffusion_coef","curr_porosity","curr_gypsum_rate_constant","curr_calcite_rate_constant","curr_gypsum_surface_area","curr_calcite_surface_area","dfn_volume","output_var","sobol_type","boot_num"
"1",0.00499129599989812,0.0117302569239138,0.0574290756967494,0.0447983628865281,-0.0413973452540073,-0.026215220300198,0.0188009790013916,0.019443528696388,"max_calcite","FOmean",489
"2",0.0189488897729718,0.00200474934111502,0.0583769944216474,0.0113299063700338,0.011052551023126,0.00189487092727351,0.00883163969679961,0.0397212371666894,"max_calcite","TEmean",489
"3",-8771123875002552,-85983454823.148,-10897203661476.1,-443121970713.305,-1016889201589476,-13402613424915608,-30012913166933.6,-48185791805.8798,"max_calcite","FOsd2",489
"4",2461721069339808,1919461152924770,1869681640707931,1939792154655948,147638324978877,5145606894976123,1968794253879524,1939409763614771,"max_calcite","TEsd2",489
