"","curr_inflow_rate","curr_diffusion_coef","curr_porosity","curr_gypsum_rate_constant","curr_calcite_rate_constant","curr_gypsum_surface_area","curr_calcite_surface_area","dfn_volume","output_var","sobol_type","boot_num"
"1",0.0829976558847672,-0.00497571606522034,0.0700990436156969,0.0167072147507284,0.000851928207565348,-0.0104163020285543,-0.000564864716185863,0.0243915061322055,"max_calcite","FOmean",285
"2",0.0141550204228777,0.00116131648652606,0.0706263935716893,0.0148286491244334,0.00650000950521993,0.00282441563421925,0.00472259383044347,0.0483412551456354,"max_calcite","TEmean",285
"3",-275410084519.867,-7518261.12499879,-297929355.685277,-123408.702876691,-364906.426940354,-193548220.332939,-2590747.93042705,-365335.390846332,"max_calcite","FOsd2",285
"4",275154738334.642,7788354.07903157,299326013.670557,1442320.49637715,1754867.48905988,163827823.504099,2181979.68730265,1356353.4783559,"max_calcite","TEsd2",285
