"","curr_inflow_rate","curr_diffusion_coef","curr_porosity","curr_gypsum_rate_constant","curr_calcite_rate_constant","curr_gypsum_surface_area","curr_calcite_surface_area","dfn_volume","output_var","sobol_type","boot_num"
"1",0.0295835167590262,0.0236252755564119,0.0834871727026659,0.0656912312169732,0.0515343585121475,0.0533505885173157,0.0120408283191878,0.0110843083901877,"max_calcite","FOmean",521
"2",0.0359915303569905,0.00417440646745781,0.0806760816459952,0.0139267575949691,0.020242146369263,0.00371086869436319,0.00577802747048237,0.0467217137467483,"max_calcite","TEmean",521
"3",-37123331.9894003,-402934528.994136,-995183776.008564,-1281719052.71017,-49578380.616101,-189635827.527395,-6348706.20957963,-4629108.28253099,"max_calcite","FOsd2",521
"4",34370599.2608526,401572930.938416,985452288.032432,1263904091.15872,47731751.0001365,168902166.325889,4420532.28384612,1477244.87619414,"max_calcite","TEsd2",521
