"","curr_inflow_rate","curr_diffusion_coef","curr_porosity","curr_gypsum_rate_constant","curr_calcite_rate_constant","curr_gypsum_surface_area","curr_calcite_surface_area","dfn_volume","output_var","sobol_type","boot_num"
"1",0.0275140221769011,0.0234896531164988,0.0493165450722992,0.00638742200969516,0.0923154282496977,-0.00851477897373897,-0.0082529955977774,0.0535637906016448,"max_calcite","FOmean",211
"2",0.0242143536131188,0.00512831446096882,0.0788865642377694,0.0180726604029123,0.0159900440792763,0.00318299717336201,0.00646519221639895,0.0357346315214008,"max_calcite","TEmean",211
"3",-3063901.49528693,-1449767897.40028,-71266.7913931536,-71387.3336977937,-191081.500986271,-6574215.71833304,-72673.9922188948,-177650.911680194,"max_calcite","FOsd2",211
"4",721120661.984541,111202609.833256,757862588.525073,757878384.577044,756375151.819302,624009432.338369,757864307.807603,757983663.858829,"max_calcite","TEsd2",211
