"","curr_inflow_rate","curr_diffusion_coef","curr_porosity","curr_gypsum_rate_constant","curr_calcite_rate_constant","curr_gypsum_surface_area","curr_calcite_surface_area","dfn_volume","output_var","sobol_type","boot_num"
"1",0.00416511646678003,-0.00501205671907363,0.0579970019394077,0.0584362274404078,-0.0455747865368781,0.0035740417480632,-0.00767759778997925,0.0305592990166789,"max_calcite","FOmean",411
"2",0.0131473370399351,0.00166734939004954,0.0789809168274207,0.0166671010172495,0.00590828052281155,0.00342362634592127,0.00401683093797308,0.0352989060620868,"max_calcite","TEmean",411
"3",-17866963031.4972,-269530499968.046,-1482859457.43023,-3197360619.17112,-5232018394.18644,-8849624685.59118,-413087822260.345,-38581210.8049562,"max_calcite","FOsd2",411
"4",26575280808.2816,180320520927.893,10456487510.236,11515422860.1965,583590789.905202,646932263.192266,300463682161.414,8941869416.11384,"max_calcite","TEsd2",411
