"","curr_inflow_rate","curr_diffusion_coef","curr_porosity","curr_gypsum_rate_constant","curr_calcite_rate_constant","curr_gypsum_surface_area","curr_calcite_surface_area","dfn_volume","output_var","sobol_type","boot_num"
"1",0.0299803207268346,0.0122926307383567,0.11339148033871,0.0230292784340914,0.0498259089163625,-0.00131031381598639,-0.0407619314714513,0.0707238440971906,"max_calcite","FOmean",511
"2",0.0188566424119464,0.00273524660550207,0.0832555479438765,0.0146775956166572,0.0097151486808115,0.00145236777571905,0.00365641410732464,0.0344778298714732,"max_calcite","TEmean",511
"3",-7073783007.02124,-8593903022.17515,-6642208573.74859,-7291776034.46169,-6676161469.14665,-25373839987.5583,-6660462107.97912,-7190432795.18656,"max_calcite","FOsd2",511
"4",1658449105.34543,731226941.222023,1226146756.41886,324446833.682602,74038889.4480008,12078935727.5092,1115614861.21524,41255413.4517049,"max_calcite","TEsd2",511
