"","curr_inflow_rate","curr_diffusion_coef","curr_porosity","curr_gypsum_rate_constant","curr_calcite_rate_constant","curr_gypsum_surface_area","curr_calcite_surface_area","dfn_volume","output_var","sobol_type","boot_num"
"1",-0.00878307221921458,0.00595041485520565,0.0150933980848626,-0.0177074980682437,-0.00689724121264764,0.0126113996876022,0.0154816777776413,0.0344374515256841,"max_calcite","FOmean",379
"2",0.0280246666876202,0.00095522032160534,0.0331137118095293,0.017896488036128,0.0122833886939226,0.00271923430272637,0.00537009703347872,0.0270224258752794,"max_calcite","TEmean",379
"3",-146790.168328145,-23642.0180526912,-24744.0539362534,-134721.378432061,-37181340.7242987,-8488.83713034001,-285327.201332639,-27889.071801307,"max_calcite","FOsd2",379
"4",303723.73424911,97676.7489025723,76090.7003538283,112830.110347038,37303812.0642537,137179.662901804,438424.348541349,180899.533784482,"max_calcite","TEsd2",379
