"","curr_inflow_rate","curr_diffusion_coef","curr_porosity","curr_gypsum_rate_constant","curr_calcite_rate_constant","curr_gypsum_surface_area","curr_calcite_surface_area","dfn_volume","output_var","sobol_type","boot_num"
"1",0.0515632251134455,0.0256844756513187,0.0311115637550234,0.00927159011768803,0.0692530576125315,-0.00580859249617977,-0.041167748113891,0.0597890586601257,"max_calcite","FOmean",385
"2",0.0172299819729997,0.00189176437191363,0.0774846970307211,0.00834201725053477,0.0107383176931244,0.000882063202461924,0.00363479644319437,0.0372443460493052,"max_calcite","TEmean",385
"3",-1976.95633687425,-1919.84213148278,-1838.308880919,-41019.0979159862,-5902.35311034194,-2612.65125666649,-4717.66518703699,-2607.09450877921,"max_calcite","FOsd2",385
"4",1532.43234594983,1336.68164252182,1499.2182976427,37175.3295121221,1479.8193884462,1639.00413876358,1581.26750851178,1646.76189002051,"max_calcite","TEsd2",385
