"","curr_inflow_rate","curr_diffusion_coef","curr_porosity","curr_gypsum_rate_constant","curr_calcite_rate_constant","curr_gypsum_surface_area","curr_calcite_surface_area","dfn_volume","output_var","sobol_type","boot_num"
"1",0.0432892534233136,-0.00988278399794684,0.0492038010974623,-0.0179410185504811,0.0252366153710138,0.0109536938320718,0.00650256286128457,0.0105169419842731,"max_calcite","FOmean",459
"2",0.0212731692759576,0.00141515128373463,0.0484838652046473,0.0072328006230609,0.0110593415244101,0.00208386148852488,0.00544848270588998,0.0383154110427489,"max_calcite","TEmean",459
"3",-1188.94900588969,-1212.10090788735,-1618.65147426452,-1187.78464077792,-1190.39915987492,-1189.36483278476,-1196.47918198843,-1250.21058540768,"max_calcite","FOsd2",459
"4",0.883936656400253,21.8598204177784,416.802201899064,0.593000534914248,1.28582877851085,1.38600721512512,8.0679860554567,61.9673378171108,"max_calcite","TEsd2",459
