"","curr_inflow_rate","curr_diffusion_coef","curr_porosity","curr_gypsum_rate_constant","curr_calcite_rate_constant","curr_gypsum_surface_area","curr_calcite_surface_area","dfn_volume","output_var","sobol_type","boot_num"
"1",-0.0705278161939017,-0.0261066699332537,0.0611424822788621,-0.0426447527068404,0.0342151118748688,-0.0116740747663694,-0.0204451333625577,0.0638445695610227,"max_calcite","FOmean",553
"2",0.0202569098547869,0.00287074774419554,0.0612927670997892,0.00986436635933697,0.0096763774821382,0.00325820577605084,0.00216645888957528,0.046220769372836,"max_calcite","TEmean",553
"3",-27460259169051216,-203145947827.901,-1408230503160.31,-6022083.83422239,-14601301903507.7,-581179515.339554,-1793797507224.49,-15611649.7572427,"max_calcite","FOsd2",553
"4",27056222948734192,597963134386.726,1363760175.09515,1497231400267.63,6747268200878.69,1497590995731.9,13389453257.9756,1497240934278.71,"max_calcite","TEsd2",553
