"","curr_inflow_rate","curr_diffusion_coef","curr_porosity","curr_gypsum_rate_constant","curr_calcite_rate_constant","curr_gypsum_surface_area","curr_calcite_surface_area","dfn_volume","output_var","sobol_type","boot_num"
"1",-0.0153797864378219,0.0173180666764406,0.0552027502533645,0.00459726107259109,-0.0104885054444297,0.00690564765952029,0.00868430028503467,-0.00034116408247561,"max_calcite","FOmean",19
"2",0.0230992804480989,0.00236052337805759,0.0679432176472983,0.0212416786201818,0.0106634371814731,0.00754821039678713,0.00504181360219662,0.0476102351943595,"max_calcite","TEmean",19
"3",-291.949358400795,-399.12350591031,-12499.3778615268,-56849.0800921601,-260.90491464673,-172.802372692899,-129.602563275792,-4131.6829913616,"max_calcite","FOsd2",19
"4",137.695472832913,266.826327914938,10972.2257763404,56020.0392611712,46.8379919208164,51.0237248215029,85.8041202630551,4114.72378938841,"max_calcite","TEsd2",19
