"","curr_inflow_rate","curr_diffusion_coef","curr_porosity","curr_gypsum_rate_constant","curr_calcite_rate_constant","curr_gypsum_surface_area","curr_calcite_surface_area","dfn_volume","output_var","sobol_type","boot_num"
"1",0.0515575880344924,-0.0237644471114995,0.0378444460751093,-0.0387103210374699,0.00113369231897693,0.00631531406417217,-0.012970486726082,-0.00322076139663513,"max_calcite","FOmean",555
"2",0.0185960013968807,0.00287536686392467,0.0481577141607335,0.0166120507649983,0.0101918000504891,0.00637120619847426,0.00341852076552463,0.0346338528599917,"max_calcite","TEmean",555
"3",-268383091358023,-1607691544419.06,-12387903.3176673,-514649817701.52,-1152346956.02754,-81605811.1009135,-128187785.281701,-471680622.95539,"max_calcite","FOsd2",555
"4",268385363773264,1486133941937.9,2457743333.3417,446940508430.288,3600968271.98605,1709713277.2613,2317521886.54528,2905261146.51916,"max_calcite","TEsd2",555
