"","curr_inflow_rate","curr_diffusion_coef","curr_porosity","curr_gypsum_rate_constant","curr_calcite_rate_constant","curr_gypsum_surface_area","curr_calcite_surface_area","dfn_volume","output_var","sobol_type","boot_num"
"1",0.016163705082115,0.00082433787476272,0.113397669312147,-0.0236944193152775,-0.003070275786953,-0.0178985641459723,0.0161268062725341,0.0171219615856776,"max_calcite","FOmean",17
"2",0.0187964694476991,0.00246096368531617,0.101518759752508,0.00552692120809008,0.0067264159151873,0.00280321177567937,0.0026627125112745,0.0413918034981884,"max_calcite","TEmean",17
"3",-6929676894225.53,-7078620278678.88,-6931475979600.13,-6993154433434.27,-6929846156286,-6929674577597.17,-6931371060876.79,-6929984983042.59,"max_calcite","FOsd2",17
"4",37138666.84212,145337101935.985,1775714407.00741,61581659788.5849,172898219.346024,43710231.8522789,1463471435.15695,294882966.484364,"max_calcite","TEsd2",17
