"","curr_inflow_rate","curr_diffusion_coef","curr_porosity","curr_gypsum_rate_constant","curr_calcite_rate_constant","curr_gypsum_surface_area","curr_calcite_surface_area","dfn_volume","output_var","sobol_type","boot_num"
"1",0.0138749929753575,-0.0205918523206121,0.0339604570865284,-0.0781196520749093,-0.00649285408885705,-0.0484620469745179,-0.0486401564289503,0.0575868453074393,"max_calcite","FOmean",551
"2",0.0173338296303838,0.00220200963326369,0.0543116426251309,0.00799069380061385,0.00703139136031307,0.00297339441624662,0.00371177320286273,0.0440420486520369,"max_calcite","TEmean",551
"3",-218678.475919638,-39945.0395987259,-9253863.46091743,-4633657.13297895,-75846.7880089938,-166786.622124593,-394788.698307175,-2188494.12695712,"max_calcite","FOsd2",551
"4",1004788.64847642,1233593.7893966,7892427.57102267,5157758.66133131,1259892.9791771,709683.240305633,1424105.20578351,164234.322737314,"max_calcite","TEsd2",551
