"","curr_inflow_rate","curr_diffusion_coef","curr_porosity","curr_gypsum_rate_constant","curr_calcite_rate_constant","curr_gypsum_surface_area","curr_calcite_surface_area","dfn_volume","output_var","sobol_type","boot_num"
"1",-0.00615097617551263,0.00807459617392917,0.0189146388439877,-0.0180102048823628,0.00396851077300718,0.0105999285586585,-0.028258919856878,0.0125550826151867,"max_calcite","FOmean",151
"2",0.0117194304527698,0.00101725886622696,0.054349601371042,0.00608713669541637,0.00532672301934834,0.00203908803045937,0.00326424266256454,0.0300441882923861,"max_calcite","TEmean",151
"3",-2099757.20069726,-1691727.79241152,-779839570.464054,-1702463.96462662,-5991630.14913367,-1857853.31494843,-1780377.07391812,-1698729.09035125,"max_calcite","FOsd2",151
"4",179489.843803657,865086.211442134,779034504.572197,781225.758937713,5204380.15111679,981649.253737021,461470.484350973,909790.749398574,"max_calcite","TEsd2",151
