"","curr_inflow_rate","curr_diffusion_coef","curr_porosity","curr_gypsum_rate_constant","curr_calcite_rate_constant","curr_gypsum_surface_area","curr_calcite_surface_area","dfn_volume","output_var","sobol_type","boot_num"
"1",0.00130627584194959,-0.0307169654686927,0.0656293939525529,0.00461676533079015,-0.0239220596309093,0.00483057622591889,0.0379542259702307,0.0503973899763719,"max_calcite","FOmean",325
"2",0.00979322868157372,0.00321772252824248,0.0680212111561222,0.00562415084603416,0.00546896326925001,0.00206964360953723,0.00234197482866718,0.0460043733778617,"max_calcite","TEmean",325
"3",-121.090579508885,-330.707429798572,-22.9896274847103,-7.79724458065542,-7.20823752065797,-51.8743711661214,-7.70553625770976,-19.0785284920871,"max_calcite","FOsd2",325
"4",71.7594031805435,223.322950616554,1.16699701960807,10.5516402106132,13.1454822462368,13.88212989872,11.0170760340649,3.11699693140652,"max_calcite","TEsd2",325
