"","curr_inflow_rate","curr_diffusion_coef","curr_porosity","curr_gypsum_rate_constant","curr_calcite_rate_constant","curr_gypsum_surface_area","curr_calcite_surface_area","dfn_volume","output_var","sobol_type","boot_num"
"1",-0.0138547035677833,0.0023652053680544,0.0877775599933871,0.0192720672656794,-0.00302369075041877,-0.00774922792244073,-0.0455993501083939,0.00172920640787771,"max_calcite","FOmean",23
"2",0.01425890982301,0.00210286136570411,0.0709162478335382,0.0160783678780235,0.00470350067734283,0.00253892505897136,0.00392137726786518,0.0389584967852997,"max_calcite","TEmean",23
"3",-14457.7084316305,-7082.48332688361,-4692.13404832385,-5655.63164257511,-5143.05310743861,-5662.61333805178,-88083.6774356324,-4622.09404751558,"max_calcite","FOsd2",23
"4",9185.45762075885,2373.48811271763,264.73123159773,885.19663339856,759.588421077486,1068.3932165547,80980.3813211563,145.275628681889,"max_calcite","TEsd2",23
