"","curr_inflow_rate","curr_diffusion_coef","curr_porosity","curr_gypsum_rate_constant","curr_calcite_rate_constant","curr_gypsum_surface_area","curr_calcite_surface_area","dfn_volume","output_var","sobol_type","boot_num"
"1",-0.0634414208945406,-0.00232295929167663,0.0549892202928988,0.031498027499979,0.0209723477236312,-0.0102182566823577,-0.0307430551859516,0.0101034507000075,"max_calcite","FOmean",273
"2",0.0189736485642006,0.00409743184265707,0.0695247092528334,0.0105506700681644,0.00605287233810003,0.00354801793028549,0.00298891006873018,0.0306576425611728,"max_calcite","TEmean",273
"3",-215860115.489452,-215940876.653002,-171558172.256219,-269573681.231571,-171299896.920574,-708456578.323896,-2371031186.32391,-10244362794.7947,"max_calcite","FOsd2",273
"4",6127859.641976,14131510.6769201,79697532.5463882,115600422.561633,79293793.7509299,466144381.375594,1492373195.86253,9750514119.14318,"max_calcite","TEsd2",273
