"","curr_inflow_rate","curr_diffusion_coef","curr_porosity","curr_gypsum_rate_constant","curr_calcite_rate_constant","curr_gypsum_surface_area","curr_calcite_surface_area","dfn_volume","output_var","sobol_type","boot_num"
"1",-0.0600966727583575,0.0248611185846537,0.111601437043619,-0.00266659430179883,0.00226966598438355,-0.0151768713808309,0.0156463334511643,0.0756990516693195,"max_calcite","FOmean",209
"2",0.0229574391485821,0.00268418761698343,0.0797382811433894,0.0232524532416805,0.0135006211048136,0.00339877015895106,0.00221197567796914,0.0490327827870824,"max_calcite","TEmean",209
"3",-15519990212.2561,-47992001.1694059,-3605567.34372952,-5761108.19327459,-3405063.27485118,-5793770874.10059,-551227527.265885,-24139859855.943,"max_calcite","FOsd2",209
"4",16425039741.4179,623423632.828529,983748016.174871,987186634.21798,984908105.861607,2021392832.10653,106022743.6718,24053593904.6814,"max_calcite","TEsd2",209
