"","curr_inflow_rate","curr_diffusion_coef","curr_porosity","curr_gypsum_rate_constant","curr_calcite_rate_constant","curr_gypsum_surface_area","curr_calcite_surface_area","dfn_volume","output_var","sobol_type","boot_num"
"1",0.0336918274388764,-0.0233554062637472,0.0548478914858081,-0.0144867368929148,-0.0649536608505486,-0.0334682737617932,0.019496223959618,0.0319600575430928,"max_calcite","FOmean",103
"2",0.0232005099221686,0.00172549901499302,0.0502593856472005,0.0238732601253736,0.00979283326848891,0.00455830771831833,0.00386904170449995,0.0397165770915567,"max_calcite","TEmean",103
"3",-725429705.381064,-613092895.62666,-694557029.750645,-823338691.368568,-668194177.512471,-594686839.731109,-631375166.146344,-596691628.351878,"max_calcite","FOsd2",103
"4",73267690.9983331,71013868.4098825,8452327.74689333,292799266.390189,762000.149747712,45524444.0308978,3470567.39676694,59376723.326216,"max_calcite","TEsd2",103
