"","curr_inflow_rate","curr_diffusion_coef","curr_porosity","curr_gypsum_rate_constant","curr_calcite_rate_constant","curr_gypsum_surface_area","curr_calcite_surface_area","dfn_volume","output_var","sobol_type","boot_num"
"1",0.0651274873537676,-0.0150331017289463,0.0393859304740962,0.0655100760608258,0.0253059452454717,0.0406531032717774,0.0021031641958124,0.0286515317161813,"max_calcite","FOmean",141
"2",0.012219124747971,0.00214445722958156,0.0610361421844673,0.00719150663209391,0.00725366971687666,0.00385224369251664,0.00442471624855663,0.0332174635610858,"max_calcite","TEmean",141
"3",-702514077.087565,-698626568.487095,-745849399.601192,-698090276.545522,-697040440.451365,-695886268.156059,-695843923.475085,-700232083.09472,"max_calcite","FOsd2",141
"4",4650837.82572466,1292686.15995665,50436760.2420235,912608.268737966,1557354.76800624,424487.739282409,300074.997332347,2354462.16803143,"max_calcite","TEsd2",141
