"","curr_inflow_rate","curr_diffusion_coef","curr_porosity","curr_gypsum_rate_constant","curr_calcite_rate_constant","curr_gypsum_surface_area","curr_calcite_surface_area","dfn_volume","output_var","sobol_type","boot_num"
"1",-0.040073809540475,-0.00577104171248285,0.153654466510438,0.0211249734002781,-0.0396027566385876,0.0223465115604895,0.0136973797020172,0.00943025556536593,"max_calcite","FOmean",519
"2",0.0200463551012318,0.00458343353793653,0.0898372831971622,0.0131303814430358,0.00870684123805574,0.00385282003885048,0.00400900197313541,0.0285301596058053,"max_calcite","TEmean",519
"3",-79513.5598436006,-77196.5688513461,-78618.3754024566,-232869.280027614,-77172.9259858257,-87931.7805683193,-510688.791192198,-348439.421163761,"max_calcite","FOsd2",519
"4",211206.644787762,208825.137463271,193059.103822894,339194.237232904,208860.834633944,133442.89975098,42198.2909644011,89849.6416626092,"max_calcite","TEsd2",519
