"","curr_inflow_rate","curr_diffusion_coef","curr_porosity","curr_gypsum_rate_constant","curr_calcite_rate_constant","curr_gypsum_surface_area","curr_calcite_surface_area","dfn_volume","output_var","sobol_type","boot_num"
"1",0.0356405537926971,-0.00752459943039358,0.0872130910076767,0.0188924042847697,0.0550479231500648,0.0219576393375653,0.0263765393564614,0.0339212907328358,"max_calcite","FOmean",51
"2",0.0168125074374528,0.00251856623162922,0.0850320708478434,0.0112089741538808,0.00510003857988073,0.00271815911369304,0.0027758783151241,0.0493912252109195,"max_calcite","TEmean",51
"3",-734.06691688279,-696.875928076668,-778.527868035818,-735.030314027921,-776.953656700057,-725.033222730722,-684.813986372582,-687.113235629534,"max_calcite","FOsd2",51
"4",194.004222450293,67.1937986182803,19.3062142378547,65.2113155829257,167.473314624154,112.358165210492,121.093173881934,135.24710277799,"max_calcite","TEsd2",51
