"","curr_inflow_rate","curr_diffusion_coef","curr_porosity","curr_gypsum_rate_constant","curr_calcite_rate_constant","curr_gypsum_surface_area","curr_calcite_surface_area","dfn_volume","output_var","sobol_type","boot_num"
"1",0.00489667828242343,-0.00783191552163528,0.0542270610830507,-0.0506531296877288,-0.0462664430969617,-0.0410974021064464,0.00917075650023024,0.0480582690469941,"max_calcite","FOmean",433
"2",0.0245363141165583,0.0047290523800432,0.0649455591628254,0.0110678545479707,0.0147222499225717,0.00791798251364405,0.00404807168830112,0.0397196237537346,"max_calcite","TEmean",433
"3",-90909.3020926241,-77251938.7657819,-100443.045869523,-38294.8837648861,-1871289.29857195,-64111.0888258782,-40116.3051342937,-36945.6176452466,"max_calcite","FOsd2",433
"4",53541.2436799745,77222388.3537895,67368.0341658443,8204.02224888752,1840512.33486516,19891.0631216519,6112.08726415479,4612.40135307847,"max_calcite","TEsd2",433
