"","curr_inflow_rate","curr_diffusion_coef","curr_porosity","curr_gypsum_rate_constant","curr_calcite_rate_constant","curr_gypsum_surface_area","curr_calcite_surface_area","dfn_volume","output_var","sobol_type","boot_num"
"1",0.00373666768191141,0.000421181667976378,0.0415923402457354,-0.00697401068356747,0.0126577699449802,-0.00776421557462755,0.00513504041129563,0.0672699120172686,"max_calcite","FOmean",535
"2",0.0159949308000501,0.00231941197283879,0.0447755623176697,0.0130546980760826,0.00594961642565302,0.00385456218227786,0.00285081086218928,0.0381542230463797,"max_calcite","TEmean",535
"3",-700071408.016613,-686665.842769862,-18799.6419863142,-18453.7741613325,-19127.9058603862,-6059148525.15038,-136975.667431029,-875186.300744884,"max_calcite","FOsd2",535
"4",700030138.465648,673188.391451367,2482.6362575287,6676.85647074879,595.394854803117,6059311888.18344,127142.436642777,862615.011891078,"max_calcite","TEsd2",535
