"","curr_inflow_rate","curr_diffusion_coef","curr_porosity","curr_gypsum_rate_constant","curr_calcite_rate_constant","curr_gypsum_surface_area","curr_calcite_surface_area","dfn_volume","output_var","sobol_type","boot_num"
"1",0.0677616833278062,-0.00771285348407176,-0.00820061319210866,-0.00262304339933083,-0.0417238705007082,0.00553030402937943,0.00625903149835409,0.0129102863162153,"max_calcite","FOmean",229
"2",0.018439364532818,0.00330028841777905,0.0602835582985287,0.0139071493491202,0.00958135161146054,0.00375964289538316,0.00138022005853329,0.0357259801243139,"max_calcite","TEmean",229
"3",-2166961.74502408,-163888.856958744,-249605.806966893,-159196.53911763,-181695.836840337,-325490.477665218,-294622.358542069,-229343.983672881,"max_calcite","FOsd2",229
"4",1972273.47896601,32266.1802904711,34024.2919275093,26708.2775137801,4527.88721572711,153271.297389011,165147.155276842,22733.6230398163,"max_calcite","TEsd2",229
