"","curr_inflow_rate","curr_diffusion_coef","curr_porosity","curr_gypsum_rate_constant","curr_calcite_rate_constant","curr_gypsum_surface_area","curr_calcite_surface_area","dfn_volume","output_var","sobol_type","boot_num"
"1",0.0162995550164245,-0.00780062521013529,0.0642280907586555,-0.0116501389545834,-0.0393843459732666,-0.0156012158911082,-0.0276036577110179,0.0260621091756232,"max_calcite","FOmean",595
"2",0.0274640456365285,0.00378037534278199,0.0517233946115948,0.0124920634750264,0.0152888865341012,0.00258066486169323,0.00544096581198493,0.0323094514158267,"max_calcite","TEmean",595
"3",-233656.702680462,-1874666.2338713,-246518.904867094,-233444.957234921,-458655.460796306,-233099.441553404,-355200.588218725,-236507.30242742,"max_calcite","FOsd2",595
"4",149057.414446859,829398.454459183,72362.9295830581,116243.576707441,19906.2594885103,150258.104354284,90162.8539126156,152681.000896616,"max_calcite","TEsd2",595
