"","curr_inflow_rate","curr_diffusion_coef","curr_porosity","curr_gypsum_rate_constant","curr_calcite_rate_constant","curr_gypsum_surface_area","curr_calcite_surface_area","dfn_volume","output_var","sobol_type","boot_num"
"1",-0.055585124082076,0.00166727110351091,0.0235720251599763,0.0297558004457324,0.0875870081203637,0.0303946780536587,0.0157289481656094,5.30767757964366e-05,"max_calcite","FOmean",205
"2",0.029121182103677,0.0018983989145195,0.0338981230506983,0.00488754153181824,0.016500922994163,0.00333711184106938,0.00510568896631626,0.0245196027328215,"max_calcite","TEmean",205
"3",-742425.896466084,-129373.221817725,-41311.9173296798,-348738.81570537,-163239.976062185,-115205.964443326,-43409.0853355272,-42683.3810130844,"max_calcite","FOsd2",205
"4",790291.893276615,26178.6478837974,92652.7225532004,396220.295769673,153945.115849522,32364.1051163589,93200.8752327219,92492.2184769904,"max_calcite","TEsd2",205
