"","curr_inflow_rate","curr_diffusion_coef","curr_porosity","curr_gypsum_rate_constant","curr_calcite_rate_constant","curr_gypsum_surface_area","curr_calcite_surface_area","dfn_volume","output_var","sobol_type","boot_num"
"1",0.0602893098159942,-0.0389931812641003,0.0985300678722331,0.0138512218237976,-0.03905494902568,-0.00460045948827616,0.00742515218128658,0.0808623265276128,"max_calcite","FOmean",149
"2",0.0161357597625523,0.00338377058498921,0.118992440750474,0.0238212336591336,0.0140817443050246,0.00514396370491985,0.00416740352580492,0.041325909307452,"max_calcite","TEmean",149
"3",-15677181.5657853,-13570945.7059476,-13427990.8635142,-39517256.6576691,-13865234.4709308,-25314894.7691505,-13483128.756515,-14407213.7516318,"max_calcite","FOsd2",149
"4",2036612.58038036,191889.823122713,41906.1127511651,26013591.0836889,457690.852842343,11356344.0016001,82552.9565757288,1007641.0410308,"max_calcite","TEsd2",149
