"","curr_inflow_rate","curr_diffusion_coef","curr_porosity","curr_gypsum_rate_constant","curr_calcite_rate_constant","curr_gypsum_surface_area","curr_calcite_surface_area","dfn_volume","output_var","sobol_type","boot_num"
"1",-0.050477364352666,-0.03823120424818,0.0577635317268372,0.0176873080491784,0.0287197074650993,-0.0136266597473324,0.00502160561049985,0.0661479953914872,"max_calcite","FOmean",437
"2",0.022000548325947,0.00581725305107518,0.0717506982717742,0.0103082243967411,0.0101080506701095,0.00264371924280126,0.00267682994837591,0.0553235759446849,"max_calcite","TEmean",437
"3",-662.329868818204,-481.164928884783,-296.103060989533,-120.562899031488,-275.863766919655,-4149.584319538,-469.146007281524,-105.41002681859,"max_calcite","FOsd2",437
"4",568.746572486826,368.957776709175,122.314466894018,76.2470505677021,187.278631649337,3210.51880966986,413.773327531624,35.5885586559989,"max_calcite","TEsd2",437
