"","curr_inflow_rate","curr_diffusion_coef","curr_porosity","curr_gypsum_rate_constant","curr_calcite_rate_constant","curr_gypsum_surface_area","curr_calcite_surface_area","dfn_volume","output_var","sobol_type","boot_num"
"1",0.0686477770325439,-0.0121201269321474,0.0693534533737996,0.0114217135009809,0.035193183111186,0.00631679682310493,0.00358446536640489,0.044900713176072,"max_calcite","FOmean",591
"2",0.0118307200019908,0.000976155203071188,0.0420345229779727,0.00537916246365039,0.00445505799723082,0.00198260604373106,0.00200712348155311,0.0294107463561558,"max_calcite","TEmean",591
"3",-321616750877883,-1982539194577.27,-1145690153117.65,-1043170563539.86,-1043193877501.45,-1073287647241.22,-2336464629340.7,-1044331630583.91,"max_calcite","FOsd2",591
"4",305106087220911,282990026978.671,17611709169.2019,191289338099.844,189828015721.749,138226837250.54,489931482806.877,186332675951.853,"max_calcite","TEsd2",591
