"","curr_inflow_rate","curr_diffusion_coef","curr_porosity","curr_gypsum_rate_constant","curr_calcite_rate_constant","curr_gypsum_surface_area","curr_calcite_surface_area","dfn_volume","output_var","sobol_type","boot_num"
"1",0.00898058766820948,0.0231836571693587,0.0625513001507979,-0.0355175255710869,-0.00638586081353518,0.0141365461373849,-0.0286304182289394,0.0403717244236834,"max_calcite","FOmean",277
"2",0.021046044495705,0.00191627011104125,0.0522086375979855,0.00577084441200008,0.00711801118156656,0.00529527848799507,0.00323207088177851,0.0396791073705775,"max_calcite","TEmean",277
"3",-1076192948.86204,-7010181411.83199,-2244889972.49823,-156466175652.788,-2566121663780.45,-4985941489940.54,-1127865543.60065,-2907316029.83739,"max_calcite","FOsd2",277
"4",6184885380.01655,106908233.419114,4225604000.1987,159782032447.525,2420964683282.67,4758624650203.04,6169429250.15057,6737413562.53227,"max_calcite","TEsd2",277
