"","curr_inflow_rate","curr_diffusion_coef","curr_porosity","curr_gypsum_rate_constant","curr_calcite_rate_constant","curr_gypsum_surface_area","curr_calcite_surface_area","dfn_volume","output_var","sobol_type","boot_num"
"1",0.0301016172785023,-0.0108255319247949,0.0609035618893213,0.0824379310447629,-0.0415739548940955,-0.0185859568575607,0.0360141558033987,0.015143855882602,"max_calcite","FOmean",279
"2",0.01614096834367,0.00251248641991999,0.0697832780594101,0.0202191805810113,0.00434634238145481,0.00495897690633577,0.00340168998879514,0.0298234371973807,"max_calcite","TEmean",279
"3",-14.8066809235074,-1.20083494360076,-3.44227995223507,-0.209434141266344,-1.03262252280571,-6.7297771854623,-27.8667559218268,-150.715789018339,"max_calcite","FOsd2",279
"4",13.5940626055726,3.52139435345082,0.980630205686688,2.33048679004727,1.91553929335197,5.84209134065037,21.1176344936794,157.17541351183,"max_calcite","TEsd2",279
