"","curr_inflow_rate","curr_diffusion_coef","curr_porosity","curr_gypsum_rate_constant","curr_calcite_rate_constant","curr_gypsum_surface_area","curr_calcite_surface_area","dfn_volume","output_var","sobol_type","boot_num"
"1",0.0458288451009517,-0.0317197914960022,0.0694189421940397,0.0697495029136685,0.00892522574093809,0.000134489131491525,-0.0049114032102627,0.030454799965386,"max_calcite","FOmean",307
"2",0.0202250615320142,0.00195208107034327,0.0787762144945505,0.0153977466584195,0.00487798685566205,0.00508070938070444,0.00341633842379092,0.0456473769725522,"max_calcite","TEmean",307
"3",-54.4629099525214,-55.6354253215317,-60.9728695764774,-70.5178292577776,-51.8906751525187,-54.2685208706433,-57.887738420139,-69.5779671306767,"max_calcite","FOsd2",307
"4",3.78542026381695,1.78441310825171,8.49169449331783,18.2994963256851,2.07697977303683,1.0948537126464,6.49272227311577,15.4565436982667,"max_calcite","TEsd2",307
