"","curr_inflow_rate","curr_diffusion_coef","curr_porosity","curr_gypsum_rate_constant","curr_calcite_rate_constant","curr_gypsum_surface_area","curr_calcite_surface_area","dfn_volume","output_var","sobol_type","boot_num"
"1",0.029355222995759,-0.0285559220620915,0.0392261898173152,0.0335561752623629,0.0712911319423615,-0.00204443185495785,0.0134139669107048,0.0403100716129958,"max_calcite","FOmean",289
"2",0.0178155132834425,0.00161393697529299,0.0510347676008196,0.0199425467457937,0.0108646396221715,0.00130003301252253,0.00333289191356495,0.0260134369825965,"max_calcite","TEmean",289
"3",-10.054651295326,-0.233289947541596,-38.3007049802807,-6.47800615879732,0.0627410828379644,-39.9870017866386,-9.92814310376657,-78.9730269200528,"max_calcite","FOsd2",289
"4",46.2243316232834,28.5810821249617,46.3913114530485,40.1950467585239,36.0811776240717,0.377528434323304,35.5529208163012,9.31207704979561,"max_calcite","TEsd2",289
