"","curr_inflow_rate","curr_diffusion_coef","curr_porosity","curr_gypsum_rate_constant","curr_calcite_rate_constant","curr_gypsum_surface_area","curr_calcite_surface_area","dfn_volume","output_var","sobol_type","boot_num"
"1",-0.0519860558141935,-0.00845027514618855,0.0577129615635358,0.0537036624230799,0.0839918674622551,-0.0433230393597512,0.0352371259248527,0.0486415985833808,"max_calcite","FOmean",275
"2",0.0129872261742802,0.00250614413266735,0.0705574319524802,0.0170346095462548,0.0074185958751952,0.00280253679288297,0.00347171516360011,0.0417257430115023,"max_calcite","TEmean",275
"3",0.878341012938152,0.849192927221652,0.893285304035005,0.692233888983117,0.660474588804196,0.867503637259906,0.814042031401054,0.852526715164237,"max_calcite","FOsd2",275
"4",0.038232751199809,0.0885833680308536,0.0156218525037471,0.232938482192947,0.267361168052163,0.0395539313814688,0.0958387951868067,0.0674844405354193,"max_calcite","TEsd2",275
