"","curr_inflow_rate","curr_diffusion_coef","curr_porosity","curr_gypsum_rate_constant","curr_calcite_rate_constant","curr_gypsum_surface_area","curr_calcite_surface_area","dfn_volume","output_var","sobol_type","boot_num"
"1",0.0861811655261395,-0.00110257909867456,0.00164880010616299,1.20213331587916e-05,0.00324941111720386,0.00112162107663059,0.000884529491113405,0.00147359825928272,"min_gypsum","FOmean",434
"2",0.0887663501969569,0.00131000913011542,0.00487909102156846,0.00132847650202246,0.0029687270590484,0.000967930315670741,0.00101415628413774,0.00224417647955701,"min_gypsum","TEmean",434
"3",-160.852224627529,-186.728131798884,-168.775891295014,-168.421103376373,-409.709351646412,-253.062557063668,-161.23645196056,-440.602113834306,"min_gypsum","FOsd2",434
"4",8.55697513515941,13.8908717109489,10.6721816323491,7.97332083262134,255.103405715,54.3301242318544,10.2458456914149,252.61400989902,"min_gypsum","TEsd2",434
