"","curr_inflow_rate","curr_diffusion_coef","curr_porosity","curr_gypsum_rate_constant","curr_calcite_rate_constant","curr_gypsum_surface_area","curr_calcite_surface_area","dfn_volume","output_var","sobol_type","boot_num"
"1",0.0263303080188012,-0.00037444161620068,0.0014970686897786,0.000544672445197713,0.000175613557873017,0.000141076547180302,-0.000165643835009414,0.000867896620828853,"min_gypsum","FOmean",188
"2",0.0282198077642882,0.000484348101834072,0.00260394106167778,0.000732321929294446,0.000300429848006048,0.000310882905143407,0.000482085466216858,0.000897652006271704,"min_gypsum","TEmean",188
"3",-15.6152865422813,-16.2636349623918,-15.6944564607508,-16.8534147976971,-16.5001588508607,-15.9825258159124,-16.1095776796092,-16.9066862053513,"min_gypsum","FOsd2",188
"4",0.312930654771155,0.274649642725584,0.0914736227041595,1.15055168428049,0.903259348469724,0.270890312587913,0.289732409807979,0.699363583387928,"min_gypsum","TEsd2",188
