"","curr_inflow_rate","curr_diffusion_coef","curr_porosity","curr_gypsum_rate_constant","curr_calcite_rate_constant","curr_gypsum_surface_area","curr_calcite_surface_area","dfn_volume","output_var","sobol_type","boot_num"
"1",0.0982236479063595,0.00268222006562882,0.00384410361627171,-0.000680192016835591,0.00400971809251916,-0.000675240417115319,0.000700637926718199,-0.00250910218668666,"min_gypsum","FOmean",266
"2",0.107941958529071,0.00398339509065052,0.00712646054822171,0.00170394727640705,0.00958709197002059,0.0020207661390087,0.00178772349983104,0.00344579216028246,"min_gypsum","TEmean",266
"3",-36536125.7616343,-81887.7197517256,-577312.21152657,-12055.9254849315,-6863446.93869235,-8420.34089289841,-876914.439301687,-396215.55072299,"min_gypsum","FOsd2",266
"4",36525115.2409419,76270.0565692104,561572.565046646,6662.53009837679,6852081.10967521,2280.05430119898,869511.378295842,389585.477343439,"min_gypsum","TEsd2",266
