"","curr_inflow_rate","curr_diffusion_coef","curr_porosity","curr_gypsum_rate_constant","curr_calcite_rate_constant","curr_gypsum_surface_area","curr_calcite_surface_area","dfn_volume","output_var","sobol_type","boot_num"
"1",0.115372468154039,0.00322682386617184,0.000158432651037175,0.000754831303342904,0.00347904933785342,0.000827902445145835,9.66109990974712e-05,0.000529037626414258,"min_gypsum","FOmean",24
"2",0.116389985896583,0.00429318754131136,0.00305480117290656,0.00154665013181957,0.00416955683704158,0.00246485782664411,0.00119378425883316,0.00257145627802699,"min_gypsum","TEmean",24
"3",-4.38117630544622,-12.7906309065038,-19.8327789905547,-2.13203981503738,-1.78315818420969,-2.72587557798302,-7.31133620460714,-1.757136507094,"min_gypsum","FOsd2",24
"4",3.47107957879665,10.8532166470057,18.2329732703099,0.655258343655792,1.01822406627873,1.72306941648636,4.89086562565531,0.729498287150879,"min_gypsum","TEsd2",24
