"","curr_inflow_rate","curr_diffusion_coef","curr_porosity","curr_gypsum_rate_constant","curr_calcite_rate_constant","curr_gypsum_surface_area","curr_calcite_surface_area","dfn_volume","output_var","sobol_type","boot_num"
"1",0.0688565618934064,0.000502602664915352,0.00201294060895542,0.00118372791716947,0.00166074197427476,0.000489291273330287,-0.000830910689179423,0.00352479324100113,"min_gypsum","FOmean",584
"2",0.07210636567824,0.00338124871728531,0.00376188741780587,0.00189142881040535,0.00372269656496989,0.0022458808160942,0.000991450592985892,0.00522242675093005,"min_gypsum","TEmean",584
"3",-9938536.79404397,-48141101.7915394,-9910717.15416345,-10334270.3475263,-12007152.2737618,-10527695.8474068,-17325890.8944052,-11856764.2411753,"min_gypsum","FOsd2",584
"4",102556.86307727,38288711.3035595,83450.5854054353,553512.01647703,2153828.44953827,714332.912350486,7494362.99768581,2068362.85807908,"min_gypsum","TEsd2",584
