"","curr_inflow_rate","curr_diffusion_coef","curr_porosity","curr_gypsum_rate_constant","curr_calcite_rate_constant","curr_gypsum_surface_area","curr_calcite_surface_area","dfn_volume","output_var","sobol_type","boot_num"
"1",0.0766997864698662,0.00106811676115971,0.00169487015831283,-0.000438283206946326,0.00205609596808424,0.000854918178886677,0.000200802875502167,0.000554459065293709,"min_gypsum","FOmean",240
"2",0.0807890840140867,0.0016498782582134,0.00160107782635544,0.00187934161607274,0.0026615601276217,0.00331517313281071,0.000787683325025996,0.00122971035989325,"min_gypsum","TEmean",240
"3",-54.2964853305411,-45.4960099952182,-48.7211188998869,-48.3182778007758,-45.2089046972903,-46.3715578904734,-45.3217969188911,-46.0382639884494,"min_gypsum","FOsd2",240
"4",8.9444967882696,0.2267171926074,3.32374601156465,3.16376347421221,0.0807431023429753,1.25445140485914,0.0951233819940805,0.511683300486088,"min_gypsum","TEsd2",240
