"","curr_inflow_rate","curr_diffusion_coef","curr_porosity","curr_gypsum_rate_constant","curr_calcite_rate_constant","curr_gypsum_surface_area","curr_calcite_surface_area","dfn_volume","output_var","sobol_type","boot_num"
"1",0.045584372248495,0.000383972285472605,0.00232619370912208,0.000285418889820125,-0.000788901249207705,-0.000520241378903169,0.000622046144194128,-6.18706484994431e-05,"min_gypsum","FOmean",154
"2",0.0496544453085262,0.00142562078095734,0.00293331150798778,0.00113325318308172,0.000560226407658516,0.000371243320133129,0.000670546631537031,0.00131363248363882,"min_gypsum","TEmean",154
"3",-13.4940538161772,-9.21030981761206,-7.23814552406627,-6.89652778310234,-8.12995659256092,-7.4817192945051,-17.6126271162929,-11.7165639058184,"min_gypsum","FOsd2",154
"4",9.03561640305539,1.89112751199173,2.88979998876335,3.23328115163461,3.65584432343837,3.09780244325993,8.62166038454227,2.64505275572139,"min_gypsum","TEsd2",154
