"","curr_inflow_rate","curr_diffusion_coef","curr_porosity","curr_gypsum_rate_constant","curr_calcite_rate_constant","curr_gypsum_surface_area","curr_calcite_surface_area","dfn_volume","output_var","sobol_type","boot_num"
"1",0.113699925166081,3.95288708633445e-05,0.00117476244620447,0.000594963021652948,0.000321996466544404,-0.00202252251842727,0.000290473537015212,0.000956151975840205,"min_gypsum","FOmean",474
"2",0.122208171227682,0.00399859939926872,0.00337605297368019,0.00360159848086133,0.00453135958352061,0.00250209785438873,0.00194948581941323,0.0022544573230677,"min_gypsum","TEmean",474
"3",-95.2467999609771,-54676.6778551505,-364.468305832442,-34.9071393304284,-1437.05945542238,-14880.5061267831,-105435.027744071,-138.110249594288,"min_gypsum","FOsd2",474
"4",254.915004453999,54965.8840225433,73.7835010896546,354.918611253453,910.245148201875,14020.9588505641,96238.3270430985,324.27466414494,"min_gypsum","TEsd2",474
