"","curr_inflow_rate","curr_diffusion_coef","curr_porosity","curr_gypsum_rate_constant","curr_calcite_rate_constant","curr_gypsum_surface_area","curr_calcite_surface_area","dfn_volume","output_var","sobol_type","boot_num"
"1",0.112758461244858,0.000166470599593038,0.00284750790594928,-0.000609323119727932,0.000111614621307655,-0.000522479333339813,9.52958219972087e-06,-0.000222038499638323,"min_gypsum","FOmean",70
"2",0.118054400815263,0.0023148217995044,0.0049261748779335,0.00210384244393753,0.00199577426209825,0.00133295835027568,0.0012071446189153,0.00196388532117108,"min_gypsum","TEmean",70
"3",-7469.30219516357,-407.086122338813,-359.065975854209,-1463.44805192407,-95.9733972255454,-448.139344637471,-237.447810129568,-290.316766107729,"min_gypsum","FOsd2",70
"4",7459.08955680212,339.836503546027,82.9322712185788,1373.2818620025,87.9411705895258,109.042933289882,257.063019457053,327.549610610015,"min_gypsum","TEsd2",70
