"","curr_inflow_rate","curr_diffusion_coef","curr_porosity","curr_gypsum_rate_constant","curr_calcite_rate_constant","curr_gypsum_surface_area","curr_calcite_surface_area","dfn_volume","output_var","sobol_type","boot_num"
"1",0.110317680354427,0.000758653137650949,0.00355686059325315,0.000526455052001984,0.000125005629303248,0.000715399159610266,0.00119999868875312,0.00232871032903756,"min_gypsum","FOmean",428
"2",0.109802531802511,0.00341991865431132,0.00442451379292002,0.00123045678056038,0.00352750891580223,0.00319744969237026,0.00259750491676983,0.00342698854464409,"min_gypsum","TEmean",428
"3",-953000.081152226,-1525961.89330935,-2236156.25028935,-915943.200081837,-1570055.1535273,-1912411.91722661,-968740.970000071,-1020367.12097517,"min_gypsum","FOsd2",428
"4",16629.7677413624,554221.324737219,1407232.31537524,72830.9431616083,369151.491965694,609286.232614282,25354.1506974318,135881.621024772,"min_gypsum","TEsd2",428
