"","curr_inflow_rate","curr_diffusion_coef","curr_porosity","curr_gypsum_rate_constant","curr_calcite_rate_constant","curr_gypsum_surface_area","curr_calcite_surface_area","dfn_volume","output_var","sobol_type","boot_num"
"1",0.0630048751118018,0.000418317834211238,0.0010654658317597,0.00231408198273134,-0.000223835802986301,0.00209580491095197,-0.000463116344717368,-0.00135837843038147,"min_gypsum","FOmean",326
"2",0.0667875913385346,0.00147660140367299,0.00267280821205803,0.00631863349711484,0.00231600950672148,0.00184465574851178,0.00196990782722544,0.00203749877013701,"min_gypsum","TEmean",326
"3",-578.152465859104,-494.331898082271,-498.451884920578,-494.508750342732,-494.399782519461,-508.121394202013,-494.599772363969,-494.331997171651,"min_gypsum","FOsd2",326
"4",84.07172924603,0.236911131795516,4.09580144810651,0.132475662720219,0.36228922248396,14.0273035429455,0.133655994177286,0.0983012171880439,"min_gypsum","TEsd2",326
