"","curr_inflow_rate","curr_diffusion_coef","curr_porosity","curr_gypsum_rate_constant","curr_calcite_rate_constant","curr_gypsum_surface_area","curr_calcite_surface_area","dfn_volume","output_var","sobol_type","boot_num"
"1",0.0754678695266928,-5.86978089005058e-05,0.00555723442030617,0.000601678507818545,0.000469894266183146,0.000178778540498697,0.00142614371902697,0.000458492993080711,"min_gypsum","FOmean",494
"2",0.0790070345995469,0.00161566446222399,0.00883582734768481,0.000989954355707676,0.00194553008667355,0.000790605052158634,0.00133361033234579,0.00145727023420099,"min_gypsum","TEmean",494
"3",-34016.5718558635,-32501.6070901004,-32779.0092379956,-32426.565475823,-32718.3496682436,-32861.1373708475,-312977.757030425,-32597.8246400287,"min_gypsum","FOsd2",494
"4",842.030702439422,300.184443904339,439.591706901596,330.626819503507,672.509240079011,223.75853719992,280052.735940427,383.616223704037,"min_gypsum","TEsd2",494
