"","curr_inflow_rate","curr_diffusion_coef","curr_porosity","curr_gypsum_rate_constant","curr_calcite_rate_constant","curr_gypsum_surface_area","curr_calcite_surface_area","dfn_volume","output_var","sobol_type","boot_num"
"1",0.0561863025993725,0.000494085934868421,0.00137189939415148,0.000861188001620406,0.00205610780145777,-0.000712250257244771,0.000966569603490144,0.00229931288872217,"min_gypsum","FOmean",158
"2",0.0626103996189849,0.00231710715284237,0.00692635124290626,0.00097829741102994,0.00242023141141545,0.0022926074614996,0.00297197367760138,0.00394504905308742,"min_gypsum","TEmean",158
"3",-23.209196616114,-118.034463239622,-2779.34923788624,-186.214715984709,-13.8141509206555,-114.421840836203,-34.3830884025277,-174.429795240195,"min_gypsum","FOsd2",158
"4",50.017083573901,122.102204668481,2179.50092743602,56.8809296278772,21.0940990121151,116.900070168914,10.2911438063474,197.896978652481,"min_gypsum","TEsd2",158
