"","curr_inflow_rate","curr_diffusion_coef","curr_porosity","curr_gypsum_rate_constant","curr_calcite_rate_constant","curr_gypsum_surface_area","curr_calcite_surface_area","dfn_volume","output_var","sobol_type","boot_num"
"1",0.0889331641725268,0.00144953659973845,0.00770373220742264,0.000860957301381787,0.00124653726316595,0.00092736811603477,0.00089497287502979,0.00107608057206853,"min_gypsum","FOmean",162
"2",0.0947560564120585,0.00336428603728997,0.0108643356814357,0.00141686631942942,0.00278088379854332,0.00289499512134073,0.000876953446943362,0.00131172488961869,"min_gypsum","TEmean",162
"3",-1027.65565601639,-1180.88657141223,-765.014044434353,-1160.43123438772,-1302.38023450866,-3192.67256655264,-1236.54427027008,-1005.91260835682,"min_gypsum","FOsd2",162
"4",541.656171920687,377.054959551559,445.9716945715,420.647596085221,679.406302010704,1212.64181980608,399.157186385284,302.893765143711,"min_gypsum","TEsd2",162
