"","curr_inflow_rate","curr_diffusion_coef","curr_porosity","curr_gypsum_rate_constant","curr_calcite_rate_constant","curr_gypsum_surface_area","curr_calcite_surface_area","dfn_volume","output_var","sobol_type","boot_num"
"1",0.0970934817580037,0.000635715233506268,0.00537810652051999,0.00101533643317843,0.000955810773671726,0.000479313588703471,4.42688797503407e-05,0.000491328700215601,"min_gypsum","FOmean",580
"2",0.103131998088902,0.00143817873089457,0.00867180154770699,0.00146551915758546,0.00111425209775725,0.00146292945721638,0.00104999476241636,0.00192129209561097,"min_gypsum","TEmean",580
"3",-14572430.4867887,-14640880.7617482,-15180423.5075879,-14621700.921922,-14632542.5110588,-14583869.4565551,-14587197.5842027,-14583333.9685208,"min_gypsum","FOsd2",580
"4",7838.27986045341,52013.3717769554,565034.391609124,24713.2403329879,48773.7399473711,6630.50779374703,7394.12128119095,7447.38738934443,"min_gypsum","TEsd2",580
