"","curr_inflow_rate","curr_diffusion_coef","curr_porosity","curr_gypsum_rate_constant","curr_calcite_rate_constant","curr_gypsum_surface_area","curr_calcite_surface_area","dfn_volume","output_var","sobol_type","boot_num"
"1",0.0963363938668113,9.45657507701206e-05,0.00210851068464871,0.00118154606206641,0.00173228415347897,-0.000546692266614799,0.00220285805155073,-0.00219976561566555,"min_gypsum","FOmean",130
"2",0.100019484506939,0.0014437699113007,0.00591621105892079,0.00362311740770618,0.00285392757514754,0.00282101458316783,0.00189579018780682,0.00460911418089756,"min_gypsum","TEmean",130
"3",-814372.286920727,-2582100.45941263,-1422582.21413599,-2295084.34884586,-4611135.15024139,-13238389.8167715,-30659174.8536777,-32203088.9703943,"min_gypsum","FOsd2",130
"4",169914104.47913,168272833.529603,162248308.297944,167719181.110012,166234977.041763,90923279.8052904,91241165.0227308,56192904.103308,"min_gypsum","TEsd2",130
