"","curr_inflow_rate","curr_diffusion_coef","curr_porosity","curr_gypsum_rate_constant","curr_calcite_rate_constant","curr_gypsum_surface_area","curr_calcite_surface_area","dfn_volume","output_var","sobol_type","boot_num"
"1",0.0617755432431533,0.000768641204025803,0.00179381174948201,-0.000758415063111449,0.000809376230496819,0.00132009605879797,0.000642484796375544,0.0010523677793025,"min_gypsum","FOmean",6
"2",0.070915249121507,0.00120960488587223,0.00440266587355336,0.000992754876955815,0.000815893521954989,0.00192741007976173,0.000683591908711736,0.00283327026387715,"min_gypsum","TEmean",6
"3",-44710.0092846902,-7393.9044075301,-123423.464145979,-68315.8392151773,-71679.7096422709,-34209.8967848199,-22339.1383823835,-4236837.52312702,"min_gypsum","FOsd2",6
"4",11245.2865684562,12749.5394236841,88356.1924111237,36301.4186348995,58480.0831066226,51986.4030339419,16727.1653982712,4263847.75731204,"min_gypsum","TEsd2",6
