"","curr_inflow_rate","curr_diffusion_coef","curr_porosity","curr_gypsum_rate_constant","curr_calcite_rate_constant","curr_gypsum_surface_area","curr_calcite_surface_area","dfn_volume","output_var","sobol_type","boot_num"
"1",0.0726427577969986,-0.000517845791185874,-0.00171164187285548,0.000659720489899884,0.0036539034144854,0.000417852093740146,0.000741545424193144,0.00156301326949321,"min_gypsum","FOmean",68
"2",0.0734310631689873,0.00123419954471282,0.00499866082653139,0.000816381527115059,0.0040340941866467,0.00211777833160105,0.00102502113613201,0.00346227452000093,"min_gypsum","TEmean",68
"3",-22610.9307342203,-644615.356649897,-10992372.9729295,-70348.2954057367,-48844.3692259613,-518619.954436569,-86998.0371186452,-7556.45547494548,"min_gypsum","FOsd2",68
"4",167958.769543551,741716.273018412,11095323.2716552,57295.8932282495,170687.556940002,516365.253299162,188797.421962254,178135.326529435,"min_gypsum","TEsd2",68
