"","curr_inflow_rate","curr_diffusion_coef","curr_porosity","curr_gypsum_rate_constant","curr_calcite_rate_constant","curr_gypsum_surface_area","curr_calcite_surface_area","dfn_volume","output_var","sobol_type","boot_num"
"1",0.0786191279489317,-0.000436849479644733,-0.000913954936304778,0.000792272368671576,-0.000482028415578641,8.84123448350348e-05,0.000834611578957839,0.00141325452319943,"min_gypsum","FOmean",588
"2",0.0853954808742423,0.00210294768949443,0.00426525891982875,0.000901597815478504,0.00179931929355258,0.00150862916858119,0.00241984545646098,0.00205186487927788,"min_gypsum","TEmean",588
"3",-129.301734911936,-12.202315141524,-14.1197992755263,-17.8076480827704,-12.8420495898232,-15.9837277581394,-12.7985085283994,-15.3458389180404,"min_gypsum","FOsd2",588
"4",128.417188697592,5.41614182162142,7.00548032068826,0.506347333633345,2.35307370000751,1.71122237063131,1.84275271432488,0.572016408432506,"min_gypsum","TEsd2",588
