"","curr_inflow_rate","curr_diffusion_coef","curr_porosity","curr_gypsum_rate_constant","curr_calcite_rate_constant","curr_gypsum_surface_area","curr_calcite_surface_area","dfn_volume","output_var","sobol_type","boot_num"
"1",0.0727417897630591,0.00037095172765678,0.00233787068392054,0.00098970900082512,0.0016927747417104,0.00306859043027,0.000759633314377066,4.46747917571363e-06,"min_gypsum","FOmean",330
"2",0.0774141452036672,0.001193368358109,0.00536650695085051,0.00094735436857361,0.00296575225521629,0.00242469852071243,0.00129384325216362,0.00203569433758182,"min_gypsum","TEmean",330
"3",-55457503807.2284,-38148066.1747007,-2032424500.91546,-349434368322.388,-123670796.652382,-47903849.3266848,-37991372.5491216,-55418656.0303771,"min_gypsum","FOsd2",330
"4",584390046661.206,529035242404.706,466251097224.993,875732024299.686,529033193935.848,528847140991.324,529076900405.653,525097225081.137,"min_gypsum","TEsd2",330
