"","curr_inflow_rate","curr_diffusion_coef","curr_porosity","curr_gypsum_rate_constant","curr_calcite_rate_constant","curr_gypsum_surface_area","curr_calcite_surface_area","dfn_volume","output_var","sobol_type","boot_num"
"1",0.0545238352530511,-0.000323409977995439,0.00397216246320821,0.00106646043220261,-0.000207485871823518,0.000600910915452331,-0.000837270841958664,0.000178388277906547,"min_gypsum","FOmean",454
"2",0.0567107922226235,0.00133294795890236,0.00449080746919963,0.00171834009975345,0.000917509490395928,0.000993199447582267,0.000640735802026385,0.00135652337474184,"min_gypsum","TEmean",454
"3",-2682.51126615816,-2640.41111275651,-20477.751979569,-2629.45953928915,-2670.41848158382,-2644.76635686307,-2805.42127398559,-2634.38595433466,"min_gypsum","FOsd2",454
"4",42.2401827298494,3.05466223148854,17887.2581025735,1.9956897716648,31.9844329336871,11.7029319473197,165.50686948536,5.96829793704403,"min_gypsum","TEsd2",454
