"","curr_inflow_rate","curr_diffusion_coef","curr_porosity","curr_gypsum_rate_constant","curr_calcite_rate_constant","curr_gypsum_surface_area","curr_calcite_surface_area","dfn_volume","output_var","sobol_type","boot_num"
"1",0.0904016853777666,-0.000654869544473141,0.000918730503691443,0.00128248493698538,0.00292737191213405,0.00149021799917078,0.000860701338053553,0.00313742041082581,"min_gypsum","FOmean",342
"2",0.0931051659691049,0.00264216845758386,0.00103335990028739,0.0027202791745545,0.00298472916671321,0.00106553593230881,0.000888039780642535,0.00403638295379532,"min_gypsum","TEmean",342
"3",0.594851313993659,0.063114114278218,0.561922311752349,0.491805032113557,0.576225981270178,0.608725056653793,0.557352950595412,0.486238991669571,"min_gypsum","FOsd2",342
"4",0.254125820749453,0.358354969798345,0.0947503571102876,0.130580007752256,0.136032414420064,0.089890791899617,0.031901029150808,0.141863995472903,"min_gypsum","TEsd2",342
