"","curr_inflow_rate","curr_diffusion_coef","curr_porosity","curr_gypsum_rate_constant","curr_calcite_rate_constant","curr_gypsum_surface_area","curr_calcite_surface_area","dfn_volume","output_var","sobol_type","boot_num"
"1",0.078828904289716,0.00140394169107395,-0.000466993418160574,0.000682682051837923,0.000680907252602458,-5.27780862190821e-05,-4.54919119671977e-05,0.000617493153960966,"min_gypsum","FOmean",346
"2",0.0850275330033544,0.0018320570096366,0.0027067348721334,0.00105591343132202,0.00126689439205834,0.00126205590989461,0.0012016004304899,0.00381877295505531,"min_gypsum","TEmean",346
"3",-104.880639176378,-84.0941002135648,-83.9380066405857,-84.8519227081086,-1495.39147309313,-92.4103561327471,-86.6613169307981,-81.5086314874466,"min_gypsum","FOsd2",346
"4",23.7144440776709,4.79676709746081,3.11368943422953,7.41217593843094,1403.51935474542,16.7170962383228,5.08645157268488,3.42345671263461,"min_gypsum","TEsd2",346
