"","curr_inflow_rate","curr_diffusion_coef","curr_porosity","curr_gypsum_rate_constant","curr_calcite_rate_constant","curr_gypsum_surface_area","curr_calcite_surface_area","dfn_volume","output_var","sobol_type","boot_num"
"1",0.0408693583455165,0.00136143566944385,0.0012498224670242,0.0010033990562024,0.00137341490571624,0.00046772724400956,9.05831647817037e-05,0.000711509658957789,"min_gypsum","FOmean",520
"2",0.0442369569469976,0.00203041328246548,0.00261087580653921,0.00148737577652167,0.00233628824795197,0.000699089088714413,0.0010257175867105,0.001229169918533,"min_gypsum","TEmean",520
"3",-61.149210443718,-47.6383241543404,-3247.57293944221,-64.4744867771231,-18.9961131903778,-11.1814853103192,-113.110973450672,-14545.8282730847,"min_gypsum","FOsd2",520
"4",67.1755481002678,53.2519920468689,3253.53525545298,67.6128346932751,24.1873576056002,17.3107155244008,99.0703851833959,14547.7099108308,"min_gypsum","TEsd2",520
