"","curr_inflow_rate","curr_diffusion_coef","curr_porosity","curr_gypsum_rate_constant","curr_calcite_rate_constant","curr_gypsum_surface_area","curr_calcite_surface_area","dfn_volume","output_var","sobol_type","boot_num"
"1",0.0928343301486066,0.00107231257092328,0.00601067569552385,-0.000340108077280852,0.000837204628406086,0.0010477944123168,0.000800920188838893,0.000417926224556659,"min_gypsum","FOmean",18
"2",0.0979486274216242,0.00143222310736918,0.00806071020757619,0.0015169908809105,0.00305480623879122,0.00229215260198594,0.00189553238962033,0.00151412457373857,"min_gypsum","TEmean",18
"3",-482159.890815897,-75663.9025502903,-171508.269942839,-75774.0323884692,-140314.418197997,-75541.0693890809,-77714.1979237234,-74864.6169949981,"min_gypsum","FOsd2",18
"4",400021.297319836,2700.523734,75640.8903886577,2180.45131198151,65938.1644876295,538.326565861608,2269.71216933909,1885.91396237196,"min_gypsum","TEsd2",18
