"","curr_inflow_rate","curr_diffusion_coef","curr_porosity","curr_gypsum_rate_constant","curr_calcite_rate_constant","curr_gypsum_surface_area","curr_calcite_surface_area","dfn_volume","output_var","sobol_type","boot_num"
"1",0.0436909176482608,0.000243078550104194,0.00134516431632437,-0.00039096241905667,6.44215962304798e-05,2.52556541504625e-05,0.000277532415679773,-5.98697681128272e-05,"min_gypsum","FOmean",562
"2",0.0466430038348934,0.000548104016578639,0.00303755160116029,0.000586219967685856,0.000720009860104736,0.000643345943895662,0.000349387872546549,0.000537807127074655,"min_gypsum","TEmean",562
"3",-4.65754304868497,-13.3544938273987,-22.929337245718,-21.2187657740117,-61.7210594532249,-4.27121215638361,-121.826589073983,-138.22880188134,"min_gypsum","FOsd2",562
"4",42.5184139240962,17.5480128304859,9.94716556591239,9.29152696949671,103.472982309098,42.7307850741732,78.1064803612249,20.4949901255077,"min_gypsum","TEsd2",562
