"","curr_inflow_rate","curr_diffusion_coef","curr_porosity","curr_gypsum_rate_constant","curr_calcite_rate_constant","curr_gypsum_surface_area","curr_calcite_surface_area","dfn_volume","output_var","sobol_type","boot_num"
"1",0.0905860734608192,-5.0377802337793e-05,0.000853658966187786,0.00346441283107491,0.000468643862330032,-0.00047608311604248,-0.00156099265801991,-0.00118951040702339,"min_gypsum","FOmean",82
"2",0.098871304794058,0.0015818356070794,0.00354594201664017,0.00409631344240836,0.00253907492775875,0.00141547538253814,0.001072428116133,0.00117375659577858,"min_gypsum","TEmean",82
"3",-211.288483785379,-206.111160722019,-207.927387303212,-15405.7490976043,-458.711668438297,-677.592868717117,-295.982974563308,-210.557807562411,"min_gypsum","FOsd2",82
"4",2.06804801428896,7.07416714933088,8.55659211829572,15070.7883651372,239.922833167153,367.265124162297,99.8898815355492,0.941904913182104,"min_gypsum","TEsd2",82
