"","curr_inflow_rate","curr_diffusion_coef","curr_porosity","curr_gypsum_rate_constant","curr_calcite_rate_constant","curr_gypsum_surface_area","curr_calcite_surface_area","dfn_volume","output_var","sobol_type","boot_num"
"1",0.0762009168610384,0.000159022862510334,0.0023282044328565,0.00109644453387613,-0.000783500158246512,6.88638212485216e-05,0.00234495517979457,-0.00108323741084837,"min_gypsum","FOmean",376
"2",0.0879051272067028,0.00132898483044721,0.00459207678022698,0.00456533616979941,0.00249457045571701,0.00106832294762555,0.00472061087444771,0.00539276753320818,"min_gypsum","TEmean",376
"3",-89618.8145641301,-2713959.64553972,-60781.0666266225,-3986.42334154735,-586477.490412827,-3370.74052515199,-17861857.2309525,-141587.570874355,"min_gypsum","FOsd2",376
"4",999604.02071953,1120877.26929114,700156.296369361,906215.556192212,461748.429442098,976499.046622673,12902489.4835864,641444.545503153,"min_gypsum","TEsd2",376
