"","curr_inflow_rate","curr_diffusion_coef","curr_porosity","curr_gypsum_rate_constant","curr_calcite_rate_constant","curr_gypsum_surface_area","curr_calcite_surface_area","dfn_volume","output_var","sobol_type","boot_num"
"1",0.0645177184924901,-0.000185243129938997,0.00221840946207598,-0.00016260038702451,-3.14638841363682e-05,0.000429811326161334,-0.000471281622367372,0.000223679736311155,"min_gypsum","FOmean",180
"2",0.0716982975461354,0.000922610149446713,0.00295749875329396,0.00108387254082783,0.0016667626364012,0.00128969758545563,0.0015468718060801,0.00196364195941086,"min_gypsum","TEmean",180
"3",-399596.273125688,-443230.290838301,-966664.429421114,-983863929596118,-25046601.3065644,-159736.790870209,-82422584.3123164,-1692642.6388691,"min_gypsum","FOsd2",180
"4",5666676.92946001,5434801.52120565,2008079.63273428,983863098601554,21058867.6511381,5446620.37800164,47087143.0605843,6743607.74817734,"min_gypsum","TEsd2",180
