"","curr_inflow_rate","curr_diffusion_coef","curr_porosity","curr_gypsum_rate_constant","curr_calcite_rate_constant","curr_gypsum_surface_area","curr_calcite_surface_area","dfn_volume","output_var","sobol_type","boot_num"
"1",0.052851250731617,0.00150698269868611,0.00219330567452457,-0.000203489930667066,0.000167999643179622,-0.000125940347989,-0.000359283196784515,0.00075677080434561,"min_gypsum","FOmean",338
"2",0.0565299596089202,0.00160593217834435,0.00414116330003641,0.000539308827839546,0.00124420026940934,0.000670407829397125,0.000540401047804818,0.00113316889048327,"min_gypsum","TEmean",338
"3",0.89218106169072,0.918365511259931,0.878043973299292,0.822673620676995,0.436459470380748,0.891400530357346,0.900782926282827,0.868107007252649,"min_gypsum","FOsd2",338
"4",0.138252489872617,0.053761453301659,0.139821420932579,0.0217816981551957,0.422495731834492,0.136138094189812,0.0916659944593529,0.0252225111054261,"min_gypsum","TEsd2",338
