"","curr_inflow_rate","curr_diffusion_coef","curr_porosity","curr_gypsum_rate_constant","curr_calcite_rate_constant","curr_gypsum_surface_area","curr_calcite_surface_area","dfn_volume","output_var","sobol_type","boot_num"
"1",0.0601700342142962,0.000460367750080258,0.00477407684614113,0.000406147044295293,0.00103256994302963,-0.00132383821105025,0.000360670281422156,-0.000376517100163883,"min_gypsum","FOmean",110
"2",0.0676447697870334,0.00148874386158512,0.00727423420190007,0.000733733820330944,0.00156344922055127,0.00308702067392198,0.000491347045503541,0.00172580691924414,"min_gypsum","TEmean",110
"3",0.602947025390097,0.377440304947341,0.289320989460482,0.581285294617892,0.572573099273899,0.597062500758605,0.649448535611036,0.59606926376689,"min_gypsum","FOsd2",110
"4",0.092510298434178,0.310719876802126,0.199173424965888,0.296153857292737,0.0911585287139748,0.254180668457953,0.187246892471931,0.241285745130777,"min_gypsum","TEsd2",110
