"","curr_inflow_rate","curr_diffusion_coef","curr_porosity","curr_gypsum_rate_constant","curr_calcite_rate_constant","curr_gypsum_surface_area","curr_calcite_surface_area","dfn_volume","output_var","sobol_type","boot_num"
"1",0.0579128291590665,0.000390391994647544,0.000755977384166072,0.00101885339134074,0.000196279291667553,0.000216774272275848,-0.000295922621432337,0.000372130872159812,"min_gypsum","FOmean",418
"2",0.0597187072263871,0.000496784093699934,0.00368007662218545,0.00207032556988217,0.00142196249231868,0.000716351200567235,0.00112666132577394,0.00179844278170653,"min_gypsum","TEmean",418
"3",-25.9748489770545,-227.057156026412,-25.9726695053208,-323.229314225486,-68.7668837418467,-1569.49161425068,-1456.2668569395,-50.1496458787165,"min_gypsum","FOsd2",418
"4",670.80502108801,603.098002000475,668.45992290251,78.0497987007157,508.376525003936,194.830751096675,1242.85445931136,687.510003604997,"min_gypsum","TEsd2",418
