"","curr_inflow_rate","curr_diffusion_coef","curr_porosity","curr_gypsum_rate_constant","curr_calcite_rate_constant","curr_gypsum_surface_area","curr_calcite_surface_area","dfn_volume","output_var","sobol_type","boot_num"
"1",0.0929964112338864,-9.75968468922861e-05,0.000271659406842736,0.000436205542081362,0.000772737534235224,0.000424215220024619,-0.000366156336433907,0.00277850891185943,"min_gypsum","FOmean",368
"2",0.0960351792640076,0.00196158195659137,0.00494880068005723,0.00187712873739386,0.00153313184378454,0.00149306312966052,0.00192379415048275,0.00412042542943066,"min_gypsum","TEmean",368
"3",-7.86226640270385,-1.83267080051569,-1.86115615252673,-63.6133193874431,-5.12946872261207,-2.88826649006908,-1.90760903045531,-2.08262509554245,"min_gypsum","FOsd2",368
"4",6.18334365834385,0.118583577232205,0.131891570905589,59.5702451396853,3.39877924432451,1.19673413633221,0.174041472958403,0.341005427263076,"min_gypsum","TEsd2",368
