"","curr_inflow_rate","curr_diffusion_coef","curr_porosity","curr_gypsum_rate_constant","curr_calcite_rate_constant","curr_gypsum_surface_area","curr_calcite_surface_area","dfn_volume","output_var","sobol_type","boot_num"
"1",0.0604686207923672,8.32316015092197e-06,0.00591090492735416,-0.000274555165457539,4.16405253497667e-06,0.000303246257030876,0.00175355547547214,0.000832454585909751,"min_gypsum","FOmean",422
"2",0.0680443859518681,0.00172838068881358,0.0066117884948905,0.00144612966160912,0.00091865960395043,0.00113532225648099,0.0036806428943103,0.00196803560193979,"min_gypsum","TEmean",422
"3",-2.00299960830838,-0.360873039353142,-0.986775045781405,-19.0234277211718,-0.539070928526679,-4.7223113423912,-187.485862860649,-3.07192283711191,"min_gypsum","FOsd2",422
"4",1.7545944653318,2.52898542345114,3.95724944194925,18.9022307731813,4.10467127335196,2.12333942174493,139.741562765374,0.394259937241865,"min_gypsum","TEsd2",422
