"","curr_inflow_rate","curr_diffusion_coef","curr_porosity","curr_gypsum_rate_constant","curr_calcite_rate_constant","curr_gypsum_surface_area","curr_calcite_surface_area","dfn_volume","output_var","sobol_type","boot_num"
"1",0.1221809095581,1.60341096286719e-05,0.00280405980700264,-0.00114473543240856,-6.76965197324629e-05,-8.92329741421235e-06,-0.00131942969137383,0.000869013936932013,"min_gypsum","FOmean",186
"2",0.126854165737828,0.00282701575933935,0.00615175597312048,0.00142423551697572,0.00537937025546442,0.00147695144259687,0.00184844525255032,0.00252255819560401,"min_gypsum","TEmean",186
"3",-15777836.4771513,-2310930043.55818,-15994039.2849437,-61792071.9697606,-13470434667.6749,-15461671.9965348,-15124532.3120234,-16306268070.2383,"min_gypsum","FOsd2",186
"4",31957189.3597119,2246935228.54037,32227616.3426369,1529356.34147776,12179863498.1691,28275838.7825851,32573073.0473892,16313402824.5302,"min_gypsum","TEsd2",186
