"","curr_inflow_rate","curr_diffusion_coef","curr_porosity","curr_gypsum_rate_constant","curr_calcite_rate_constant","curr_gypsum_surface_area","curr_calcite_surface_area","dfn_volume","output_var","sobol_type","boot_num"
"1",0.103448978767017,0.000945882988495243,0.00101793106431939,0.00173670171847359,0.00089053712716917,0.000736005036015663,-4.51914727723118e-05,0.00493117066100847,"min_gypsum","FOmean",2
"2",0.111612598952402,0.00331007666273609,0.00364139700129253,0.00259469095810602,0.00108370685953455,0.00238893319385442,0.00126439143938896,0.00384512805421349,"min_gypsum","TEmean",2
"3",-49421.0354581487,-48544.6064659165,-48767.845272666,-48495.9412162817,-49735.6332524687,-48521.6931040015,-48623.7058201453,-49177.3960852847,"min_gypsum","FOsd2",2
"4",974.509053092368,40.5516435644474,306.586929436403,29.9290025839898,1125.16797078574,52.3617206727785,128.743902745387,653.85379442761,"min_gypsum","TEsd2",2
