"","curr_inflow_rate","curr_diffusion_coef","curr_porosity","curr_gypsum_rate_constant","curr_calcite_rate_constant","curr_gypsum_surface_area","curr_calcite_surface_area","dfn_volume","output_var","sobol_type","boot_num"
"1",0.0783861431356802,0.0018810260686633,0.00127338170758323,0.000834673744165662,0.000123530700039779,0.00178891361548246,-0.000421780974999589,-0.000376405385051389,"min_gypsum","FOmean",288
"2",0.0844956232899958,0.00157521050717952,0.00324533456667546,0.00239017792736675,0.00185005657135532,0.00126409494950243,0.00177820091361348,0.00239898747400289,"min_gypsum","TEmean",288
"3",-60886.7508154818,-13643.5240872958,-17916.4626606548,-15752.0968085332,-2493.4135971653,-1695.56950539744,-8443.0163358273,-2352.17265159296,"min_gypsum","FOsd2",288
"4",15003.2899921421,25377.2015255228,39349.1969953033,37481.3912599849,19477.7764891216,21510.1798837201,7854.30823255644,20745.8837228786,"min_gypsum","TEsd2",288
