"","curr_inflow_rate","curr_diffusion_coef","curr_porosity","curr_gypsum_rate_constant","curr_calcite_rate_constant","curr_gypsum_surface_area","curr_calcite_surface_area","dfn_volume","output_var","sobol_type","boot_num"
"1",0.0827035064400947,0.000561481788718999,0.00228126914811425,0.000380390609283953,0.000158687452689713,0.000618727228002952,0.0015254082278136,-0.000470740133039529,"min_gypsum","FOmean",302
"2",0.0851520053628068,0.00170452718411757,0.00306106300980016,0.00133488140826057,0.0009897786071681,0.00156064641166556,0.000983703796260447,0.00174113510757325,"min_gypsum","TEmean",302
"3",-9247.22365284642,-6873.51245823359,-12354.5233801751,-267.436226728097,-180526.967848125,-14474.126862235,-169.420087900043,-9183281.05630642,"min_gypsum","FOsd2",302
"4",2007.78942176249,15744.5550799084,1640.140712769,10935.1146135388,185827.633271109,2739.77638655311,10851.1931136696,8563565.96385229,"min_gypsum","TEsd2",302
