"","curr_inflow_rate","curr_diffusion_coef","curr_porosity","curr_gypsum_rate_constant","curr_calcite_rate_constant","curr_gypsum_surface_area","curr_calcite_surface_area","dfn_volume","output_var","sobol_type","boot_num"
"1",0.0929327691023113,0.00142297541501446,0.0066320651730604,-0.000425667243492281,0.00219358257635197,0.00175050381860218,-0.00152997316307755,0.000145966970559709,"min_gypsum","FOmean",468
"2",0.101231717633244,0.00306390668687192,0.0084671051044462,0.00356933648779757,0.00229976512405991,0.00178050162336644,0.00213980168160026,0.00195007453245398,"min_gypsum","TEmean",468
"3",-920324.491760601,-30253.5085688562,-3162.40231884453,-30194.3009689735,-71689.1587045373,-1164574.66518046,-84400.3284773818,-24664.4784485657,"min_gypsum","FOsd2",468
"4",890703.905714158,49903.2666941509,14533.2595429306,15402.4713798331,17882.4127997555,1094410.6276507,26352.4738978095,16642.0732872439,"min_gypsum","TEsd2",468
