"","curr_inflow_rate","curr_diffusion_coef","curr_porosity","curr_gypsum_rate_constant","curr_calcite_rate_constant","curr_gypsum_surface_area","curr_calcite_surface_area","dfn_volume","output_var","sobol_type","boot_num"
"1",0.0996108437432813,-0.000954732789847024,0.00312948853026536,0.00115751313695844,-0.000968962102969153,-0.00013410615149935,0.00080597786381145,0.00368983963645558,"min_gypsum","FOmean",122
"2",0.105477615016643,0.00257145678734443,0.00576805547374461,0.00135372994351207,0.00155950851974658,0.00174636267576188,0.0010867586166156,0.00347347971732128,"min_gypsum","TEmean",122
"3",-401.237876141966,-485.219571006951,-475.762963308587,-311.422566903457,-438.458552770473,-313.484997892513,-271.210249378566,-668.591307342542,"min_gypsum","FOsd2",122
"4",69.2071349608231,48.6384109885576,210.639359873479,133.408818860056,216.038858226177,132.216999397275,130.859553634294,154.420470539173,"min_gypsum","TEsd2",122
