"","curr_inflow_rate","curr_diffusion_coef","curr_porosity","curr_gypsum_rate_constant","curr_calcite_rate_constant","curr_gypsum_surface_area","curr_calcite_surface_area","dfn_volume","output_var","sobol_type","boot_num"
"1",0.104855022295797,0.00203891091657869,0.00102838892445315,0.00250154294127523,0.00256791017827567,0.000941435364001898,0.000499975784771756,0.00272979621819984,"min_gypsum","FOmean",182
"2",0.111366459984838,0.00450285036945099,0.00635217338250648,0.00395722574540072,0.00325458803382039,0.00138886662039171,0.00129940970886465,0.00314640386517587,"min_gypsum","TEmean",182
"3",-9522.84720248652,-10121.2553776645,-9692.28505285158,-9516.15757499068,-10290.3734460743,-9055.00088482556,-12785.314040306,-9580.87613533029,"min_gypsum","FOsd2",182
"4",211.174470742907,1587.79828145566,503.664882374409,992.764160800179,181.593021232417,537.982374656496,3931.34667412577,9.06431059189309,"min_gypsum","TEsd2",182
