"","curr_inflow_rate","curr_diffusion_coef","curr_porosity","curr_gypsum_rate_constant","curr_calcite_rate_constant","curr_gypsum_surface_area","curr_calcite_surface_area","dfn_volume","output_var","sobol_type","boot_num"
"1",0.0380896004378612,1.81074870604117e-05,0.00206477650991776,-0.000438378994748451,0.000339890459663457,0.00107766616613096,0.000655874313292999,-0.000187515919668285,"min_gypsum","FOmean",298
"2",0.0409167372993056,0.000604793072935144,0.00251480703776662,0.000493401452611991,0.000536301566796977,0.00120995298571876,0.000704953551350736,0.00105449506184251,"min_gypsum","TEmean",298
"3",-133.965802706863,-6.71436409341542,-20.5050997821844,-5.06962554978428,-5.14942302487824,-4.9663710673423,-4.9724547820548,-5.02103444711142,"min_gypsum","FOsd2",298
"4",122.085993763406,1.61078126801051,15.3590602841109,0.0878015385380287,0.0730497326955249,0.180448874784261,0.15425084779507,0.0550892522252114,"min_gypsum","TEsd2",298
