"","curr_inflow_rate","curr_diffusion_coef","curr_porosity","curr_gypsum_rate_constant","curr_calcite_rate_constant","curr_gypsum_surface_area","curr_calcite_surface_area","dfn_volume","output_var","sobol_type","boot_num"
"1",0.0538070289180074,-0.00013739044869786,0.001061895760392,0.00118054578035755,0.00125813203499043,0.000395887705571727,-0.000207309083421309,-0.000254646608903457,"min_gypsum","FOmean",164
"2",0.061515424653993,0.00219903948302341,0.00470780203006844,0.00119228159659081,0.00279140690492271,0.0013833933064126,0.000907617514940867,0.00315298952528885,"min_gypsum","TEmean",164
"3",-3878.55899616569,-60.320188575725,-2190.63385808592,-278.188997610877,-168.590287286818,-64.8080199753195,-928.981542971593,-142.795898626931,"min_gypsum","FOsd2",164
"4",5630.223150228,1680.65834127835,48.7811271714199,2018.6780762169,1122.674196125,1805.69452574434,172.088995459261,1073.6418889992,"min_gypsum","TEsd2",164
